REGION TYPE,REGION,YEAR,WEEK,% WEIGHTED ILI,%UNWEIGHTED ILI,AGE 0-4,AGE 25-49,AGE 25-64,AGE 5-24,AGE 50-64,AGE 65,ILITOTAL,NUM. OF PROVIDERS,TOTAL PATIENTS
HHS Region,hhs1,2010,1,0.781851543996557,0.870992173693512,83,54,75,101,21,17,276,138,31688
HHS Region,hhs1,2010,2,0.632695585961501,0.708492869848352,84,39,58,79,19,14,235,143,33169
HHS Region,hhs1,2010,3,0.790783702207014,0.801984768059081,110,33,46,108,13,14,278,146,34664
HHS Region,hhs1,2010,4,0.783798864414654,0.808351177730193,80,34,52,159,18,11,302,143,37360
HHS Region,hhs1,2010,5,0.854759255767951,0.939017233100357,102,29,46,193,17,11,352,142,37486
HHS Region,hhs1,2010,6,0.800756828302453,0.916839567094712,83,44,74,153,30,17,327,142,35666
HHS Region,hhs1,2010,7,0.989387167468909,1.10330690621891,87,61,96,171,35,12,366,140,33173
HHS Region,hhs1,2010,8,0.81910555302019,0.811519062244639,74,41,52,146,11,16,288,137,35489
HHS Region,hhs1,2010,9,0.658078800681888,0.663340514797596,64,35,51,110,16,9,234,138,35276
HHS Region,hhs1,2010,10,0.76008623760335,0.67286409915892,68,26,34,113,8,13,228,138,33885
HHS Region,hhs1,2010,11,0.509446552025,0.560404225999081,53,27,44,81,17,5,183,135,32655
HHS Region,hhs1,2010,12,0.516423973844147,0.54297862560331,54,29,45,87,16,3,189,136,34808
HHS Region,hhs1,2010,13,0.573967915888988,0.575786808151453,45,21,32,106,11,8,191,135,33172
HHS Region,hhs1,2010,14,0.627147302227601,0.724469013674716,54,41,66,111,25,18,249,129,34370
HHS Region,hhs1,2010,15,0.480885886130161,0.488716400747449,46,20,37,82,17,5,170,128,34785
HHS Region,hhs1,2010,16,0.446048357068623,0.41994039555676,37,12,16,62,4,9,124,120,29528
HHS Region,hhs1,2010,17,0.403117751179232,0.377453447408153,35,11,20,60,9,5,120,113,31792
HHS Region,hhs1,2010,18,0.544570689443685,0.556227327690447,40,24,35,79,11,7,161,102,28945
HHS Region,hhs1,2010,19,0.381844940032214,0.401064507665205,38,16,28,35,12,6,107,95,26679
HHS Region,hhs1,2010,20,0.440723648885978,0.44827179426684,39,13,24,47,11,4,114,91,25431
HHS Region,hhs1,2010,21,0.498855362929491,0.494587910974176,40,16,20,51,4,11,122,90,24667
HHS Region,hhs1,2010,22,0.528898825609342,0.531013444808496,29,9,16,41,7,8,94,79,17702
HHS Region,hhs1,2010,23,0.44087937606723,0.475258596589321,38,15,19,39,4,6,102,83,21462
HHS Region,hhs1,2010,24,0.453755785911518,0.458144514715403,34,9,12,40,3,6,92,79,20081
HHS Region,hhs1,2010,25,0.434431812194491,0.441105186621425,29,12,22,32,10,8,91,79,20630
HHS Region,hhs1,2010,26,0.381214024843223,0.397664351152723,30,13,16,31,3,2,79,79,19866
HHS Region,hhs1,2010,27,0.446610913197843,0.490024501225061,31,10,13,35,3,5,84,77,17142
HHS Region,hhs1,2010,28,0.335783157120536,0.360109473279877,19,9,17,33,8,6,75,77,20827
HHS Region,hhs1,2010,29,0.389146721898565,0.426367730190668,35,10,15,35,5,4,89,79,20874
HHS Region,hhs1,2010,30,0.412654268431902,0.397744436612627,23,11,15,35,4,6,79,79,19862
HHS Region,hhs1,2010,31,0.356796464217753,0.41119721651115,23,11,23,30,12,2,78,77,18969
HHS Region,hhs1,2010,32,0.420547285788688,0.464593863276663,28,16,23,32,7,8,91,77,19587
HHS Region,hhs1,2010,33,0.324615183003329,0.369310793237971,22,9,15,28,6,6,71,75,19225
HHS Region,hhs1,2010,34,0.26672275485035,0.342789010879825,18,12,18,27,6,6,69,77,20129
HHS Region,hhs1,2010,35,0.240130688027999,0.273722627737226,16,9,18,18,9,5,57,80,20824
HHS Region,hhs1,2010,36,0.423525939390855,0.380453579722318,9,16,22,40,6,6,77,82,20239
HHS Region,hhs1,2010,37,0.404255999536257,0.417424367664077,25,20,30,36,10,10,101,80,24196
HHS Region,hhs1,2010,38,0.446417672242554,0.456331097972303,22,12,19,59,7,15,115,79,25201
HHS Region,hhs1,2010,39,0.357444738748708,0.376027291052876,24,23,29,34,6,10,97,83,25796
HHS Region,hhs1,2010,40,0.415796,0.495312,91,34,53,97,19,11,252,150,50877
HHS Region,hhs1,2010,41,0.58519,0.64887,106,45,60,127,15,14,307,151,47313
HHS Region,hhs1,2010,42,0.587396,0.623754,98,54,78,151,24,11,338,160,54188
HHS Region,hhs1,2010,43,0.572541,0.615456,104,50,75,144,25,22,345,165,56056
HHS Region,hhs1,2010,44,0.603793,0.643994,103,48,67,152,19,16,338,163,52485
HHS Region,hhs1,2010,45,0.556758,0.597641,99,49,75,119,26,9,302,165,50532
HHS Region,hhs1,2010,46,0.705164,0.71949,107,59,90,176,31,22,395,164,54900
HHS Region,hhs1,2010,47,0.820865,0.857945,107,58,86,99,28,29,321,159,37415
HHS Region,hhs1,2010,48,0.689018,0.753337,125,69,96,174,27,17,412,166,54690
HHS Region,hhs1,2010,49,0.760426,0.794859,138,53,83,183,30,19,423,161,53217
HHS Region,hhs1,2010,50,0.802437,0.832277,158,62,98,165,36,19,440,168,52867
HHS Region,hhs1,2010,51,1.01492,1.05532,139,61,100,140,39,26,405,163,38377
HHS Region,hhs1,2010,52,1.13074,1.24659,157,72,115,117,43,22,411,166,32970
HHS Region,hhs1,2011,1,0.959888,0.98727,164,108,151,161,43,32,508,166,51455
HHS Region,hhs1,2011,2,1.18688,1.20164,216,99,140,174,41,25,555,169,46187
HHS Region,hhs1,2011,3,1.20524,1.22017,177,98,144,218,46,29,568,171,46551
HHS Region,hhs1,2011,4,1.40872,1.48875,244,130,183,322,53,31,780,161,52393
HHS Region,hhs1,2011,5,1.87486,1.91724,236,157,196,464,39,33,929,171,48455
HHS Region,hhs1,2011,6,1.99294,2.0703,264,173,239,664,66,31,1198,167,57866
HHS Region,hhs1,2011,7,2.31154,2.40399,287,197,265,751,68,36,1339,166,55699
HHS Region,hhs1,2011,8,2.32248,2.47926,268,262,378,575,116,31,1252,167,50499
HHS Region,hhs1,2011,9,1.75247,1.87412,225,199,302,457,103,51,1035,165,55226
HHS Region,hhs1,2011,10,1.65827,1.81286,245,171,234,450,63,31,960,156,52955
HHS Region,hhs1,2011,11,1.36504,1.47429,220,138,186,314,48,36,756,159,51279
HHS Region,hhs1,2011,12,1.02294,1.16698,183,96,124,289,28,20,616,155,52786
HHS Region,hhs1,2011,13,1.11948,1.20439,203,75,122,327,47,31,683,164,56709
HHS Region,hhs1,2011,14,0.934313,1.05528,172,77,104,286,27,17,579,145,54867
HHS Region,hhs1,2011,15,0.834506,0.973051,174,61,93,211,32,21,499,141,51282
HHS Region,hhs1,2011,16,0.779753,0.885076,146,65,90,136,25,18,390,150,44064
HHS Region,hhs1,2011,17,0.675821,0.773922,129,47,84,132,37,23,368,140,47550
HHS Region,hhs1,2011,18,0.592222,0.708277,145,41,62,106,21,28,341,134,48145
HHS Region,hhs1,2011,19,0.515393,0.610837,114,30,53,93,23,26,286,128,46821
HHS Region,hhs1,2011,20,0.498389,0.61143,126,29,43,95,14,10,274,122,44813
HHS Region,hhs1,2011,21,0.555332,0.719706,126,29,41,112,12,15,294,112,40850
HHS Region,hhs1,2011,22,0.574262,0.727326,113,27,37,83,10,14,247,104,33960
HHS Region,hhs1,2011,23,0.505594,0.675241,128,35,55,97,20,14,294,100,43540
HHS Region,hhs1,2011,24,0.493534,0.659783,107,32,39,95,7,5,246,98,37285
HHS Region,hhs1,2011,25,0.461867,0.598802,102,14,26,72,12,14,214,96,35738
HHS Region,hhs1,2011,26,0.416608,0.554222,83,22,31,66,9,7,187,93,33741
HHS Region,hhs1,2011,27,0.46983,0.622089,61,28,43,69,15,10,183,93,29417
HHS Region,hhs1,2011,28,0.428519,0.557202,85,26,37,77,11,4,203,96,36432
HHS Region,hhs1,2011,29,0.437277,0.571728,83,28,43,69,15,12,207,95,36206
HHS Region,hhs1,2011,30,0.412251,0.531569,66,15,28,88,13,6,188,92,35367
HHS Region,hhs1,2011,31,0.378898,0.494274,76,19,32,68,13,7,183,91,37024
HHS Region,hhs1,2011,32,0.391519,0.51754,72,18,34,74,16,14,194,92,37485
HHS Region,hhs1,2011,33,0.43582,0.517199,79,20,28,79,8,3,189,90,36543
HHS Region,hhs1,2011,34,0.39558,0.48393,68,24,39,62,15,15,184,91,38022
HHS Region,hhs1,2011,35,0.411796,0.513254,67,26,35,71,9,9,182,98,35460
HHS Region,hhs1,2011,36,0.412723,0.485409,54,22,31,77,9,10,172,96,35434
HHS Region,hhs1,2011,37,0.441039,0.488908,69,25,38,101,13,6,214,99,43771
HHS Region,hhs1,2011,38,0.407422,0.485613,70,29,44,91,15,9,214,98,44068
HHS Region,hhs1,2011,39,0.507688,0.606545,84,39,61,114,22,14,273,101,45009
HHS Region,hhs1,2011,40,0.43974,0.540342,83,41,57,127,16,13,280,150,51819
HHS Region,hhs1,2011,41,0.689897,0.79863,126,49,67,194,18,14,401,155,50211
HHS Region,hhs1,2011,42,0.630234,0.67749,119,43,59,192,16,11,381,159,56237
HHS Region,hhs1,2011,43,0.676542,0.76934,126,53,80,211,27,15,432,158,56152
HHS Region,hhs1,2011,44,0.681778,0.802855,124,62,89,217,27,20,450,157,56050
HHS Region,hhs1,2011,45,0.722186,0.808917,140,64,96,223,32,12,471,162,58226
HHS Region,hhs1,2011,46,0.584198,0.655029,132,50,66,187,16,6,391,159,59692
HHS Region,hhs1,2011,47,0.671443,0.870899,110,52,72,142,20,11,335,154,38466
HHS Region,hhs1,2011,48,0.624269,0.741097,118,58,96,200,38,17,431,157,58157
HHS Region,hhs1,2011,49,0.628389,0.711952,138,38,66,156,28,17,377,152,52953
HHS Region,hhs1,2011,50,0.78979,0.837102,176,49,69,177,20,26,448,158,53518
HHS Region,hhs1,2011,51,0.86589,0.985005,190,55,85,151,30,22,448,161,45482
HHS Region,hhs1,2011,52,1.00526,1.17144,169,59,90,128,31,21,408,151,34829
HHS Region,hhs1,2012,1,0.910657,0.957277,191,57,83,123,26,22,419,161,43770
HHS Region,hhs1,2012,2,0.800414,0.929634,199,67,103,135,36,18,455,158,48944
HHS Region,hhs1,2012,3,0.838438,0.920258,196,68,86,139,18,12,433,157,47052
HHS Region,hhs1,2012,4,0.819739,0.898253,234,54,80,156,26,16,486,155,54105
HHS Region,hhs1,2012,5,0.771312,0.855044,225,40,74,154,34,15,468,155,54734
HHS Region,hhs1,2012,6,0.846266,0.871704,207,47,70,180,23,18,475,157,54491
HHS Region,hhs1,2012,7,0.902132,0.87018,206,52,80,181,28,13,480,160,55161
HHS Region,hhs1,2012,8,0.949344,0.998421,191,44,69,165,25,24,449,150,44971
HHS Region,hhs1,2012,9,0.803368,0.827726,171,49,71,156,22,19,417,148,50379
HHS Region,hhs1,2012,10,0.774284,0.747323,129,61,87,151,26,14,381,153,50982
HHS Region,hhs1,2012,11,0.858635,0.894648,139,53,80,165,27,22,406,152,45381
HHS Region,hhs1,2012,12,0.831097,0.956232,164,65,93,196,28,20,473,149,49465
HHS Region,hhs1,2012,13,0.621933,0.698455,114,46,65,158,19,21,358,147,51256
HHS Region,hhs1,2012,14,0.7515,0.87558,128,59,84,202,25,24,438,148,50024
HHS Region,hhs1,2012,15,0.857187,0.915038,150,56,85,202,29,19,456,146,49834
HHS Region,hhs1,2012,16,0.778564,0.895228,109,73,91,167,18,14,381,139,42559
HHS Region,hhs1,2012,17,0.57168,0.673809,110,39,62,131,23,19,322,135,47788
HHS Region,hhs1,2012,18,0.518703,0.570834,91,32,49,109,17,20,269,136,47124
HHS Region,hhs1,2012,19,0.608604,0.678371,113,32,43,133,11,12,301,132,44371
HHS Region,hhs1,2012,20,0.499494,0.578021,96,27,43,100,16,7,246,120,42559
HHS Region,hhs1,2012,21,0.580681,0.611673,102,25,42,88,17,21,253,114,41362
HHS Region,hhs1,2012,22,0.611205,0.635732,99,20,30,70,10,15,214,115,33662
HHS Region,hhs1,2012,23,0.44987,0.527921,84,29,42,70,13,10,206,112,39021
HHS Region,hhs1,2012,24,0.556763,0.5355,87,31,48,63,17,7,205,104,38282
HHS Region,hhs1,2012,25,0.511904,0.561564,115,21,31,61,10,9,216,104,38464
HHS Region,hhs1,2012,26,0.63164,0.605979,111,19,29,67,10,18,225,101,37130
HHS Region,hhs1,2012,27,0.600682,0.62116,75,25,35,65,10,10,185,101,29783
HHS Region,hhs1,2012,28,0.545703,0.599047,96,26,37,79,11,8,220,100,36725
HHS Region,hhs1,2012,29,0.529763,0.568293,94,19,33,64,14,12,203,99,35721
HHS Region,hhs1,2012,30,0.54242,0.517236,64,17,27,79,10,12,182,96,35187
HHS Region,hhs1,2012,31,0.423858,0.526118,83,24,31,59,7,9,182,98,34593
HHS Region,hhs1,2012,32,0.52453,0.568777,79,28,41,71,13,10,201,100,35339
HHS Region,hhs1,2012,33,0.477967,0.533743,66,22,33,78,11,14,191,96,35785
HHS Region,hhs1,2012,34,0.487765,0.447396,66,20,29,56,9,8,159,96,35539
HHS Region,hhs1,2012,35,0.435526,0.464037,72,28,45,58,17,7,182,102,39221
HHS Region,hhs1,2012,36,0.50659,0.552144,79,30,40,68,10,9,196,103,35498
HHS Region,hhs1,2012,37,0.49204,0.548687,99,20,34,88,14,12,233,102,42465
HHS Region,hhs1,2012,38,0.498207,0.526196,91,20,31,94,11,15,231,103,43900
HHS Region,hhs1,2012,39,0.522411,0.539281,94,29,45,86,16,11,236,102,43762
HHS Region,hhs1,2012,40,0.542445,0.584562,100,50,74,133,24,15,322,159,55084
HHS Region,hhs1,2012,41,0.56065,0.609454,108,30,59,113,29,15,295,158,48404
HHS Region,hhs1,2012,42,0.755333,0.77839,158,60,89,162,29,29,438,162,56270
HHS Region,hhs1,2012,43,0.575156,0.602171,111,48,68,143,20,12,334,161,55466
HHS Region,hhs1,2012,44,0.638644,0.649431,109,49,64,125,15,16,314,160,48350
HHS Region,hhs1,2012,45,0.630983,0.611815,115,44,64,149,20,9,337,166,55082
HHS Region,hhs1,2012,46,0.700343,0.686229,129,63,74,150,11,20,373,166,54355
HHS Region,hhs1,2012,47,0.845412,0.855871,140,47,64,104,17,17,325,165,37973
HHS Region,hhs1,2012,48,0.89633,0.904898,168,71,104,219,33,25,516,169,57023
HHS Region,hhs1,2012,49,1.24499,1.29219,243,77,109,354,32,28,734,167,56803
HHS Region,hhs1,2012,50,1.69905,1.84907,280,154,225,525,71,41,1071,171,57921
HHS Region,hhs1,2012,51,2.62753,2.78491,392,236,348,664,112,81,1485,169,53323
HHS Region,hhs1,2012,52,3.9292,4.14427,366,267,418,480,151,116,1380,163,33299
HHS Region,hhs1,2013,1,3.21719,3.10056,346,293,468,406,175,124,1344,171,43347
HHS Region,hhs1,2013,2,3.28461,3.06671,412,322,490,657,168,123,1682,168,54847
HHS Region,hhs1,2013,3,3.02114,2.81097,385,243,364,704,121,88,1541,169,54821
HHS Region,hhs1,2013,4,2.50428,2.44899,315,204,304,587,100,77,1283,177,52389
HHS Region,hhs1,2013,5,2.21254,2.17857,257,163,227,654,64,53,1191,168,54669
HHS Region,hhs1,2013,6,1.87401,1.87207,253,123,168,461,45,37,919,169,49090
HHS Region,hhs1,2013,7,1.5552,1.57151,227,124,181,360,57,33,801,168,50970
HHS Region,hhs1,2013,8,1.50586,1.42217,217,84,121,284,37,35,657,169,46197
HHS Region,hhs1,2013,9,1.32621,1.28255,203,80,134,290,54,31,658,165,51304
HHS Region,hhs1,2013,10,1.30083,1.25402,206,61,105,266,44,23,600,165,47846
HHS Region,hhs1,2013,11,1.18804,1.2122,189,72,107,277,35,21,594,166,49002
HHS Region,hhs1,2013,12,1.19612,1.13867,168,49,89,264,40,29,550,163,48302
HHS Region,hhs1,2013,13,1.18515,1.23215,176,75,101,315,26,24,616,160,49994
HHS Region,hhs1,2013,14,1.19767,1.26317,192,65,111,329,46,26,658,156,52091
HHS Region,hhs1,2013,15,1.24114,1.31268,216,64,103,338,39,21,678,152,51650
HHS Region,hhs1,2013,16,1.05995,1.07537,159,45,69,207,24,23,458,150,42590
HHS Region,hhs1,2013,17,0.783118,0.81103,142,42,61,168,19,19,390,144,48087
HHS Region,hhs1,2013,18,0.805735,0.809229,148,55,80,139,25,23,390,148,48194
HHS Region,hhs1,2013,19,0.690938,0.739415,131,34,56,135,22,21,343,141,46388
HHS Region,hhs1,2013,20,0.623383,0.639365,120,25,40,100,15,14,274,130,42855
HHS Region,hhs1,2013,21,0.595752,0.615812,96,31,50,83,19,19,248,118,40272
HHS Region,hhs1,2013,22,0.581825,0.63608,81,31,50,72,19,13,216,116,33958
HHS Region,hhs1,2013,23,0.408342,0.557038,92,32,42,62,10,19,215,105,38597
HHS Region,hhs1,2013,24,0.47561,0.646574,106,29,47,80,18,15,248,105,38356
HHS Region,hhs1,2013,25,0.391668,0.546372,91,16,34,62,18,10,197,103,36056
HHS Region,hhs1,2013,26,0.430542,0.56812,82,32,51,61,19,16,210,100,36964
HHS Region,hhs1,2013,27,0.430427,0.586668,66,18,31,66,13,11,174,97,29659
HHS Region,hhs1,2013,28,0.384096,0.518669,72,24,46,63,22,15,196,102,37789
HHS Region,hhs1,2013,29,0.388478,0.525148,88,23,37,55,14,7,187,100,35609
HHS Region,hhs1,2013,30,0.343594,0.452304,71,16,26,64,10,5,166,99,36701
HHS Region,hhs1,2013,31,0.343561,0.465079,74,28,41,49,13,8,172,99,36983
HHS Region,hhs1,2013,32,0.392263,0.531588,70,23,33,56,10,14,173,98,32544
HHS Region,hhs1,2013,33,0.335119,0.45286,74,23,30,48,7,8,160,98,35331
HHS Region,hhs1,2013,34,0.413557,0.449537,58,29,41,52,12,13,164,99,36482
HHS Region,hhs1,2013,35,0.333156,0.406107,66,28,35,48,7,13,162,100,39891
HHS Region,hhs1,2013,36,0.304002,0.345695,16,15,23,34,8,4,77,91,22274
HHS Region,hhs1,2013,37,0.338289,0.402783,54,23,38,64,15,9,165,104,40965
HHS Region,hhs1,2013,38,0.460903,0.473186,78,17,31,74,14,12,195,95,41210
HHS Region,hhs1,2013,39,0.98459,0.610641,64,24,42,143,18,16,265,97,43397
HHS Region,hhs1,2013,40,0.621395,0.615189,117,44,63,168,19,20,368,176,59819
HHS Region,hhs1,2013,41,0.654441,0.644258,126,39,54,195,15,16,391,180,60690
HHS Region,hhs1,2013,42,0.741983,0.734524,138,38,55,206,17,22,421,179,57316
HHS Region,hhs1,2013,43,0.80209,0.687364,164,33,51,163,18,13,391,171,56884
HHS Region,hhs1,2013,44,0.905562,0.722909,142,27,39,210,12,12,403,167,55747
HHS Region,hhs1,2013,45,0.955454,0.775028,128,44,71,210,27,25,434,166,55998
HHS Region,hhs1,2013,46,0.851659,0.794038,165,70,100,162,30,13,440,171,55413
HHS Region,hhs1,2013,47,0.692049,0.709011,145,42,70,153,28,17,385,160,54301
HHS Region,hhs1,2013,48,0.91993,0.932446,163,49,70,87,21,15,335,165,35927
HHS Region,hhs1,2013,49,0.825554,0.822261,153,65,94,161,29,32,440,162,53511
HHS Region,hhs1,2013,50,1.06768,1.03107,199,68,98,194,30,18,509,155,49366
HHS Region,hhs1,2013,51,1.1724,1.14087,221,83,113,167,30,26,527,157,46193
HHS Region,hhs1,2013,52,1.58812,1.73616,211,89,122,154,33,26,513,164,29548
HHS Region,hhs1,2014,1,1.60948,1.74458,214,111,147,118,36,30,509,158,29176
HHS Region,hhs1,2014,2,1.39198,1.42247,199,165,231,228,66,31,689,162,48437
HHS Region,hhs1,2014,3,1.67317,1.74284,260,185,254,313,69,34,861,158,49402
HHS Region,hhs1,2014,4,1.87667,1.87731,244,160,219,394,59,32,889,160,47355
HHS Region,hhs1,2014,5,2.03318,1.8238,251,155,217,504,62,32,1004,163,55050
HHS Region,hhs1,2014,6,2.24365,2.09386,259,149,208,527,59,42,1036,162,49478
HHS Region,hhs1,2014,7,1.75096,1.68162,215,137,184,445,47,24,868,165,51617
HHS Region,hhs1,2014,8,1.78771,1.5355,188,140,196,300,56,18,702,164,45718
HHS Region,hhs1,2014,9,1.51318,1.29378,191,102,163,284,61,34,672,155,51941
HHS Region,hhs1,2014,10,1.53377,1.30422,164,84,124,328,40,32,648,148,49685
HHS Region,hhs1,2014,11,1.35777,1.24036,188,92,126,207,34,24,545,153,43939
HHS Region,hhs1,2014,12,1.69082,1.38938,196,100,145,295,45,29,665,148,47863
HHS Region,hhs1,2014,13,1.59596,1.31223,165,93,146,294,53,45,650,143,49534
HHS Region,hhs1,2014,14,1.82481,1.60484,180,120,192,412,72,41,825,151,51407
HHS Region,hhs1,2014,15,1.96088,1.84231,201,131,198,518,67,59,976,157,52977
HHS Region,hhs1,2014,16,1.73466,1.56414,157,112,169,416,57,47,789,148,50443
HHS Region,hhs1,2014,17,1.55579,1.39936,145,108,167,277,59,40,629,151,44949
HHS Region,hhs1,2014,18,1.25236,1.04013,125,82,135,224,53,30,514,142,49417
HHS Region,hhs1,2014,19,1.29032,1.0388,122,78,124,220,46,24,490,136,47170
HHS Region,hhs1,2014,20,1.0337,0.902297,129,51,91,134,40,36,390,126,43223
HHS Region,hhs1,2014,21,0.513504,0.679552,116,37,64,89,27,20,289,111,42528
HHS Region,hhs1,2014,22,0.480187,0.657505,100,37,50,56,13,16,222,102,33764
HHS Region,hhs1,2014,23,0.549795,0.727748,114,37,54,91,17,14,273,99,37513
HHS Region,hhs1,2014,24,0.445091,0.608294,101,27,45,78,18,12,236,100,38797
HHS Region,hhs1,2014,25,0.440756,0.590406,90,25,37,83,12,14,224,100,37940
HHS Region,hhs1,2014,26,0.469904,0.644947,108,31,46,66,15,13,233,98,36127
HHS Region,hhs1,2014,27,0.702276,0.73407,97,24,37,64,13,18,216,94,29425
HHS Region,hhs1,2014,28,0.355917,0.483666,88,17,28,46,11,9,171,89,35355
HHS Region,hhs1,2014,29,0.401355,0.51498,85,22,32,58,10,6,181,93,35147
HHS Region,hhs1,2014,30,0.391262,0.530265,79,26,37,62,11,10,188,95,35454
HHS Region,hhs1,2014,31,0.533088,0.484108,73,28,36,44,8,15,168,93,34703
HHS Region,hhs1,2014,32,0.357373,0.480391,74,18,25,59,7,7,165,93,34347
HHS Region,hhs1,2014,33,0.39934,0.538777,67,25,38,61,13,14,180,96,33409
HHS Region,hhs1,2014,34,0.37084,0.496169,60,27,46,55,19,8,169,96,34061
HHS Region,hhs1,2014,35,0.378678,0.471923,61,28,39,52,11,16,168,95,35599
HHS Region,hhs1,2014,36,0.443777,0.542794,67,27,34,70,7,10,181,98,33346
HHS Region,hhs1,2014,37,0.453362,0.524449,81,22,36,77,14,10,204,97,38898
HHS Region,hhs1,2014,38,0.532114,0.603344,77,31,48,102,17,18,245,99,40607
HHS Region,hhs1,2014,39,0.594496,0.635506,95,29,44,92,15,17,248,99,39024
HHS Region,hhs1,2014,40,0.83061,0.681009,101,44,57,185,13,9,352,146,51688
HHS Region,hhs1,2014,41,0.911129,0.754363,109,37,61,199,24,17,386,150,51169
HHS Region,hhs1,2014,42,0.924083,0.779527,82,53,74,192,21,9,357,148,45797
HHS Region,hhs1,2014,43,0.785985,0.627508,84,47,67,165,20,14,330,153,52589
HHS Region,hhs1,2014,44,1.03529,0.809285,115,55,85,218,30,15,433,157,53504
HHS Region,hhs1,2014,45,1.17701,0.935551,145,54,78,262,24,19,504,161,53872
HHS Region,hhs1,2014,46,1.12824,0.880312,129,53,84,226,31,24,463,154,52595
HHS Region,hhs1,2014,47,1.00111,0.811084,148,64,91,174,27,12,425,154,52399
HHS Region,hhs1,2014,48,1.14027,1.00608,134,50,73,132,23,20,359,155,35683
HHS Region,hhs1,2014,49,1.10299,0.983363,152,79,113,249,34,28,542,161,55117
HHS Region,hhs1,2014,50,1.23213,1.15966,179,67,101,273,34,41,594,153,51222
HHS Region,hhs1,2014,51,1.31102,1.24935,211,79,114,259,35,41,625,153,50026
HHS Region,hhs1,2014,52,1.96586,1.98979,226,100,159,207,59,59,651,150,32717
HHS Region,hhs1,2014,53,1.89326,1.95961,243,115,189,179,74,77,688,149,35109
HHS Region,hhs1,2015,1,1.94392,1.9055,241,158,253,341,95,80,915,151,48019
HHS Region,hhs1,2015,2,2.61241,2.55973,308,215,325,584,110,89,1306,159,51021
HHS Region,hhs1,2015,3,3.93773,3.77874,460,247,385,953,138,125,1923,161,50890
HHS Region,hhs1,2015,4,3.59462,3.46639,322,189,290,887,101,58,1557,160,44917
HHS Region,hhs1,2015,5,3.55818,3.20075,284,191,306,809,115,64,1463,158,45708
HHS Region,hhs1,2015,6,3.26275,2.78569,267,149,247,694,98,63,1271,159,45626
HHS Region,hhs1,2015,7,2.93637,2.31584,210,117,203,492,86,68,973,154,42015
HHS Region,hhs1,2015,8,1.94445,1.66832,159,153,253,414,100,64,890,161,53347
HHS Region,hhs1,2015,9,1.76866,1.60692,201,107,167,383,60,46,797,147,49598
HHS Region,hhs1,2015,10,1.72719,1.54279,160,115,187,372,72,48,767,156,49715
HHS Region,hhs1,2015,11,1.51214,1.39572,204,116,195,249,79,47,695,154,49795
HHS Region,hhs1,2015,12,1.5203,1.38923,210,95,153,337,58,28,728,151,52403
HHS Region,hhs1,2015,13,1.58312,1.44504,198,109,173,342,64,43,756,151,52317
HHS Region,hhs1,2015,14,1.38746,1.30296,178,99,161,321,62,31,691,144,53033
HHS Region,hhs1,2015,15,1.29744,1.21218,183,100,167,244,67,27,621,141,51230
HHS Region,hhs1,2015,16,1.25879,1.17972,146,72,127,245,55,33,551,146,46706
HHS Region,hhs1,2015,17,1.01564,0.880201,120,60,91,197,31,31,439,137,49875
HHS Region,hhs1,2015,18,1.00593,0.859004,118,65,105,142,40,24,389,132,45285
HHS Region,hhs1,2015,19,0.780414,0.640394,88,51,84,95,33,19,286,130,44660
HHS Region,hhs1,2015,20,0.795374,0.664023,93,38,52,119,14,19,283,116,42619
HHS Region,hhs1,2015,21,0.823276,0.709098,88,35,55,87,20,18,248,113,34974
HHS Region,hhs1,2015,22,0.669392,0.606206,84,26,41,86,15,16,227,109,37446
HHS Region,hhs1,2015,23,0.68428,0.675463,92,31,50,92,19,23,257,108,38048
HHS Region,hhs1,2015,24,0.543381,0.530101,64,29,39,83,10,13,199,106,37540
HHS Region,hhs1,2015,25,0.545817,0.554638,73,23,27,73,4,15,188,102,33896
HHS Region,hhs1,2015,26,0.628069,0.597108,61,14,25,71,11,16,173,101,28973
HHS Region,hhs1,2015,27,0.502202,0.504671,56,22,35,59,13,18,168,105,33289
HHS Region,hhs1,2015,28,0.438622,0.462029,61,28,36,53,8,8,158,102,34197
HHS Region,hhs1,2015,29,0.418749,0.436199,56,18,27,53,9,14,150,102,34388
HHS Region,hhs1,2015,30,0.356937,0.40191,50,13,23,56,10,4,133,96,33092
HHS Region,hhs1,2015,31,0.36071,0.431073,44,18,26,59,8,15,144,100,33405
HHS Region,hhs1,2015,32,0.384903,0.440459,44,17,22,64,5,10,140,99,31785
HHS Region,hhs1,2015,33,0.361836,0.430765,48,18,25,52,7,13,138,92,32036
HHS Region,hhs1,2015,34,0.394007,0.460286,53,22,34,55,12,14,156,87,33892
HHS Region,hhs1,2015,35,0.364309,0.42729,52,19,32,54,13,12,150,93,35105
HHS Region,hhs1,2015,36,0.441444,0.488038,45,26,38,60,12,10,153,94,31350
HHS Region,hhs1,2015,37,0.456994,0.494543,53,22,38,75,16,13,179,91,36195
HHS Region,hhs1,2015,38,0.395333,0.418859,59,22,32,57,10,8,156,88,37244
HHS Region,hhs1,2015,39,0.395111,0.36375,37,19,38,60,19,5,140,96,38488
HHS Region,hhs1,2015,40,0.743302,0.684364,103,50,73,133,23,13,322,134,47051
HHS Region,hhs1,2015,41,0.613241,0.575962,67,39,55,123,16,12,257,134,44621
HHS Region,hhs1,2015,42,0.721747,0.667951,83,48,77,153,29,13,326,136,48806
HHS Region,hhs1,2015,43,0.767136,0.615777,69,26,52,148,26,21,290,133,47095
HHS Region,hhs1,2015,44,0.923337,0.781094,88,66,88,200,22,15,391,138,50058
HHS Region,hhs1,2015,45,0.767975,0.731683,99,65,82,164,17,23,368,140,50295
HHS Region,hhs1,2015,46,0.736201,0.667117,89,55,69,174,14,14,346,139,51865
HHS Region,hhs1,2015,47,0.954736,0.789195,77,39,52,107,13,17,253,134,32058
HHS Region,hhs1,2015,48,0.807851,0.772896,117,54,87,183,33,12,399,148,51624
HHS Region,hhs1,2015,49,0.975831,0.837658,115,63,85,210,22,21,431,150,51453
HHS Region,hhs1,2015,50,1.03668,0.838048,119,61,85,173,24,20,397,142,47372
HHS Region,hhs1,2015,51,1.38302,1.10902,117,42,62,120,20,19,318,134,28674
HHS Region,hhs1,2015,52,1.59869,1.27352,122,55,82,128,27,20,352,133,27640
HHS Region,hhs1,2016,1,1.32779,1.04943,141,95,135,154,40,25,455,138,43357
HHS Region,hhs1,2016,2,1.40757,1.12967,155,86,115,196,29,25,491,137,43464
HHS Region,hhs1,2016,3,1.51447,1.23407,184,75,105,193,30,34,516,139,41813
HHS Region,hhs1,2016,4,1.70905,1.402,210,90,134,323,44,22,689,142,49144
HHS Region,hhs1,2016,5,1.80717,1.54752,245,95,149,321,54,21,736,143,47560
HHS Region,hhs1,2016,6,1.98555,1.58075,208,92,138,351,46,23,720,138,45548
HHS Region,hhs1,2016,7,1.98808,1.70072,195,104,149,347,45,19,710,137,41747
HHS Region,hhs1,2016,8,1.97011,1.64402,205,110,170,388,60,21,784,133,47688
HHS Region,hhs1,2016,9,2.00001,1.74191,217,114,166,433,52,29,845,135,48510
HHS Region,hhs1,2016,10,2.54487,2.34589,251,187,283,594,96,30,1158,138,49363
HHS Region,hhs1,2016,11,2.20908,2.12699,196,184,269,444,85,38,947,134,44523
HHS Region,hhs1,2016,12,2.01418,1.86123,225,149,209,382,60,26,842,138,45239
HHS Region,hhs1,2016,13,2.03999,1.88601,188,155,244,442,89,39,913,134,48409
HHS Region,hhs1,2016,14,1.71028,1.54451,180,110,151,373,41,23,727,131,47070
HHS Region,hhs1,2016,15,1.57636,1.39268,143,103,151,349,48,25,668,132,47965
HHS Region,hhs1,2016,16,1.62583,1.423,154,75,123,290,48,28,595,130,41813
HHS Region,hhs1,2016,17,1.13344,1.0867,120,55,94,255,39,28,497,129,45735
HHS Region,hhs1,2016,18,1.05605,0.894058,82,53,89,181,36,27,379,122,42391
HHS Region,hhs1,2016,19,0.89892,0.764116,95,42,69,132,27,12,308,120,40308
HHS Region,hhs1,2016,20,0.895756,0.694743,102,31,55,108,24,10,275,115,39583
HHS Region,hhs1,2016,21,0.845762,0.668108,88,32,47,94,15,12,241,104,36072
HHS Region,hhs1,2016,22,0.744632,0.573835,68,25,33,61,8,7,169,104,29451
HHS Region,hhs1,2016,23,0.743073,0.672229,92,27,45,71,18,16,224,100,33322
HHS Region,hhs1,2016,24,0.512698,0.496255,67,15,27,54,12,11,159,100,32040
HHS Region,hhs1,2016,25,0.398488,0.411629,48,15,32,39,17,8,127,98,30853
HHS Region,hhs1,2016,26,0.392526,0.419073,57,14,27,29,13,14,127,100,30305
HHS Region,hhs1,2016,27,0.3677,0.36847,34,7,15,28,8,7,84,97,22797
HHS Region,hhs1,2016,28,0.377947,0.384873,45,11,19,40,8,5,109,99,28321
HHS Region,hhs1,2016,29,0.396991,0.410541,47,11,20,37,9,13,117,100,28499
HHS Region,hhs1,2016,30,0.354401,0.381907,40,11,15,45,4,9,109,94,28541
HHS Region,hhs1,2016,31,0.379867,0.387125,47,10,19,33,9,6,105,89,27123
HHS Region,hhs1,2016,32,0.333124,0.342803,35,14,20,34,6,5,94,91,27421
HHS Region,hhs1,2016,33,0.389443,0.420506,49,19,27,53,8,12,141,95,33531
HHS Region,hhs1,2016,34,0.401698,0.399439,51,18,29,41,11,10,131,96,32796
HHS Region,hhs1,2016,35,0.386442,0.36732,42,17,29,54,12,7,132,99,35936
HHS Region,hhs1,2016,36,0.564664,0.622571,47,18,29,113,11,8,197,96,31643
HHS Region,hhs1,2016,37,0.579147,0.658748,79,19,39,136,20,10,264,95,40076
HHS Region,hhs1,2016,38,0.602019,0.658086,80,22,39,140,17,13,272,96,41332
HHS Region,hhs1,2016,39,0.572983,0.508522,74,22,30,97,8,18,219,102,43066
HHS Region,hhs1,2016,40,0.747602,0.66157,68,52,76,174,24,16,334,136,50486
HHS Region,hhs1,2016,41,0.661232,0.590106,71,33,51,142,18,18,282,136,47788
HHS Region,hhs1,2016,42,0.728388,0.682319,98,42,62,169,20,18,347,132,50856
HHS Region,hhs1,2016,43,0.729991,0.644873,90,38,61,169,23,12,332,135,51483
HHS Region,hhs1,2016,44,0.930192,0.779195,119,50,71,192,21,15,397,134,50950
HHS Region,hhs1,2016,45,0.875043,0.701828,112,37,55,192,18,10,369,138,52577
HHS Region,hhs1,2016,46,0.905197,0.753912,140,44,61,191,17,18,410,138,54383
HHS Region,hhs1,2016,47,0.975827,0.788407,115,29,49,104,20,16,284,144,36022
HHS Region,hhs1,2016,48,0.872621,0.709757,125,48,71,167,23,21,384,138,54103
HHS Region,hhs1,2016,49,0.940337,0.796494,163,52,77,164,25,14,418,136,52480
HHS Region,hhs1,2016,50,1.04872,0.918111,168,48,63,213,15,27,471,142,51301
HHS Region,hhs1,2016,51,1.16982,1.03371,184,50,90,168,40,21,463,137,44790
HHS Region,hhs1,2016,52,1.41861,1.33674,198,42,85,114,43,32,429,137,32093
HHS Region,hhs1,2017,1,1.57644,1.26449,175,63,135,165,72,52,527,138,41677
HHS Region,hhs1,2017,2,1.52411,1.23433,201,74,117,222,43,37,577,137,46746
HHS Region,hhs1,2017,3,1.73987,1.43032,195,77,139,280,62,40,654,141,45724
HHS Region,hhs1,2017,4,2.06524,1.73869,228,115,169,456,54,43,896,134,51533
HHS Region,hhs1,2017,5,2.51375,2.15226,255,124,191,671,67,41,1158,135,53804
HHS Region,hhs1,2017,6,3.19221,2.79365,215,137,208,824,71,58,1305,136,46713
HHS Region,hhs1,2017,7,3.02522,2.63222,200,185,263,784,78,53,1300,135,49388
HHS Region,hhs1,2017,8,3.04746,2.67155,253,187,282,618,95,73,1226,134,45891
HHS Region,hhs1,2017,9,2.24694,1.89924,210,134,215,526,81,48,999,135,52600
HHS Region,hhs1,2017,10,2.12586,1.88573,209,140,201,443,61,49,902,137,47833
HHS Region,hhs1,2017,11,2.12868,1.80802,201,78,120,334,42,37,692,129,38274
HHS Region,hhs1,2017,12,1.93583,1.90753,211,131,198,521,67,42,972,134,50956
HHS Region,hhs1,2017,13,2.00149,1.97461,231,126,186,582,60,34,1033,133,52314
HHS Region,hhs1,2017,14,2.21679,2.11428,229,137,208,646,71,53,1136,130,53730
HHS Region,hhs1,2017,15,1.79559,1.74675,193,98,165,479,67,50,887,130,50780
HHS Region,hhs1,2017,16,1.53009,1.34377,126,80,122,278,42,39,565,128,42046
HHS Region,hhs1,2017,17,1.11883,0.942013,107,75,107,201,32,22,437,123,46390
HHS Region,hhs1,2017,18,0.927764,0.773716,101,56,75,150,19,27,353,120,45624
HHS Region,hhs1,2017,19,0.735565,0.712394,107,33,57,127,24,21,312,119,43796
HHS Region,hhs1,2017,20,0.663237,0.681419,104,37,53,106,16,20,283,118,41531
HHS Region,hhs1,2017,21,0.575517,0.577944,102,27,40,67,13,12,221,101,38239
HHS Region,hhs1,2017,22,0.68094,0.718693,88,23,45,76,22,10,219,92,30472
HHS Region,hhs1,2017,23,0.581094,0.608884,101,28,40,66,12,10,217,93,35639
HHS Region,hhs1,2017,24,0.506065,0.60428,94,24,37,75,13,10,216,92,35745
HHS Region,hhs1,2017,25,0.461712,0.538668,79,19,31,66,12,9,185,90,34344
HHS Region,hhs1,2017,26,0.433945,0.430433,20,8,16,22,8,13,71,77,16495
HHS Region,hhs1,2017,27,0.452091,0.504494,47,16,24,40,8,8,119,89,23588
HHS Region,hhs1,2017,28,0.361844,0.459954,49,23,32,48,9,9,138,88,30003
HHS Region,hhs1,2017,29,0.292145,0.378472,42,21,24,36,3,7,109,87,28800
HHS Region,hhs1,2017,30,0.31378,0.392555,48,9,14,41,5,9,112,86,28531
HHS Region,hhs1,2017,31,0.303222,0.396592,46,12,18,34,6,10,108,85,27232
HHS Region,hhs1,2017,32,0.286054,0.383509,43,12,21,39,9,5,108,84,28161
HHS Region,hhs1,2017,33,0.341359,0.441373,40,20,24,49,4,9,122,83,27641
HHS Region,hhs1,2017,34,0.325429,0.425022,44,13,18,44,5,11,117,82,27528
HHS Region,hhs1,2017,35,0.339203,0.377212,39,6,10,51,4,7,107,83,28366
HHS Region,hhs1,2017,36,0.289899,0.35267,29,12,20,41,8,8,98,84,27788
HHS Region,hhs1,2017,37,0.469752,0.488537,52,18,22,84,4,8,166,85,33979
HHS Region,hhs1,2017,38,0.441854,0.508396,59,19,30,74,11,12,175,85,34422
HHS Region,hhs1,2017,39,0.467866,0.502701,45,22,37,69,15,10,161,82,32027
HHS Region,hhs1,2017,40,0.714489,0.659029,78,38,57,153,19,14,302,131,45825
HHS Region,hhs1,2017,41,0.797907,0.77879,114,72,101,172,29,26,413,137,53031
HHS Region,hhs1,2017,42,0.796885,0.750669,106,69,94,186,25,29,415,137,55284
HHS Region,hhs1,2017,43,0.972133,0.910621,138,79,116,231,37,29,514,137,56445
HHS Region,hhs1,2017,44,0.948321,0.899972,135,72,102,226,30,26,489,142,54335
HHS Region,hhs1,2017,45,1.08227,1.05296,174,109,147,261,38,33,615,137,58407
HHS Region,hhs1,2017,46,1.19375,1.14176,155,115,173,290,58,48,666,138,58331
HHS Region,hhs1,2017,47,1.59658,1.48889,201,96,148,221,52,33,603,140,40500
HHS Region,hhs1,2017,48,1.53606,1.32989,206,125,195,301,70,56,758,139,56997
HHS Region,hhs1,2017,49,1.6577,1.51599,265,96,143,421,47,48,877,139,57850
HHS Region,hhs1,2017,50,1.82267,1.65346,289,122,198,386,76,39,912,138,55157
HHS Region,hhs1,2017,51,2.24475,1.93757,312,139,218,373,79,56,959,138,49495
HHS Region,hhs1,2017,52,2.82739,2.76879,290,191,290,330,99,100,1010,139,36478
HHS Region,hhs1,2018,1,2.94107,2.72318,265,205,323,317,118,112,1017,138,37346
HHS Region,hhs1,2018,2,2.86319,2.31838,259,257,392,447,135,122,1220,140,52623
HHS Region,hhs1,2018,3,3.72799,3.30443,357,321,503,717,182,138,1715,139,51900
HHS Region,hhs1,2018,4,4.26588,4.0082,409,426,666,1157,240,154,2386,137,59528
HHS Region,hhs1,2018,5,5.1923,5.17253,471,556,822,1610,266,200,3103,137,59990
HHS Region,hhs1,2018,6,5.78721,5.63623,555,549,816,1914,267,212,3497,141,62045
HHS Region,hhs1,2018,7,5.26147,5.15032,530,487,766,1775,279,189,3260,138,63297
HHS Region,hhs1,2018,8,4.38854,4.36349,375,505,707,1114,202,190,2386,140,54681
HHS Region,hhs1,2018,9,3.41332,3.06406,281,313,467,799,154,142,1689,136,55123
HHS Region,hhs1,2018,10,2.55242,2.40386,218,227,344,553,117,97,1212,136,50419
HHS Region,hhs1,2018,11,2.42643,2.24614,200,173,289,406,116,86,981,132,43675
HHS Region,hhs1,2018,12,2.08403,1.86109,158,163,260,510,97,79,1007,134,54108
HHS Region,hhs1,2018,13,2.19066,1.89217,187,170,298,475,128,95,1055,139,55756
HHS Region,hhs1,2018,14,2.03106,1.84353,210,161,246,463,85,90,1009,131,54732
HHS Region,hhs1,2018,15,1.89908,1.76613,203,158,251,480,93,71,1005,130,56904
HHS Region,hhs1,2018,16,1.77098,1.60965,168,134,220,342,86,52,782,129,48582
HHS Region,hhs1,2018,17,1.49462,1.30523,154,126,174,326,48,44,698,129,53477
HHS Region,hhs1,2018,18,1.34454,1.18257,146,97,161,278,64,33,618,122,52259
HHS Region,hhs1,2018,19,0.993134,0.943321,123,74,109,206,35,38,476,116,50460
HHS Region,hhs1,2018,20,0.958522,0.870559,124,79,110,160,31,25,419,111,48130
HHS Region,hhs1,2018,21,1.35103,0.941641,144,59,83,159,24,29,415,102,44072
HHS Region,hhs1,2018,22,0.704539,0.748183,104,50,67,87,17,22,280,99,37424
HHS Region,hhs1,2018,23,0.594143,0.581542,84,32,51,81,19,15,231,97,39722
HHS Region,hhs1,2018,24,0.670237,0.583346,81,31,52,80,21,20,233,93,39942
HHS Region,hhs1,2018,25,0.773475,0.632566,72,34,55,78,21,27,232,93,36676
HHS Region,hhs1,2018,26,0.901473,0.620434,93,41,57,69,16,12,231,90,37232
HHS Region,hhs1,2018,27,0.502517,0.593153,61,30,45,67,15,15,188,92,31695
HHS Region,hhs1,2018,28,0.744742,0.652627,83,54,74,93,20,19,269,93,41218
HHS Region,hhs1,2018,29,0.917575,0.56681,79,44,62,67,18,15,223,90,39343
HHS Region,hhs1,2018,30,0.503441,0.556666,73,30,43,86,13,18,220,89,39521
HHS Region,hhs1,2018,31,0.438464,0.497711,75,45,58,55,13,12,200,91,40184
HHS Region,hhs1,2018,32,0.771223,0.58581,65,45,59,93,14,16,233,89,39774
HHS Region,hhs1,2018,33,0.522858,0.577013,72,34,44,99,10,20,235,92,40727
HHS Region,hhs1,2018,34,0.742772,0.615003,73,45,67,82,22,21,243,88,39512
HHS Region,hhs1,2018,35,0.562611,0.558546,60,42,71,75,29,14,220,87,39388
HHS Region,hhs1,2018,36,0.710041,0.693836,92,54,78,89,24,18,277,91,39923
HHS Region,hhs1,2018,37,0.963654,0.79327,89,65,91,148,26,36,364,90,45886
HHS Region,hhs1,2018,38,1.1805,0.919223,128,78,113,166,35,26,433,93,47105
HHS Region,hhs1,2018,39,0.911966,0.871203,100,81,113,161,32,33,407,97,46717
HHS Region,hhs1,2018,40,1.03086,0.951599,173,165,254,306,89,67,800,175,84069
HHS Region,hhs1,2018,41,1.08774,1.05549,170,198,294,342,96,81,887,178,84037
HHS Region,hhs1,2018,42,1.12386,1.10172,188,202,295,338,93,89,910,178,82598
HHS Region,hhs1,2018,43,1.19283,1.13296,211,188,291,360,103,62,924,180,81556
HHS Region,hhs1,2018,44,1.19766,1.07639,174,197,284,368,87,43,869,179,80733
HHS Region,hhs1,2018,45,1.35746,1.16871,234,204,284,363,80,62,943,179,80687
HHS Region,hhs1,2018,46,1.33773,1.16771,262,185,291,331,106,51,935,181,80071
HHS Region,hhs1,2018,47,1.57641,1.44264,267,198,290,312,92,73,942,184,65297
HHS Region,hhs1,2018,48,1.44648,1.26641,237,267,381,373,114,79,1070,186,84491
HHS Region,hhs1,2018,49,1.85285,1.49411,311,279,390,485,111,74,1260,186,84331
HHS Region,hhs1,2018,50,1.86306,1.60367,338,317,464,461,147,101,1364,188,85055
HHS Region,hhs1,2018,51,2.38787,2.02666,452,350,527,519,177,124,1622,187,80033
HHS Region,hhs1,2018,52,3.28271,2.99011,522,539,777,515,238,190,2004,187,67021
HHS Region,hhs1,2019,1,3.18242,2.88136,432,660,1000,566,340,242,2240,192,77741
HHS Region,hhs1,2019,2,3.42535,2.94423,487,692,1046,724,354,211,2468,191,83825
HHS Region,hhs1,2019,3,3.55477,3.08588,518,690,1023,887,333,180,2608,189,84514
HHS Region,hhs1,2019,4,3.57481,3.31484,489,759,1071,967,312,198,2725,192,82206
HHS Region,hhs1,2019,5,3.58926,3.34714,500,737,1073,1079,336,216,2868,189,85685
HHS Region,hhs1,2019,6,3.89612,3.63079,480,792,1153,1403,361,210,3246,191,89402
HHS Region,hhs1,2019,7,3.7116,3.41773,478,661,978,1148,317,209,2813,187,82306
HHS Region,hhs1,2019,8,3.60201,3.44751,537,702,1024,999,322,252,2812,187,81566
HHS Region,hhs1,2019,9,3.19202,2.85516,409,627,919,921,292,217,2466,188,86370
HHS Region,hhs1,2019,10,3.06531,2.69868,391,523,755,893,232,190,2229,186,82596
HHS Region,hhs1,2019,11,2.7549,2.66381,397,532,781,883,249,177,2238,184,84015
HHS Region,hhs1,2019,12,2.74656,2.56893,383,491,740,866,249,192,2181,187,84899
HHS Region,hhs1,2019,13,2.80535,2.53361,379,491,726,946,235,169,2220,181,87622
HHS Region,hhs1,2019,14,2.5126,2.39817,385,447,673,890,226,155,2103,185,87692
HHS Region,hhs1,2019,15,2.32854,2.23154,368,421,595,838,174,147,1948,185,87294
HHS Region,hhs1,2019,16,2.07354,1.92709,314,356,505,613,149,120,1552,187,80536
HHS Region,hhs1,2019,17,1.53044,1.40063,240,265,380,446,115,87,1153,176,82320
HHS Region,hhs1,2019,18,1.3091,1.28558,229,241,351,389,110,83,1052,171,81831
HHS Region,hhs1,2019,19,1.18267,1.08674,196,185,273,331,88,66,866,168,79688
HHS Region,hhs1,2019,20,1.19221,1.17539,199,199,277,334,78,100,910,167,77421
HHS Region,hhs1,2019,21,0.878322,0.99318,195,142,207,296,65,68,766,142,77126
HHS Region,hhs1,2019,22,0.927145,1.10966,133,160,233,187,73,75,628,127,56594
HHS Region,hhs1,2019,23,0.668269,0.909793,157,134,219,203,85,57,636,130,69906
HHS Region,hhs1,2019,24,0.544277,0.780114,148,116,169,159,53,66,542,132,69477
HHS Region,hhs1,2019,25,0.5499,0.741492,131,134,187,155,53,46,519,132,69994
HHS Region,hhs1,2019,26,0.534487,0.719251,140,89,148,166,59,54,508,140,70629
HHS Region,hhs1,2019,27,0.484564,0.679743,112,92,134,143,42,48,437,142,64289
HHS Region,hhs1,2019,28,0.408034,0.572877,100,87,137,126,50,53,416,140,72616
HHS Region,hhs1,2019,29,0.448593,0.57038,103,81,134,124,53,37,398,137,69778
HHS Region,hhs1,2019,30,0.345966,0.52133,89,91,123,118,32,36,366,137,70205
HHS Region,hhs1,2019,31,0.356161,0.499282,92,87,117,108,30,34,351,139,70301
HHS Region,hhs1,2019,32,0.404319,0.545338,81,88,117,133,29,42,373,137,68398
HHS Region,hhs1,2019,33,0.435879,0.475582,78,76,110,100,34,32,320,135,67286
HHS Region,hhs1,2019,34,0.529895,0.567183,87,98,132,134,34,34,387,137,68232
HHS Region,hhs1,2019,35,0.500663,0.55423,91,88,130,137,42,30,388,135,70007
HHS Region,hhs1,2019,36,0.809818,0.681859,91,116,162,170,46,33,456,138,66876
HHS Region,hhs1,2019,37,1.07275,0.752811,84,119,181,254,62,34,553,137,73458
HHS Region,hhs1,2019,38,0.953149,0.820437,137,139,206,236,67,45,624,138,76057
HHS Region,hhs1,2019,39,1.044,0.916995,138,175,243,271,68,62,714,141,77863
HHS Region,hhs1,2019,40,0.892224,0.969336,247,324,498,404,174,112,1261,255,130089
HHS Region,hhs1,2019,41,1.00194,1.12109,274,396,574,441,178,176,1465,261,130676
HHS Region,hhs1,2019,42,1.10858,1.23027,313,436,615,501,179,163,1592,265,129402
HHS Region,hhs1,2019,43,1.08702,1.17995,318,400,587,513,187,153,1571,262,133141
HHS Region,hhs1,2019,44,1.13812,1.23994,333,389,576,570,187,164,1643,271,132506
HHS Region,hhs1,2019,45,1.29227,1.37738,390,456,618,662,162,140,1810,263,131409
HHS Region,hhs1,2019,46,1.38714,1.52182,463,470,667,681,197,136,1947,261,127939
HHS Region,hhs1,2019,47,1.49625,1.65193,537,515,742,744,227,153,2176,264,131725
HHS Region,hhs1,2019,48,1.79568,1.99358,621,497,713,700,216,191,2225,263,111608
HHS Region,hhs1,2019,49,1.81736,1.98759,604,633,901,742,268,225,2472,264,124372
HHS Region,hhs1,2019,50,1.89441,2.01631,631,630,899,881,269,218,2629,263,130387
HHS Region,hhs1,2019,51,2.48714,2.64669,844,819,1119,1085,300,242,3290,262,124306
HHS Region,hhs1,2019,52,3.72534,3.94891,946,1278,1767,1448,489,402,4563,264,115551
HHS Region,hhs1,2020,1,3.9217,4.25391,980,1834,2510,1379,676,525,5394,264,126801
HHS Region,hhs1,2020,2,3.69926,3.90246,821,1708,2398,1618,690,473,5310,271,136068
HHS Region,hhs1,2020,3,4.48822,4.69153,976,1762,2403,2403,641,427,6209,269,132345
HHS Region,hhs1,2020,4,5.30297,5.65081,1109,2156,2932,3149,776,446,7636,266,135131
HHS Region,hhs1,2020,5,6.43424,6.76639,1253,2932,3879,4227,947,593,9952,268,147080
HHS Region,hhs1,2020,6,7.14812,7.59277,1328,3147,4204,4749,1057,610,10891,267,143439
HHS Region,hhs1,2020,7,6.44878,6.64443,1147,2836,3745,3801,909,568,9261,266,139380
HHS Region,hhs1,2020,8,5.68503,5.91629,989,2406,3364,2742,958,597,7692,268,130014
HHS Region,hhs1,2020,9,4.59296,4.74196,806,2082,2934,2040,852,539,6319,261,133257
HHS Region,hhs1,2020,10,4.27651,4.57512,758,1921,2750,1912,829,524,5944,264,129920
HHS Region,hhs1,2020,11,4.83903,5.3488,678,2135,3010,1831,875,644,6163,246,115222
HHS Region,hhs1,2020,12,5.88522,6.59917,501,1963,2882,1057,919,559,4999,245,75752
HHS Region,hhs1,2020,13,4.80548,5.45224,192,1356,2107,461,751,553,3313,236,60764
HHS Region,hhs1,2020,14,4.34371,4.89975,76,1151,1839,319,688,498,2732,234,55758
HHS Region,hhs1,2020,15,3.38192,3.74552,44,804,1359,227,555,397,2027,230,54118
HHS Region,hhs1,2020,16,3.05896,3.40868,31,776,1261,214,485,376,1882,236,55212
HHS Region,hhs1,2020,17,2.10456,2.28498,15,542,880,131,338,258,1284,222,56193
HHS Region,hhs1,2020,18,1.6561,1.78239,33,425,637,150,212,215,1035,220,58068
HHS Region,hhs1,2020,19,1.33444,1.42456,25,366,577,127,211,164,893,220,62686
HHS Region,hhs1,2020,20,1.22049,1.30863,33,338,558,127,220,129,847,221,64724
HHS Region,hhs1,2020,21,0.924144,0.922296,19,260,433,108,173,127,687,228,74488
HHS Region,hhs1,2020,22,0.737775,0.749906,25,225,342,102,117,111,580,226,77343
HHS Region,hhs1,2020,23,0.667254,0.658783,16,182,325,84,143,107,532,221,80755
HHS Region,hhs1,2020,24,0.597741,0.570465,19,162,257,84,95,110,470,223,82389
HHS Region,hhs1,2020,25,0.50933,0.494127,23,141,229,94,88,81,427,220,86415
HHS Region,hhs1,2020,26,0.551892,0.5334,18,165,257,124,92,90,489,222,91676
HHS Region,hhs1,2020,27,0.509082,0.521287,24,141,249,110,108,84,467,220,89586
HHS Region,hhs1,2020,28,0.526729,0.536226,31,161,262,125,101,102,520,222,96974
HHS Region,hhs1,2020,29,0.511547,0.520913,32,190,273,106,83,102,513,220,98481
HHS Region,hhs1,2020,30,0.512911,0.504836,45,142,243,117,101,95,500,220,99042
HHS Region,hhs1,2020,31,0.537036,0.546135,44,155,260,151,105,98,553,220,101257
HHS Region,hhs1,2020,32,0.546167,0.557331,67,154,231,183,77,84,565,217,101376
HHS Region,hhs1,2020,33,0.593913,0.596383,67,180,270,174,90,100,611,217,102451
HHS Region,hhs1,2020,34,0.604997,0.620702,72,201,284,192,83,92,640,217,103109
HHS Region,hhs1,2020,35,0.602632,0.621719,95,191,281,175,90,92,643,222,103423
HHS Region,hhs1,2020,36,0.570855,0.592601,70,194,298,170,104,76,614,225,103611
HHS Region,hhs1,2020,37,0.614413,0.658078,73,219,310,181,91,99,663,213,100748
HHS Region,hhs1,2020,38,0.63491,0.657448,77,209,329,182,120,90,678,223,103126
HHS Region,hhs1,2020,39,0.724478,0.767119,73,259,401,254,142,88,816,225,106372
HHS Region,hhs1,2020,40,0.737722,0.739258,106,316,495,292,179,130,1023,266,138382
HHS Region,hhs1,2020,41,0.829271,0.846455,95,370,603,322,233,182,1202,271,142004
HHS Region,hhs1,2020,42,0.726535,0.780022,80,347,516,323,169,143,1062,269,136150
HHS Region,hhs1,2020,43,0.758938,0.784608,84,353,568,319,215,157,1128,273,143766
HHS Region,hhs1,2020,44,0.892072,0.936131,77,403,609,325,206,173,1184,277,126478
HHS Region,hhs1,2020,45,0.969896,1.02128,83,484,715,318,231,204,1320,276,129249
HHS Region,hhs1,2020,46,0.992776,1.06043,112,520,799,309,279,213,1433,276,135134
HHS Region,hhs1,2020,47,0.945543,1.00914,76,448,740,252,292,225,1293,272,128129
HHS Region,hhs1,2020,48,1.02417,1.10164,82,453,687,229,234,232,1230,272,111652
HHS Region,hhs1,2020,49,0.993601,1.0842,69,467,798,248,331,225,1340,274,123593
HHS Region,hhs1,2020,50,0.968118,1.06713,60,434,746,208,312,249,1263,276,118355
HHS Region,hhs1,2020,51,0.923454,0.961255,60,361,608,192,247,217,1077,272,112041
HHS Region,hhs1,2020,52,0.93888,1.01268,49,390,641,154,251,225,1069,265,105561
HHS Region,hhs1,2020,53,0.914862,0.951184,70,346,624,155,278,211,1060,268,111440
HHS Region,hhs1,2021,1,0.867458,0.924797,76,406,653,188,247,198,1115,270,120567
HHS Region,hhs1,2021,2,0.713565,0.77693,63,301,523,154,222,176,916,274,117900
HHS Region,hhs1,2021,3,0.621262,0.675029,62,288,459,117,171,145,783,268,115995
HHS Region,hhs1,2021,4,0.684598,0.667295,66,228,404,156,176,131,757,268,113443
HHS Region,hhs1,2021,5,0.49687,0.520399,53,201,328,91,127,114,586,264,112606
HHS Region,hhs1,2021,6,0.452749,0.458047,50,170,293,80,123,99,522,265,113962
HHS Region,hhs1,2021,7,0.425726,0.458748,50,172,269,107,97,86,512,267,111608
HHS Region,hhs1,2021,8,0.40977,0.429001,51,167,278,95,111,98,522,268,121678
HHS Region,hhs1,2021,9,0.420377,0.444775,69,172,281,108,109,81,539,269,121185
HHS Region,hhs1,2021,10,0.520412,0.558673,84,231,380,134,149,100,698,268,124939
HHS Region,hhs1,2021,11,0.481554,0.512002,97,198,310,140,112,82,629,267,122851
HHS Region,hhs1,2021,12,0.484971,0.523221,112,190,311,162,121,85,670,265,128053
HHS Region,hhs1,2021,13,0.5103,0.539357,99,247,381,137,134,80,697,265,129228
HHS Region,hhs1,2021,14,0.562165,0.598994,122,303,428,172,125,102,824,264,137564
HHS Region,hhs1,2021,15,0.523819,0.539403,122,244,381,162,137,73,738,265,136818
HHS Region,hhs1,2021,16,0.493175,0.518705,117,229,353,145,124,78,693,265,133602
HHS Region,hhs1,2021,17,0.507171,0.517917,123,222,325,165,103,89,702,263,135543
HHS Region,hhs1,2021,18,0.508405,0.526646,148,204,306,175,102,76,705,265,133866
HHS Region,hhs1,2021,19,0.539551,0.571684,202,197,271,231,74,77,781,261,136614
HHS Region,hhs1,2021,20,0.57259,0.62921,217,229,310,286,81,79,892,260,141765
HHS Region,hhs1,2021,21,0.540269,0.584884,222,198,272,246,74,67,807,253,137976
HHS Region,hhs1,2021,22,0.617808,0.677211,277,204,292,254,88,83,906,250,133784
HHS Region,hhs1,2021,23,0.591977,0.637363,306,200,270,293,70,58,927,248,145443
HHS Region,hhs1,2021,24,0.684946,0.744379,348,220,308,322,88,92,1070,253,143744
HHS Region,hhs1,2021,25,0.676728,0.743151,349,220,332,259,112,106,1046,248,140752
HHS Region,hhs1,2021,26,0.640036,0.686549,320,236,316,234,80,95,965,248,140558
HHS Region,hhs1,2021,27,0.731867,0.806322,392,226,354,245,128,116,1107,248,137290
HHS Region,hhs1,2021,28,0.697449,0.757645,352,275,390,240,115,90,1072,248,141491
HHS Region,hhs1,2021,29,0.766323,0.842518,390,305,423,273,118,144,1230,248,145991
HHS Region,hhs1,2021,30,0.880587,0.970147,468,376,531,321,155,157,1477,246,152245
HHS Region,hhs1,2021,31,0.906451,0.993441,502,362,523,342,161,137,1504,245,151393
HHS Region,hhs1,2021,32,0.910546,0.997889,526,371,547,307,176,161,1541,249,154426
HHS Region,hhs1,2021,33,0.923432,1.02664,491,401,568,338,167,146,1543,246,150296
HHS Region,hhs1,2021,34,0.927176,1.01162,458,389,572,359,183,142,1531,248,151341
HHS Region,hhs1,2021,35,0.904208,0.986406,455,389,574,330,185,143,1502,248,152270
HHS Region,hhs1,2021,36,1.07176,1.14331,577,402,560,445,158,161,1743,243,152452
HHS Region,hhs1,2021,37,1.1182,1.192,606,359,520,610,161,151,1887,246,158305
HHS Region,hhs1,2021,38,1.09915,1.19303,611,349,518,618,169,142,1889,245,158337
HHS Region,hhs1,2021,39,1.15875,1.2704,630,379,538,658,159,152,1978,247,155699
HHS Region,hhs1,2021,40,1.15639,1.27079,601,410,597,667,187,172,2037,263,160294
HHS Region,hhs1,2021,41,1.19047,1.28505,608,427,626,661,199,172,2067,269,160850
HHS Region,hhs1,2021,42,1.06317,1.13016,530,358,524,580,166,166,1800,267,159269
HHS Region,hhs1,2021,43,1.11875,1.1874,512,369,539,605,170,146,1802,268,151760
HHS Region,hhs1,2021,44,1.36547,1.46381,558,406,597,1000,191,141,2296,269,156851
HHS Region,hhs1,2021,45,1.39144,1.47186,575,469,690,860,221,172,2297,273,156061
HHS Region,hhs1,2021,46,1.54744,1.67199,593,509,747,1129,238,189,2658,271,158972
HHS Region,hhs1,2021,47,1.77166,1.88659,621,559,857,861,298,250,2589,261,137232
HHS Region,hhs1,2021,48,2.14574,2.25789,666,970,1356,1281,386,343,3646,271,161478
HHS Region,hhs1,2021,49,2.4713,2.514,659,894,1313,1686,419,346,4004,276,159268
HHS Region,hhs1,2021,50,2.38949,2.49552,697,917,1320,1587,403,354,3958,269,158604
HHS Region,hhs1,2021,51,2.7393,2.96954,710,1316,1807,1362,491,370,4249,265,143086
HHS Region,hhs1,2021,52,3.48245,3.81124,1037,2299,3078,1514,779,543,6172,265,161942
HHS Region,hhs1,2022,1,2.61613,2.82648,711,1612,2234,1068,622,433,4446,268,157298
HHS Region,hhs1,2022,2,1.73473,1.84672,386,866,1232,630,366,298,2546,266,137866
HHS Region,hhs1,2022,3,1.19943,1.2671,273,538,780,347,242,227,1627,267,128403
HHS Region,hhs1,2022,4,0.85427,0.891908,196,309,474,275,165,129,1074,266,120416
HHS Region,hhs1,2022,5,0.705607,0.7589,189,241,358,232,117,120,899,257,118461
HHS Region,hhs1,2022,6,0.557982,0.599191,193,230,311,189,81,102,795,267,132679
HHS Region,hhs1,2022,7,0.540791,0.574561,178,205,281,214,76,69,742,264,129142
HHS Region,hhs1,2022,8,0.630305,0.679529,233,192,266,253,74,82,834,267,122732
HHS Region,hhs1,2022,9,0.611072,0.648212,226,215,303,275,88,76,880,266,135758
HHS Region,hhs1,2022,10,0.892772,0.948336,277,274,393,510,119,115,1295,271,136555
HHS Region,hhs1,2022,11,1.03896,1.09989,353,333,466,591,133,112,1522,267,138378
HHS Region,hhs1,2022,12,1.47498,1.3658,425,376,542,844,166,153,1964,264,143798
HHS Region,hhs1,2022,13,1.89431,1.79571,547,503,694,1118,191,253,2612,264,145458
HHS Region,hhs1,2022,14,2.21791,2.23711,649,715,953,1462,238,318,3382,266,151177
HHS Region,hhs1,2022,15,2.61961,2.61065,823,769,1074,1689,305,385,3971,262,152108
HHS Region,hhs1,2022,16,2.41298,2.45169,762,774,1127,1211,353,432,3532,266,144064
HHS Region,hhs1,2022,17,2.19714,2.29816,760,773,1156,1147,383,474,3537,262,153906
HHS Region,hhs1,2022,18,2.52265,2.67042,875,937,1334,1549,397,407,4165,260,155968
HHS Region,hhs1,2022,19,2.63663,2.80261,891,931,1319,1630,388,499,4339,258,154820
HHS Region,hhs1,2022,20,2.13194,2.26103,780,802,1117,1261,315,393,3551,253,157052
HHS Region,hhs1,2022,21,1.69577,1.80999,626,598,873,937,275,303,2739,251,151327
HHS Region,hhs1,2022,22,1.37783,1.50642,567,468,677,696,209,221,2161,246,143453
HHS Region,hhs1,2022,23,1.18157,1.30043,517,423,616,536,193,252,1921,242,147720
HHS Region,hhs1,2022,24,1.07701,1.17734,500,372,545,497,173,189,1731,239,147026
HHS Region,hhs1,2022,25,1.01229,1.11482,478,355,537,418,182,190,1623,240,145584
HHS Region,hhs1,2022,26,0.932091,1.02061,440,356,522,346,166,211,1519,240,148833
HHS Region,hhs1,2022,27,0.906294,0.947232,349,356,513,315,157,209,1386,239,146321
HHS Region,hhs1,2022,28,0.705377,0.78371,259,303,449,305,146,157,1170,238,149290
HHS Region,hhs1,2022,29,0.761281,0.835046,284,314,462,311,148,182,1239,239,148375
HHS Region,hhs1,2022,30,0.787338,0.870642,336,332,457,347,125,161,1301,238,149430
HHS Region,hhs1,2022,31,0.797791,0.86902,340,341,485,302,144,163,1290,237,148443
HHS Region,hhs1,2022,32,0.75479,0.851288,319,280,422,350,142,152,1243,238,146014
HHS Region,hhs1,2022,33,0.765415,0.854235,342,297,407,295,110,163,1207,235,141296
HHS Region,hhs1,2022,34,0.784957,0.861814,331,327,473,311,146,138,1253,235,145391
HHS Region,hhs1,2022,35,0.739117,0.820933,291,294,409,328,115,162,1190,235,144957
HHS Region,hhs1,2022,36,0.894284,0.989181,331,312,455,469,143,175,1430,235,144564
HHS Region,hhs1,2022,37,1.13988,1.24619,498,423,572,696,149,180,1946,236,156156
HHS Region,hhs1,2022,38,1.20251,1.3269,567,470,666,717,196,221,2171,246,163614
HHS Region,hhs1,2022,39,1.33166,1.42904,662,458,688,741,230,210,2301,246,161017
HHS Region,hhs1,2022,40,1.48851,1.59727,755,490,724,811,234,285,2575,262,161213
HHS Region,hhs1,2022,41,1.57571,1.7063,955,489,720,834,231,290,2799,262,164039
HHS Region,hhs1,2022,42,1.684,1.80708,1044,530,801,916,271,255,3016,266,166899
HHS Region,hhs1,2022,43,2.11543,2.29817,1387,680,957,1193,277,332,3869,266,168351
HHS Region,hhs1,2022,44,2.68957,2.92439,1646,868,1217,1857,349,328,5048,266,172617
HHS Region,hhs1,2022,45,2.72655,2.99508,1621,942,1365,1825,423,363,5174,266,172750
HHS Region,hhs1,2022,46,2.85033,3.13621,1318,1037,1460,1935,423,443,5156,266,164402
HHS Region,hhs1,2022,47,4.61554,5.14757,1568,1532,2153,3222,621,658,7601,262,147662
HHS Region,hhs1,2022,48,6.04581,6.60966,1889,2823,4024,4467,1201,1268,11648,262,176227
HHS Region,hhs1,2022,49,7.05283,7.53722,1916,2901,4138,5584,1237,1342,12980,266,172212
HHS Region,hhs1,2022,50,7.34369,7.82131,1965,2921,4264,5224,1343,1526,12979,264,165944
HHS Region,hhs1,2022,51,7.27419,7.71776,1734,2891,4329,4237,1438,1737,12037,265,155965
HHS Region,hhs1,2022,52,6.26697,6.64302,1635,2537,3946,2428,1409,2067,10076,264,151678
HHS Region,hhs1,2023,1,3.91479,4.13684,899,1693,2756,1382,1063,1446,6483,264,156714
HHS Region,hhs1,2023,2,2.41816,2.58497,572,980,1558,1066,578,680,3876,261,149944
HHS Region,hhs1,2023,3,1.87517,1.96927,509,716,1116,807,400,406,2838,264,144114
HHS Region,hhs1,2023,4,1.69955,1.78893,488,613,930,892,317,329,2639,264,147518
HHS Region,hhs1,2023,5,1.51504,1.63429,448,550,789,894,239,233,2364,264,144650
HHS Region,hhs1,2023,6,1.55812,1.63651,484,626,878,894,252,290,2546,264,155575
HHS Region,hhs1,2023,7,1.69437,1.73725,547,641,894,982,253,295,2718,257,156454
HHS Region,hhs1,2023,8,1.60171,1.61724,565,546,816,746,270,253,2380,264,147164
HHS Region,hhs1,2023,9,1.39882,1.45611,493,555,751,718,196,217,2179,262,149645
HHS Region,hhs1,2023,10,1.47055,1.49847,478,540,741,855,201,225,2299,261,153423
HHS Region,hhs1,2023,11,1.41777,1.50518,461,616,828,668,212,214,2171,264,144235
HHS Region,hhs1,2023,12,1.46773,1.56824,524,582,780,920,198,210,2434,252,155206
HHS Region,hhs1,2023,13,1.48684,1.57333,502,526,738,969,212,253,2462,263,156483
HHS Region,hhs1,2023,14,1.43731,1.46725,457,488,713,891,225,218,2279,258,155325
HHS Region,hhs1,2023,15,1.37352,1.44216,490,502,720,826,218,247,2283,256,158304
HHS Region,hhs1,2023,16,1.11401,1.19073,397,435,619,607,184,192,1815,258,152427
HHS Region,hhs1,2023,17,1.07253,1.16271,345,410,579,675,169,171,1770,257,152231
HHS Region,hhs1,2023,18,1.1037,1.17075,358,394,559,708,165,170,1795,257,153320
HHS Region,hhs1,2023,19,1.12658,1.20614,385,449,611,772,162,165,1933,255,160263
HHS Region,hhs1,2023,20,1.09434,1.15051,356,443,578,764,135,149,1847,254,160537
HHS Region,hhs1,2023,21,0.997473,1.09966,353,392,554,675,162,180,1762,254,160232
HHS Region,hhs1,2023,22,1.04157,1.14127,361,388,565,624,177,203,1753,253,153601
HHS Region,hhs1,2023,23,0.926209,1.01544,282,380,521,586,141,203,1592,251,156780
HHS Region,hhs1,2023,24,0.934166,0.982267,285,370,515,565,145,181,1546,252,157391
HHS Region,hhs1,2023,25,0.849592,0.917068,268,335,485,469,150,169,1391,250,151679
HHS Region,hhs1,2023,26,0.710534,0.782297,271,270,402,384,132,163,1220,249,155951
HHS Region,hhs1,2023,27,0.702382,0.748012,206,269,391,345,122,163,1105,250,147725
HHS Region,hhs1,2023,28,0.636528,0.690266,188,270,384,371,114,132,1075,247,155737
HHS Region,hhs1,2023,29,0.649371,0.703065,217,266,384,350,118,141,1092,248,155320
HHS Region,hhs1,2023,30,0.670884,0.730086,195,286,396,402,110,149,1142,249,156420
HHS Region,hhs1,2023,31,0.660498,0.70964,209,242,375,335,133,170,1089,248,153458
HHS Region,hhs1,2023,32,0.768178,0.795458,244,296,441,350,145,181,1216,247,152868
HHS Region,hhs1,2023,33,0.689506,0.758487,200,296,444,325,148,172,1141,245,150431
HHS Region,hhs1,2023,34,0.745074,0.81338,188,352,523,314,171,202,1227,246,150852
HHS Region,hhs1,2023,35,0.747933,0.798387,170,347,514,328,167,196,1208,244,151305
HHS Region,hhs1,2023,36,0.907623,0.950504,253,373,542,460,169,221,1476,248,155286
HHS Region,hhs1,2023,37,0.9517,1.02304,277,397,567,555,170,230,1629,248,159232
HHS Region,hhs1,2023,38,1.21593,1.27251,325,473,683,769,210,258,2035,248,159920
HHS Region,hhs1,2023,39,1.23523,1.30862,324,485,739,691,254,283,2037,246,155660
HHS Region,hhs1,2023,40,1.25271,1.30679,424,552,806,767,254,331,2328,283,178146
HHS Region,hhs1,2023,41,1.2062,1.25142,412,517,782,679,265,295,2168,286,173243
HHS Region,hhs1,2023,42,1.30368,1.35438,504,546,824,722,278,298,2348,285,173364
HHS Region,hhs1,2023,43,1.34384,1.39389,521,530,808,815,278,320,2464,288,176771
HHS Region,hhs1,2023,44,1.53195,1.59128,623,595,878,957,283,285,2743,288,172377
HHS Region,hhs1,2023,45,1.70029,1.76686,740,694,1036,974,342,335,3085,289,174604
HHS Region,hhs1,2023,46,1.88769,1.95671,865,825,1200,1012,375,376,3453,284,176470
HHS Region,hhs1,2023,47,2.21724,2.31844,917,774,1211,1000,437,503,3631,285,156614
HHS Region,hhs1,2023,48,2.43851,2.53337,951,1145,1655,1359,510,632,4597,283,181458
HHS Region,hhs1,2023,49,2.60065,2.67666,940,1121,1712,1530,591,598,4780,283,178581
HHS Region,hhs1,2023,50,3.248,3.33509,1022,1438,2205,2036,767,747,6010,284,180205
HHS Region,hhs1,2023,51,4.13971,4.22157,1114,1885,2880,2360,995,1024,7378,284,174769
HHS Region,hhs1,2023,52,5.21112,5.31307,1337,2558,3997,2054,1439,1582,8970,285,168829
HHS Region,hhs1,2024,1,4.18203,4.29182,1042,2066,3353,1606,1287,1396,7397,282,172351
HHS Region,hhs1,2024,2,3.64787,3.73581,746,1795,2805,1680,1010,1061,6292,286,168424
HHS Region,hhs1,2024,3,3.32699,3.37407,749,1571,2344,1565,773,756,5414,287,160459
HHS Region,hhs1,2024,4,3.16842,3.09196,510,1073,1606,1357,533,531,4004,284,129497
HHS Region,hhs1,2024,5,3.52859,3.58689,760,1578,2343,2295,765,743,6141,285,171207
HHS Region,hhs1,2024,6,3.71747,3.79681,844,1665,2475,2456,810,839,6614,281,174199
HHS Region,hhs1,2024,7,3.6392,3.67314,685,1554,2250,2134,696,798,5867,283,159727
HHS Region,hhs1,2024,8,3.68629,3.74836,722,1851,2665,1989,814,925,6301,284,168100
HHS Region,hhs1,2024,9,3.46053,3.51906,719,1840,2602,1846,762,962,6129,285,174166
HHS Region,hhs1,2024,10,3.26887,3.34964,739,1583,2269,2004,686,746,5758,284,171899
HHS Region,hhs1,2024,11,2.66844,2.74888,669,1265,1801,1624,536,625,4719,284,171670
HHS Region,hhs1,2024,12,2.51964,2.60489,663,1175,1620,1652,445,513,4448,282,170756
HHS Region,hhs1,2024,13,2.64,2.72272,650,1321,1840,1642,519,534,4666,279,171373
HHS Region,hhs1,2024,14,2.53332,2.62528,653,1239,1683,1540,444,531,4407,277,167868
HHS Region,hhs1,2024,15,2.30917,2.37452,661,1108,1549,1404,441,489,4103,277,172793
HHS Region,hhs1,2024,16,1.89312,1.93104,539,880,1242,882,362,526,3189,274,165144
HHS Region,hhs1,2024,17,1.57398,1.60323,427,767,1095,815,328,350,2687,273,167599
HHS Region,hhs1,2024,18,1.48442,1.52567,405,722,1018,787,296,365,2575,275,168778
HHS Region,hhs1,2024,19,1.34319,1.36776,351,617,859,825,242,287,2322,274,169767
HHS Region,hhs1,2024,20,1.26432,1.29849,395,565,786,737,221,284,2202,274,169582
HHS Region,hhs1,2024,21,1.13207,1.16819,348,508,725,673,217,271,2017,271,172661
HHS Region,hhs1,2024,22,1.02918,1.05167,327,438,630,538,192,262,1757,271,167067
HHS Region,hhs1,2024,23,0.940043,0.959728,260,481,659,486,178,231,1636,270,170465
HHS Region,hhs1,2024,24,0.921498,0.946321,284,372,532,502,160,269,1587,267,167702
HHS Region,hhs1,2024,25,0.84306,0.873472,230,380,543,420,163,232,1425,267,163142
HHS Region,hhs1,2024,26,0.813827,0.833724,205,345,525,465,180,210,1405,269,168521
HHS Region,hhs1,2024,27,0.830927,0.852892,192,334,510,391,176,257,1350,266,158285
HHS Region,hhs1,2024,28,0.800151,0.818209,201,428,601,434,173,185,1421,263,173672
HHS Region,hhs1,2024,29,0.823524,0.843364,176,380,565,432,185,276,1449,265,171812
HHS Region,hhs1,2024,30,0.845694,0.867967,197,420,597,452,177,223,1469,264,169246
HHS Region,hhs1,2024,31,0.881348,0.901649,216,427,593,454,166,246,1509,265,167360
HHS Region,hhs1,2024,32,0.879643,0.89857,218,423,596,444,173,246,1504,263,167377
HHS Region,hhs1,2024,33,0.910456,0.933362,209,434,630,474,196,249,1562,266,167352
HHS Region,hhs1,2024,34,0.971892,0.991222,210,437,625,526,188,273,1634,266,164847
HHS Region,hhs1,2024,35,0.979795,1.00689,216,470,658,558,188,292,1724,275,171221
HHS Region,hhs1,2024,36,1.09409,1.11318,245,524,725,649,201,236,1855,276,166639
HHS Region,hhs1,2024,37,1.2474,1.28653,306,578,813,857,235,283,2259,274,175588
HHS Region,hhs1,2024,38,1.45126,1.48749,421,646,885,1041,239,325,2672,277,179631
HHS Region,hhs1,2024,39,1.35256,1.38594,332,625,874,917,249,300,2423,278,174827
HHS Region,hhs1,2024,40,1.44364,1.4827,367,663,941,976,278,318,2602,282,175491
HHS Region,hhs1,2024,41,1.51,1.54011,374,695,945,1085,250,276,2680,285,174013
HHS Region,hhs1,2024,42,1.74247,1.77492,474,736,1022,1201,286,344,3041,286,171332
HHS Region,hhs1,2024,43,1.79608,1.82359,535,763,1073,1361,310,355,3324,286,182278
HHS Region,hhs1,2024,44,1.787,1.81998,530,802,1086,1265,284,306,3187,284,175112
HHS Region,hhs1,2024,45,1.79174,1.82876,578,834,1125,1229,291,319,3251,285,177771
HHS Region,hhs1,2024,46,1.80926,1.84248,528,810,1086,1253,276,302,3169,285,171996
HHS Region,hhs1,2024,47,1.91245,1.94429,672,789,1085,1294,296,323,3374,271,173534
HHS Region,hhs1,2024,48,2.08715,2.14442,750,748,1049,1098,301,369,3266,283,152302
HHS Region,hhs1,2024,49,2.15807,2.21824,836,890,1278,1248,388,426,3788,275,170766
HHS Region,hhs1,2024,50,2.37813,2.44921,966,1006,1443,1343,437,512,4264,284,174097
HHS Region,hhs1,2024,51,2.94124,3.00268,1078,1370,1892,1656,522,642,5268,282,175443
HHS Region,hhs1,2024,52,4.33452,4.36747,1294,1847,2734,1849,887,1102,6979,284,159795
HHS Region,hhs1,2025,1,4.84958,4.92659,1442,2564,3826,1796,1262,1724,8788,283,178379
HHS Region,hhs1,2025,2,4.53056,4.60091,1056,2423,3546,2184,1123,1416,8202,281,178269
HHS Region,hhs1,2025,3,5.84269,5.91703,1436,2901,4214,3452,1313,1546,10648,284,179955
HHS Region,hhs1,2025,4,7.4271,7.48511,1652,3594,5318,4381,1724,1832,13183,287,176123
HHS Region,hhs1,2025,5,8.73629,8.80479,1896,4507,6685,5677,2178,2508,16766,290,190419
HHS Region,hhs1,2025,6,9.38295,9.48134,1997,4518,6847,5718,2329,2927,17489,285,184457
HHS Region,hhs1,2025,7,8.74498,8.79959,1718,4159,6342,4775,2183,2765,15600,289,177281
HHS Region,hhs1,2025,8,7.14079,7.10661,1367,3411,5137,3095,1726,2403,12002,288,168885
HHS Region,hhs1,2025,9,5.44895,5.46309,1012,2608,4101,2518,1493,1950,9581,284,175377
HHS Region,hhs1,2025,10,4.44307,4.46434,810,2040,3045,2202,1005,1421,7478,283,167505
HHS Region,hhs1,2025,11,3.78562,3.7932,744,1794,2592,2058,798,1020,6414,285,169092
HHS Region,hhs1,2025,12,3.153,3.16728,611,1443,2044,1838,601,751,5244,284,165568
HHS Region,hhs1,2025,13,2.8287,2.85699,509,1372,1901,1763,529,589,4762,286,166679
HHS Region,hhs1,2025,14,2.62315,2.66058,553,1212,1631,1741,419,507,4432,286,166580
HHS Region,hhs1,2025,15,2.38547,2.42358,519,1091,1474,1597,383,482,4072,286,168016
HHS Region,hhs1,2025,16,2.20621,2.23164,504,994,1372,1425,378,457,3758,284,168396
HHS Region,hhs1,2025,17,1.80198,1.80954,468,842,1167,879,325,449,2963,282,163743
HHS Region,hhs1,2025,18,1.45894,1.47602,404,654,915,850,261,346,2515,283,170391
HHS Region,hhs1,2025,19,1.28259,1.30296,334,496,718,801,222,327,2180,283,167311
HHS Region,hhs1,2025,20,1.18329,1.20656,368,470,693,695,223,286,2042,282,169242
HHS Region,hhs1,2025,21,1.14278,1.1604,363,445,647,640,202,289,1939,282,167098
HHS Region,hhs1,2025,22,1.23114,1.25624,371,485,728,622,243,348,2069,281,164698
HHS Region,hhs1,2025,23,1.00983,1.04173,300,460,660,480,200,296,1736,278,166646
HHS Region,hhs1,2025,24,0.944508,0.971721,283,414,633,412,219,264,1592,275,163833
HHS Region,hhs1,2025,25,0.929859,0.956866,282,363,569,397,206,292,1540,277,160942
HHS Region,hhs1,2025,26,0.810496,0.837223,297,344,550,323,206,229,1399,277,167100
HHS Region,hhs1,2025,27,0.772684,0.787893,243,302,475,306,173,238,1262,274,160174
HHS Region,hhs1,2025,28,0.708197,0.724256,199,314,495,319,181,237,1250,275,172591
HHS Region,hhs1,2025,29,0.662256,0.676189,178,303,452,307,149,219,1156,274,170958
HHS Region,hhs1,2025,30,0.641019,0.65964,185,291,436,304,145,189,1114,272,168880
HHS Region,hhs1,2025,31,0.632037,0.643813,177,278,389,317,111,189,1072,271,166508
HHS Region,hhs1,2025,32,0.635634,0.649014,168,310,447,282,137,180,1077,271,165944
HHS Region,hhs1,2025,33,0.642916,0.657276,155,314,450,291,136,208,1104,274,167966
HHS Region,hhs1,2025,34,0.67337,0.683021,145,306,476,266,170,232,1119,273,163831
HHS Region,hhs1,2025,35,0.814996,0.835035,174,333,517,425,184,221,1337,278,160113
HHS Region,hhs1,2025,36,0.877082,0.901816,208,390,569,489,179,253,1519,279,168438
HHS Region,hhs1,2025,37,1.00834,1.03139,241,498,671,576,173,257,1745,278,169189
HHS Region,hhs1,2025,38,1.21943,1.25004,274,552,792,772,240,320,2158,278,172634
HHS Region,hhs1,2025,39,1.21682,1.23558,254,562,804,697,242,346,2101,279,170041
HHS Region,hhs1,2025,40,1.07929,1.09444,263,505,722,542,217,316,1843,279,168397
HHS Region,hhs1,2025,41,1.06816,1.08703,255,448,663,566,215,330,1814,281,166876
HHS Region,hhs1,2025,42,1.0695,1.08686,280,453,635,514,182,300,1729,280,159082
HHS Region,hhs1,2025,43,1.13293,1.1608,327,473,718,554,245,322,1921,279,165490
HHS Region,hhs1,2025,44,1.19432,1.22546,335,442,662,615,220,324,1936,276,157981
HHS Region,hhs1,2025,45,1.39729,1.4175,384,491,757,815,266,326,2282,276,160988
HHS Region,hhs1,2025,46,1.4364,1.45773,385,566,803,724,237,365,2277,276,156202
HHS Region,hhs10,2010,1,1.12903403548748,1.27873848804081,67,39,50,69,11,7,193,58,15093
HHS Region,hhs10,2010,2,1.210336878191,1.2720156555773,59,34,40,68,6,2,169,50,13286
HHS Region,hhs10,2010,3,1.1297983047381,1.33203621941181,70,28,34,69,6,5,178,52,13363
HHS Region,hhs10,2010,4,1.78370237960525,1.88651545180944,103,37,47,97,10,10,257,52,13623
HHS Region,hhs10,2010,5,1.6252512990225,1.76502604774123,96,27,34,95,7,2,227,48,12861
HHS Region,hhs10,2010,6,1.39517516881081,1.58774180128961,103,30,38,84,8,4,229,50,14423
HHS Region,hhs10,2010,7,1.77150429679824,2.21007238564608,128,35,48,97,13,14,287,50,12986
HHS Region,hhs10,2010,8,1.25850045932173,1.72904659398653,116,21,30,90,9,13,249,48,14401
HHS Region,hhs10,2010,9,1.3078291567007,1.59182703730102,84,24,32,79,8,6,201,45,12627
HHS Region,hhs10,2010,10,1.19629157994681,1.42694989460029,69,32,39,67,7,1,176,44,12334
HHS Region,hhs10,2010,11,1.16529782310064,1.26549362919303,54,22,30,58,8,4,146,47,11537
HHS Region,hhs10,2010,12,0.877128034014563,0.9945908218461,55,9,18,37,9,4,114,45,11462
HHS Region,hhs10,2010,13,0.684961439190928,0.902132312739202,41,19,23,31,4,4,99,40,10974
HHS Region,hhs10,2010,14,0.784228641195425,0.98310841004558,42,17,18,42,1,8,110,42,11189
HHS Region,hhs10,2010,15,0.667575946588423,0.799507995079951,31,8,15,31,7,1,78,37,9756
HHS Region,hhs10,2010,16,0.402770869699711,0.699904122722915,31,8,11,29,3,2,73,38,10430
HHS Region,hhs10,2010,17,0.664386419011852,1.12370529607192,53,13,20,36,7,6,115,37,10234
HHS Region,hhs10,2010,18,0.499543145913162,0.68615471378889,17,11,14,38,3,4,73,37,10639
HHS Region,hhs10,2010,19,0.517633821524414,0.895396608026967,33,7,14,36,7,2,85,34,9493
HHS Region,hhs10,2010,20,0.397640303820458,0.678879310344828,26,5,9,25,4,3,63,33,9280
HHS Region,hhs10,2010,21,0.441589390284057,0.718371690834109,14,11,13,25,2,2,54,26,7517
HHS Region,hhs10,2010,22,0.632022208102201,1.04757747708424,18,14,23,30,9,1,72,25,6873
HHS Region,hhs10,2010,23,0.386739916283112,0.5703693141309,16,4,6,17,2,1,40,24,7013
HHS Region,hhs10,2010,24,0.35423839888923,0.694781063176604,10,10,12,16,2,5,43,25,6189
HHS Region,hhs10,2010,25,0.565128197212738,0.850040096230954,19,8,12,21,4,1,53,23,6235
HHS Region,hhs10,2010,26,0.357139576667735,0.381742738589212,4,7,8,11,1,0,23,23,6025
HHS Region,hhs10,2010,27,0.363549051015283,0.624133148404993,12,6,7,16,1,1,36,23,5768
HHS Region,hhs10,2010,28,0.421264480896759,0.686133716291687,22,7,9,7,2,5,43,24,6267
HHS Region,hhs10,2010,29,0.483417261350498,0.652315720808871,15,10,11,13,1,1,40,23,6132
HHS Region,hhs10,2010,30,0.517178690276715,0.725323241879533,22,7,10,12,3,2,46,24,6342
HHS Region,hhs10,2010,31,0.450742120090807,0.645445210503154,19,7,10,14,3,1,44,27,6817
HHS Region,hhs10,2010,32,0.218984306687009,0.589417280643001,10,8,13,18,5,3,44,27,7465
HHS Region,hhs10,2010,33,0.282471935925818,0.631687508057239,12,7,12,23,5,2,49,28,7757
HHS Region,hhs10,2010,34,0.340799466259068,0.651691625069329,22,5,6,16,1,3,47,26,7212
HHS Region,hhs10,2010,35,0.398993964839837,0.6,8,9,12,15,3,1,36,23,6000
HHS Region,hhs10,2010,36,0.909684342607788,1.36471518987342,24,14,19,24,5,2,69,22,5056
HHS Region,hhs10,2010,37,0.419985086647766,0.717555363107757,13,13,13,28,0,4,58,28,8083
HHS Region,hhs10,2010,38,0.416188311884431,0.726961727603164,13,12,18,34,6,3,68,29,9354
HHS Region,hhs10,2010,39,0.432272686713878,0.827386492915503,21,16,18,40,2,1,80,28,9669
HHS Region,hhs10,2010,40,0.530928,0.539,13,18,28,43,10,3,87,56,16141
HHS Region,hhs10,2010,41,0.970664,1.01235,39,28,52,63,24,5,159,54,15706
HHS Region,hhs10,2010,42,0.822039,0.820398,44,31,43,49,12,3,139,52,16943
HHS Region,hhs10,2010,43,0.934162,0.960545,44,27,33,78,6,3,158,57,16449
HHS Region,hhs10,2010,44,0.900647,1.05685,44,36,48,83,12,7,182,58,17221
HHS Region,hhs10,2010,45,1.02505,1.03808,59,36,48,55,12,13,175,59,16858
HHS Region,hhs10,2010,46,1.18495,1.20953,58,40,53,78,13,15,204,55,16866
HHS Region,hhs10,2010,47,1.70828,1.88335,52,36,51,47,15,5,155,51,8230
HHS Region,hhs10,2010,48,0.973474,1.12733,42,37,50,59,13,5,156,58,13838
HHS Region,hhs10,2010,49,1.05214,1.21555,43,34,46,63,12,9,161,57,13245
HHS Region,hhs10,2010,50,0.981582,1.16805,43,22,34,38,12,9,124,56,10616
HHS Region,hhs10,2010,51,1.25744,1.93496,57,35,45,58,10,6,166,57,8579
HHS Region,hhs10,2010,52,2.35441,2.18824,56,54,74,49,20,7,186,56,8500
HHS Region,hhs10,2011,1,1.44406,1.47184,50,47,61,58,14,21,190,53,12909
HHS Region,hhs10,2011,2,1.48738,1.76578,57,68,84,91,16,10,242,57,13705
HHS Region,hhs10,2011,3,1.47542,2.27011,72,56,78,120,22,6,276,54,12158
HHS Region,hhs10,2011,4,2.07762,2.4073,91,50,68,164,18,12,335,57,13916
HHS Region,hhs10,2011,5,2.63905,3.04125,95,65,89,184,24,11,379,52,12462
HHS Region,hhs10,2011,6,2.47084,3.00692,77,92,119,209,27,12,417,56,13868
HHS Region,hhs10,2011,7,3.91067,4.45163,141,100,127,284,27,26,578,52,12984
HHS Region,hhs10,2011,8,3.4573,4.03129,125,93,124,226,31,30,505,51,12527
HHS Region,hhs10,2011,9,3.33706,4.10359,152,104,145,254,41,21,572,49,13939
HHS Region,hhs10,2011,10,3.20568,4.06182,133,98,134,262,36,15,544,52,13393
HHS Region,hhs10,2011,11,3.07455,3.2109,99,71,106,161,35,23,389,48,12115
HHS Region,hhs10,2011,12,2.79447,3.28382,86,78,103,131,25,16,336,50,10232
HHS Region,hhs10,2011,13,1.65878,1.96174,82,41,62,78,21,20,242,46,12336
HHS Region,hhs10,2011,14,1.18923,1.76932,54,54,72,77,18,9,212,45,11982
HHS Region,hhs10,2011,15,1.22909,1.66379,70,28,41,76,13,6,193,43,11600
HHS Region,hhs10,2011,16,1.30604,1.32693,45,23,34,66,11,7,152,39,11455
HHS Region,hhs10,2011,17,0.900723,1.16402,49,16,25,52,9,6,132,38,11340
HHS Region,hhs10,2011,18,0.891192,1.07672,37,18,34,40,16,9,120,38,11145
HHS Region,hhs10,2011,19,0.779229,0.932401,33,14,21,35,7,7,96,38,10296
HHS Region,hhs10,2011,20,0.824355,1.10209,46,15,24,34,9,6,110,35,9981
HHS Region,hhs10,2011,21,0.516304,0.921709,36,11,14,31,3,4,85,31,9222
HHS Region,hhs10,2011,22,0.705812,1.2173,46,12,21,23,9,4,94,28,7722
HHS Region,hhs10,2011,23,0.586891,0.966011,38,12,19,17,7,7,81,28,8385
HHS Region,hhs10,2011,24,0.67561,1.07306,25,13,18,25,5,5,73,26,6803
HHS Region,hhs10,2011,25,0.625967,1.19942,25,20,24,31,4,3,83,26,6920
HHS Region,hhs10,2011,26,0.417848,0.915475,27,6,13,30,7,3,73,27,7974
HHS Region,hhs10,2011,27,0.331375,0.701262,21,4,10,15,6,4,50,28,7130
HHS Region,hhs10,2011,28,0.282467,0.595641,18,4,5,18,1,3,44,27,7387
HHS Region,hhs10,2011,29,0.223711,0.568255,16,8,14,10,6,4,44,28,7743
HHS Region,hhs10,2011,30,0.265168,0.508497,15,3,4,15,1,4,38,29,7473
HHS Region,hhs10,2011,31,0.202155,0.367889,10,3,5,8,2,5,28,30,7611
HHS Region,hhs10,2011,32,0.256942,0.536368,12,9,13,13,4,3,41,29,7644
HHS Region,hhs10,2011,33,0.220332,0.467635,13,6,9,14,3,2,38,30,8126
HHS Region,hhs10,2011,34,0.2093,0.298686,12,5,8,5,3,0,25,28,8370
HHS Region,hhs10,2011,35,0.345636,0.827795,20,11,15,33,4,3,71,27,8577
HHS Region,hhs10,2011,36,0.421734,0.871622,20,14,17,24,3,9,70,28,8031
HHS Region,hhs10,2011,37,0.491047,0.713792,24,8,11,25,3,2,62,26,8686
HHS Region,hhs10,2011,38,0.631606,0.874881,26,13,17,37,4,3,83,27,9487
HHS Region,hhs10,2011,39,0.394319,0.781324,31,9,16,29,7,6,82,29,10495
HHS Region,hhs10,2011,40,0.546686,0.766367,57,26,35,41,9,7,140,48,18268
HHS Region,hhs10,2011,41,0.699265,0.838317,59,19,30,54,11,7,150,52,17893
HHS Region,hhs10,2011,42,0.58154,0.697736,44,21,34,47,13,6,131,53,18775
HHS Region,hhs10,2011,43,0.653306,0.794757,48,30,40,56,10,10,154,57,19377
HHS Region,hhs10,2011,44,0.823121,0.984318,42,39,55,72,16,8,177,56,17982
HHS Region,hhs10,2011,45,0.662245,0.853469,51,29,36,54,7,13,154,54,18044
HHS Region,hhs10,2011,46,0.902773,1.07195,65,29,47,76,18,3,191,52,17818
HHS Region,hhs10,2011,47,1.07526,1.09647,52,27,40,40,13,7,139,54,12677
HHS Region,hhs10,2011,48,0.829685,1.02258,58,22,44,71,22,19,192,54,18776
HHS Region,hhs10,2011,49,0.587594,0.747294,43,27,39,45,12,9,136,54,18199
HHS Region,hhs10,2011,50,1.00858,1.13155,37,47,66,60,19,16,179,51,15819
HHS Region,hhs10,2011,51,1.15362,1.13361,65,39,49,39,10,6,159,52,14026
HHS Region,hhs10,2011,52,1.25039,1.47379,52,40,58,54,18,12,176,54,11942
HHS Region,hhs10,2012,1,1.09205,1.15674,55,29,45,56,16,13,169,53,14610
HHS Region,hhs10,2012,2,0.73641,0.8299,42,36,43,55,7,3,143,51,17231
HHS Region,hhs10,2012,3,1.14829,1.24648,52,20,30,64,10,9,155,51,12435
HHS Region,hhs10,2012,4,1.0627,1.19453,83,23,38,85,15,8,214,55,17915
HHS Region,hhs10,2012,5,1.23111,1.38341,53,39,60,115,21,14,242,56,17493
HHS Region,hhs10,2012,6,1.18943,1.25034,54,41,61,101,20,13,229,54,18315
HHS Region,hhs10,2012,7,1.52115,1.68328,89,72,94,104,22,17,304,56,18060
HHS Region,hhs10,2012,8,1.40323,1.48028,73,76,93,79,17,11,256,50,17294
HHS Region,hhs10,2012,9,1.48527,1.64426,81,68,93,115,25,18,307,53,18671
HHS Region,hhs10,2012,10,1.57872,1.64668,97,42,65,126,23,10,298,53,18097
HHS Region,hhs10,2012,11,1.87248,2.11421,106,79,108,125,29,19,358,53,16933
HHS Region,hhs10,2012,12,2.18932,2.28371,98,86,128,134,42,18,378,52,16552
HHS Region,hhs10,2012,13,1.76887,1.84519,79,62,77,108,15,8,272,49,14741
HHS Region,hhs10,2012,14,1.58722,1.82198,86,62,82,124,20,13,305,50,16740
HHS Region,hhs10,2012,15,1.9451,2.02547,81,85,112,127,27,22,342,50,16885
HHS Region,hhs10,2012,16,1.58187,1.79622,60,65,86,128,21,19,293,48,16312
HHS Region,hhs10,2012,17,1.42215,1.58622,57,44,65,125,21,9,256,46,16139
HHS Region,hhs10,2012,18,1.44907,1.5994,49,49,65,128,16,12,254,45,15881
HHS Region,hhs10,2012,19,1.12645,1.24992,40,41,56,89,15,7,192,43,15361
HHS Region,hhs10,2012,20,0.940368,1.06182,37,32,44,74,12,2,157,39,14786
HHS Region,hhs10,2012,21,0.680635,0.871537,39,21,27,52,6,5,123,36,14113
HHS Region,hhs10,2012,22,0.73433,0.869121,33,16,24,40,8,5,102,34,11736
HHS Region,hhs10,2012,23,0.566978,0.65689,33,14,17,32,3,4,86,34,13092
HHS Region,hhs10,2012,24,0.520709,0.567365,20,15,21,26,6,4,71,31,12514
HHS Region,hhs10,2012,25,0.528817,0.547994,23,11,15,19,4,5,62,29,11314
HHS Region,hhs10,2012,26,0.461551,0.493896,20,10,15,16,5,2,53,26,10731
HHS Region,hhs10,2012,27,0.393519,0.457118,12,7,15,12,8,3,42,27,9188
HHS Region,hhs10,2012,28,0.315576,0.367647,8,3,7,20,4,5,40,27,10880
HHS Region,hhs10,2012,29,0.372762,0.431479,17,7,10,15,3,4,46,26,10661
HHS Region,hhs10,2012,30,0.353298,0.393701,14,8,12,14,4,2,42,27,10668
HHS Region,hhs10,2012,31,0.265581,0.37089,12,6,6,16,0,3,37,26,9976
HHS Region,hhs10,2012,32,0.394694,0.413884,9,11,14,20,3,1,44,27,10631
HHS Region,hhs10,2012,33,0.294434,0.306998,11,7,10,11,3,2,34,26,11075
HHS Region,hhs10,2012,34,0.331996,0.39918,12,9,11,13,2,1,37,26,9269
HHS Region,hhs10,2012,35,0.331268,0.40051,13,7,9,20,2,2,44,26,10986
HHS Region,hhs10,2012,36,0.504891,0.624589,22,10,14,17,4,4,57,27,9126
HHS Region,hhs10,2012,37,0.438313,0.508951,16,11,14,25,3,3,58,28,11396
HHS Region,hhs10,2012,38,0.614009,0.681387,33,11,20,25,9,1,79,29,11594
HHS Region,hhs10,2012,39,0.646552,0.867564,34,19,23,38,4,3,98,29,11296
HHS Region,hhs10,2012,40,0.572692,0.698332,33,30,37,47,7,9,126,53,18043
HHS Region,hhs10,2012,41,0.674099,0.74362,39,30,43,40,13,10,132,52,17751
HHS Region,hhs10,2012,42,0.742877,0.793257,41,26,37,59,11,7,144,56,18153
HHS Region,hhs10,2012,43,0.684782,0.709181,30,24,41,50,17,7,128,55,18049
HHS Region,hhs10,2012,44,0.895694,0.978106,47,36,51,61,15,13,172,55,17585
HHS Region,hhs10,2012,45,0.855878,0.992884,55,24,40,73,16,12,180,54,18129
HHS Region,hhs10,2012,46,1.09191,1.30445,64,48,74,78,26,14,230,54,17632
HHS Region,hhs10,2012,47,1.16039,1.5353,55,42,52,83,10,12,202,55,13157
HHS Region,hhs10,2012,48,0.964797,1.24612,57,63,85,74,22,13,229,53,18377
HHS Region,hhs10,2012,49,1.14642,1.31652,60,44,68,98,24,11,237,55,18002
HHS Region,hhs10,2012,50,1.55655,1.70473,84,65,96,119,31,19,318,57,18654
HHS Region,hhs10,2012,51,1.53785,1.91888,69,74,108,97,34,16,290,55,15113
HHS Region,hhs10,2012,52,3.39459,3.84911,83,112,156,139,44,22,400,53,10392
HHS Region,hhs10,2013,1,2.7755,2.75072,92,114,163,73,49,25,353,53,12833
HHS Region,hhs10,2013,2,2.56788,2.71231,84,166,228,155,62,29,496,55,18287
HHS Region,hhs10,2013,3,3.00818,2.95477,101,140,196,226,56,33,556,53,18817
HHS Region,hhs10,2013,4,3.69316,3.48022,98,135,177,226,42,25,526,52,15114
HHS Region,hhs10,2013,5,2.78231,2.79344,121,130,169,215,39,20,525,54,18794
HHS Region,hhs10,2013,6,2.439,2.5723,129,111,167,165,56,22,483,55,18777
HHS Region,hhs10,2013,7,2.09196,2.13388,108,76,108,140,32,16,372,52,17433
HHS Region,hhs10,2013,8,1.8586,1.88307,93,75,107,100,32,15,315,51,16728
HHS Region,hhs10,2013,9,1.41838,1.29172,44,53,87,84,34,11,226,50,17496
HHS Region,hhs10,2013,10,1.02992,0.937556,40,28,56,55,28,5,156,47,16639
HHS Region,hhs10,2013,11,1.07185,1.14304,46,36,58,62,22,13,179,48,15660
HHS Region,hhs10,2013,12,0.654524,0.83225,38,28,48,39,20,3,128,47,15380
HHS Region,hhs10,2013,13,0.738623,0.793073,27,28,41,35,13,6,109,47,13744
HHS Region,hhs10,2013,14,0.721545,0.66997,20,28,44,25,16,7,96,44,14329
HHS Region,hhs10,2013,15,0.425599,0.433688,14,16,24,21,8,3,62,42,14296
HHS Region,hhs10,2013,16,0.404495,0.47626,15,13,22,23,9,5,65,44,13648
HHS Region,hhs10,2013,17,0.374257,0.415956,15,20,25,16,5,5,61,44,14665
HHS Region,hhs10,2013,18,0.43933,0.43475,10,16,21,24,5,3,58,41,13341
HHS Region,hhs10,2013,19,0.209236,0.203384,3,3,7,13,4,2,25,34,12292
HHS Region,hhs10,2013,20,0.316906,0.305188,8,12,13,13,1,2,36,33,11796
HHS Region,hhs10,2013,21,0.301519,0.362498,13,10,12,17,2,2,44,34,12138
HHS Region,hhs10,2013,22,0.265127,0.245374,4,4,6,10,2,4,24,32,9781
HHS Region,hhs10,2013,23,0.344682,0.311412,5,1,11,12,10,6,34,29,10918
HHS Region,hhs10,2013,24,0.349294,0.31183,8,10,14,8,4,2,32,28,10262
HHS Region,hhs10,2013,25,0.284769,0.257041,4,5,11,6,6,2,23,29,8948
HHS Region,hhs10,2013,26,0.188386,0.167625,2,5,9,2,4,1,14,25,8352
HHS Region,hhs10,2013,27,0.152616,0.143575,3,3,4,1,1,2,10,23,6965
HHS Region,hhs10,2013,28,0.247997,0.238176,6,6,10,4,4,1,21,23,8817
HHS Region,hhs10,2013,29,0.223801,0.236635,5,5,9,7,4,1,22,24,9297
HHS Region,hhs10,2013,30,0.237772,0.20654,6,3,5,3,2,4,18,25,8715
HHS Region,hhs10,2013,31,0.196758,0.123411,5,0,2,3,2,0,10,25,8103
HHS Region,hhs10,2013,32,0.212315,0.22094,1,7,9,6,2,2,18,24,8147
HHS Region,hhs10,2013,33,0.123412,0.167224,4,6,8,1,2,0,13,24,7774
HHS Region,hhs10,2013,34,0.127551,0.162973,5,1,1,5,0,4,15,23,9204
HHS Region,hhs10,2013,35,0.117555,0.15639,4,6,6,4,0,0,14,23,8952
HHS Region,hhs10,2013,36,0.13834,0.160299,3,2,3,6,1,0,12,22,7486
HHS Region,hhs10,2013,37,0.204708,0.258956,11,4,5,7,1,1,24,22,9268
HHS Region,hhs10,2013,38,0.299062,0.319421,11,8,11,8,3,0,30,24,9392
HHS Region,hhs10,2013,39,0.34105,0.336854,10,9,14,9,5,4,37,25,10984
HHS Region,hhs10,2013,40,0.429608,0.472829,12,17,25,34,8,2,73,47,15439
HHS Region,hhs10,2013,41,0.405647,0.448486,16,18,22,29,4,6,73,45,16277
HHS Region,hhs10,2013,42,0.511438,0.547827,27,10,18,40,8,4,89,50,16246
HHS Region,hhs10,2013,43,0.513327,0.496902,21,19,29,27,10,4,81,52,16301
HHS Region,hhs10,2013,44,0.535649,0.525892,19,23,31,31,8,4,85,51,16163
HHS Region,hhs10,2013,45,0.379759,0.398577,22,6,11,23,5,9,65,52,16308
HHS Region,hhs10,2013,46,0.503713,0.534071,19,13,22,40,9,2,83,52,15541
HHS Region,hhs10,2013,47,0.469309,0.48484,30,12,15,24,3,2,71,48,14644
HHS Region,hhs10,2013,48,0.680224,0.656018,22,16,24,22,8,1,69,53,10518
HHS Region,hhs10,2013,49,0.653257,0.639777,14,19,34,39,15,5,92,52,14380
HHS Region,hhs10,2013,50,0.860692,0.916975,25,39,54,43,15,7,129,52,14068
HHS Region,hhs10,2013,51,1.50751,1.80688,50,58,92,67,34,9,218,51,12065
HHS Region,hhs10,2013,52,3.58097,4.72831,107,109,163,90,54,22,382,52,8079
HHS Region,hhs10,2014,1,3.99164,4.9901,140,139,203,110,64,26,479,49,9599
HHS Region,hhs10,2014,2,3.36928,3.89874,101,182,275,174,93,26,576,51,14774
HHS Region,hhs10,2014,3,2.75802,2.96014,74,123,184,147,61,22,427,51,14425
HHS Region,hhs10,2014,4,2.40345,2.40274,63,89,125,120,36,15,323,53,13443
HHS Region,hhs10,2014,5,1.7524,1.87689,45,69,104,96,35,9,254,48,13533
HHS Region,hhs10,2014,6,1.59128,1.65111,46,61,87,71,26,10,214,50,12961
HHS Region,hhs10,2014,7,1.23503,1.26717,46,36,54,64,18,3,167,48,13179
HHS Region,hhs10,2014,8,1.29149,1.23944,49,33,46,59,13,3,157,48,12667
HHS Region,hhs10,2014,9,0.663587,0.783102,34,11,26,44,15,5,109,48,13919
HHS Region,hhs10,2014,10,0.828104,1.00366,30,27,39,60,12,11,140,49,13949
HHS Region,hhs10,2014,11,0.601935,0.616421,21,10,16,38,6,0,75,45,12167
HHS Region,hhs10,2014,12,0.814837,0.814361,40,14,19,32,5,2,93,42,11420
HHS Region,hhs10,2014,13,0.669393,0.680142,19,10,15,30,5,7,71,43,10439
HHS Region,hhs10,2014,14,0.752904,0.886525,46,12,17,37,5,5,105,41,11844
HHS Region,hhs10,2014,15,0.633137,0.729269,34,17,23,28,6,4,89,42,12204
HHS Region,hhs10,2014,16,0.764785,0.88581,29,22,28,42,6,2,101,39,11402
HHS Region,hhs10,2014,17,0.764892,0.924992,39,13,24,40,11,7,110,37,11892
HHS Region,hhs10,2014,18,0.515472,0.646534,24,16,22,28,6,5,79,36,12219
HHS Region,hhs10,2014,19,0.753909,0.874036,34,25,30,32,5,6,102,37,11670
HHS Region,hhs10,2014,20,0.643924,0.884422,33,10,15,37,5,3,88,32,9950
HHS Region,hhs10,2014,21,0.578593,0.609826,15,10,14,22,4,2,53,30,8691
HHS Region,hhs10,2014,22,0.364697,0.371389,10,2,4,11,2,2,27,27,7270
HHS Region,hhs10,2014,23,0.355279,0.398818,7,2,3,13,1,4,27,22,6770
HHS Region,hhs10,2014,24,0.358122,0.36427,3,4,8,11,4,1,23,20,6314
HHS Region,hhs10,2014,25,0.366764,0.386022,6,6,8,5,2,0,19,18,4922
HHS Region,hhs10,2014,26,0.269915,0.269374,3,3,4,5,1,1,13,18,4826
HHS Region,hhs10,2014,27,0.281227,0.293772,6,1,1,3,0,0,10,16,3404
HHS Region,hhs10,2014,28,0.335847,0.334608,3,2,4,4,2,3,14,17,4184
HHS Region,hhs10,2014,29,0.256796,0.313129,5,2,3,5,1,1,14,17,4471
HHS Region,hhs10,2014,30,0.144182,0.180723,4,0,0,2,0,0,6,15,3320
HHS Region,hhs10,2014,31,0.393134,0.419776,3,4,4,8,0,3,18,15,4288
HHS Region,hhs10,2014,32,0.218287,0.21901,4,1,2,3,1,1,10,16,4566
HHS Region,hhs10,2014,33,0.17977,0.182983,2,3,4,2,1,0,8,16,4372
HHS Region,hhs10,2014,34,0.197823,0.260156,3,3,5,4,2,1,13,16,4997
HHS Region,hhs10,2014,35,0.154741,0.145278,3,2,2,0,0,1,6,16,4130
HHS Region,hhs10,2014,36,0.192155,0.21978,1,3,6,2,3,1,10,16,4550
HHS Region,hhs10,2014,37,0.245647,0.271213,1,4,7,3,3,3,14,15,5162
HHS Region,hhs10,2014,38,0.616897,0.591922,11,9,14,7,5,2,34,18,5744
HHS Region,hhs10,2014,39,0.382256,0.374471,9,2,3,10,1,1,23,17,6142
HHS Region,hhs10,2014,40,0.46365,0.546008,22,7,8,30,1,1,61,55,11172
HHS Region,hhs10,2014,41,1.06759,1.00433,24,20,30,66,10,3,123,56,12247
HHS Region,hhs10,2014,42,0.777402,0.843617,34,12,23,62,11,2,121,69,14343
HHS Region,hhs10,2014,43,0.729107,0.802178,39,20,26,40,6,4,109,65,13588
HHS Region,hhs10,2014,44,0.841509,0.942479,35,27,32,52,5,7,126,69,13369
HHS Region,hhs10,2014,45,0.888481,1.16416,46,24,34,67,10,11,158,71,13572
HHS Region,hhs10,2014,46,0.922181,1.1317,43,29,39,59,10,8,149,71,13166
HHS Region,hhs10,2014,47,1.00522,1.2931,58,22,28,65,6,17,168,68,12992
HHS Region,hhs10,2014,48,1.05653,1.33495,57,22,34,44,12,8,143,71,10712
HHS Region,hhs10,2014,49,1.31247,1.52545,59,31,59,73,28,11,202,70,13242
HHS Region,hhs10,2014,50,1.47179,1.79288,64,37,60,94,23,10,228,71,12717
HHS Region,hhs10,2014,51,2.04804,2.56205,84,49,68,124,19,12,288,67,11241
HHS Region,hhs10,2014,52,2.60812,3.6897,97,40,54,119,14,13,283,68,7670
HHS Region,hhs10,2014,53,3.18799,4.45828,127,72,104,101,32,19,351,68,7873
HHS Region,hhs10,2015,1,3.10944,3.33184,131,89,152,129,63,34,446,76,13386
HHS Region,hhs10,2015,2,3.64237,3.73233,131,91,136,201,45,39,507,73,13584
HHS Region,hhs10,2015,3,3.40026,3.68038,130,81,122,200,41,39,491,75,13341
HHS Region,hhs10,2015,4,2.76483,3.17531,95,71,110,203,39,18,426,71,13416
HHS Region,hhs10,2015,5,2.16804,2.46405,92,69,97,140,28,24,353,73,14326
HHS Region,hhs10,2015,6,1.80664,2.14136,75,42,67,133,25,11,286,70,13356
HHS Region,hhs10,2015,7,1.18081,1.53229,55,43,58,76,15,2,191,66,12465
HHS Region,hhs10,2015,8,1.07433,1.44238,66,31,45,63,14,11,185,63,12826
HHS Region,hhs10,2015,9,1.10581,1.40524,57,35,49,63,14,10,179,61,12738
HHS Region,hhs10,2015,10,1.15354,1.4437,64,26,37,83,11,11,195,69,13507
HHS Region,hhs10,2015,11,1.19703,1.46691,50,27,35,76,8,9,170,64,11589
HHS Region,hhs10,2015,12,0.884297,1.14891,40,25,42,42,17,5,129,66,11228
HHS Region,hhs10,2015,13,0.977884,1.14876,43,27,38,52,11,5,138,65,12013
HHS Region,hhs10,2015,14,0.657071,0.841477,34,11,18,38,7,3,93,59,11052
HHS Region,hhs10,2015,15,0.838291,0.998437,35,19,29,47,10,4,115,63,11518
HHS Region,hhs10,2015,16,0.914171,1.1214,48,19,28,46,9,4,126,60,11236
HHS Region,hhs10,2015,17,0.825758,1.31766,37,26,36,62,10,4,139,57,10549
HHS Region,hhs10,2015,18,0.528082,0.764554,34,16,22,21,6,6,83,52,10856
HHS Region,hhs10,2015,19,0.700294,0.822549,16,13,22,31,9,6,75,49,9118
HHS Region,hhs10,2015,20,0.610391,1.27361,38,10,13,35,3,3,89,34,6988
HHS Region,hhs10,2015,21,0.567533,0.770416,23,8,10,23,2,4,60,48,7788
HHS Region,hhs10,2015,22,0.554538,0.560115,15,6,9,17,3,2,43,43,7677
HHS Region,hhs10,2015,23,0.466817,0.507757,18,7,9,7,2,2,36,42,7090
HHS Region,hhs10,2015,24,0.373802,0.490196,7,9,15,6,6,2,30,42,6120
HHS Region,hhs10,2015,25,0.44034,0.625195,8,6,15,6,9,11,40,42,6398
HHS Region,hhs10,2015,26,0.400814,0.552995,9,10,15,3,5,3,30,42,5425
HHS Region,hhs10,2015,27,0.525571,0.715951,15,11,19,7,8,2,43,43,6006
HHS Region,hhs10,2015,28,0.404925,0.448878,12,1,5,8,4,2,27,44,6015
HHS Region,hhs10,2015,29,0.119489,0.373396,9,2,4,3,2,0,16,28,4285
HHS Region,hhs10,2015,30,0.274353,0.327273,5,3,6,2,3,5,18,44,5500
HHS Region,hhs10,2015,31,0.277682,0.407332,10,4,5,7,1,2,24,43,5892
HHS Region,hhs10,2015,32,0.176249,0.263591,5,2,6,4,4,1,16,42,6070
HHS Region,hhs10,2015,33,0.233461,0.293513,5,7,9,4,2,2,20,43,6814
HHS Region,hhs10,2015,34,0.129447,0.137955,1,4,5,1,1,1,8,40,5799
HHS Region,hhs10,2015,35,0.409017,0.464396,7,6,9,12,3,5,33,46,7106
HHS Region,hhs10,2015,36,0.545922,0.740497,13,10,17,12,7,3,45,43,6077
HHS Region,hhs10,2015,37,0.500789,0.513375,11,6,9,16,3,2,38,44,7402
HHS Region,hhs10,2015,38,0.507331,0.517647,15,5,7,18,2,4,44,42,8500
HHS Region,hhs10,2015,39,0.629231,0.542005,12,10,15,14,5,7,48,48,8856
HHS Region,hhs10,2015,40,0.497072,0.500344,38,14,19,21,5,2,80,77,15989
HHS Region,hhs10,2015,41,0.756054,0.759702,33,14,28,42,14,8,111,79,14611
HHS Region,hhs10,2015,42,0.550018,0.615385,29,17,25,33,8,9,96,82,15600
HHS Region,hhs10,2015,43,0.853014,0.795309,50,18,32,32,14,4,118,72,14837
HHS Region,hhs10,2015,44,0.526763,0.545378,19,14,22,32,8,5,78,83,14302
HHS Region,hhs10,2015,45,0.891904,0.98457,32,22,33,51,11,18,134,76,13610
HHS Region,hhs10,2015,46,0.699363,0.778391,47,26,37,28,11,5,117,82,15031
HHS Region,hhs10,2015,47,0.82039,0.998143,31,18,28,24,10,3,86,75,8616
HHS Region,hhs10,2015,48,0.812498,0.923988,52,20,28,39,8,9,128,77,13853
HHS Region,hhs10,2015,49,0.594886,0.6004,32,12,18,27,6,4,81,81,13491
HHS Region,hhs10,2015,50,0.658719,0.703319,37,12,16,26,4,3,82,75,11659
HHS Region,hhs10,2015,51,0.66188,0.623279,23,5,6,13,1,1,43,76,6899
HHS Region,hhs10,2015,52,0.791975,0.787498,27,8,18,18,10,1,64,77,8127
HHS Region,hhs10,2016,1,0.888661,1.03464,38,42,56,30,14,11,135,79,13048
HHS Region,hhs10,2016,2,1.08777,1.20754,52,27,52,55,25,7,166,79,13747
HHS Region,hhs10,2016,3,1.3789,1.40265,50,31,49,62,18,6,167,74,11906
HHS Region,hhs10,2016,4,1.41403,1.50403,55,37,60,92,23,4,211,76,14029
HHS Region,hhs10,2016,5,1.65259,1.71889,67,31,61,129,30,14,271,81,15766
HHS Region,hhs10,2016,6,1.73793,1.66957,50,43,60,105,17,15,230,73,13776
HHS Region,hhs10,2016,7,2.44289,2.41081,94,62,96,141,34,15,346,75,14352
HHS Region,hhs10,2016,8,2.13499,2.10334,64,66,101,154,35,14,333,75,15832
HHS Region,hhs10,2016,9,1.98941,2.09782,79,62,101,145,39,16,341,73,16255
HHS Region,hhs10,2016,10,2.21239,2.4374,67,63,95,187,32,17,366,67,15016
HHS Region,hhs10,2016,11,2.17566,2.78485,84,80,105,128,25,11,328,64,11778
HHS Region,hhs10,2016,12,1.707,1.97732,52,53,79,78,26,9,218,66,11025
HHS Region,hhs10,2016,13,1.77751,2.08394,52,66,107,116,41,11,286,65,13724
HHS Region,hhs10,2016,14,1.71131,1.95597,39,47,80,93,33,19,231,63,11810
HHS Region,hhs10,2016,15,0.994849,1.10593,31,24,36,53,12,8,128,59,11574
HHS Region,hhs10,2016,16,0.812725,1.05179,33,28,38,51,10,10,132,59,12550
HHS Region,hhs10,2016,17,0.751127,0.860988,25,15,21,53,6,4,103,57,11963
HHS Region,hhs10,2016,18,0.940669,1.07879,32,9,14,47,5,9,102,51,9455
HHS Region,hhs10,2016,19,0.529396,0.596181,23,5,10,24,5,7,64,55,10735
HHS Region,hhs10,2016,20,0.530742,0.772627,11,5,6,49,1,4,70,49,9060
HHS Region,hhs10,2016,21,0.201718,0.231293,4,4,8,4,4,1,17,41,7350
HHS Region,hhs10,2016,22,0.187745,0.227052,4,3,5,5,2,0,14,37,6166
HHS Region,hhs10,2016,23,0.274262,0.298211,6,5,7,5,2,3,21,37,7042
HHS Region,hhs10,2016,24,0.334307,0.367711,6,4,6,8,2,1,21,37,5711
HHS Region,hhs10,2016,25,0.218156,0.218634,3,4,8,2,4,0,13,32,5946
HHS Region,hhs10,2016,26,0.10407,0.127389,0,2,5,2,3,0,7,35,5495
HHS Region,hhs10,2016,27,0.177107,0.254777,3,3,9,0,6,2,14,38,5495
HHS Region,hhs10,2016,28,0.235844,0.246629,3,4,8,3,4,1,15,36,6082
HHS Region,hhs10,2016,29,0.151754,0.171145,2,3,5,2,2,1,10,35,5843
HHS Region,hhs10,2016,30,0.239537,0.300526,4,3,6,4,3,2,16,34,5324
HHS Region,hhs10,2016,31,0.159146,0.226797,6,1,3,2,2,2,13,35,5732
HHS Region,hhs10,2016,32,0.195011,0.242089,7,4,4,1,0,2,14,35,5783
HHS Region,hhs10,2016,33,0.117011,0.193194,2,4,6,5,2,0,13,37,6729
HHS Region,hhs10,2016,34,0.183599,0.239091,4,5,7,4,2,1,16,46,6692
HHS Region,hhs10,2016,35,0.269324,0.339687,7,1,3,7,2,1,18,45,5299
HHS Region,hhs10,2016,36,0.322706,0.521159,7,4,8,8,4,2,25,42,4797
HHS Region,hhs10,2016,37,0.317609,0.44574,3,7,11,8,4,4,26,42,5833
HHS Region,hhs10,2016,38,0.231198,0.297587,4,6,11,10,5,3,28,34,9409
HHS Region,hhs10,2016,39,0.271021,0.334697,4,7,7,12,0,4,27,43,8067
HHS Region,hhs10,2016,40,0.439119,0.487179,25,12,16,27,4,8,76,76,15600
HHS Region,hhs10,2016,41,0.427974,0.470936,20,13,21,24,8,2,67,74,14227
HHS Region,hhs10,2016,42,0.489575,0.530757,26,12,18,27,6,7,78,79,14696
HHS Region,hhs10,2016,43,0.529992,0.571949,29,14,18,37,4,4,88,83,15386
HHS Region,hhs10,2016,44,0.573751,0.666057,33,13,18,44,5,7,102,83,15314
HHS Region,hhs10,2016,45,0.737088,0.864164,44,7,18,59,11,7,128,74,14812
HHS Region,hhs10,2016,46,0.643705,0.702448,35,12,15,48,3,5,103,82,14663
HHS Region,hhs10,2016,47,0.789485,0.866096,21,14,24,36,10,8,89,81,10276
HHS Region,hhs10,2016,48,0.775045,0.853601,33,23,30,52,7,11,126,79,14761
HHS Region,hhs10,2016,49,0.693141,0.756129,19,16,31,42,15,7,99,70,13093
HHS Region,hhs10,2016,50,1.50325,1.54778,53,32,45,77,13,14,189,79,12211
HHS Region,hhs10,2016,51,2.05831,1.93088,37,36,60,58,24,21,176,72,9115
HHS Region,hhs10,2016,52,3.67061,3.92888,72,101,159,89,58,38,358,76,9112
HHS Region,hhs10,2017,1,3.02313,3.00683,72,74,131,96,57,27,326,79,10842
HHS Region,hhs10,2017,2,2.15197,2.18089,49,67,108,101,41,34,292,76,13389
HHS Region,hhs10,2017,3,3.25108,3.00934,70,85,127,191,42,21,409,79,13591
HHS Region,hhs10,2017,4,2.51434,2.51333,69,62,87,177,25,30,363,77,14443
HHS Region,hhs10,2017,5,2.28634,2.42269,75,52,81,161,29,34,351,82,14488
HHS Region,hhs10,2017,6,2.00447,2.45587,77,58,92,124,34,27,320,80,13030
HHS Region,hhs10,2017,7,1.77728,2.23159,81,54,86,131,32,25,323,81,14474
HHS Region,hhs10,2017,8,1.51737,1.91908,73,52,81,89,29,25,268,79,13965
HHS Region,hhs10,2017,9,1.46199,1.7982,59,56,86,77,30,30,252,77,14014
HHS Region,hhs10,2017,10,0.952098,1.17925,43,36,58,59,22,15,175,78,14840
HHS Region,hhs10,2017,11,1.26965,1.6052,61,37,67,70,30,17,215,76,13394
HHS Region,hhs10,2017,12,0.916475,1.16566,40,24,46,52,22,13,151,75,12954
HHS Region,hhs10,2017,13,0.910264,1.22268,36,24,48,62,24,14,160,75,13086
HHS Region,hhs10,2017,14,0.796512,1.11156,37,31,44,50,13,8,139,73,12505
HHS Region,hhs10,2017,15,0.672532,0.891949,31,19,33,42,14,8,114,74,12781
HHS Region,hhs10,2017,16,0.594078,0.729206,30,15,23,39,8,4,96,73,13165
HHS Region,hhs10,2017,17,0.47098,0.567475,13,10,18,34,8,8,73,70,12864
HHS Region,hhs10,2017,18,0.715131,0.947712,41,11,21,48,10,6,116,70,12240
HHS Region,hhs10,2017,19,0.532669,0.637959,25,11,17,25,6,5,72,64,11286
HHS Region,hhs10,2017,20,0.606242,0.703463,26,18,22,25,4,5,78,69,11088
HHS Region,hhs10,2017,21,0.274874,0.340368,12,4,8,11,4,4,35,61,10283
HHS Region,hhs10,2017,22,0.351644,0.415573,12,5,6,14,1,6,38,61,9144
HHS Region,hhs10,2017,23,0.246305,0.408975,12,4,9,11,5,5,37,44,9047
HHS Region,hhs10,2017,24,0.296349,0.339765,10,6,7,9,1,2,28,32,8241
HHS Region,hhs10,2017,25,0.420902,0.676046,7,4,12,14,8,4,37,50,5473
HHS Region,hhs10,2017,26,0.269874,0.355823,15,1,1,4,0,6,26,52,7307
HHS Region,hhs10,2017,27,0.142951,0.183089,0,1,2,7,1,2,11,51,6008
HHS Region,hhs10,2017,28,0.138835,0.210704,4,0,2,4,2,5,15,52,7119
HHS Region,hhs10,2017,29,0.143258,0.138217,4,2,2,3,0,1,10,51,7235
HHS Region,hhs10,2017,30,0.109022,0.101818,2,2,3,2,1,0,7,51,6875
HHS Region,hhs10,2017,31,0.364459,0.481232,9,7,9,11,2,1,30,46,6234
HHS Region,hhs10,2017,32,0.240377,0.365909,7,4,6,8,2,3,24,47,6559
HHS Region,hhs10,2017,33,0.126923,0.189908,4,2,2,4,0,4,14,47,7372
HHS Region,hhs10,2017,34,0.241729,0.34478,4,7,10,7,3,4,25,36,7251
HHS Region,hhs10,2017,35,0.293072,0.352392,7,6,13,13,7,7,40,39,11351
HHS Region,hhs10,2017,36,0.222412,0.384874,4,9,14,9,5,13,40,38,10393
HHS Region,hhs10,2017,37,0.450716,0.562852,17,11,18,18,7,13,66,40,11726
HHS Region,hhs10,2017,38,0.451331,0.615017,20,14,18,30,4,4,72,38,11707
HHS Region,hhs10,2017,39,0.378646,0.535658,11,12,19,17,7,4,51,49,9521
HHS Region,hhs10,2017,40,0.520871,0.951621,93,124,176,121,52,51,441,144,46342
HHS Region,hhs10,2017,41,0.63234,0.981147,100,128,179,157,51,48,484,152,49330
HHS Region,hhs10,2017,42,0.799399,1.20109,181,127,176,199,49,54,610,151,50787
HHS Region,hhs10,2017,43,0.706956,1.19291,146,131,189,187,58,49,571,149,47866
HHS Region,hhs10,2017,44,0.956682,1.31131,180,151,208,219,57,48,655,140,49950
HHS Region,hhs10,2017,45,1.00098,1.46684,187,180,255,220,75,69,731,155,49835
HHS Region,hhs10,2017,46,0.929811,1.33272,178,167,250,259,83,63,750,153,56276
HHS Region,hhs10,2017,47,1.25088,1.69106,213,172,250,237,78,74,774,151,45770
HHS Region,hhs10,2017,48,1.20543,1.6102,200,191,279,247,88,70,796,147,49435
HHS Region,hhs10,2017,49,1.11517,1.90156,191,200,296,286,96,63,836,144,43964
HHS Region,hhs10,2017,50,1.30968,2.40226,243,252,377,372,125,98,1090,146,45374
HHS Region,hhs10,2017,51,2.15611,3.5748,364,402,597,549,195,158,1668,150,46660
HHS Region,hhs10,2017,52,4.34775,4.77257,429,682,1047,497,365,349,2322,140,48653
HHS Region,hhs10,2018,1,4.78676,4.75032,372,698,1127,525,429,377,2401,147,50544
HHS Region,hhs10,2018,2,4.15034,4.52866,396,726,1120,688,394,370,2574,154,56838
HHS Region,hhs10,2018,3,3.86796,4.59223,436,649,988,705,339,303,2432,151,52959
HHS Region,hhs10,2018,4,3.99004,4.48026,447,602,944,777,342,256,2424,156,54104
HHS Region,hhs10,2018,5,3.68608,4.46484,483,538,834,813,296,244,2374,155,53171
HHS Region,hhs10,2018,6,2.95199,3.61398,462,455,679,643,224,203,1987,157,54981
HHS Region,hhs10,2018,7,2.70056,3.35321,416,418,634,577,216,189,1816,156,54157
HHS Region,hhs10,2018,8,2.7734,3.32838,397,395,611,485,216,165,1658,156,49814
HHS Region,hhs10,2018,9,2.38842,3.03101,317,388,587,491,199,157,1552,153,51204
HHS Region,hhs10,2018,10,1.95807,2.63795,391,300,438,405,138,106,1340,150,50797
HHS Region,hhs10,2018,11,2.47377,2.85618,304,362,527,445,165,164,1440,147,50417
HHS Region,hhs10,2018,12,2.21496,2.71268,290,329,505,407,176,150,1352,147,49840
HHS Region,hhs10,2018,13,1.87625,2.46337,279,282,416,315,134,135,1145,144,46481
HHS Region,hhs10,2018,14,1.68045,2.17431,221,237,345,284,108,107,957,143,44014
HHS Region,hhs10,2018,15,1.15663,1.62712,187,210,298,197,88,82,764,140,46954
HHS Region,hhs10,2018,16,1.06773,1.48785,184,147,227,231,80,54,696,141,46779
HHS Region,hhs10,2018,17,0.750455,1.17387,147,118,179,178,61,49,553,142,47109
HHS Region,hhs10,2018,18,0.752148,1.10701,152,111,157,151,46,44,504,137,45528
HHS Region,hhs10,2018,19,0.70532,1.02567,133,97,133,170,36,39,475,139,46311
HHS Region,hhs10,2018,20,0.611919,0.877438,125,85,116,138,31,30,409,138,46613
HHS Region,hhs10,2018,21,0.538392,0.829766,130,65,96,118,31,32,376,132,45314
HHS Region,hhs10,2018,22,0.412262,0.865811,103,70,97,130,27,27,357,121,41233
HHS Region,hhs10,2018,23,0.44774,0.888592,74,112,157,91,45,37,359,109,40401
HHS Region,hhs10,2018,24,0.452247,0.712177,72,76,102,113,26,29,316,126,44371
HHS Region,hhs10,2018,25,0.47953,0.721431,69,88,133,77,45,34,313,125,43386
HHS Region,hhs10,2018,26,0.549856,0.704225,78,71,103,97,32,24,302,125,42884
HHS Region,hhs10,2018,27,0.458911,0.692895,76,67,101,83,34,35,295,125,42575
HHS Region,hhs10,2018,28,0.345018,0.574951,75,61,84,75,23,16,250,126,43482
HHS Region,hhs10,2018,29,0.323305,0.501438,66,55,72,59,17,21,218,125,43475
HHS Region,hhs10,2018,30,0.367041,0.448675,46,48,69,62,21,12,189,126,42124
HHS Region,hhs10,2018,31,0.237159,0.40339,41,38,53,64,15,10,168,124,41647
HHS Region,hhs10,2018,32,0.33245,0.493014,50,52,69,61,17,19,199,121,40364
HHS Region,hhs10,2018,33,0.293927,0.526253,51,54,77,70,23,23,221,119,41995
HHS Region,hhs10,2018,34,0.237899,0.417252,53,45,75,65,30,21,214,119,51288
HHS Region,hhs10,2018,35,0.392777,0.685985,81,57,82,95,25,23,281,120,40963
HHS Region,hhs10,2018,36,0.470784,0.789691,88,79,110,117,31,19,334,120,42295
HHS Region,hhs10,2018,37,0.46169,0.656486,54,55,80,119,25,29,282,121,42956
HHS Region,hhs10,2018,38,0.55536,0.723529,86,68,99,97,31,30,312,122,43122
HHS Region,hhs10,2018,39,0.510904,0.86197,105,78,121,126,43,24,376,110,43621
HHS Region,hhs10,2018,40,0.578762,0.806837,75,110,141,124,31,31,371,128,45982
HHS Region,hhs10,2018,41,0.662063,0.879538,112,111,144,133,33,42,431,133,49003
HHS Region,hhs10,2018,42,0.55549,0.879428,91,118,153,137,35,40,421,134,47872
HHS Region,hhs10,2018,43,0.601457,0.809202,74,100,136,124,36,48,382,131,47207
HHS Region,hhs10,2018,44,0.653545,0.957825,110,99,142,149,43,38,439,128,45833
HHS Region,hhs10,2018,45,0.729821,1.02276,141,113,156,168,43,23,488,131,47714
HHS Region,hhs10,2018,46,0.895721,1.21239,154,135,186,187,51,42,569,130,46932
HHS Region,hhs10,2018,47,1.01564,1.42486,157,154,210,177,56,64,608,130,42671
HHS Region,hhs10,2018,48,0.911587,1.25435,147,163,227,182,64,50,606,127,48312
HHS Region,hhs10,2018,49,0.915972,1.30762,162,155,206,181,51,47,596,128,45579
HHS Region,hhs10,2018,50,1.0552,1.55286,178,179,245,230,66,62,715,129,46044
HHS Region,hhs10,2018,51,1.19609,1.6427,189,173,269,221,96,60,739,130,44987
HHS Region,hhs10,2018,52,1.64264,1.84824,207,197,293,196,96,72,768,131,41553
HHS Region,hhs10,2019,1,1.68617,2.14534,276,236,348,212,112,119,955,129,44515
HHS Region,hhs10,2019,2,1.5756,1.70604,199,211,327,215,116,96,837,132,49061
HHS Region,hhs10,2019,3,1.77233,1.89235,224,240,357,262,117,82,925,131,48881
HHS Region,hhs10,2019,4,2.18975,2.39422,321,275,382,371,107,86,1160,132,48450
HHS Region,hhs10,2019,5,2.54886,2.85801,348,316,461,512,145,88,1409,127,49300
HHS Region,hhs10,2019,6,3.03255,3.42696,383,348,492,627,144,111,1613,123,47068
HHS Region,hhs10,2019,7,3.49716,3.73442,420,403,588,688,185,132,1828,127,48950
HHS Region,hhs10,2019,8,3.15417,3.89129,392,389,571,727,182,137,1827,126,46951
HHS Region,hhs10,2019,9,3.00456,3.9168,361,403,603,712,200,207,1883,125,48075
HHS Region,hhs10,2019,10,3.52803,4.07637,387,526,754,724,228,221,2086,129,51173
HHS Region,hhs10,2019,11,4.31716,4.68278,427,571,845,923,274,271,2466,131,52661
HHS Region,hhs10,2019,12,3.75357,4.3771,385,542,777,803,235,297,2262,130,51678
HHS Region,hhs10,2019,13,2.41805,2.57277,255,298,454,365,156,189,1263,129,49091
HHS Region,hhs10,2019,14,1.61843,1.93609,183,226,343,221,117,157,904,125,46692
HHS Region,hhs10,2019,15,1.04057,1.31863,125,146,217,165,71,85,592,125,44895
HHS Region,hhs10,2019,16,0.993068,1.39936,192,130,188,211,58,55,646,126,46164
HHS Region,hhs10,2019,17,0.879525,1.36173,179,118,174,179,56,62,594,125,43621
HHS Region,hhs10,2019,18,0.892764,1.22625,185,122,167,153,45,54,559,112,45586
HHS Region,hhs10,2019,19,0.807694,1.08584,139,100,146,156,46,55,496,121,45679
HHS Region,hhs10,2019,20,0.652629,1.00983,124,106,152,127,46,45,448,120,44364
HHS Region,hhs10,2019,21,0.633381,0.891253,101,100,142,106,42,43,392,103,43983
HHS Region,hhs10,2019,22,0.825151,1.17083,154,110,158,137,48,54,503,99,42961
HHS Region,hhs10,2019,23,0.57288,0.705283,73,64,89,101,25,47,310,109,43954
HHS Region,hhs10,2019,24,0.439016,0.684067,67,76,108,89,32,34,298,97,43563
HHS Region,hhs10,2019,25,0.418499,0.720458,73,64,96,96,32,36,301,98,41779
HHS Region,hhs10,2019,26,0.336081,0.614388,59,60,88,76,28,35,258,108,41993
HHS Region,hhs10,2019,27,0.534581,0.664283,64,75,104,78,29,29,275,106,41398
HHS Region,hhs10,2019,28,0.399316,0.556055,59,51,78,68,27,36,241,108,43341
HHS Region,hhs10,2019,29,0.312323,0.441358,46,42,59,60,17,25,190,109,43049
HHS Region,hhs10,2019,30,0.372493,0.485089,44,53,77,57,24,25,203,108,41848
HHS Region,hhs10,2019,31,0.29988,0.522836,63,46,69,68,23,23,223,110,42652
HHS Region,hhs10,2019,32,0.289678,0.436895,36,49,67,60,18,24,187,110,42802
HHS Region,hhs10,2019,33,0.226204,0.474388,62,43,64,57,21,20,203,109,42792
HHS Region,hhs10,2019,34,0.382112,0.500251,51,50,77,68,27,23,219,110,43778
HHS Region,hhs10,2019,35,0.307925,0.655416,61,78,108,90,30,28,287,110,43789
HHS Region,hhs10,2019,36,0.365761,0.700812,51,79,108,101,29,48,308,110,43949
HHS Region,hhs10,2019,37,0.433748,0.743789,60,73,97,127,24,45,329,106,44233
HHS Region,hhs10,2019,38,0.325311,0.861827,69,100,135,128,35,36,368,109,42700
HHS Region,hhs10,2019,39,0.610315,0.760818,56,94,130,100,36,34,320,88,42060
HHS Region,hhs10,2019,40,0.965331,1.03878,94,223,318,227,95,99,738,166,71045
HHS Region,hhs10,2019,41,1.14082,1.18365,129,237,353,270,116,92,844,178,71305
HHS Region,hhs10,2019,42,1.1863,1.23394,160,265,370,275,105,87,892,178,72289
HHS Region,hhs10,2019,43,1.08054,1.17072,169,211,306,280,95,79,834,179,71238
HHS Region,hhs10,2019,44,1.22242,1.22049,185,207,292,273,85,83,833,181,68251
HHS Region,hhs10,2019,45,1.32442,1.36627,195,225,326,295,101,70,886,180,64848
HHS Region,hhs10,2019,46,1.44765,1.34698,192,212,295,304,83,83,874,179,64886
HHS Region,hhs10,2019,47,2.22542,2.10347,356,326,435,633,109,91,1515,178,72024
HHS Region,hhs10,2019,48,2.76215,2.38666,316,286,390,554,104,94,1354,183,56732
HHS Region,hhs10,2019,49,3.34417,3.11217,524,544,705,921,161,124,2274,180,73068
HHS Region,hhs10,2019,50,4.48523,4.18297,634,729,948,1374,219,166,3122,180,74636
HHS Region,hhs10,2019,51,5.75694,5.52699,810,1012,1264,1796,252,172,4042,176,73132
HHS Region,hhs10,2019,52,7.20584,7.10762,1139,1233,1564,2127,331,285,5115,169,71965
HHS Region,hhs10,2020,1,5.70858,5.49603,905,1213,1577,1143,364,325,3950,175,71870
HHS Region,hhs10,2020,2,4.09724,4.03898,562,940,1285,869,345,264,2980,179,73781
HHS Region,hhs10,2020,3,3.58253,3.51613,540,711,983,767,272,183,2473,178,70333
HHS Region,hhs10,2020,4,3.8196,3.77275,622,770,1053,889,283,180,2744,177,72732
HHS Region,hhs10,2020,5,3.89226,3.75022,586,766,1065,900,299,199,2750,177,73329
HHS Region,hhs10,2020,6,3.51263,3.3927,568,654,937,803,283,155,2463,178,72597
HHS Region,hhs10,2020,7,3.44896,3.45147,576,657,945,826,288,184,2531,176,73331
HHS Region,hhs10,2020,8,3.59175,3.55726,650,667,945,806,278,200,2601,174,73118
HHS Region,hhs10,2020,9,3.85846,3.82551,612,781,1135,861,354,214,2822,176,73768
HHS Region,hhs10,2020,10,5.45059,5.19403,645,1186,1687,1152,501,344,3828,179,73700
HHS Region,hhs10,2020,11,5.70073,5.8294,657,1280,1814,1181,534,363,4015,176,68875
HHS Region,hhs10,2020,12,5.85685,6.2901,538,1238,1756,779,518,339,3412,171,54244
HHS Region,hhs10,2020,13,4.30568,4.67732,229,816,1166,411,350,240,2046,167,43743
HHS Region,hhs10,2020,14,3.09564,3.1627,117,486,756,219,270,148,1240,166,39207
HHS Region,hhs10,2020,15,2.09284,2.30147,71,386,571,164,185,102,908,166,39453
HHS Region,hhs10,2020,16,1.68601,1.5309,59,232,338,129,106,81,607,166,39650
HHS Region,hhs10,2020,17,1.61005,1.43537,42,252,391,97,139,82,612,165,42637
HHS Region,hhs10,2020,18,1.14218,1.02102,78,198,278,142,80,81,579,163,56708
HHS Region,hhs10,2020,19,1.11946,0.999337,27,188,272,86,84,82,467,161,46731
HHS Region,hhs10,2020,20,1.04433,0.898575,20,171,267,89,96,59,435,161,48410
HHS Region,hhs10,2020,21,0.616616,0.820336,29,176,250,79,74,47,405,160,49370
HHS Region,hhs10,2020,22,0.895282,0.735447,29,143,214,85,71,61,389,163,52893
HHS Region,hhs10,2020,23,0.655771,0.804619,35,164,232,92,68,66,425,162,52820
HHS Region,hhs10,2020,24,0.640986,0.736454,18,169,240,83,71,56,397,155,53907
HHS Region,hhs10,2020,25,0.497071,0.666786,20,154,229,76,75,46,371,155,55640
HHS Region,hhs10,2020,26,0.656772,0.686865,34,143,217,93,74,55,399,155,58090
HHS Region,hhs10,2020,27,0.895999,1.00858,44,278,386,171,108,76,677,171,67124
HHS Region,hhs10,2020,28,0.859877,0.964056,42,296,418,156,122,69,685,182,71054
HHS Region,hhs10,2020,29,0.924693,0.940898,40,247,368,140,121,88,636,175,67595
HHS Region,hhs10,2020,30,0.815375,0.907358,52,234,317,152,83,74,595,160,65575
HHS Region,hhs10,2020,31,0.771291,0.895583,42,240,327,134,87,66,569,170,63534
HHS Region,hhs10,2020,32,0.711291,0.875444,35,208,306,144,98,64,549,168,62711
HHS Region,hhs10,2020,33,0.646566,0.715518,34,170,249,115,79,54,452,169,63171
HHS Region,hhs10,2020,34,0.726614,0.755791,37,190,261,118,71,62,478,170,63245
HHS Region,hhs10,2020,35,0.591974,0.697441,38,182,232,107,50,53,430,169,61654
HHS Region,hhs10,2020,36,0.704772,0.776233,58,172,226,135,54,50,469,167,60420
HHS Region,hhs10,2020,37,0.759889,0.806218,54,174,238,133,64,49,474,166,58793
HHS Region,hhs10,2020,38,0.703195,0.805669,34,197,271,135,74,50,490,168,60819
HHS Region,hhs10,2020,39,0.850067,0.958451,64,201,300,164,99,60,588,162,61349
HHS Region,hhs10,2020,40,0.989122,1.16166,81,274,387,209,113,73,750,181,64563
HHS Region,hhs10,2020,41,1.06353,1.25037,82,336,446,209,110,112,849,183,67900
HHS Region,hhs10,2020,42,0.859323,1.07002,63,283,376,177,93,81,697,183,65139
HHS Region,hhs10,2020,43,0.94491,1.14952,63,267,384,187,117,96,730,183,63505
HHS Region,hhs10,2020,44,1.04771,1.18165,60,294,424,187,130,81,752,188,63640
HHS Region,hhs10,2020,45,1.16581,1.38917,75,362,490,244,128,94,903,188,65003
HHS Region,hhs10,2020,46,1.25451,1.46686,65,407,569,204,162,117,955,187,65105
HHS Region,hhs10,2020,47,1.21003,1.38279,57,375,536,204,161,97,894,186,64652
HHS Region,hhs10,2020,48,1.23725,1.40387,48,292,482,154,190,132,816,188,58125
HHS Region,hhs10,2020,49,0.977205,1.13143,56,279,410,138,131,92,696,186,61515
HHS Region,hhs10,2020,50,1.00133,1.14935,54,277,424,123,147,81,682,186,59338
HHS Region,hhs10,2020,51,0.982694,1.04984,48,255,364,114,109,91,617,182,58771
HHS Region,hhs10,2020,52,0.903381,0.963634,53,197,289,111,92,82,535,181,55519
HHS Region,hhs10,2020,53,0.863719,0.921682,38,218,324,95,106,92,549,184,59565
HHS Region,hhs10,2021,1,0.758931,0.889172,33,217,321,112,104,79,545,184,61293
HHS Region,hhs10,2021,2,0.805353,0.822825,37,209,294,107,85,54,492,185,59794
HHS Region,hhs10,2021,3,0.670083,0.707032,54,152,222,95,70,53,424,182,59969
HHS Region,hhs10,2021,4,0.640319,0.716678,46,175,249,88,74,62,445,184,62092
HHS Region,hhs10,2021,5,0.607402,0.657502,64,139,211,78,72,55,408,177,62053
HHS Region,hhs10,2021,6,0.63985,0.638469,39,144,209,69,65,40,357,176,55915
HHS Region,hhs10,2021,7,0.54647,0.577671,50,111,164,81,53,54,349,174,60415
HHS Region,hhs10,2021,8,0.535536,0.539615,41,119,184,65,65,44,334,175,61896
HHS Region,hhs10,2021,9,0.513273,0.54046,37,115,165,86,50,38,326,165,60319
HHS Region,hhs10,2021,10,0.492249,0.538899,54,100,164,79,64,42,339,181,62906
HHS Region,hhs10,2021,11,0.550078,0.54072,57,105,165,86,60,34,342,182,63249
HHS Region,hhs10,2021,12,0.59828,0.59823,55,137,196,88,59,43,382,180,63855
HHS Region,hhs10,2021,13,0.576728,0.595361,69,122,192,95,70,49,405,181,68026
HHS Region,hhs10,2021,14,0.662737,0.660691,92,177,249,130,72,56,527,204,79765
HHS Region,hhs10,2021,15,0.784648,0.825027,115,226,337,185,111,74,711,206,86179
HHS Region,hhs10,2021,16,0.768635,0.82028,124,223,303,209,80,83,719,205,87653
HHS Region,hhs10,2021,17,0.749553,0.751512,102,215,312,170,97,61,645,203,85827
HHS Region,hhs10,2021,18,0.732281,0.736498,100,217,287,175,70,50,612,204,83096
HHS Region,hhs10,2021,19,0.740468,0.741866,111,219,289,171,70,64,635,202,85595
HHS Region,hhs10,2021,20,0.736663,0.708353,126,200,271,145,71,61,603,202,85127
HHS Region,hhs10,2021,21,0.697698,0.679481,106,167,238,158,71,65,567,203,83446
HHS Region,hhs10,2021,22,0.640388,0.633798,121,152,228,149,76,54,552,201,87094
HHS Region,hhs10,2021,23,0.680114,0.675122,142,128,198,186,70,51,577,202,85466
HHS Region,hhs10,2021,24,0.721183,0.701644,164,153,227,157,74,55,603,201,85941
HHS Region,hhs10,2021,25,0.726848,0.705411,183,138,210,161,72,62,616,201,87325
HHS Region,hhs10,2021,26,0.666227,0.643819,164,153,220,159,67,42,585,200,90864
HHS Region,hhs10,2021,27,0.74691,0.740683,208,148,205,189,57,59,661,201,89242
HHS Region,hhs10,2021,28,0.789428,0.798533,194,162,229,221,67,70,714,202,89414
HHS Region,hhs10,2021,29,0.972484,0.966759,216,262,350,222,88,81,869,200,89888
HHS Region,hhs10,2021,30,1.07614,1.10032,257,267,400,252,133,116,1025,201,93155
HHS Region,hhs10,2021,31,1.2323,1.27737,241,395,578,267,183,115,1201,201,94021
HHS Region,hhs10,2021,32,1.42286,1.49809,300,459,648,315,189,150,1413,201,94320
HHS Region,hhs10,2021,33,1.40175,1.44848,267,418,622,303,204,134,1326,201,91544
HHS Region,hhs10,2021,34,1.48142,1.51677,251,460,665,290,205,141,1347,201,88807
HHS Region,hhs10,2021,35,1.56227,1.57537,265,479,678,316,199,137,1396,201,88614
HHS Region,hhs10,2021,36,1.46217,1.54928,245,392,590,334,198,146,1315,190,84878
HHS Region,hhs10,2021,37,1.4798,1.44821,276,357,533,328,176,106,1243,201,85830
HHS Region,hhs10,2021,38,1.51915,1.50115,278,364,513,399,149,119,1309,201,87200
HHS Region,hhs10,2021,39,1.38007,1.29729,289,276,414,345,138,97,1145,205,88261
HHS Region,hhs10,2021,40,1.49477,1.46837,300,305,441,414,136,109,1264,206,86082
HHS Region,hhs10,2021,41,1.52645,1.50326,347,316,453,372,137,107,1279,207,85082
HHS Region,hhs10,2021,42,1.45456,1.43299,334,296,439,340,143,105,1218,206,84997
HHS Region,hhs10,2021,43,1.42641,1.40331,351,295,432,300,137,106,1189,207,84728
HHS Region,hhs10,2021,44,1.52617,1.48802,343,288,414,356,126,115,1228,206,82526
HHS Region,hhs10,2021,45,1.50162,1.45279,400,260,373,337,113,93,1203,205,82806
HHS Region,hhs10,2021,46,1.57998,1.4948,458,286,397,297,111,71,1223,196,81817
HHS Region,hhs10,2021,47,1.58434,1.54799,450,220,332,298,112,90,1170,206,75582
HHS Region,hhs10,2021,48,1.73387,1.67124,455,303,439,410,136,104,1408,204,84249
HHS Region,hhs10,2021,49,1.63365,1.59966,406,291,415,403,124,101,1325,205,82830
HHS Region,hhs10,2021,50,1.78092,1.72662,480,314,436,419,122,102,1437,205,83226
HHS Region,hhs10,2021,51,2.31028,2.21464,480,460,662,484,202,120,1746,194,78839
HHS Region,hhs10,2021,52,2.70763,2.6959,491,744,1023,557,279,179,2250,203,83460
HHS Region,hhs10,2022,1,3.16323,3.14274,451,1219,1592,797,373,193,3033,204,96508
HHS Region,hhs10,2022,2,3.0307,3.02028,454,1079,1433,816,354,192,2895,204,95852
HHS Region,hhs10,2022,3,2.79296,2.75927,458,789,1091,615,302,167,2331,203,84479
HHS Region,hhs10,2022,4,1.94884,1.8877,304,516,730,390,214,143,1567,194,83011
HHS Region,hhs10,2022,5,1.31272,1.30925,210,274,411,318,137,118,1057,204,80733
HHS Region,hhs10,2022,6,1.33399,1.33484,247,275,402,306,127,108,1063,202,79635
HHS Region,hhs10,2022,7,1.14985,1.09159,231,184,274,305,90,60,870,203,79700
HHS Region,hhs10,2022,8,1.01972,0.976035,219,154,207,272,53,75,773,204,79198
HHS Region,hhs10,2022,9,1.17404,1.11399,218,198,269,338,71,68,893,199,80162
HHS Region,hhs10,2022,10,1.284,1.23865,262,210,281,394,71,74,1011,204,81621
HHS Region,hhs10,2022,11,1.35306,1.26958,280,213,298,394,85,73,1045,194,82311
HHS Region,hhs10,2022,12,1.45007,1.33986,256,263,364,417,101,104,1141,203,85158
HHS Region,hhs10,2022,13,1.42765,1.31883,243,282,379,397,97,98,1117,194,84696
HHS Region,hhs10,2022,14,1.33989,1.22823,293,215,295,360,80,73,1021,204,83128
HHS Region,hhs10,2022,15,1.44208,1.37887,297,281,370,408,89,91,1166,207,84562
HHS Region,hhs10,2022,16,1.78509,1.67527,342,312,436,574,124,122,1474,207,87986
HHS Region,hhs10,2022,17,1.96965,1.82768,411,373,495,646,122,124,1676,205,91701
HHS Region,hhs10,2022,18,2.06745,1.93718,423,370,527,705,157,115,1770,205,91370
HHS Region,hhs10,2022,19,2.09593,1.97861,453,386,534,689,148,133,1809,202,91428
HHS Region,hhs10,2022,20,2.18197,2.06998,518,414,572,721,158,143,1954,202,94397
HHS Region,hhs10,2022,21,2.26782,2.13983,495,473,651,730,178,182,2058,202,96176
HHS Region,hhs10,2022,22,2.11429,1.99333,458,452,611,611,159,178,1858,199,93211
HHS Region,hhs10,2022,23,1.79321,1.70408,412,375,509,524,134,150,1595,199,93599
HHS Region,hhs10,2022,24,1.63071,1.65043,347,347,467,442,120,143,1399,178,84766
HHS Region,hhs10,2022,25,1.69763,1.64229,417,355,512,448,157,166,1543,199,93954
HHS Region,hhs10,2022,26,1.32462,1.33782,319,295,443,287,148,147,1196,175,89399
HHS Region,hhs10,2022,27,1.25112,1.22749,270,287,407,276,120,169,1122,196,91406
HHS Region,hhs10,2022,28,1.04707,0.987605,206,219,319,258,100,115,898,196,90927
HHS Region,hhs10,2022,29,0.967914,0.94555,191,246,338,200,92,116,845,186,89366
HHS Region,hhs10,2022,30,0.894681,0.871225,174,202,296,199,94,116,785,186,90103
HHS Region,hhs10,2022,31,0.831312,0.798978,166,167,269,195,102,89,719,196,89990
HHS Region,hhs10,2022,32,0.782933,0.750732,148,164,248,178,84,90,664,195,88447
HHS Region,hhs10,2022,33,0.790463,0.757289,151,185,250,182,65,78,661,197,87285
HHS Region,hhs10,2022,34,0.814612,0.775778,168,171,232,211,61,68,679,186,87525
HHS Region,hhs10,2022,35,0.701726,0.684815,133,140,192,180,52,61,566,176,82650
HHS Region,hhs10,2022,36,0.937131,0.890352,184,194,258,249,64,77,768,198,86258
HHS Region,hhs10,2022,37,1.02827,0.970146,192,205,283,318,78,74,867,198,89368
HHS Region,hhs10,2022,38,1.17808,1.12918,246,249,326,382,77,78,1032,198,91394
HHS Region,hhs10,2022,39,1.07918,1.06758,297,221,315,374,94,97,1083,203,101444
HHS Region,hhs10,2022,40,1.03152,1.03451,237,182,256,329,74,89,911,203,88061
HHS Region,hhs10,2022,41,1.15195,1.11583,320,212,295,345,83,85,1045,203,93652
HHS Region,hhs10,2022,42,1.42133,1.29387,313,192,276,342,84,88,1019,205,78756
HHS Region,hhs10,2022,43,1.62737,1.53603,475,281,380,530,99,101,1486,205,96743
HHS Region,hhs10,2022,44,2.39841,2.32586,780,415,546,911,131,120,2357,205,101339
HHS Region,hhs10,2022,45,3.69483,3.54167,1124,626,853,1519,227,211,3707,205,104668
HHS Region,hhs10,2022,46,5.75872,5.36998,1401,1123,1499,2507,376,321,5728,207,106667
HHS Region,hhs10,2022,47,9.63301,8.87531,2046,1889,2594,4085,705,657,9382,195,105709
HHS Region,hhs10,2022,48,8.95616,8.45832,2073,2378,3264,3443,886,931,9711,205,114810
HHS Region,hhs10,2022,49,8.62172,8.13095,1644,2068,2940,3399,872,812,8795,204,108167
HHS Region,hhs10,2022,50,7.70863,7.30902,1392,1850,2648,2835,798,766,7641,205,104542
HHS Region,hhs10,2022,51,6.40483,6.04571,1080,1457,2042,1696,585,705,5523,202,91354
HHS Region,hhs10,2022,52,4.16355,3.93871,773,1077,1633,827,556,530,3763,193,95539
HHS Region,hhs10,2023,1,2.6123,2.50518,522,641,982,517,341,362,2383,203,95123
HHS Region,hhs10,2023,2,2.11964,2.2605,379,759,1021,562,262,240,2202,193,97412
HHS Region,hhs10,2023,3,1.37184,1.34483,270,317,466,350,149,154,1240,203,92205
HHS Region,hhs10,2023,4,1.34659,1.34411,333,334,467,356,133,103,1259,192,93668
HHS Region,hhs10,2023,5,1.40214,1.41145,315,355,502,393,147,140,1350,203,95646
HHS Region,hhs10,2023,6,1.42264,1.40822,301,325,472,455,147,139,1367,192,97073
HHS Region,hhs10,2023,7,1.38027,1.37476,281,325,479,461,154,128,1349,201,98126
HHS Region,hhs10,2023,8,1.5551,1.55066,355,291,412,416,121,127,1310,203,84480
HHS Region,hhs10,2023,9,1.34549,1.35371,326,296,448,432,152,120,1326,202,97953
HHS Region,hhs10,2023,10,1.37709,1.37479,353,325,469,447,144,93,1362,202,99070
HHS Region,hhs10,2023,11,1.43705,1.44668,379,321,449,471,128,154,1453,201,100437
HHS Region,hhs10,2023,12,1.51575,1.52947,401,349,463,521,114,144,1529,191,99969
HHS Region,hhs10,2023,13,1.42491,1.44502,406,335,470,425,135,118,1419,201,98199
HHS Region,hhs10,2023,14,1.36206,1.34294,377,315,450,340,135,117,1284,202,95611
HHS Region,hhs10,2023,15,1.26167,1.25785,325,283,404,376,121,127,1232,192,97945
HHS Region,hhs10,2023,16,1.28963,1.29324,329,289,407,391,118,137,1264,201,97739
HHS Region,hhs10,2023,17,1.21408,1.21369,302,252,366,436,114,101,1205,201,99284
HHS Region,hhs10,2023,18,1.0807,1.08513,257,226,329,395,103,102,1083,202,99804
HHS Region,hhs10,2023,19,1.06181,1.08222,249,230,322,404,92,95,1070,202,98871
HHS Region,hhs10,2023,20,1.03321,1.03394,277,198,289,404,91,86,1056,201,102134
HHS Region,hhs10,2023,21,0.951125,1.04758,152,145,187,246,42,59,644,117,61475
HHS Region,hhs10,2023,22,1.02543,1.04009,203,205,301,410,96,92,1006,201,96722
HHS Region,hhs10,2023,23,1.11404,1.11622,232,256,355,431,99,103,1121,198,100428
HHS Region,hhs10,2023,24,0.981223,0.997217,209,211,308,376,97,103,996,201,99878
HHS Region,hhs10,2023,25,1.0293,1.02866,193,274,383,317,109,85,978,201,95075
HHS Region,hhs10,2023,26,0.858944,0.857948,175,218,303,279,85,99,856,191,99773
HHS Region,hhs10,2023,27,0.860683,0.85984,175,224,294,275,70,84,828,201,96297
HHS Region,hhs10,2023,28,0.721748,0.723157,128,197,280,236,83,78,722,201,99840
HHS Region,hhs10,2023,29,0.659255,0.650011,130,179,244,171,65,101,646,201,99383
HHS Region,hhs10,2023,30,0.639581,0.637689,135,175,234,186,59,71,626,201,98167
HHS Region,hhs10,2023,31,0.698023,0.687257,127,187,261,209,74,81,678,201,98653
HHS Region,hhs10,2023,32,0.753346,0.746178,134,193,272,214,79,119,739,201,99038
HHS Region,hhs10,2023,33,0.726329,0.725984,124,229,305,193,76,97,719,201,99038
HHS Region,hhs10,2023,34,0.852846,0.843387,157,226,334,226,108,110,827,201,98057
HHS Region,hhs10,2023,35,0.951722,0.920491,151,261,372,243,111,131,897,201,97448
HHS Region,hhs10,2023,36,1.15694,1.10746,185,292,400,322,108,169,1076,200,97159
HHS Region,hhs10,2023,37,1.18462,1.14611,211,325,491,352,166,130,1184,202,103306
HHS Region,hhs10,2023,38,1.24166,1.2039,198,338,472,385,134,141,1196,202,99344
HHS Region,hhs10,2023,39,1.29791,1.27334,239,328,489,371,161,190,1289,192,101230
HHS Region,hhs10,2023,40,1.17466,1.13391,267,386,559,462,173,212,1500,235,132286
HHS Region,hhs10,2023,41,1.206,1.15504,296,405,564,484,159,164,1508,235,130558
HHS Region,hhs10,2023,42,1.17422,1.12768,281,384,547,468,163,151,1447,224,128317
HHS Region,hhs10,2023,43,1.15708,1.11575,332,356,496,437,140,131,1396,234,125118
HHS Region,hhs10,2023,44,1.40888,1.33443,366,442,609,583,167,144,1702,233,127545
HHS Region,hhs10,2023,45,1.41689,1.23546,313,370,519,500,149,140,1472,224,119146
HHS Region,hhs10,2023,46,1.49247,1.45506,483,477,632,590,155,155,1860,235,127830
HHS Region,hhs10,2023,47,1.77226,1.74042,470,484,696,599,212,196,1961,234,112674
HHS Region,hhs10,2023,48,1.88777,1.87388,554,637,904,760,267,240,2458,235,131172
HHS Region,hhs10,2023,49,2.20727,2.18951,611,721,1041,947,320,255,2854,233,130349
HHS Region,hhs10,2023,50,2.48862,2.47411,656,792,1137,1084,345,274,3151,234,127359
HHS Region,hhs10,2023,51,3.23821,3.16632,802,1084,1544,1236,460,431,4013,232,126740
HHS Region,hhs10,2023,52,3.72804,3.43241,760,1084,1580,922,496,521,3783,222,110214
HHS Region,hhs10,2024,1,3.22167,3.11403,670,1311,1843,865,532,533,3911,232,125593
HHS Region,hhs10,2024,2,2.5559,2.4831,529,893,1312,856,419,362,3059,233,123193
HHS Region,hhs10,2024,3,2.44176,2.39064,460,854,1163,827,309,260,2710,230,113359
HHS Region,hhs10,2024,4,2.23057,2.21241,428,887,1259,907,372,261,2855,231,129045
HHS Region,hhs10,2024,5,2.50218,2.40965,463,896,1247,1065,351,334,3109,233,129023
HHS Region,hhs10,2024,6,2.28469,2.24728,465,751,1095,1036,344,296,2892,232,128689
HHS Region,hhs10,2024,7,2.44831,2.36731,435,839,1185,1059,346,317,2996,233,126557
HHS Region,hhs10,2024,8,2.2436,2.13468,450,794,1053,982,259,253,2738,233,128263
HHS Region,hhs10,2024,9,1.85761,1.82918,384,642,862,791,220,210,2247,215,122842
HHS Region,hhs10,2024,10,1.95577,1.87811,373,669,929,869,260,222,2393,232,127415
HHS Region,hhs10,2024,11,2.06745,1.99016,423,698,960,985,262,226,2594,232,130341
HHS Region,hhs10,2024,12,1.91221,1.84552,475,627,871,861,244,231,2438,232,132104
HHS Region,hhs10,2024,13,1.60422,1.60823,379,545,782,701,237,219,2081,231,129397
HHS Region,hhs10,2024,14,1.65908,1.62826,405,580,760,647,180,191,2003,223,123015
HHS Region,hhs10,2024,15,1.68983,1.6813,450,605,834,628,229,231,2143,234,127461
HHS Region,hhs10,2024,16,1.40083,1.38442,386,458,618,573,160,178,1755,233,126768
HHS Region,hhs10,2024,17,1.41285,1.40212,376,473,666,597,193,169,1808,223,128948
HHS Region,hhs10,2024,18,1.42146,1.43355,383,501,661,643,160,177,1864,234,130027
HHS Region,hhs10,2024,19,1.45417,1.43537,399,464,642,643,178,197,1881,232,131046
HHS Region,hhs10,2024,20,1.34128,1.35805,388,436,583,568,147,159,1698,233,125032
HHS Region,hhs10,2024,21,1.30759,1.31261,348,451,643,531,192,189,1711,223,130351
HHS Region,hhs10,2024,22,1.35168,1.35775,384,422,616,521,194,210,1731,232,127490
HHS Region,hhs10,2024,23,1.22871,1.24838,296,443,629,530,186,230,1685,232,134975
HHS Region,hhs10,2024,24,1.0889,1.10693,256,391,549,472,158,199,1476,222,133342
HHS Region,hhs10,2024,25,1.04574,1.11951,255,404,575,390,171,177,1397,222,124787
HHS Region,hhs10,2024,26,0.973008,0.978667,241,372,514,312,142,201,1268,231,129564
HHS Region,hhs10,2024,27,0.818674,0.879473,146,296,432,252,136,185,1015,220,115410
HHS Region,hhs10,2024,28,0.770649,0.775857,151,317,440,243,123,191,1025,230,132112
HHS Region,hhs10,2024,29,0.733259,0.717009,106,219,320,191,101,122,739,192,103067
HHS Region,hhs10,2024,30,0.738974,0.73458,144,278,388,228,110,170,930,230,126603
HHS Region,hhs10,2024,31,0.6599,0.66222,113,268,389,193,121,135,830,230,125336
HHS Region,hhs10,2024,32,0.631444,0.664687,106,252,355,189,103,140,790,219,118853
HHS Region,hhs10,2024,33,0.672334,0.658253,131,271,363,189,92,128,811,230,123205
HHS Region,hhs10,2024,34,0.658293,0.63948,122,246,359,174,113,130,785,221,122756
HHS Region,hhs10,2024,35,0.649918,0.685934,112,258,352,199,94,134,797,209,116192
HHS Region,hhs10,2024,36,0.795505,0.787016,141,288,398,253,110,172,964,230,122488
HHS Region,hhs10,2024,37,0.914854,0.868155,177,328,450,337,122,160,1124,228,129470
HHS Region,hhs10,2024,38,0.946533,0.942099,193,330,471,361,141,167,1192,217,126526
HHS Region,hhs10,2024,39,0.92113,0.910443,176,360,509,333,149,145,1163,218,127740
HHS Region,hhs10,2024,40,1.06945,1.03076,238,396,558,527,162,181,1504,289,145912
HHS Region,hhs10,2024,41,1.09261,1.05693,290,449,654,556,205,186,1686,299,159519
HHS Region,hhs10,2024,42,1.06072,1.01595,343,519,682,574,163,189,1788,299,175993
HHS Region,hhs10,2024,43,1.17475,1.15509,395,581,767,790,186,242,2194,299,189942
HHS Region,hhs10,2024,44,1.2751,1.21713,441,618,832,913,214,258,2444,299,200800
HHS Region,hhs10,2024,45,1.39304,1.33011,562,720,967,1073,247,293,2895,299,217651
HHS Region,hhs10,2024,46,1.64106,1.61952,483,629,839,986,210,192,2500,299,154367
HHS Region,hhs10,2024,47,2.01365,1.93545,664,719,959,1174,240,202,2999,299,154951
HHS Region,hhs10,2024,48,2.3583,2.30154,689,781,1055,1183,274,254,3181,299,138212
HHS Region,hhs10,2024,49,2.85642,2.68674,793,1134,1540,1518,406,392,4243,299,157924
HHS Region,hhs10,2024,50,4.08003,3.84468,1087,1566,2135,2492,569,506,6220,298,161782
HHS Region,hhs10,2024,51,6.74841,6.27708,1858,2609,3628,4093,1019,997,10576,299,168486
HHS Region,hhs10,2024,52,8.42581,8.22168,2328,3146,4482,4151,1336,1373,12334,297,150018
HHS Region,hhs10,2025,1,6.90975,6.75215,2001,3122,4476,2705,1354,1450,10632,299,157461
HHS Region,hhs10,2025,2,5.15114,5.01451,1379,2438,3575,2383,1137,940,8277,289,165061
HHS Region,hhs10,2025,3,4.90991,4.86323,1346,2120,2959,2633,839,803,7741,299,159174
HHS Region,hhs10,2025,4,5.78912,5.88485,1542,2569,3575,3329,1006,827,9273,299,157574
HHS Region,hhs10,2025,5,7.22793,7.39567,1750,3425,4857,4351,1432,1289,12247,299,165597
HHS Region,hhs10,2025,6,7.8823,8.10502,2008,3584,5049,4503,1465,1424,12984,297,160197
HHS Region,hhs10,2025,7,7.5185,7.68971,1832,3569,5019,4056,1450,1379,12286,298,159772
HHS Region,hhs10,2025,8,7.45061,7.60882,1905,3608,5087,4026,1479,1496,12514,298,164467
HHS Region,hhs10,2025,9,5.56738,5.53747,1376,2645,3718,2949,1073,1059,9102,298,164371
HHS Region,hhs10,2025,10,4.17771,4.14596,1071,1843,2567,2317,724,760,6715,296,161965
HHS Region,hhs10,2025,11,3.79393,3.68336,974,1604,2258,2077,654,638,5947,297,161456
HHS Region,hhs10,2025,12,3.27818,3.1914,794,1331,1848,1889,517,537,5068,288,158802
HHS Region,hhs10,2025,13,2.78844,2.72945,678,1170,1597,1462,427,458,4195,297,153694
HHS Region,hhs10,2025,14,2.26598,2.23236,606,945,1307,1217,362,349,3479,298,155844
HHS Region,hhs10,2025,15,2.04599,1.99843,591,802,1129,1009,327,303,3032,298,151719
HHS Region,hhs10,2025,16,1.83744,1.79764,578,751,1010,911,259,289,2788,298,155092
HHS Region,hhs10,2025,17,1.82956,1.7702,508,778,1056,936,278,271,2771,298,156536
HHS Region,hhs10,2025,18,1.69159,1.63566,463,593,825,832,232,251,2371,298,144957
HHS Region,hhs10,2025,19,1.70944,1.66604,423,601,959,940,358,265,2587,290,155278
HHS Region,hhs10,2025,20,1.59923,1.59577,477,593,824,945,231,251,2497,288,156476
HHS Region,hhs10,2025,21,1.58518,1.55545,507,603,792,942,189,209,2450,288,157511
HHS Region,hhs10,2025,22,1.68555,1.65298,485,658,911,899,253,243,2538,288,153541
HHS Region,hhs10,2025,23,1.26808,1.25601,376,503,698,673,195,208,1955,286,155652
HHS Region,hhs10,2025,24,1.16738,1.13678,368,463,629,609,166,164,1770,285,155703
HHS Region,hhs10,2025,25,1.08663,1.06252,318,405,556,531,151,206,1611,287,151621
HHS Region,hhs10,2025,26,1.03619,1.02104,294,424,549,501,125,214,1558,287,152590
HHS Region,hhs10,2025,27,0.826838,0.802914,204,333,446,305,113,156,1111,286,138371
HHS Region,hhs10,2025,28,0.760268,0.733485,214,355,460,329,105,145,1148,287,156513
HHS Region,hhs10,2025,29,0.668891,0.64091,166,308,420,282,112,128,996,286,155404
HHS Region,hhs10,2025,30,0.658222,0.642524,228,345,475,304,130,139,1146,286,178359
HHS Region,hhs10,2025,31,0.690299,0.654986,139,296,460,242,164,156,997,287,152217
HHS Region,hhs10,2025,32,0.654898,0.626916,175,282,374,250,92,148,947,286,151057
HHS Region,hhs10,2025,33,0.677303,0.644154,172,284,379,297,95,146,994,286,154311
HHS Region,hhs10,2025,34,0.792825,0.749326,200,316,451,338,135,156,1145,286,152804
HHS Region,hhs10,2025,35,0.829558,0.789213,221,356,487,323,131,166,1197,286,151670
HHS Region,hhs10,2025,36,0.908994,0.85549,227,367,511,378,144,162,1278,286,149388
HHS Region,hhs10,2025,37,0.917814,0.87861,239,341,480,502,139,171,1392,286,158432
HHS Region,hhs10,2025,38,1.08179,1.03795,298,438,602,540,164,214,1654,286,159352
HHS Region,hhs10,2025,39,1.04602,1.01658,281,453,616,477,163,196,1570,275,154440
HHS Region,hhs10,2025,40,1.0683,1.02305,302,454,630,573,176,199,1704,317,166560
HHS Region,hhs10,2025,41,1.05883,1.01061,282,459,621,566,162,209,1678,334,166039
HHS Region,hhs10,2025,42,1.07659,1.04051,339,403,578,599,175,184,1700,333,163381
HHS Region,hhs10,2025,43,1.09969,1.06098,314,457,628,608,171,184,1734,317,163434
HHS Region,hhs10,2025,44,1.09686,1.06658,334,440,616,579,176,169,1698,315,159200
HHS Region,hhs10,2025,45,1.37125,1.318,485,488,670,850,182,165,2170,316,164644
HHS Region,hhs10,2025,46,1.57413,1.54334,595,569,783,972,214,233,2583,316,167364
HHS Region,hhs2,2010,1,1.68902704524044,2.12934255866602,948,514,683,636,169,75,2342,188,109987
HHS Region,hhs2,2010,2,1.83027614560544,2.04816341998177,906,419,591,701,172,72,2270,189,110831
HHS Region,hhs2,2010,3,1.88885612286989,2.13453166690072,1035,433,546,772,113,79,2432,193,113936
HHS Region,hhs2,2010,4,1.65639617879886,1.88257527575367,896,328,431,676,103,69,2072,186,110062
HHS Region,hhs2,2010,5,1.58545486470765,1.98893631613619,910,351,449,792,98,53,2204,184,110813
HHS Region,hhs2,2010,6,1.76617863204257,2.04274478196826,960,375,470,709,95,66,2205,182,107943
HHS Region,hhs2,2010,7,1.67379844462727,1.84674475966833,914,357,473,577,116,65,2029,187,109869
HHS Region,hhs2,2010,8,1.53463683992483,1.6481296182266,722,299,410,540,111,41,1713,184,103936
HHS Region,hhs2,2010,9,1.24625585386876,1.33882401609597,510,251,340,533,89,41,1424,188,106362
HHS Region,hhs2,2010,10,1.35016226500073,1.38901845183679,587,253,340,524,87,38,1489,184,107198
HHS Region,hhs2,2010,11,1.35152518851041,1.57083934263589,662,294,395,597,101,56,1710,183,108859
HHS Region,hhs2,2010,12,1.37088000132617,1.47117152850395,648,264,356,579,92,49,1632,181,110932
HHS Region,hhs2,2010,13,1.3805599052723,1.54288083392561,646,280,347,511,67,59,1563,179,101304
HHS Region,hhs2,2010,14,1.01854891625369,1.18509307408245,561,249,318,342,69,37,1258,168,106152
HHS Region,hhs2,2010,15,1.25329270754136,1.29127435241029,620,243,337,482,94,49,1488,175,115235
HHS Region,hhs2,2010,16,1.06374450894729,1.31317220862891,564,266,338,549,72,41,1492,175,113618
HHS Region,hhs2,2010,17,1.14025722566007,1.33055598887839,575,218,297,547,79,31,1450,168,108977
HHS Region,hhs2,2010,18,1.11554928948195,1.25362513550826,539,229,295,487,66,32,1353,153,107927
HHS Region,hhs2,2010,19,1.14734564263126,1.27608511136477,524,214,279,464,65,41,1308,154,102501
HHS Region,hhs2,2010,20,0.935607329900419,1.25451880801172,525,224,281,439,57,39,1284,146,102350
HHS Region,hhs2,2010,21,0.9798309955856,1.1767249366854,502,195,254,350,59,37,1143,118,97134
HHS Region,hhs2,2010,22,0.855458333280973,1.16908263122089,444,180,238,403,58,32,1117,114,95545
HHS Region,hhs2,2010,23,0.878080401058875,1.05127028492762,432,163,219,320,56,37,1008,109,95884
HHS Region,hhs2,2010,24,0.93834029306672,1.05427974947808,438,153,188,355,35,29,1010,116,95800
HHS Region,hhs2,2010,25,1.10681386227387,1.16083798648138,478,147,199,394,52,35,1106,114,95276
HHS Region,hhs2,2010,26,0.960693619127853,1.08319350933458,457,149,192,347,43,24,1020,108,94166
HHS Region,hhs2,2010,27,0.983945906969757,1.0693298224206,462,144,189,324,45,24,999,106,93423
HHS Region,hhs2,2010,28,1.07686061913503,0.917038321339419,377,117,156,323,39,22,878,107,95743
HHS Region,hhs2,2010,29,0.848965971350205,0.860475492383198,330,137,178,279,41,23,810,98,94134
HHS Region,hhs2,2010,30,0.716710026233921,0.890861381968966,321,150,189,292,39,23,825,95,92607
HHS Region,hhs2,2010,31,0.950145157153718,0.945204429208241,327,167,220,289,53,27,863,98,91303
HHS Region,hhs2,2010,32,1.09417641347773,0.872541781327606,331,146,184,242,38,23,780,98,89394
HHS Region,hhs2,2010,33,1.12341923723951,0.925333178141186,299,141,190,282,49,24,795,98,85915
HHS Region,hhs2,2010,34,0.893625370035284,0.794658444237876,286,113,157,225,44,33,701,97,88214
HHS Region,hhs2,2010,35,0.723873249134631,0.755110151559093,259,154,191,227,37,26,703,97,93099
HHS Region,hhs2,2010,36,0.905189599273967,0.98211539306587,317,188,271,273,83,33,894,88,91028
HHS Region,hhs2,2010,37,0.986935320318243,0.947723686822775,333,174,219,321,45,34,907,93,95703
HHS Region,hhs2,2010,38,0.863728792207039,1.17267198859022,468,185,243,436,58,37,1184,92,100966
HHS Region,hhs2,2010,39,1.07985751027321,1.13628010039591,380,209,278,389,69,35,1082,99,95223
HHS Region,hhs2,2010,40,1.16869,1.13745,429,246,335,449,89,46,1259,154,110686
HHS Region,hhs2,2010,41,1.32645,1.35759,553,269,370,504,101,67,1494,154,110048
HHS Region,hhs2,2010,42,1.21948,1.24332,519,251,354,506,103,40,1419,162,114130
HHS Region,hhs2,2010,43,1.38946,1.28152,557,243,335,544,92,40,1476,162,115176
HHS Region,hhs2,2010,44,1.22194,1.39518,582,266,357,531,91,48,1518,171,108803
HHS Region,hhs2,2010,45,1.39471,1.60078,792,250,338,618,88,56,1804,172,112695
HHS Region,hhs2,2010,46,1.42987,1.74926,830,363,476,698,113,43,2047,174,117021
HHS Region,hhs2,2010,47,1.65444,2.14984,959,321,445,695,124,73,2172,172,101031
HHS Region,hhs2,2010,48,2.19869,2.42575,1338,421,538,854,117,69,2799,170,115387
HHS Region,hhs2,2010,49,2.48266,2.65528,1294,444,568,1061,124,87,3010,168,113359
HHS Region,hhs2,2010,50,3.01943,3.20675,1508,523,687,1392,164,93,3680,168,114758
HHS Region,hhs2,2010,51,4.21664,4.24355,1790,692,940,1611,248,130,4471,169,105360
HHS Region,hhs2,2010,52,4.47832,4.40213,1672,821,1080,1270,259,151,4173,165,94795
HHS Region,hhs2,2011,1,3.33753,3.29682,1384,860,1168,1153,308,168,3873,166,117477
HHS Region,hhs2,2011,2,3.83669,3.29283,1140,698,961,1258,263,137,3496,164,106170
HHS Region,hhs2,2011,3,3.65077,3.02833,1083,658,883,1164,225,121,3251,166,107353
HHS Region,hhs2,2011,4,3.93498,2.91726,894,600,741,1351,141,74,3060,169,104893
HHS Region,hhs2,2011,5,4.05683,2.8588,927,507,646,1445,139,92,3110,163,108787
HHS Region,hhs2,2011,6,4.09076,2.88752,894,505,680,1684,175,80,3338,160,115601
HHS Region,hhs2,2011,7,4.25042,2.9446,928,512,653,1734,141,48,3363,151,114209
HHS Region,hhs2,2011,8,4.31914,2.96632,1040,558,718,1388,160,92,3238,152,109159
HHS Region,hhs2,2011,9,3.44821,2.35697,858,492,632,1094,140,69,2653,148,112560
HHS Region,hhs2,2011,10,3.18862,2.10589,726,372,498,994,126,65,2283,143,108410
HHS Region,hhs2,2011,11,3.17757,2.05619,788,340,453,910,113,65,2216,142,107772
HHS Region,hhs2,2011,12,2.49454,1.92384,667,308,420,906,112,49,2042,143,106142
HHS Region,hhs2,2011,13,2.74673,1.94582,735,290,404,879,114,50,2068,141,106279
HHS Region,hhs2,2011,14,2.46478,1.93576,731,322,425,895,103,42,2093,138,108123
HHS Region,hhs2,2011,15,2.22908,1.65522,654,247,332,667,85,49,1702,135,102826
HHS Region,hhs2,2011,16,2.19754,1.65673,655,252,341,571,89,59,1626,131,98145
HHS Region,hhs2,2011,17,1.74624,1.31841,601,218,306,420,88,58,1385,126,105051
HHS Region,hhs2,2011,18,1.6154,1.22167,505,215,306,439,91,50,1300,130,106412
HHS Region,hhs2,2011,19,1.71908,1.28124,538,235,312,545,77,41,1436,125,112079
HHS Region,hhs2,2011,20,1.4441,1.19091,478,200,286,432,86,41,1237,123,103870
HHS Region,hhs2,2011,21,1.91,1.3966,569,219,300,513,81,57,1439,110,103036
HHS Region,hhs2,2011,22,1.83152,1.27114,558,169,240,432,71,52,1282,112,100854
HHS Region,hhs2,2011,23,1.2816,1.25873,560,201,284,387,83,32,1263,107,100339
HHS Region,hhs2,2011,24,1.34325,1.20955,515,169,240,390,71,36,1181,106,97640
HHS Region,hhs2,2011,25,1.26116,1.05205,432,164,223,341,59,36,1032,105,98094
HHS Region,hhs2,2011,26,0.637261,0.988954,372,157,197,338,40,42,949,104,95960
HHS Region,hhs2,2011,27,0.401139,0.927139,364,149,202,251,53,32,849,101,91572
HHS Region,hhs2,2011,28,0.345868,0.784996,288,137,183,248,46,21,740,102,94268
HHS Region,hhs2,2011,29,0.31015,0.683549,254,101,136,234,35,16,640,102,93629
HHS Region,hhs2,2011,30,0.372588,0.724281,266,123,166,238,43,22,692,102,95543
HHS Region,hhs2,2011,31,0.411607,0.721394,243,119,143,246,24,19,651,102,90242
HHS Region,hhs2,2011,32,0.508846,0.756175,263,124,149,244,25,19,675,101,89265
HHS Region,hhs2,2011,33,0.404115,0.73909,266,124,159,196,35,19,640,102,86593
HHS Region,hhs2,2011,34,0.377883,0.776518,289,135,176,221,41,23,709,102,91305
HHS Region,hhs2,2011,35,0.379122,0.727966,251,128,167,218,39,25,661,94,90801
HHS Region,hhs2,2011,36,0.389872,0.740272,272,127,173,218,46,27,690,94,93209
HHS Region,hhs2,2011,37,0.410596,0.799444,315,147,186,271,39,21,793,96,99194
HHS Region,hhs2,2011,38,0.501859,0.776216,294,147,189,285,42,27,795,96,102420
HHS Region,hhs2,2011,39,0.63521,1.0252,446,184,240,366,56,28,1080,96,105345
HHS Region,hhs2,2011,40,0.925929,1.35723,637,294,420,550,126,65,1672,224,123192
HHS Region,hhs2,2011,41,0.960625,1.52581,759,291,412,623,121,74,1868,223,122427
HHS Region,hhs2,2011,42,0.933331,1.51106,708,298,426,630,128,49,1813,216,119982
HHS Region,hhs2,2011,43,0.919837,1.53847,808,258,357,603,99,54,1822,213,118429
HHS Region,hhs2,2011,44,1.15578,1.83194,936,290,397,818,107,72,2223,221,121347
HHS Region,hhs2,2011,45,1.07592,1.82117,1032,339,441,715,102,60,2248,221,123437
HHS Region,hhs2,2011,46,1.15923,1.85533,1006,346,462,766,116,51,2285,211,123159
HHS Region,hhs2,2011,47,1.29938,2.22209,1201,284,392,656,108,57,2306,210,103776
HHS Region,hhs2,2011,48,1.30751,2.19347,1320,337,484,800,147,59,2663,205,121406
HHS Region,hhs2,2011,49,1.35173,2.23696,1347,336,452,883,116,64,2746,215,122756
HHS Region,hhs2,2011,50,1.30895,2.23763,1326,357,498,836,141,71,2731,214,122049
HHS Region,hhs2,2011,51,1.19898,2.45128,1454,349,470,785,121,66,2775,214,113206
HHS Region,hhs2,2011,52,1.17979,2.54741,1392,361,504,702,143,59,2657,202,104302
HHS Region,hhs2,2012,1,1.30825,2.26022,1214,421,587,746,166,89,2636,217,116626
HHS Region,hhs2,2012,2,1.04792,1.82708,873,405,544,646,139,77,2140,212,117127
HHS Region,hhs2,2012,3,1.14258,1.96002,920,389,530,701,141,70,2221,212,113315
HHS Region,hhs2,2012,4,1.04818,1.84565,881,361,480,734,119,60,2155,209,116761
HHS Region,hhs2,2012,5,1.09121,1.83724,859,371,492,757,121,50,2158,216,117459
HHS Region,hhs2,2012,6,1.04782,1.80254,852,357,466,747,109,66,2131,214,118222
HHS Region,hhs2,2012,7,1.09235,1.8488,831,361,496,791,135,59,2177,212,117752
HHS Region,hhs2,2012,8,1.31095,2.05985,926,419,544,863,125,65,2398,213,116416
HHS Region,hhs2,2012,9,1.21226,1.85844,893,370,495,762,125,65,2215,209,119186
HHS Region,hhs2,2012,10,1.28876,1.81321,780,376,495,866,119,66,2207,208,121718
HHS Region,hhs2,2012,11,1.30537,2.01271,884,430,562,935,132,87,2468,207,122621
HHS Region,hhs2,2012,12,1.17617,1.89579,825,433,568,880,135,77,2350,200,123959
HHS Region,hhs2,2012,13,1.07165,1.80584,791,348,461,875,113,52,2179,196,120664
HHS Region,hhs2,2012,14,1.27276,1.89548,795,402,526,803,124,62,2186,193,115327
HHS Region,hhs2,2012,15,1.14615,1.7825,739,399,537,678,138,76,2030,194,113885
HHS Region,hhs2,2012,16,1.08368,1.60324,683,423,567,695,144,68,2013,189,125558
HHS Region,hhs2,2012,17,0.948648,1.42519,521,347,450,625,103,58,1654,192,116055
HHS Region,hhs2,2012,18,0.995739,1.54911,499,303,424,748,121,70,1741,171,112387
HHS Region,hhs2,2012,19,0.871829,1.62284,629,300,416,761,116,59,1865,168,114922
HHS Region,hhs2,2012,20,0.856222,1.52525,590,317,435,654,118,58,1737,169,113883
HHS Region,hhs2,2012,21,0.677248,1.45553,594,290,378,597,88,47,1616,167,111025
HHS Region,hhs2,2012,22,0.681329,1.3993,590,230,309,548,79,62,1509,164,107840
HHS Region,hhs2,2012,23,0.573946,1.37039,610,224,303,528,79,52,1493,163,108947
HHS Region,hhs2,2012,24,0.536035,1.34493,647,220,307,456,87,41,1451,155,107887
HHS Region,hhs2,2012,25,0.585712,1.43655,708,205,272,513,67,37,1530,154,106505
HHS Region,hhs2,2012,26,0.551059,1.4113,708,211,280,495,69,39,1522,151,107844
HHS Region,hhs2,2012,27,0.622044,1.29954,591,220,284,409,64,45,1329,151,102267
HHS Region,hhs2,2012,28,0.475331,1.2738,645,213,275,437,62,30,1387,157,108887
HHS Region,hhs2,2012,29,0.427894,1.16994,562,185,242,369,57,33,1206,155,103082
HHS Region,hhs2,2012,30,0.43471,1.09094,483,165,219,390,54,40,1132,153,103764
HHS Region,hhs2,2012,31,0.425131,1.03442,412,192,254,324,62,34,1024,137,98993
HHS Region,hhs2,2012,32,0.347935,0.945042,407,163,214,334,51,31,986,147,104334
HHS Region,hhs2,2012,33,0.37461,0.987637,399,189,252,307,63,31,989,139,100138
HHS Region,hhs2,2012,34,0.487122,1.14682,485,224,293,367,69,38,1183,139,103155
HHS Region,hhs2,2012,35,0.482348,0.958168,342,203,274,323,71,34,973,133,101548
HHS Region,hhs2,2012,36,0.554142,1.01432,389,192,281,332,89,34,1036,139,102137
HHS Region,hhs2,2012,37,0.639937,1.15758,467,224,300,429,76,41,1237,143,106861
HHS Region,hhs2,2012,38,0.683829,1.32713,527,267,354,473,87,53,1407,139,106018
HHS Region,hhs2,2012,39,0.770853,1.30621,521,268,362,459,94,63,1405,140,107563
HHS Region,hhs2,2012,40,0.965571,1.29308,605,274,363,540,89,62,1570,313,121416
HHS Region,hhs2,2012,41,1.21767,1.44604,634,309,423,625,114,52,1734,315,119914
HHS Region,hhs2,2012,42,1.30435,1.53639,754,308,419,687,111,61,1921,320,125033
HHS Region,hhs2,2012,43,1.2578,1.57182,811,295,408,710,113,60,1989,312,126541
HHS Region,hhs2,2012,44,1.17835,1.63425,745,230,331,445,101,63,1584,296,96925
HHS Region,hhs2,2012,45,1.35249,1.48038,685,300,419,485,119,67,1656,312,111863
HHS Region,hhs2,2012,46,1.31828,1.57052,794,301,424,618,123,66,1902,317,121106
HHS Region,hhs2,2012,47,1.72052,2.05067,966,308,434,689,126,61,2150,309,104844
HHS Region,hhs2,2012,48,2.03993,2.24345,1162,426,571,966,145,93,2792,313,124451
HHS Region,hhs2,2012,49,2.35364,2.70666,1399,487,682,1310,195,102,3493,311,129052
HHS Region,hhs2,2012,50,2.82647,3.19756,1545,573,779,1613,206,109,4046,309,126534
HHS Region,hhs2,2012,51,3.82049,4.01838,1740,821,1089,2053,268,165,5047,312,125598
HHS Region,hhs2,2012,52,5.50971,5.11892,1985,1019,1398,1818,379,225,5426,307,105999
HHS Region,hhs2,2013,1,4.52392,4.7167,1859,1266,1783,1520,517,288,5450,303,115547
HHS Region,hhs2,2013,2,4.7772,5.31685,1882,1626,2273,2414,647,378,6947,302,130660
HHS Region,hhs2,2013,3,5.32368,5.91447,1996,1625,2248,2982,623,367,7593,308,128380
HHS Region,hhs2,2013,4,4.6393,4.97979,1551,1197,1643,2415,446,281,5890,303,118278
HHS Region,hhs2,2013,5,3.82508,4.03909,1255,1000,1379,1990,379,195,4819,301,119309
HHS Region,hhs2,2013,6,3.5781,3.65976,1094,753,988,1944,235,138,4164,289,113778
HHS Region,hhs2,2013,7,3.71476,3.16456,983,673,892,1686,219,104,3665,284,115814
HHS Region,hhs2,2013,8,3.43487,3.40706,1211,700,916,1742,216,113,3982,308,116875
HHS Region,hhs2,2013,9,2.77153,2.8698,1055,646,861,1467,215,102,3485,307,121437
HHS Region,hhs2,2013,10,2.98609,2.95295,1112,558,751,1454,193,113,3430,301,116155
HHS Region,hhs2,2013,11,2.86258,2.74198,1063,523,712,1350,189,92,3217,299,117324
HHS Region,hhs2,2013,12,2.53803,2.55372,979,489,661,1147,172,83,2870,283,112385
HHS Region,hhs2,2013,13,2.1803,2.27941,915,488,658,820,170,86,2479,277,108756
HHS Region,hhs2,2013,14,1.92619,2.0166,812,451,628,697,177,93,2230,272,110582
HHS Region,hhs2,2013,15,1.61129,1.68755,703,368,509,653,141,72,1937,270,114782
HHS Region,hhs2,2013,16,1.39264,1.67089,719,309,431,681,122,70,1901,265,113772
HHS Region,hhs2,2013,17,1.4588,1.59396,673,269,359,682,90,57,1771,259,111107
HHS Region,hhs2,2013,18,1.43681,1.58228,695,266,349,707,83,41,1792,258,113254
HHS Region,hhs2,2013,19,1.26071,1.52334,685,254,353,636,99,50,1724,253,113172
HHS Region,hhs2,2013,20,1.33755,1.47701,687,259,369,561,110,63,1680,257,113743
HHS Region,hhs2,2013,21,1.18383,1.40342,595,258,361,494,103,60,1510,250,107594
HHS Region,hhs2,2013,22,1.37482,1.44906,614,227,315,479,88,72,1480,256,102135
HHS Region,hhs2,2013,23,1.14817,1.2698,574,208,291,444,83,40,1349,256,106237
HHS Region,hhs2,2013,24,1.21075,1.34305,612,214,287,464,73,38,1401,256,104315
HHS Region,hhs2,2013,25,1.16455,1.2788,538,213,304,475,91,46,1363,255,106584
HHS Region,hhs2,2013,26,1.13266,1.16026,531,176,242,394,66,50,1217,245,104890
HHS Region,hhs2,2013,27,0.743763,1.21405,528,182,237,373,55,41,1179,240,97113
HHS Region,hhs2,2013,28,0.968167,1.11282,540,162,216,399,54,30,1185,247,106486
HHS Region,hhs2,2013,29,0.877442,1.01518,496,151,207,341,56,30,1074,250,105794
HHS Region,hhs2,2013,30,0.877353,0.9732,390,130,195,368,65,30,983,237,101007
HHS Region,hhs2,2013,31,0.888017,0.966184,381,168,228,304,60,33,946,235,97911
HHS Region,hhs2,2013,32,1.15352,0.915282,394,139,183,286,44,24,887,224,96910
HHS Region,hhs2,2013,33,0.765286,0.786257,303,149,191,235,42,28,757,223,96279
HHS Region,hhs2,2013,34,0.801036,0.858019,309,135,173,257,38,72,811,220,94520
HHS Region,hhs2,2013,35,0.82326,0.824108,314,157,203,268,46,22,807,228,97924
HHS Region,hhs2,2013,36,0.672693,0.814387,298,156,207,270,51,27,802,220,98479
HHS Region,hhs2,2013,37,0.676719,0.864747,336,167,217,303,50,43,899,222,103961
HHS Region,hhs2,2013,38,0.885106,1.23161,500,222,307,481,85,33,1321,203,107258
HHS Region,hhs2,2013,39,0.84529,1.41626,571,258,361,580,103,53,1565,208,110502
HHS Region,hhs2,2013,40,1.60751,1.43147,632,321,441,644,120,75,1792,222,125186
HHS Region,hhs2,2013,41,1.69064,1.35107,641,280,407,547,127,68,1663,229,123088
HHS Region,hhs2,2013,42,1.96094,1.45593,769,255,379,555,124,64,1767,239,121366
HHS Region,hhs2,2013,43,1.69922,1.60804,854,347,473,638,126,60,2025,239,125930
HHS Region,hhs2,2013,44,2.01973,1.69468,893,307,443,695,136,62,2093,244,123504
HHS Region,hhs2,2013,45,1.78105,1.75241,1006,304,412,662,108,49,2129,246,121490
HHS Region,hhs2,2013,46,1.54163,1.76395,1045,244,356,667,112,67,2135,243,121035
HHS Region,hhs2,2013,47,1.85574,1.91311,1128,307,416,665,109,68,2277,242,119021
HHS Region,hhs2,2013,48,2.02846,2.25215,1216,292,388,610,96,62,2276,258,101059
HHS Region,hhs2,2013,49,2.02368,2.29557,1398,440,597,900,157,83,2978,263,129728
HHS Region,hhs2,2013,50,1.77828,2.32225,1284,333,468,879,135,64,2695,257,116051
HHS Region,hhs2,2013,51,2.23377,2.62572,1353,511,660,1003,149,72,3088,246,117606
HHS Region,hhs2,2013,52,2.93452,3.36772,1482,657,888,978,231,86,3434,248,101968
HHS Region,hhs2,2014,1,3.33508,3.49941,1250,850,1146,835,296,125,3356,248,95902
HHS Region,hhs2,2014,2,2.746,2.85504,1025,922,1259,981,337,151,3416,250,119648
HHS Region,hhs2,2014,3,3.07594,3.12066,1056,921,1260,1394,339,152,3862,250,123756
HHS Region,hhs2,2014,4,2.96352,3.03058,987,801,1074,1129,273,132,3322,253,109616
HHS Region,hhs2,2014,5,3.30294,2.81737,857,716,993,1342,277,101,3293,255,116882
HHS Region,hhs2,2014,6,3.43908,2.80725,883,691,979,1317,288,107,3286,260,117054
HHS Region,hhs2,2014,7,3.12549,2.54201,747,596,850,1104,254,90,2791,255,109795
HHS Region,hhs2,2014,8,2.38968,2.26706,817,596,842,889,246,109,2657,260,117200
HHS Region,hhs2,2014,9,2.29577,2.02248,726,557,790,828,233,99,2443,258,120792
HHS Region,hhs2,2014,10,2.34059,2.35945,766,567,814,1118,247,97,2795,248,118460
HHS Region,hhs2,2014,11,2.53132,2.69082,809,668,976,1405,308,157,3347,236,124386
HHS Region,hhs2,2014,12,2.88815,3.33704,1079,831,1205,1819,374,188,4291,248,128587
HHS Region,hhs2,2014,13,3.36103,3.5743,1110,944,1340,2170,396,189,4809,244,134544
HHS Region,hhs2,2014,14,3.27897,3.50437,1099,972,1425,1892,453,207,4623,239,131921
HHS Region,hhs2,2014,15,3.24824,3.25429,1096,834,1202,1749,368,188,4235,234,130136
HHS Region,hhs2,2014,16,2.64559,2.52507,941,590,857,983,267,183,2964,235,117383
HHS Region,hhs2,2014,17,2.26093,1.96921,790,535,768,748,233,124,2430,241,123400
HHS Region,hhs2,2014,18,1.93125,1.68189,622,432,617,702,185,107,2048,239,121768
HHS Region,hhs2,2014,19,2.31498,1.71094,741,412,582,780,170,87,2190,240,128000
HHS Region,hhs2,2014,20,2.11871,1.60424,694,405,546,752,141,82,2074,231,129282
HHS Region,hhs2,2014,21,1.92708,1.56386,673,332,475,691,143,77,1916,229,122517
HHS Region,hhs2,2014,22,2.0679,1.57215,713,303,408,545,105,85,1751,221,111376
HHS Region,hhs2,2014,23,2.28772,1.54071,715,285,392,592,107,65,1764,220,114493
HHS Region,hhs2,2014,24,2.42802,1.41798,642,283,385,501,102,94,1622,211,114388
HHS Region,hhs2,2014,25,2.25842,1.61295,775,283,385,638,102,66,1864,214,115565
HHS Region,hhs2,2014,26,2.14216,1.49581,752,245,335,574,90,63,1724,213,115255
HHS Region,hhs2,2014,27,1.2183,1.3625,649,204,269,474,65,47,1439,211,105615
HHS Region,hhs2,2014,28,2.10032,1.31149,667,253,355,418,102,72,1512,214,115289
HHS Region,hhs2,2014,29,2.4807,1.28118,570,237,338,472,101,101,1481,212,115597
HHS Region,hhs2,2014,30,1.71497,1.13268,473,257,352,371,95,91,1287,211,113624
HHS Region,hhs2,2014,31,1.75775,1.25705,531,220,321,476,101,96,1424,211,113281
HHS Region,hhs2,2014,32,1.27839,1.15856,525,236,340,412,104,57,1334,213,115143
HHS Region,hhs2,2014,33,1.14079,1.12508,548,234,316,370,82,63,1297,211,115281
HHS Region,hhs2,2014,34,1.21291,1.10336,504,243,342,368,99,63,1277,214,115737
HHS Region,hhs2,2014,35,1.55421,1.17037,503,262,346,425,84,77,1351,211,115434
HHS Region,hhs2,2014,36,1.49242,1.19363,516,256,367,426,111,87,1396,216,116954
HHS Region,hhs2,2014,37,1.68177,1.33362,608,257,362,594,105,88,1652,215,123873
HHS Region,hhs2,2014,38,1.63851,1.62966,801,301,428,842,127,65,2136,216,131070
HHS Region,hhs2,2014,39,2.00253,1.79156,834,394,548,809,154,97,2288,215,127710
HHS Region,hhs2,2014,40,1.79583,1.64979,869,363,520,757,157,107,2253,276,136563
HHS Region,hhs2,2014,41,1.70441,1.61354,837,349,500,676,151,115,2128,265,131884
HHS Region,hhs2,2014,42,2.30625,1.95394,1003,466,654,866,188,114,2637,283,134958
HHS Region,hhs2,2014,43,2.3166,1.95329,942,472,634,972,162,106,2654,286,135873
HHS Region,hhs2,2014,44,1.93681,1.84473,1026,358,501,882,143,91,2500,290,135521
HHS Region,hhs2,2014,45,2.52737,2.07039,1225,366,521,945,155,112,2803,288,135385
HHS Region,hhs2,2014,46,2.30887,1.94914,1111,327,495,830,168,82,2518,254,129185
HHS Region,hhs2,2014,47,2.77034,2.17689,1194,394,588,892,194,105,2779,289,127659
HHS Region,hhs2,2014,48,2.9469,2.45444,1268,392,546,854,154,104,2772,293,112938
HHS Region,hhs2,2014,49,2.44648,2.33738,1453,423,616,1071,193,113,3253,294,139173
HHS Region,hhs2,2014,50,2.89594,2.55852,1403,512,721,1117,209,122,3363,274,131443
HHS Region,hhs2,2014,51,3.61748,2.89274,1471,554,793,1437,239,176,3877,276,134025
HHS Region,hhs2,2014,52,5.24892,3.86713,1728,642,917,1649,275,188,4482,275,115900
HHS Region,hhs2,2014,53,4.53391,3.80711,1795,811,1132,1220,321,301,4448,247,116834
HHS Region,hhs2,2015,1,4.28873,3.35711,1362,851,1232,1320,381,289,4203,210,125197
HHS Region,hhs2,2015,2,4.61791,3.61062,1268,866,1253,1839,387,306,4666,213,129230
HHS Region,hhs2,2015,3,5.05069,3.91855,1442,812,1202,2319,390,252,5215,207,133085
HHS Region,hhs2,2015,4,5.2279,3.76759,1161,736,1055,1957,319,248,4421,201,117343
HHS Region,hhs2,2015,5,5.17198,3.61492,1137,732,1052,1970,320,196,4355,204,120473
HHS Region,hhs2,2015,6,4.86393,3.30552,1102,686,962,1783,276,194,4041,199,122250
HHS Region,hhs2,2015,7,3.68552,2.64693,901,573,830,1067,257,174,2972,191,112281
HHS Region,hhs2,2015,8,3.39765,2.23968,801,538,753,992,215,148,2694,199,120285
HHS Region,hhs2,2015,9,2.78587,1.98942,720,421,631,889,210,121,2361,204,118678
HHS Region,hhs2,2015,10,2.45948,1.93922,865,417,586,896,169,118,2465,206,127113
HHS Region,hhs2,2015,11,2.80665,2.07377,902,395,564,885,169,128,2479,202,119541
HHS Region,hhs2,2015,12,2.62266,2.12752,939,387,579,999,192,114,2631,205,123665
HHS Region,hhs2,2015,13,2.50236,2.02355,876,409,560,848,151,108,2392,193,118208
HHS Region,hhs2,2015,14,2.27622,1.83286,771,399,572,688,173,114,2145,195,117030
HHS Region,hhs2,2015,15,1.94961,1.55324,692,370,537,586,167,100,1915,191,123291
HHS Region,hhs2,2015,16,1.93505,1.61021,687,315,485,672,170,104,1948,186,120978
HHS Region,hhs2,2015,17,1.84629,1.58182,698,292,417,719,125,94,1928,186,121885
HHS Region,hhs2,2015,18,1.85969,1.66223,795,340,469,826,129,84,2174,187,130788
HHS Region,hhs2,2015,19,1.79159,1.5674,740,294,402,725,108,108,1975,183,126005
HHS Region,hhs2,2015,20,1.63654,1.62687,755,310,431,675,121,82,1943,178,119432
HHS Region,hhs2,2015,21,1.84731,1.64344,748,274,393,608,119,73,1822,162,110865
HHS Region,hhs2,2015,22,1.62516,1.44181,636,249,353,569,104,66,1624,173,112636
HHS Region,hhs2,2015,23,1.59308,1.50406,678,290,410,604,120,97,1789,171,118945
HHS Region,hhs2,2015,24,1.16801,1.23006,520,235,332,538,97,65,1455,169,118287
HHS Region,hhs2,2015,25,1.45487,1.3999,629,240,332,544,92,70,1575,171,112508
HHS Region,hhs2,2015,26,1.49921,1.34524,552,227,324,453,97,74,1403,168,104294
HHS Region,hhs2,2015,27,1.3606,1.10475,471,206,278,443,72,67,1259,169,113962
HHS Region,hhs2,2015,28,1.25046,1.06574,464,216,300,398,84,48,1210,168,113536
HHS Region,hhs2,2015,29,1.10433,1.02054,413,190,273,408,83,49,1143,169,112000
HHS Region,hhs2,2015,30,1.36927,1.16395,495,255,365,397,110,53,1310,171,112548
HHS Region,hhs2,2015,31,1.58666,1.26764,488,294,409,491,115,63,1451,169,114465
HHS Region,hhs2,2015,32,1.39358,1.13329,445,267,364,436,97,49,1294,164,114181
HHS Region,hhs2,2015,33,1.12294,1.05248,428,244,335,383,91,58,1204,161,114396
HHS Region,hhs2,2015,34,1.12921,1.02292,419,201,273,405,72,49,1146,152,112032
HHS Region,hhs2,2015,35,1.1994,1.0295,403,230,315,424,85,55,1197,159,116270
HHS Region,hhs2,2015,36,1.16127,1.02177,401,237,314,387,77,55,1157,158,113235
HHS Region,hhs2,2015,37,1.37077,1.20126,482,257,352,514,95,57,1405,151,116961
HHS Region,hhs2,2015,38,1.62828,1.36869,600,292,403,566,111,66,1635,166,119457
HHS Region,hhs2,2015,39,1.2988,1.33412,517,330,435,490,105,68,1510,127,113183
HHS Region,hhs2,2015,40,1.03278,1.22475,547,294,417,528,123,95,1587,199,129577
HHS Region,hhs2,2015,41,0.951433,1.33928,572,305,433,515,128,114,1634,189,122006
HHS Region,hhs2,2015,42,1.23018,1.49285,687,299,443,612,144,85,1827,191,122383
HHS Region,hhs2,2015,43,1.10278,1.43604,701,317,412,533,95,89,1735,198,120818
HHS Region,hhs2,2015,44,1.21684,1.45903,728,316,444,579,128,88,1839,200,126043
HHS Region,hhs2,2015,45,1.07336,1.46322,735,276,390,570,114,99,1794,197,122606
HHS Region,hhs2,2015,46,1.3633,1.64908,862,302,408,664,106,91,2025,187,122796
HHS Region,hhs2,2015,47,1.35069,1.79388,894,274,390,563,116,82,1929,188,107532
HHS Region,hhs2,2015,48,1.57092,1.98748,1164,333,479,835,146,81,2559,196,128756
HHS Region,hhs2,2015,49,1.86092,2.19425,1317,347,500,935,153,82,2834,191,129156
HHS Region,hhs2,2015,50,1.74541,2.28485,1382,375,532,887,157,108,2909,197,127317
HHS Region,hhs2,2015,51,2.29498,2.74702,1520,343,473,803,130,129,2925,198,106479
HHS Region,hhs2,2015,52,2.30133,2.94139,1723,434,584,787,150,135,3229,191,109778
HHS Region,hhs2,2016,1,1.77591,2.36206,1266,475,699,760,224,145,2870,191,121504
HHS Region,hhs2,2016,2,2.37764,2.33214,1070,485,696,904,211,143,2813,197,120619
HHS Region,hhs2,2016,3,2.18428,2.37471,1048,505,717,829,212,132,2726,201,114793
HHS Region,hhs2,2016,4,2.32815,2.5876,1128,587,840,1143,253,144,3255,202,125792
HHS Region,hhs2,2016,5,2.50124,2.74937,1104,714,991,1331,277,133,3559,205,129448
HHS Region,hhs2,2016,6,3.21581,3.22684,1203,837,1165,1486,328,159,4013,198,124363
HHS Region,hhs2,2016,7,2.76832,3.30343,1262,932,1278,1355,346,166,4061,197,122933
HHS Region,hhs2,2016,8,3.17342,3.26737,1209,1032,1475,1364,443,194,4242,190,129829
HHS Region,hhs2,2016,9,3.69465,3.5474,1251,1012,1402,1815,390,177,4645,199,130941
HHS Region,hhs2,2016,10,4.01335,3.94274,1338,1195,1655,2087,460,214,5294,193,134272
HHS Region,hhs2,2016,11,4.07985,3.44311,1150,890,1224,1776,334,171,4321,192,125497
HHS Region,hhs2,2016,12,3.34526,3.10712,998,778,1072,1616,294,158,3844,182,123716
HHS Region,hhs2,2016,13,2.27089,2.59772,802,647,886,1299,239,128,3115,157,119913
HHS Region,hhs2,2016,14,1.9742,2.20674,625,568,760,1059,192,131,2575,159,116688
HHS Region,hhs2,2016,15,2.22224,2.29654,725,487,673,1233,186,115,2746,155,119571
HHS Region,hhs2,2016,16,2.00991,2.27756,712,515,722,1193,207,107,2734,155,120041
HHS Region,hhs2,2016,17,1.6754,1.96311,620,482,661,811,179,126,2218,141,112984
HHS Region,hhs2,2016,18,1.4765,1.66053,566,423,580,629,157,115,1890,150,113819
HHS Region,hhs2,2016,19,1.38879,1.64277,575,374,514,680,140,103,1872,147,113954
HHS Region,hhs2,2016,20,1.25627,1.53228,555,330,463,635,133,97,1750,145,114209
HHS Region,hhs2,2016,21,1.21486,1.57107,529,316,431,541,115,97,1598,97,101714
HHS Region,hhs2,2016,22,0.83189,1.42779,574,277,388,494,111,85,1541,144,107929
HHS Region,hhs2,2016,23,0.892695,1.38118,572,245,359,506,114,83,1520,140,110051
HHS Region,hhs2,2016,24,0.829248,1.35599,578,232,323,470,91,95,1466,142,108113
HHS Region,hhs2,2016,25,0.805577,1.29755,587,235,331,475,96,65,1458,140,112366
HHS Region,hhs2,2016,26,0.839301,1.2534,503,236,327,462,91,60,1352,136,107867
HHS Region,hhs2,2016,27,0.682034,1.12002,431,207,300,366,93,59,1156,129,103212
HHS Region,hhs2,2016,28,0.660509,1.02523,417,231,319,344,88,62,1142,136,111390
HHS Region,hhs2,2016,29,0.679526,1.19322,504,248,328,407,80,73,1312,131,109955
HHS Region,hhs2,2016,30,0.746436,1.16374,500,230,300,411,70,60,1271,139,109217
HHS Region,hhs2,2016,31,0.634354,1.10631,412,249,334,401,85,54,1201,129,108559
HHS Region,hhs2,2016,32,0.533826,1.05641,445,208,292,371,84,53,1161,128,109900
HHS Region,hhs2,2016,33,0.568049,0.991003,416,182,233,373,51,52,1074,119,108375
HHS Region,hhs2,2016,34,0.60012,1.14653,439,249,340,412,91,61,1252,118,109199
HHS Region,hhs2,2016,35,0.603582,1.09199,416,267,358,376,91,54,1204,124,110257
HHS Region,hhs2,2016,36,0.68985,1.01611,380,214,290,374,76,71,1115,122,109732
HHS Region,hhs2,2016,37,0.739722,1.08334,405,254,357,419,103,87,1268,122,117045
HHS Region,hhs2,2016,38,0.767777,1.34178,565,302,403,555,101,79,1602,122,119394
HHS Region,hhs2,2016,39,0.932667,1.51559,611,302,414,601,112,84,1710,124,112827
HHS Region,hhs2,2016,40,1.74499,1.61815,807,420,591,696,171,106,2200,176,135958
HHS Region,hhs2,2016,41,1.88524,1.66392,826,429,619,687,190,106,2238,172,134502
HHS Region,hhs2,2016,42,1.93008,1.73672,912,450,635,743,185,130,2420,177,139343
HHS Region,hhs2,2016,43,2.05051,1.81245,971,410,586,757,176,128,2442,182,134735
HHS Region,hhs2,2016,44,2.2409,1.99946,1091,433,643,865,210,133,2732,181,136637
HHS Region,hhs2,2016,45,2.46429,2.2109,1279,434,658,888,224,134,2959,177,133837
HHS Region,hhs2,2016,46,2.53078,2.26335,1380,447,643,1000,196,149,3172,181,140146
HHS Region,hhs2,2016,47,3.25846,2.73019,1409,458,660,992,202,160,3221,185,117977
HHS Region,hhs2,2016,48,3.18884,2.64438,1623,544,785,1150,241,160,3718,176,140600
HHS Region,hhs2,2016,49,3.26288,2.84682,1798,579,826,1210,247,186,4020,188,141210
HHS Region,hhs2,2016,50,3.40303,3.13935,1671,602,857,1534,255,204,4266,186,135888
HHS Region,hhs2,2016,51,4.54373,4.01508,1899,817,1163,2224,346,284,5570,190,138727
HHS Region,hhs2,2016,52,6.04479,5.0999,2309,1114,1596,2487,482,331,6723,160,131826
HHS Region,hhs2,2017,1,5.34376,4.15711,1922,1116,1621,1800,505,405,5748,173,138269
HHS Region,hhs2,2017,2,5.07086,4.07592,1574,991,1433,2222,442,350,5579,173,136877
HHS Region,hhs2,2017,3,5.68166,4.59092,1796,938,1362,3003,424,352,6513,186,141867
HHS Region,hhs2,2017,4,6.01053,4.59112,1799,936,1374,3161,438,311,6645,198,144736
HHS Region,hhs2,2017,5,6.49829,4.73688,1796,865,1259,3433,394,290,6778,200,143090
HHS Region,hhs2,2017,6,6.93759,4.84631,1915,906,1265,3212,359,285,6677,195,137775
HHS Region,hhs2,2017,7,5.72327,3.89122,1533,782,1137,2391,355,269,5330,184,136975
HHS Region,hhs2,2017,8,4.74394,3.35612,1416,731,1078,1735,347,264,4493,183,133875
HHS Region,hhs2,2017,9,3.14868,2.52976,1172,601,853,1187,252,173,3385,193,133807
HHS Region,hhs2,2017,10,3.07779,2.3161,1006,495,708,1127,213,143,2984,177,128837
HHS Region,hhs2,2017,11,3.26144,2.43223,947,498,716,1103,218,140,2906,185,119479
HHS Region,hhs2,2017,12,3.07912,2.41791,997,556,761,1428,205,185,3371,192,139418
HHS Region,hhs2,2017,13,3.72855,2.87652,1167,615,905,1692,290,173,3937,190,136867
HHS Region,hhs2,2017,14,3.73,2.79566,1092,606,867,1757,261,149,3865,184,138250
HHS Region,hhs2,2017,15,3.07639,2.44738,1167,489,728,1109,239,196,3200,177,130752
HHS Region,hhs2,2017,16,2.30839,1.91213,822,536,760,795,224,156,2533,178,132470
HHS Region,hhs2,2017,17,2.37195,1.75654,752,420,627,816,207,150,2345,179,133501
HHS Region,hhs2,2017,18,2.01884,1.59831,764,402,572,776,170,108,2220,177,138897
HHS Region,hhs2,2017,19,2.04102,1.77886,776,448,639,848,191,142,2405,178,135199
HHS Region,hhs2,2017,20,2.05369,1.81914,876,450,616,824,166,135,2451,174,134734
HHS Region,hhs2,2017,21,1.82629,1.55319,682,348,479,708,131,113,1982,157,127608
HHS Region,hhs2,2017,22,1.95155,1.68665,722,371,516,701,145,118,2057,163,121958
HHS Region,hhs2,2017,23,1.8621,1.78137,977,341,482,675,141,129,2263,162,127037
HHS Region,hhs2,2017,24,1.69066,1.48692,747,301,422,599,121,102,1870,158,125763
HHS Region,hhs2,2017,25,1.82187,1.4079,644,304,417,613,113,106,1780,159,126429
HHS Region,hhs2,2017,26,1.57032,1.38952,721,265,385,513,120,104,1723,162,124000
HHS Region,hhs2,2017,27,1.52523,1.39454,657,287,394,458,107,91,1600,159,114733
HHS Region,hhs2,2017,28,1.38403,1.20219,531,247,357,437,110,74,1399,148,116371
HHS Region,hhs2,2017,29,1.44517,1.15841,556,231,344,379,113,94,1373,148,118525
HHS Region,hhs2,2017,30,1.45844,1.21813,561,235,357,431,122,70,1419,146,116490
HHS Region,hhs2,2017,31,1.32634,1.16036,528,227,329,395,102,87,1339,146,115395
HHS Region,hhs2,2017,32,1.34713,1.19391,537,262,366,406,104,82,1391,147,116508
HHS Region,hhs2,2017,33,1.15738,1.06165,436,238,355,334,117,70,1195,146,112561
HHS Region,hhs2,2017,34,1.41483,1.16433,507,281,372,401,91,84,1364,147,117149
HHS Region,hhs2,2017,35,1.32425,1.13778,491,278,393,353,115,98,1335,143,117334
HHS Region,hhs2,2017,36,1.46271,1.12047,474,242,356,374,114,95,1299,143,115933
HHS Region,hhs2,2017,37,1.41239,1.27256,546,375,527,555,152,121,1749,154,137440
HHS Region,hhs2,2017,38,1.5084,1.47969,678,382,525,661,143,154,2018,158,136380
HHS Region,hhs2,2017,39,1.55442,1.47923,773,386,544,651,158,128,2096,155,141695
HHS Region,hhs2,2017,40,1.52964,1.40958,749,369,518,614,149,136,2017,177,143092
HHS Region,hhs2,2017,41,1.63699,1.50408,806,413,574,613,161,141,2134,176,141881
HHS Region,hhs2,2017,42,1.86708,1.71154,913,446,614,835,168,152,2514,179,146885
HHS Region,hhs2,2017,43,2.09091,1.80144,1044,405,620,804,215,192,2660,181,147660
HHS Region,hhs2,2017,44,2.41627,1.9045,1110,451,646,813,195,144,2713,169,142452
HHS Region,hhs2,2017,45,2.39732,1.90399,1180,421,612,778,191,152,2722,178,142963
HHS Region,hhs2,2017,46,2.828,2.35052,1495,539,799,966,260,194,3454,183,146946
HHS Region,hhs2,2017,47,2.83733,2.32193,1355,464,682,812,218,179,3028,181,130409
HHS Region,hhs2,2017,48,2.97265,2.06287,1276,496,753,875,257,202,3106,181,150567
HHS Region,hhs2,2017,49,3.15216,2.62988,1634,589,875,1098,286,223,3830,180,145634
HHS Region,hhs2,2017,50,3.59161,2.83291,1515,620,923,1263,303,240,3941,177,139115
HHS Region,hhs2,2017,51,4.3243,3.27795,1748,750,1112,1480,362,263,4603,171,140423
HHS Region,hhs2,2017,52,4.52747,3.88765,1823,973,1402,1363,429,356,4944,158,127172
HHS Region,hhs2,2018,1,4.93792,3.99883,1539,1114,1668,1315,554,415,4937,173,123461
HHS Region,hhs2,2018,2,5.89362,4.24025,1676,1373,2066,1990,693,568,6300,174,148576
HHS Region,hhs2,2018,3,6.831,5.57508,2064,1767,2695,2964,928,638,8361,177,149971
HHS Region,hhs2,2018,4,8.44625,7.04066,2774,2372,3586,4472,1214,821,11653,178,165510
HHS Region,hhs2,2018,5,9.84631,8.30616,3127,2656,3966,5793,1310,894,13780,177,165901
HHS Region,hhs2,2018,6,10.3506,9.11219,3368,3007,4402,6807,1395,918,15495,178,170047
HHS Region,hhs2,2018,7,10.1735,9.11255,3226,2751,4049,6101,1298,862,14238,145,156246
HHS Region,hhs2,2018,8,7.36484,6.49904,2568,2001,2988,3467,987,698,9721,179,149576
HHS Region,hhs2,2018,9,4.95815,4.02948,1407,1228,1789,1756,561,396,5348,142,132722
HHS Region,hhs2,2018,10,4.64753,3.24322,1236,906,1346,1454,440,332,4368,174,134681
HHS Region,hhs2,2018,11,3.6831,2.79178,1042,761,1162,1368,401,283,3855,177,138084
HHS Region,hhs2,2018,12,3.20794,2.63324,1011,771,1077,1213,306,254,3555,175,135005
HHS Region,hhs2,2018,13,3.21338,2.5123,939,699,1048,1189,349,245,3421,169,136170
HHS Region,hhs2,2018,14,2.90488,2.18544,872,632,962,805,330,242,2881,171,131827
HHS Region,hhs2,2018,15,2.56448,1.94676,935,562,829,762,267,202,2728,172,140130
HHS Region,hhs2,2018,16,2.28189,1.80563,894,449,633,757,184,144,2428,167,134468
HHS Region,hhs2,2018,17,2.18437,1.78035,831,462,700,804,238,189,2524,168,141770
HHS Region,hhs2,2018,18,2.97661,1.77549,909,394,608,839,214,194,2550,166,143622
HHS Region,hhs2,2018,19,1.99419,1.65428,924,386,567,830,181,148,2469,160,149249
HHS Region,hhs2,2018,20,1.95103,1.65806,826,416,579,747,163,143,2295,152,138415
HHS Region,hhs2,2018,21,2.07015,1.72221,884,415,582,730,167,205,2401,150,139414
HHS Region,hhs2,2018,22,1.91661,1.63683,818,320,503,595,183,141,2057,115,125670
HHS Region,hhs2,2018,23,1.51493,1.58618,818,384,559,614,175,158,2149,151,135483
HHS Region,hhs2,2018,24,1.42361,1.50348,713,379,568,541,189,187,2009,150,133623
HHS Region,hhs2,2018,25,1.40763,1.36064,666,315,483,514,168,154,1817,149,133540
HHS Region,hhs2,2018,26,1.28324,1.24991,612,317,465,424,148,125,1626,146,130089
HHS Region,hhs2,2018,27,1.27543,1.16014,587,266,388,382,122,103,1460,144,125847
HHS Region,hhs2,2018,28,0.897869,1.1014,521,293,432,389,139,127,1469,149,133376
HHS Region,hhs2,2018,29,1.10442,1.07221,485,280,420,398,140,105,1408,146,131318
HHS Region,hhs2,2018,30,0.983368,0.92656,405,248,368,330,120,101,1204,146,129943
HHS Region,hhs2,2018,31,1.00842,0.983863,413,251,336,441,85,105,1295,144,131624
HHS Region,hhs2,2018,32,1.09543,1.03175,494,251,373,382,122,116,1365,139,132299
HHS Region,hhs2,2018,33,1.04028,1.05565,500,265,364,403,99,87,1354,138,128262
HHS Region,hhs2,2018,34,1.23797,1.10421,536,290,399,377,109,97,1409,137,127603
HHS Region,hhs2,2018,35,1.16209,1.07474,512,281,407,396,126,94,1409,139,131102
HHS Region,hhs2,2018,36,1.43392,1.2356,558,327,481,458,154,146,1643,130,132972
HHS Region,hhs2,2018,37,1.54246,1.41168,611,411,608,556,197,146,1921,132,136079
HHS Region,hhs2,2018,38,1.88829,1.82172,838,510,741,838,231,195,2612,129,143381
HHS Region,hhs2,2018,39,2.05903,1.92873,989,538,764,903,226,203,2859,148,148232
HHS Region,hhs2,2018,40,2.40705,1.82211,1092,775,1149,1198,374,331,3770,260,206903
HHS Region,hhs2,2018,41,2.29853,1.79005,1217,735,1139,1104,404,323,3783,263,211335
HHS Region,hhs2,2018,42,2.46048,1.97843,1294,747,1136,1232,389,325,3987,262,201523
HHS Region,hhs2,2018,43,2.58571,2.14977,1486,732,1073,1350,341,297,4206,262,195649
HHS Region,hhs2,2018,44,2.52453,2.06112,1545,644,943,1311,299,287,4086,260,198242
HHS Region,hhs2,2018,45,2.58885,2.0448,1622,635,960,1239,325,231,4052,263,198161
HHS Region,hhs2,2018,46,2.78365,2.22688,1753,665,1006,1165,341,244,4168,268,187168
HHS Region,hhs2,2018,47,3.10646,2.48112,1821,702,1046,1230,344,273,4370,266,176130
HHS Region,hhs2,2018,48,2.80702,2.30932,1810,874,1253,1301,379,308,4672,267,202311
HHS Region,hhs2,2018,49,3.34601,2.58111,2080,834,1186,1537,352,311,5114,261,198132
HHS Region,hhs2,2018,50,3.69764,3.0113,2212,1036,1482,1932,446,328,5954,259,197722
HHS Region,hhs2,2018,51,4.43811,3.55696,2409,1228,1719,2384,491,400,6912,257,194323
HHS Region,hhs2,2018,52,4.94003,4.34501,2860,1690,2438,2323,748,552,8173,253,188101
HHS Region,hhs2,2019,1,4.67007,3.97048,2488,1890,2807,1762,917,718,7775,254,195820
HHS Region,hhs2,2019,2,4.10228,3.58014,1903,1690,2500,1939,810,612,6954,255,194238
HHS Region,hhs2,2019,3,4.70337,4.02672,2106,1701,2467,2726,766,569,7868,258,195395
HHS Region,hhs2,2019,4,4.92727,4.25706,2127,1807,2651,2872,844,562,8212,261,192903
HHS Region,hhs2,2019,5,4.89391,4.2178,2073,1900,2702,2992,802,503,8270,262,196074
HHS Region,hhs2,2019,6,5.07658,4.36271,2180,1936,2758,3675,822,615,9228,264,211520
HHS Region,hhs2,2019,7,5.24199,4.52802,2206,1818,2652,3715,834,586,9159,258,202274
HHS Region,hhs2,2019,8,4.89984,4.2215,2084,1764,2539,2834,775,620,8077,263,191330
HHS Region,hhs2,2019,9,4.23651,3.37549,1703,1505,2210,2110,705,546,6569,263,194609
HHS Region,hhs2,2019,10,3.99885,3.33642,1641,1418,2031,2323,613,570,6565,258,196768
HHS Region,hhs2,2019,11,3.99544,3.28122,1657,1363,2015,2514,652,563,6749,267,205686
HHS Region,hhs2,2019,12,3.82446,2.88129,1591,1292,1870,2336,578,528,6325,257,219520
HHS Region,hhs2,2019,13,3.58738,2.84368,1442,1163,1712,2078,549,509,5741,257,201886
HHS Region,hhs2,2019,14,3.31345,2.77199,1415,1046,1541,2016,495,485,5457,258,196862
HHS Region,hhs2,2019,15,3.09478,2.47488,1352,901,1328,1674,427,372,4726,221,190959
HHS Region,hhs2,2019,16,2.85128,2.16624,1276,725,1060,1274,335,341,3951,223,182390
HHS Region,hhs2,2019,17,2.38567,1.80088,1069,675,1003,882,328,284,3238,221,179801
HHS Region,hhs2,2019,18,2.21648,1.69261,1048,659,940,841,281,249,3078,221,181849
HHS Region,hhs2,2019,19,2.22731,1.53675,895,590,842,837,252,234,2808,218,182723
HHS Region,hhs2,2019,20,2.39002,1.63164,930,522,740,844,218,247,2761,218,169216
HHS Region,hhs2,2019,21,2.14608,1.62436,992,571,812,935,241,244,2983,210,183642
HHS Region,hhs2,2019,22,2.09315,1.62138,1013,540,796,877,256,258,2944,215,181574
HHS Region,hhs2,2019,23,1.80031,1.51915,1008,554,798,840,244,250,2896,250,190633
HHS Region,hhs2,2019,24,1.8678,1.49323,952,536,780,891,244,233,2856,248,191263
HHS Region,hhs2,2019,25,1.72926,1.3194,797,445,633,761,188,210,2401,209,181977
HHS Region,hhs2,2019,26,1.56557,1.28998,861,437,623,728,186,186,2398,208,185895
HHS Region,hhs2,2019,27,1.4352,1.18045,744,385,553,646,168,188,2131,209,180525
HHS Region,hhs2,2019,28,1.53967,1.04583,642,416,565,563,149,179,1949,204,186359
HHS Region,hhs2,2019,29,1.34992,0.991201,626,364,509,533,145,149,1817,213,183313
HHS Region,hhs2,2019,30,1.0099,0.91018,530,308,434,546,126,116,1626,203,178646
HHS Region,hhs2,2019,31,1.30084,1.00353,701,343,473,510,130,116,1800,206,179366
HHS Region,hhs2,2019,32,1.35354,1.03331,453,469,644,470,175,220,1787,205,172939
HHS Region,hhs2,2019,33,1.24566,1.03846,621,439,605,517,166,171,1914,243,184311
HHS Region,hhs2,2019,34,1.39651,0.977522,573,340,489,491,149,150,1703,204,174216
HHS Region,hhs2,2019,35,1.32212,1.02406,594,368,537,534,169,134,1799,234,175674
HHS Region,hhs2,2019,36,1.36032,1.03634,591,453,630,521,177,146,1888,243,182180
HHS Region,hhs2,2019,37,1.71159,1.26852,755,517,723,775,206,181,2434,241,191877
HHS Region,hhs2,2019,38,1.73812,1.57972,1063,611,820,952,209,214,3049,247,193009
HHS Region,hhs2,2019,39,1.84239,1.6075,1052,646,887,988,241,246,3173,250,197387
HHS Region,hhs2,2019,40,2.13358,1.532,945,642,884,884,242,281,2994,263,195431
HHS Region,hhs2,2019,41,2.05604,1.5571,969,651,935,833,284,244,2981,263,191446
HHS Region,hhs2,2019,42,2.38122,1.76295,1187,675,988,919,313,266,3360,264,190590
HHS Region,hhs2,2019,43,2.00852,1.71911,1133,687,993,966,306,279,3371,264,196090
HHS Region,hhs2,2019,44,2.27944,1.93837,1368,700,994,1050,294,285,3697,263,190727
HHS Region,hhs2,2019,45,2.37942,2.17312,1656,731,1048,1197,317,294,4195,268,193040
HHS Region,hhs2,2019,46,2.74556,2.31954,1739,776,1138,1214,362,300,4391,259,189305
HHS Region,hhs2,2019,47,2.66873,2.37681,1775,874,1282,1360,408,284,4701,263,197786
HHS Region,hhs2,2019,48,3.26948,3.00886,2194,924,1352,1513,428,311,5370,265,178473
HHS Region,hhs2,2019,49,3.16621,3.09687,2260,1134,1603,1743,469,381,5987,264,193324
HHS Region,hhs2,2019,50,3.73351,3.5968,2403,1397,1914,2456,517,372,7145,260,198649
HHS Region,hhs2,2019,51,4.81587,4.60131,2791,1644,2289,3466,645,452,8998,265,195553
HHS Region,hhs2,2019,52,6.69473,6.57082,3543,2823,3821,4398,998,733,12495,256,190159
HHS Region,hhs2,2020,1,6.80679,6.60402,3620,3653,4962,3439,1309,994,13015,259,197077
HHS Region,hhs2,2020,2,6.21231,5.87065,2670,3284,4476,3356,1192,826,11328,261,192960
HHS Region,hhs2,2020,3,6.82373,6.50081,2993,3058,4226,4912,1168,775,12906,264,198529
HHS Region,hhs2,2020,4,7.61598,7.32868,3487,3476,4746,6027,1270,814,15074,259,205685
HHS Region,hhs2,2020,5,7.8425,7.66004,3391,3857,5145,6742,1288,844,16122,264,210469
HHS Region,hhs2,2020,6,7.87662,7.43177,3225,3516,4807,6823,1291,829,15684,270,211040
HHS Region,hhs2,2020,7,6.81988,6.28411,2687,2817,3890,5076,1073,724,12377,257,196957
HHS Region,hhs2,2020,8,5.84719,5.14811,2203,2445,3362,3122,917,656,9343,258,181484
HHS Region,hhs2,2020,9,5.02339,4.24049,1828,2107,2888,2457,781,596,7769,256,183210
HHS Region,hhs2,2020,10,5.5401,4.96035,1893,2586,3596,2855,1010,651,8995,258,181338
HHS Region,hhs2,2020,11,7.58419,7.20902,2094,4572,6484,4029,1912,1036,13643,254,189249
HHS Region,hhs2,2020,12,11.1883,11.0499,1395,7383,10651,2592,3268,1840,16478,242,149123
HHS Region,hhs2,2020,13,11.9218,12.6243,604,7459,11832,1402,4373,2408,16246,224,128688
HHS Region,hhs2,2020,14,10.5237,10.6815,257,5228,9166,805,3938,2254,12482,238,116856
HHS Region,hhs2,2020,15,7.82961,7.48544,159,2806,5199,549,2393,1611,7518,241,100435
HHS Region,hhs2,2020,16,5.21489,4.91695,91,1690,3040,354,1350,988,4473,245,90971
HHS Region,hhs2,2020,17,3.5018,3.07709,88,1087,1824,281,737,593,2786,242,90540
HHS Region,hhs2,2020,18,2.54026,2.11423,88,715,1257,228,542,393,1966,239,92989
HHS Region,hhs2,2020,19,1.89918,1.41912,68,466,777,176,311,289,1310,238,92311
HHS Region,hhs2,2020,20,1.74327,1.22759,112,419,710,202,291,237,1261,243,102722
HHS Region,hhs2,2020,21,1.32222,1.00068,91,373,653,162,280,197,1103,247,110225
HHS Region,hhs2,2020,22,1.11018,0.781949,99,285,484,139,199,170,892,240,114074
HHS Region,hhs2,2020,23,0.985703,0.692649,81,266,415,140,149,184,820,237,118386
HHS Region,hhs2,2020,24,0.870555,0.625036,110,227,363,131,136,146,750,241,119993
HHS Region,hhs2,2020,25,0.874747,0.615657,104,255,385,143,130,134,766,233,124420
HHS Region,hhs2,2020,26,0.948324,0.630991,114,256,399,153,143,139,805,204,127577
HHS Region,hhs2,2020,27,0.943751,0.643763,119,236,380,145,144,164,808,201,125512
HHS Region,hhs2,2020,28,1.05699,0.686791,135,277,436,169,159,168,908,197,132209
HHS Region,hhs2,2020,29,1.17469,0.759205,145,293,467,216,174,150,978,193,128819
HHS Region,hhs2,2020,30,1.18778,0.739778,140,267,432,209,165,187,968,194,130850
HHS Region,hhs2,2020,31,1.2729,0.880732,225,367,551,298,184,166,1240,233,140792
HHS Region,hhs2,2020,32,1.21268,0.855562,201,321,482,278,161,177,1138,195,133012
HHS Region,hhs2,2020,33,1.26848,0.902694,236,378,582,321,204,167,1306,234,144678
HHS Region,hhs2,2020,34,1.36313,0.960051,320,395,557,335,162,172,1384,228,144159
HHS Region,hhs2,2020,35,1.19257,0.938278,285,410,595,351,185,149,1380,232,147078
HHS Region,hhs2,2020,36,1.19417,0.852974,265,347,537,258,190,177,1237,229,145022
HHS Region,hhs2,2020,37,1.42258,0.920409,255,374,548,310,174,180,1293,229,140481
HHS Region,hhs2,2020,38,1.35702,0.935521,266,381,590,318,209,209,1383,230,147832
HHS Region,hhs2,2020,39,1.34985,0.956274,296,383,559,393,176,165,1413,228,147761
HHS Region,hhs2,2020,40,1.48417,1.04112,307,429,661,418,232,203,1589,243,152624
HHS Region,hhs2,2020,41,1.65835,1.10803,308,447,734,439,287,228,1709,243,154238
HHS Region,hhs2,2020,42,1.34575,0.978679,266,453,675,338,222,205,1484,245,151633
HHS Region,hhs2,2020,43,1.64093,1.09103,263,503,766,380,263,214,1623,244,148758
HHS Region,hhs2,2020,44,1.65815,1.07465,279,460,677,393,217,209,1558,244,144978
HHS Region,hhs2,2020,45,1.95608,1.24798,311,603,907,423,304,232,1873,241,150083
HHS Region,hhs2,2020,46,2.06405,1.3606,330,685,1080,447,395,282,2139,241,157210
HHS Region,hhs2,2020,47,2.41585,1.48352,277,684,1047,425,363,317,2066,204,139263
HHS Region,hhs2,2020,48,2.50363,1.57151,261,673,1067,418,394,318,2064,203,131339
HHS Region,hhs2,2020,49,2.65704,1.56182,273,656,1055,388,399,362,2078,203,133050
HHS Region,hhs2,2020,50,2.28852,1.64192,267,692,1146,410,454,399,2222,202,135329
HHS Region,hhs2,2020,51,2.31951,1.5371,240,661,1047,305,386,402,1994,201,129725
HHS Region,hhs2,2020,52,2.19038,1.58724,278,602,990,341,388,419,2028,197,127769
HHS Region,hhs2,2020,53,2.28306,1.62157,288,705,1155,321,450,405,2169,190,133759
HHS Region,hhs2,2021,1,2.21787,1.65228,356,693,1165,460,472,386,2367,201,143257
HHS Region,hhs2,2021,2,1.90752,1.43471,325,612,1000,425,388,387,2137,202,148950
HHS Region,hhs2,2021,3,2.12752,1.5508,318,577,1002,402,425,396,2118,203,136575
HHS Region,hhs2,2021,4,1.49101,1.33812,286,517,856,331,339,332,1805,202,134891
HHS Region,hhs2,2021,5,1.87526,1.32611,299,509,833,294,324,288,1714,200,129250
HHS Region,hhs2,2021,6,1.70345,1.25387,302,497,805,324,308,275,1706,201,136059
HHS Region,hhs2,2021,7,1.54969,1.13857,283,415,678,276,263,266,1503,197,132008
HHS Region,hhs2,2021,8,1.38196,1.05545,271,412,686,303,274,261,1521,200,144109
HHS Region,hhs2,2021,9,1.45185,1.08581,304,424,667,342,243,219,1532,200,141093
HHS Region,hhs2,2021,10,1.72496,1.26077,404,498,825,360,327,248,1837,199,145705
HHS Region,hhs2,2021,11,1.81718,1.38761,450,579,896,424,317,251,2021,199,145646
HHS Region,hhs2,2021,12,1.82667,1.3149,458,546,885,393,339,246,1982,197,150734
HHS Region,hhs2,2021,13,1.85832,1.36819,442,569,907,382,338,246,1977,197,144497
HHS Region,hhs2,2021,14,2.00767,1.38392,531,609,943,410,334,206,2090,195,151020
HHS Region,hhs2,2021,15,1.95244,1.31897,520,537,833,406,296,197,1956,197,148298
HHS Region,hhs2,2021,16,1.86222,1.31896,562,452,713,439,261,210,1924,193,145873
HHS Region,hhs2,2021,17,1.73609,1.23246,557,433,638,462,205,159,1816,196,147347
HHS Region,hhs2,2021,18,1.76838,1.2362,642,421,583,465,162,153,1843,191,149086
HHS Region,hhs2,2021,19,1.60194,1.24599,682,357,526,477,169,146,1831,193,146952
HHS Region,hhs2,2021,20,1.90357,1.31138,767,389,553,536,164,169,2025,192,154417
HHS Region,hhs2,2021,21,1.47763,1.16639,711,323,475,450,152,141,1777,194,152351
HHS Region,hhs2,2021,22,1.52613,1.23175,791,313,454,441,141,145,1831,190,148650
HHS Region,hhs2,2021,23,1.52398,1.20901,866,306,418,513,112,132,1929,191,159552
HHS Region,hhs2,2021,24,1.87536,1.40468,988,341,484,573,143,153,2198,192,156477
HHS Region,hhs2,2021,25,1.87518,1.39493,985,328,455,567,127,155,2162,192,154990
HHS Region,hhs2,2021,26,1.9034,1.41077,1034,355,530,541,175,132,2237,191,158566
HHS Region,hhs2,2021,27,1.45053,1.38706,978,389,534,539,145,146,2197,188,158393
HHS Region,hhs2,2021,28,1.61795,1.43983,1011,438,631,597,193,147,2386,189,165714
HHS Region,hhs2,2021,29,2.35512,1.71354,1202,522,722,726,200,159,2809,187,163930
HHS Region,hhs2,2021,30,2.52281,1.82375,1235,511,743,814,232,199,2991,187,164003
HHS Region,hhs2,2021,31,2.64518,1.88423,1293,589,842,760,253,213,3108,190,164948
HHS Region,hhs2,2021,32,2.70612,1.91306,1275,635,930,726,295,237,3168,189,165599
HHS Region,hhs2,2021,33,2.63279,1.90544,1288,624,873,726,249,242,3129,185,164214
HHS Region,hhs2,2021,34,2.64007,1.87117,1222,609,932,683,323,245,3082,186,164710
HHS Region,hhs2,2021,35,2.60435,1.7328,1189,541,812,603,271,206,2810,188,162165
HHS Region,hhs2,2021,36,2.77286,1.96582,1202,627,943,748,316,251,3144,188,159933
HHS Region,hhs2,2021,37,2.79941,2.06326,1484,554,826,975,272,218,3503,189,169780
HHS Region,hhs2,2021,38,3.0104,2.37239,1758,615,853,1215,238,204,4030,190,169871
HHS Region,hhs2,2021,39,3.19954,2.63685,1789,609,882,1375,273,221,4267,189,161822
HHS Region,hhs2,2021,40,3.48423,2.55731,1873,647,936,1455,289,247,4511,199,176396
HHS Region,hhs2,2021,41,3.07511,2.42744,1829,594,889,1157,295,219,4094,197,168655
HHS Region,hhs2,2021,42,3.12184,2.29751,1699,533,798,1111,265,247,3855,200,167790
HHS Region,hhs2,2021,43,3.43753,2.33437,1686,480,722,1070,242,233,3711,199,158972
HHS Region,hhs2,2021,44,3.32611,2.441,1603,487,692,1052,205,207,3554,199,145596
HHS Region,hhs2,2021,45,3.29531,2.55469,1723,636,915,1372,279,235,4245,202,166165
HHS Region,hhs2,2021,46,3.3518,2.53808,1732,629,945,1328,316,246,4251,204,167489
HHS Region,hhs2,2021,47,3.21677,2.61056,1652,623,914,1150,291,256,3972,204,152151
HHS Region,hhs2,2021,48,3.82193,3.01855,1815,858,1235,1660,377,363,5073,203,168061
HHS Region,hhs2,2021,49,3.96115,3.15542,1842,946,1387,1947,441,348,5524,203,175064
HHS Region,hhs2,2021,50,4.9578,3.72693,1987,1386,1930,2570,544,378,6865,199,184200
HHS Region,hhs2,2021,51,6.816,5.31011,2352,2789,3755,3185,966,548,9840,197,185307
HHS Region,hhs2,2021,52,7.31966,6.25262,3039,3515,4873,3389,1358,914,12215,197,195358
HHS Region,hhs2,2022,1,5.48352,4.32723,1839,2017,2980,1968,963,749,7536,196,174153
HHS Region,hhs2,2022,2,3.82476,2.7638,1016,948,1532,990,584,478,4016,196,145307
HHS Region,hhs2,2022,3,2.64497,1.88435,763,620,942,578,322,332,2615,195,138775
HHS Region,hhs2,2022,4,2.09145,1.51932,676,400,613,495,213,214,1998,197,131506
HHS Region,hhs2,2022,5,1.98058,1.20049,529,287,422,443,135,157,1551,190,129197
HHS Region,hhs2,2022,6,1.72644,1.22985,694,279,415,514,136,134,1757,198,142863
HHS Region,hhs2,2022,7,1.91404,1.34112,734,282,441,623,159,135,1933,195,144133
HHS Region,hhs2,2022,8,1.82172,1.4166,783,288,429,483,141,121,1816,192,128194
HHS Region,hhs2,2022,9,1.85387,1.36536,766,331,476,653,145,145,2040,198,149411
HHS Region,hhs2,2022,10,2.05406,1.54938,922,322,462,859,140,135,2378,198,153481
HHS Region,hhs2,2022,11,2.36938,1.79444,1020,368,485,1158,117,157,2820,194,157152
HHS Region,hhs2,2022,12,2.5684,2.00059,1158,442,612,1232,170,164,3166,192,158253
HHS Region,hhs2,2022,13,3.14128,2.41503,1207,553,750,1627,197,209,3793,197,157058
HHS Region,hhs2,2022,14,3.7553,2.94426,1462,649,906,2124,257,259,4751,196,161365
HHS Region,hhs2,2022,15,3.97267,2.97262,1492,779,1069,1931,290,279,4771,192,160498
HHS Region,hhs2,2022,16,3.96728,2.87833,1493,840,1166,1500,326,328,4487,191,155889
HHS Region,hhs2,2022,17,4.23055,2.8897,1541,835,1197,1690,362,350,4778,193,165346
HHS Region,hhs2,2022,18,4.11694,3.21234,1691,943,1344,2013,401,385,5433,198,169129
HHS Region,hhs2,2022,19,4.3233,3.35784,1955,933,1319,2278,386,403,5955,196,177346
HHS Region,hhs2,2022,20,3.84459,3.15959,1937,848,1224,2071,376,383,5615,194,177713
HHS Region,hhs2,2022,21,3.42578,3.04079,1824,742,1059,1899,317,299,5081,192,167095
HHS Region,hhs2,2022,22,3.4632,2.81757,1882,711,1017,1495,306,295,4689,191,166420
HHS Region,hhs2,2022,23,3.43241,2.72262,1959,678,966,1464,288,307,4696,190,172481
HHS Region,hhs2,2022,24,3.20182,2.6563,1732,697,973,1302,276,310,4317,184,162519
HHS Region,hhs2,2022,25,3.21178,2.54259,1732,603,863,1305,260,306,4206,186,165422
HHS Region,hhs2,2022,26,3.10859,2.49609,1756,630,908,1124,278,297,4085,161,163656
HHS Region,hhs2,2022,27,2.96284,2.3458,1606,707,1031,1006,324,351,3994,187,170262
HHS Region,hhs2,2022,28,2.55307,2.0827,1350,642,954,927,312,317,3548,188,170356
HHS Region,hhs2,2022,29,2.40705,1.97837,1274,610,878,894,268,272,3318,187,167714
HHS Region,hhs2,2022,30,2.75861,2.15087,1314,645,923,962,278,323,3522,186,163748
HHS Region,hhs2,2022,31,2.50482,2.01112,1249,636,913,899,277,320,3381,186,168115
HHS Region,hhs2,2022,32,2.54798,1.97642,1261,581,803,903,222,266,3233,186,163579
HHS Region,hhs2,2022,33,2.31095,1.81965,1067,534,785,780,251,290,2922,188,160580
HHS Region,hhs2,2022,34,2.42007,1.85591,1028,486,731,737,245,254,2750,188,148175
HHS Region,hhs2,2022,35,2.24052,1.64582,1009,463,651,716,188,195,2571,183,156214
HHS Region,hhs2,2022,36,2.39951,1.74665,1019,509,710,841,201,236,2806,188,160650
HHS Region,hhs2,2022,37,2.77535,2.21601,1465,549,802,1272,253,232,3771,185,170171
HHS Region,hhs2,2022,38,3.12694,2.62996,1927,589,833,1542,244,268,4570,189,173767
HHS Region,hhs2,2022,39,2.92512,2.41061,1933,638,900,1361,262,267,4461,186,185057
HHS Region,hhs2,2022,40,3.0473,3.61355,2094,1623,2158,2142,535,377,6771,270,187378
HHS Region,hhs2,2022,41,4.11477,4.03697,2223,1142,1541,1870,399,315,5949,269,147363
HHS Region,hhs2,2022,42,3.68759,4.43238,2823,1845,2434,2781,589,454,8492,275,191590
HHS Region,hhs2,2022,43,4.23085,5.04386,4048,2249,2958,4122,709,526,11654,273,231053
HHS Region,hhs2,2022,44,5.72059,6.68421,4900,3022,3917,6253,895,606,15676,273,234523
HHS Region,hhs2,2022,45,6.1602,7.18298,5441,3319,4371,6455,1052,626,16893,274,235181
HHS Region,hhs2,2022,46,6.29227,7.34499,4589,3533,4557,6434,1024,699,16279,272,221634
HHS Region,hhs2,2022,47,7.97504,9.54448,4699,4259,5541,8861,1282,972,20073,273,210310
HHS Region,hhs2,2022,48,8.90578,10.6878,5228,6725,8748,10469,2023,1396,25841,273,241780
HHS Region,hhs2,2022,49,9.12152,10.7404,4774,5802,7605,10337,1803,1186,23902,271,222542
HHS Region,hhs2,2022,50,7.15871,9.52027,3583,5430,7191,7898,1761,1040,19712,272,207053
HHS Region,hhs2,2022,51,7.5671,9.0431,3538,5139,6813,6681,1674,1161,18193,266,201181
HHS Region,hhs2,2022,52,6.34321,7.49578,3092,4361,6048,4304,1687,1311,14755,264,196844
HHS Region,hhs2,2023,1,4.43429,5.6109,2278,3942,5395,3082,1453,1062,11817,268,210608
HHS Region,hhs2,2023,2,3.60832,4.46211,1781,2745,3689,2676,944,639,8785,271,196880
HHS Region,hhs2,2023,3,3.35476,4.12656,1842,2136,2901,2435,765,478,7656,271,185530
HHS Region,hhs2,2023,4,3.23074,3.89553,1821,2009,2611,2568,602,410,7410,269,190218
HHS Region,hhs2,2023,5,3.25756,3.93823,1817,1986,2561,2868,575,341,7587,270,192650
HHS Region,hhs2,2023,6,3.2001,4.00756,1998,2055,2702,2929,647,366,7995,269,199498
HHS Region,hhs2,2023,7,3.24027,3.84058,1973,1822,2394,2869,572,371,7607,267,198069
HHS Region,hhs2,2023,8,3.11205,3.5798,2006,1534,2057,2270,523,373,6706,265,187329
HHS Region,hhs2,2023,9,3.063,3.47963,1751,1585,2107,2360,522,319,6537,269,187865
HHS Region,hhs2,2023,10,2.96011,3.41137,1755,1493,1968,2458,475,306,6487,268,190158
HHS Region,hhs2,2023,11,3.13085,3.63719,1822,1574,2054,2677,480,349,6902,269,189762
HHS Region,hhs2,2023,12,3.15027,3.84678,1984,1702,2174,3047,472,316,7521,264,195514
HHS Region,hhs2,2023,13,3.11878,3.84238,1928,1749,2210,3064,461,360,7562,266,196805
HHS Region,hhs2,2023,14,2.89136,3.52515,1744,1592,2036,2443,444,344,6567,268,186290
HHS Region,hhs2,2023,15,2.54052,3.07363,1650,1483,1874,1821,391,309,5654,266,183952
HHS Region,hhs2,2023,16,2.3378,2.72685,1329,1500,1996,1811,496,339,5475,267,200781
HHS Region,hhs2,2023,17,2.43145,2.88831,1261,1694,2185,2117,491,304,5867,270,203129
HHS Region,hhs2,2023,18,2.1921,2.96132,1154,1694,2158,2114,464,303,5729,245,193461
HHS Region,hhs2,2023,19,2.45333,3.0689,1483,1645,2124,2595,479,316,6518,267,212389
HHS Region,hhs2,2023,20,2.68434,3.25109,1545,1753,2237,2422,484,316,6520,263,200548
HHS Region,hhs2,2023,21,2.5041,3.12814,1453,1628,2118,2293,490,338,6202,262,198265
HHS Region,hhs2,2023,22,2.49078,3.0783,1410,1601,2082,2197,481,334,6023,260,195660
HHS Region,hhs2,2023,23,2.27728,2.69953,1192,1507,1943,1796,436,314,5245,262,194293
HHS Region,hhs2,2023,24,2.21736,2.60674,1274,1401,1817,1750,416,291,5132,258,196874
HHS Region,hhs2,2023,25,2.07656,2.35962,1260,1173,1541,1481,368,264,4546,259,192658
HHS Region,hhs2,2023,26,1.91741,2.22673,1082,1174,1534,1361,360,259,4236,261,190234
HHS Region,hhs2,2023,27,1.70709,2.09819,1049,1076,1422,1187,346,249,3907,255,186208
HHS Region,hhs2,2023,28,1.74278,1.91944,1008,1051,1388,1101,337,247,3744,259,195057
HHS Region,hhs2,2023,29,1.72298,1.98855,1017,1071,1430,1163,359,260,3870,259,194614
HHS Region,hhs2,2023,30,1.76568,2.05198,1074,1066,1377,1164,311,279,3894,253,189768
HHS Region,hhs2,2023,31,1.69531,2.09637,921,1220,1637,1177,417,295,4030,259,192237
HHS Region,hhs2,2023,32,1.65499,2.12281,926,1360,1796,1136,436,324,4182,259,197003
HHS Region,hhs2,2023,33,1.75347,2.19429,897,1426,1907,1159,481,371,4334,259,197513
HHS Region,hhs2,2023,34,1.86102,2.22004,843,1450,1985,1071,535,397,4296,253,193510
HHS Region,hhs2,2023,35,1.9221,2.29048,849,1528,2083,1126,555,403,4461,255,194763
HHS Region,hhs2,2023,36,1.97216,2.3755,878,1546,2111,1206,565,421,4616,260,194317
HHS Region,hhs2,2023,37,2.23647,2.67084,995,1614,2173,1751,559,396,5315,260,199001
HHS Region,hhs2,2023,38,2.9275,3.48284,1495,1943,2569,2474,626,459,6997,259,200899
HHS Region,hhs2,2023,39,3.03548,3.6583,1454,2152,2899,2350,747,519,7222,261,197414
HHS Region,hhs2,2023,40,3.01364,3.52803,1670,2207,2976,2398,769,589,7633,267,216353
HHS Region,hhs2,2023,41,3.09181,3.5421,1847,2044,2695,2315,651,454,7311,270,206403
HHS Region,hhs2,2023,42,3.06741,3.73629,2087,2000,2641,2518,641,499,7745,269,207291
HHS Region,hhs2,2023,43,3.38388,3.83971,2343,1972,2582,2601,610,476,8002,269,208401
HHS Region,hhs2,2023,44,3.39203,3.9287,2316,1940,2541,2588,601,432,7877,267,200499
HHS Region,hhs2,2023,45,3.85181,4.3282,2799,2153,2858,2869,705,525,9051,269,209117
HHS Region,hhs2,2023,46,3.97714,4.68047,2873,2449,3237,3139,788,629,9878,268,211047
HHS Region,hhs2,2023,47,4.05603,4.78906,2660,2324,3169,2892,845,592,9313,271,194464
HHS Region,hhs2,2023,48,4.21804,5.45406,2785,3227,4347,3683,1120,753,11568,271,212099
HHS Region,hhs2,2023,49,4.49562,6.01918,2746,3665,4954,4309,1289,880,12889,245,214132
HHS Region,hhs2,2023,50,5.20244,7.14293,2834,4486,6032,5220,1546,884,14970,243,209578
HHS Region,hhs2,2023,51,6.01634,8.2331,2881,5620,7551,5736,1931,1225,17393,245,211257
HHS Region,hhs2,2023,52,6.77258,9.03495,3271,6138,8674,5024,2536,1775,18744,240,207461
HHS Region,hhs2,2024,1,5.74499,7.64077,2541,5883,8081,3998,2198,1529,16149,243,211353
HHS Region,hhs2,2024,2,5.06414,7.16936,2019,5250,7142,4575,1892,1278,15014,246,209419
HHS Region,hhs2,2024,3,4.57133,6.59165,1736,4521,5948,3926,1427,944,12554,244,190453
HHS Region,hhs2,2024,4,4.07261,5.99088,1769,4579,6010,4397,1431,868,13044,247,217731
HHS Region,hhs2,2024,5,4.50269,6.51262,1860,4154,5432,4489,1278,705,12486,244,191720
HHS Region,hhs2,2024,6,4.37111,6.26102,1957,4234,5448,4726,1214,764,12895,247,205957
HHS Region,hhs2,2024,7,4.32209,6.02944,1740,3795,4915,4218,1120,718,11591,244,192240
HHS Region,hhs2,2024,8,4.24621,5.64399,1733,3966,5050,3519,1084,735,11037,242,195553
HHS Region,hhs2,2024,9,4.13937,5.36296,1673,3901,4979,3412,1078,672,10736,247,200188
HHS Region,hhs2,2024,10,3.86843,4.91027,1542,3242,4097,3453,855,605,9697,245,197484
HHS Region,hhs2,2024,11,3.5735,4.60433,1559,2979,3757,3364,778,527,9207,246,199964
HHS Region,hhs2,2024,12,3.62651,4.67555,1573,2935,3731,3385,796,479,9168,241,196084
HHS Region,hhs2,2024,13,3.51076,4.60996,1573,2948,3679,3310,731,517,9079,245,196943
HHS Region,hhs2,2024,14,3.3436,4.39057,1521,2877,3590,2710,713,531,8352,241,190226
HHS Region,hhs2,2024,15,2.87432,3.80363,1355,2602,3355,2359,753,500,7569,246,198994
HHS Region,hhs2,2024,16,2.63219,3.54333,1310,2288,2947,2358,659,478,7093,239,200179
HHS Region,hhs2,2024,17,2.40498,3.15965,1215,2053,2658,1825,605,437,6135,235,194167
HHS Region,hhs2,2024,18,2.2831,2.91496,1080,1988,2541,1725,553,459,5805,235,199145
HHS Region,hhs2,2024,19,2.16959,2.76358,1030,1761,2295,1729,534,435,5489,241,198619
HHS Region,hhs2,2024,20,2.22307,2.88334,1175,1690,2244,1877,554,440,5736,235,198936
HHS Region,hhs2,2024,21,2.15626,2.8571,1182,1726,2289,1865,563,432,5768,238,201883
HHS Region,hhs2,2024,22,2.05561,2.65372,1112,1519,2026,1639,507,437,5214,236,196479
HHS Region,hhs2,2024,23,1.88963,2.51365,1080,1491,1979,1494,488,409,4962,235,197402
HHS Region,hhs2,2024,24,1.96256,2.44629,1020,1438,1955,1396,517,398,4769,237,194948
HHS Region,hhs2,2024,25,1.88339,2.31872,950,1441,1915,1188,474,406,4459,236,192304
HHS Region,hhs2,2024,26,1.91224,2.33946,940,1455,1926,1204,471,408,4478,236,191412
HHS Region,hhs2,2024,27,1.72328,2.15961,846,1281,1702,963,421,417,3928,230,181885
HHS Region,hhs2,2024,28,2.11074,2.34802,1054,1329,1793,1401,464,384,4632,256,197273
HHS Region,hhs2,2024,29,1.92705,2.15782,923,1152,1549,1093,397,304,3869,258,179301
HHS Region,hhs2,2024,30,2.11732,2.46083,1066,1522,2071,1381,549,428,4946,260,200989
HHS Region,hhs2,2024,31,2.11793,2.3595,956,1362,1857,1431,495,407,4651,259,197118
HHS Region,hhs2,2024,32,2.00675,2.25722,1020,1291,1694,1289,403,380,4383,258,194177
HHS Region,hhs2,2024,33,2.02375,2.37415,1019,1382,1894,1409,512,379,4701,258,198008
HHS Region,hhs2,2024,34,1.94543,2.36448,916,1395,1924,1300,529,402,4542,258,192093
HHS Region,hhs2,2024,35,1.97168,2.37908,953,1464,1973,1338,509,396,4660,256,195874
HHS Region,hhs2,2024,36,2.10215,2.42508,864,1461,1945,1424,484,381,4614,255,190262
HHS Region,hhs2,2024,37,2.62029,3.0521,1240,1785,2304,2156,519,405,6105,259,200026
HHS Region,hhs2,2024,38,2.95883,3.58861,1692,1935,2480,2983,545,437,7592,255,211558
HHS Region,hhs2,2024,39,2.955,3.59582,1519,1909,2479,2717,570,482,7197,256,200149
HHS Region,hhs2,2024,40,2.99024,3.07935,1727,1925,2573,2589,648,495,7384,300,239791
HHS Region,hhs2,2024,41,3.23171,3.32981,1816,2135,2855,2825,720,532,8028,306,241095
HHS Region,hhs2,2024,42,3.33242,3.37911,1875,2028,2614,2979,586,475,7943,302,235062
HHS Region,hhs2,2024,43,3.35053,3.49692,2128,2081,2730,3362,649,503,8723,299,249448
HHS Region,hhs2,2024,44,3.30222,3.35447,2064,1909,2486,2951,577,472,7973,302,237683
HHS Region,hhs2,2024,45,3.4735,3.45499,2235,1993,2600,2922,607,511,8268,304,239306
HHS Region,hhs2,2024,46,3.58197,3.55659,2536,1853,2436,2891,583,481,8344,304,234607
HHS Region,hhs2,2024,47,3.72241,3.86693,2768,2061,2703,3338,642,426,9235,302,238820
HHS Region,hhs2,2024,48,3.95467,4.08684,3041,1897,2479,2998,582,492,9010,301,220464
HHS Region,hhs2,2024,49,4.31292,4.51461,3372,2519,3310,3621,791,589,10892,301,241261
HHS Region,hhs2,2024,50,4.86965,5.14975,3568,3197,4263,4437,1066,693,12961,302,251682
HHS Region,hhs2,2024,51,5.95724,6.2271,3834,4067,5387,5564,1320,850,15635,294,251080
HHS Region,hhs2,2024,52,7.32373,7.44922,4095,5027,6840,5283,1813,1419,17637,292,236763
HHS Region,hhs2,2025,1,7.17031,7.51052,3808,6238,8763,4670,2525,1955,19196,296,255588
HHS Region,hhs2,2025,2,7.27073,7.80757,3206,6434,8884,6002,2450,1589,19681,301,252076
HHS Region,hhs2,2025,3,8.94542,9.58113,4103,7020,9579,9203,2559,1773,24658,300,257360
HHS Region,hhs2,2025,4,9.21998,10.0927,4073,7671,10258,9156,2587,1740,25227,301,249952
HHS Region,hhs2,2025,5,9.17432,9.94812,3835,7669,10485,9245,2816,1937,25502,302,256350
HHS Region,hhs2,2025,6,8.82094,9.41306,3619,7070,9532,8889,2462,1766,23806,300,252904
HHS Region,hhs2,2025,7,9.21972,10.0086,3539,6862,9562,8866,2700,2622,24589,302,245679
HHS Region,hhs2,2025,8,7.63012,8.14823,2911,5856,7950,5921,2094,2117,18899,300,231940
HHS Region,hhs2,2025,9,6.46513,6.60723,2524,5025,6885,4885,1860,1839,16133,298,244172
HHS Region,hhs2,2025,10,5.88281,6.02915,2306,4165,5600,5062,1435,1373,14341,300,237861
HHS Region,hhs2,2025,11,5.66668,5.91384,2464,4092,5355,5176,1263,1300,14295,297,241721
HHS Region,hhs2,2025,12,5.12234,5.46373,2362,3616,4806,4938,1190,1139,13245,298,242417
HHS Region,hhs2,2025,13,4.56149,4.90016,2105,3221,4180,4491,959,844,11620,295,237135
HHS Region,hhs2,2025,14,4.18004,4.4881,1995,3093,4075,3829,982,753,10652,298,237339
HHS Region,hhs2,2025,15,4.12959,4.29747,1896,2761,3615,3659,854,711,9881,297,229926
HHS Region,hhs2,2025,16,3.5611,3.57879,1746,2405,3201,2519,796,709,8175,290,228429
HHS Region,hhs2,2025,17,3.27421,3.14437,1617,2407,3125,2220,718,631,7593,295,241479
HHS Region,hhs2,2025,18,2.78942,2.68531,1475,1744,2382,2150,638,529,6536,296,243398
HHS Region,hhs2,2025,19,2.3972,2.28505,1327,1298,1750,1836,452,409,5322,295,232905
HHS Region,hhs2,2025,20,2.59852,2.50517,1578,1374,1868,2046,494,472,5964,294,238068
HHS Region,hhs2,2025,21,2.73615,2.57736,1520,1527,2044,1957,517,456,5977,292,231904
HHS Region,hhs2,2025,22,2.72469,2.49002,1486,1500,2038,1753,538,485,5762,289,231404
HHS Region,hhs2,2025,23,2.44547,2.33187,1384,1427,1942,1618,515,513,5457,287,234018
HHS Region,hhs2,2025,24,2.28244,2.18453,1396,1304,1808,1518,504,442,5164,290,236390
HHS Region,hhs2,2025,25,2.19154,2.07033,1277,1258,1695,1342,437,421,4735,289,228707
HHS Region,hhs2,2025,26,2.03526,1.87144,1353,1088,1515,1197,427,350,4415,289,235914
HHS Region,hhs2,2025,27,1.91126,1.77095,1198,999,1370,1110,371,378,4056,287,229030
HHS Region,hhs2,2025,28,2.01273,1.70093,1230,1049,1415,1072,366,345,4062,288,238811
HHS Region,hhs2,2025,29,1.73424,1.58745,1104,925,1274,991,349,364,3733,289,235157
HHS Region,hhs2,2025,30,1.79068,1.63401,1028,996,1365,1123,369,306,3822,289,233903
HHS Region,hhs2,2025,31,1.69038,1.53249,902,963,1292,1060,329,290,3544,290,231258
HHS Region,hhs2,2025,32,1.83801,1.70155,958,1233,1620,1019,387,355,3952,288,232259
HHS Region,hhs2,2025,33,1.75134,1.60013,866,1127,1578,962,451,329,3735,288,233419
HHS Region,hhs2,2025,34,1.83655,1.66485,857,1118,1530,1015,412,406,3808,286,228729
HHS Region,hhs2,2025,35,1.85819,1.59079,793,1197,1602,875,405,390,3660,286,230074
HHS Region,hhs2,2025,36,1.89157,1.6356,792,1061,1501,968,440,374,3635,290,222242
HHS Region,hhs2,2025,37,2.1645,2.03779,975,1374,1819,1627,445,397,4818,290,236433
HHS Region,hhs2,2025,38,2.60161,2.45285,1327,1530,2030,2215,500,439,6011,290,245062
HHS Region,hhs2,2025,39,2.57682,2.48339,1303,1733,2291,1993,558,494,6081,291,244867
HHS Region,hhs2,2025,40,2.38847,2.31796,1471,1869,2495,2035,626,565,6566,399,283266
HHS Region,hhs2,2025,41,2.31126,2.20099,1488,1600,2168,1988,568,485,6129,394,278466
HHS Region,hhs2,2025,42,2.54896,2.35514,1569,1639,2198,2023,559,504,6294,401,267245
HHS Region,hhs2,2025,43,2.5946,2.42591,1686,1723,2322,2173,599,533,6714,402,276762
HHS Region,hhs2,2025,44,2.75641,2.69509,1861,1640,2227,2362,587,522,6972,400,258693
HHS Region,hhs2,2025,45,3.30167,3.20735,2175,2084,2734,3106,650,609,8624,401,268882
HHS Region,hhs2,2025,46,3.33414,3.30792,2215,2022,2759,3254,737,674,8902,401,269112
HHS Region,hhs3,2010,1,1.98159417163828,2.17821374108725,527,690,895,584,205,108,2114,225,97052
HHS Region,hhs3,2010,2,1.83452209916972,1.85700278150201,490,505,696,590,191,80,1856,227,99946
HHS Region,hhs3,2010,3,1.57430908234286,1.81114489159133,584,465,621,547,156,59,1811,226,99992
HHS Region,hhs3,2010,4,1.81761286649219,1.99757508298384,664,478,636,644,158,66,2010,231,100622
HHS Region,hhs3,2010,5,1.81616471415259,1.88445487741262,540,424,540,612,116,42,1734,219,92016
HHS Region,hhs3,2010,6,1.68877360192396,1.66060266815934,434,375,492,453,117,45,1424,223,85752
HHS Region,hhs3,2010,7,1.42260755429594,1.53412648716343,372,395,534,518,139,46,1470,220,95820
HHS Region,hhs3,2010,8,1.43716995692997,1.56278013506245,358,441,573,573,132,65,1569,220,100398
HHS Region,hhs3,2010,9,1.6394464505965,1.7228560949256,382,460,618,668,158,70,1738,213,100879
HHS Region,hhs3,2010,10,1.6436998179803,1.69378181455235,425,411,570,597,159,105,1697,210,100190
HHS Region,hhs3,2010,11,1.56712272030667,1.56166382875213,409,416,564,560,148,72,1605,211,102775
HHS Region,hhs3,2010,12,1.37766805272543,1.40688704706851,320,368,485,611,117,54,1470,216,104486
HHS Region,hhs3,2010,13,1.34913372697201,1.39298796441654,326,313,426,508,113,71,1331,202,95550
HHS Region,hhs3,2010,14,1.1807681424169,1.1282009242845,312,250,336,385,86,68,1101,198,97589
HHS Region,hhs3,2010,15,1.07435462044854,1.03904412068183,228,236,317,416,81,46,1007,193,96916
HHS Region,hhs3,2010,16,1.11247147971253,1.15063087387715,226,300,377,444,77,61,1108,189,96295
HHS Region,hhs3,2010,17,1.16753434469131,1.20452231688367,290,270,344,437,74,53,1124,181,93315
HHS Region,hhs3,2010,18,1.2354073974973,1.20790244107921,283,245,329,470,84,65,1147,178,94958
HHS Region,hhs3,2010,19,1.11422551502584,1.08606936479089,290,205,276,380,71,52,998,177,91891
HHS Region,hhs3,2010,20,1.17626103120416,1.16929820828191,303,245,342,397,97,57,1099,176,93988
HHS Region,hhs3,2010,21,1.06364440710183,1.13027033040383,283,241,295,391,54,47,1016,167,89890
HHS Region,hhs3,2010,22,1.13320595928463,1.15924414071458,306,215,286,373,71,46,1011,163,87212
HHS Region,hhs3,2010,23,0.973081336557149,1.00746311965366,215,208,275,331,67,47,868,162,86157
HHS Region,hhs3,2010,24,1.07457497030247,1.0568295114656,240,212,279,340,67,42,901,157,85255
HHS Region,hhs3,2010,25,0.880063851041127,0.902754247543444,200,172,219,285,47,42,746,158,82636
HHS Region,hhs3,2010,26,0.907806287255788,0.878285201697661,154,161,215,238,54,49,656,157,74691
HHS Region,hhs3,2010,27,0.882980574028144,0.877310230020535,162,174,263,257,89,40,722,159,82297
HHS Region,hhs3,2010,28,0.787577951050584,0.73804088409256,122,154,202,227,48,18,569,149,77096
HHS Region,hhs3,2010,29,0.899066319716914,0.760341033378576,130,145,193,231,48,23,577,146,75887
HHS Region,hhs3,2010,30,0.771001503202074,0.726673510184235,117,160,202,198,42,21,538,147,74036
HHS Region,hhs3,2010,31,0.912349681130919,0.839980022096772,116,148,197,217,49,25,555,136,66073
HHS Region,hhs3,2010,32,0.832325972152992,0.795669180088937,120,144,189,193,45,33,535,129,67239
HHS Region,hhs3,2010,33,0.866965792077149,0.840746365806032,135,174,227,221,53,37,620,143,73744
HHS Region,hhs3,2010,34,0.846100805502951,0.805283237552519,135,178,244,253,66,35,667,153,82828
HHS Region,hhs3,2010,35,1.05287908542161,0.903947280836051,135,177,230,280,53,34,679,143,75115
HHS Region,hhs3,2010,36,1.24217117798652,1.04120089428298,167,207,281,323,74,44,815,144,78275
HHS Region,hhs3,2010,37,1.08479979101749,0.993108807698022,191,220,288,347,68,43,869,152,87503
HHS Region,hhs3,2010,38,1.27738326630329,1.13438823267216,185,272,347,431,75,55,1018,149,89740
HHS Region,hhs3,2010,39,1.14358238166791,1.08265424912689,182,274,339,364,65,45,930,156,85900
HHS Region,hhs3,2010,40,1.01984,1.12482,260,269,359,439,90,61,1119,213,99483
HHS Region,hhs3,2010,41,1.2933,1.26966,308,349,441,457,92,70,1276,215,100499
HHS Region,hhs3,2010,42,1.13853,1.2164,314,323,442,474,119,84,1314,219,108024
HHS Region,hhs3,2010,43,1.0814,1.24766,330,326,441,494,115,70,1335,218,107000
HHS Region,hhs3,2010,44,1.22399,1.30668,320,324,425,536,101,76,1357,222,103851
HHS Region,hhs3,2010,45,1.29275,1.41663,408,346,450,570,104,67,1495,222,105532
HHS Region,hhs3,2010,46,1.27122,1.44653,410,400,500,528,100,74,1512,215,104526
HHS Region,hhs3,2010,47,1.48456,1.58992,446,332,434,493,102,91,1464,222,92080
HHS Region,hhs3,2010,48,1.47526,1.54478,472,392,524,554,132,109,1659,228,107394
HHS Region,hhs3,2010,49,1.45221,1.60902,470,385,477,566,92,92,1605,214,99750
HHS Region,hhs3,2010,50,1.62095,1.70037,515,386,476,502,90,81,1574,210,92568
HHS Region,hhs3,2010,51,2.17871,2.15613,611,441,598,546,157,103,1858,208,86173
HHS Region,hhs3,2010,52,2.61376,2.38749,663,578,801,539,223,128,2131,207,89257
HHS Region,hhs3,2011,1,2.20241,2.2967,643,727,916,689,189,132,2380,213,103627
HHS Region,hhs3,2011,2,2.45368,2.60583,645,793,1030,945,237,134,2754,226,105686
HHS Region,hhs3,2011,3,3.28175,3.52709,832,1163,1462,1436,299,165,3895,230,110431
HHS Region,hhs3,2011,4,4.04917,4.26553,857,1363,1696,2054,333,193,4800,226,112530
HHS Region,hhs3,2011,5,4.41603,4.72139,911,1605,2023,2449,418,250,5633,233,119308
HHS Region,hhs3,2011,6,4.05556,4.52279,907,1598,1997,2328,399,256,5488,224,121341
HHS Region,hhs3,2011,7,3.96545,4.61199,864,1550,1975,2415,425,351,5605,224,121531
HHS Region,hhs3,2011,8,3.56746,4.10813,805,1513,1911,1855,398,318,4889,226,119008
HHS Region,hhs3,2011,9,2.9587,3.30566,667,1042,1366,1537,324,265,3835,221,116013
HHS Region,hhs3,2011,10,2.58462,2.66948,569,767,1023,1031,256,207,2830,213,106013
HHS Region,hhs3,2011,11,2.03908,2.17808,514,616,817,931,201,181,2443,217,112163
HHS Region,hhs3,2011,12,1.6746,1.72993,428,468,629,708,161,104,1869,206,108039
HHS Region,hhs3,2011,13,1.54238,1.65572,421,432,581,636,149,127,1765,205,106600
HHS Region,hhs3,2011,14,1.50303,1.42529,323,403,509,591,106,110,1533,203,107557
HHS Region,hhs3,2011,15,1.42574,1.32864,268,265,338,455,73,72,1133,185,85275
HHS Region,hhs3,2011,16,1.19343,1.18271,317,272,361,387,89,56,1121,188,94782
HHS Region,hhs3,2011,17,0.943678,0.962998,255,195,258,344,63,50,907,179,94185
HHS Region,hhs3,2011,18,0.97519,0.961617,255,227,300,326,73,55,936,186,97336
HHS Region,hhs3,2011,19,0.931867,0.953846,235,220,293,351,73,57,936,182,98129
HHS Region,hhs3,2011,20,0.966373,1.01626,269,217,289,349,72,46,953,177,93775
HHS Region,hhs3,2011,21,0.944452,0.956848,218,191,258,347,67,40,863,167,90192
HHS Region,hhs3,2011,22,0.945006,0.971951,266,162,234,300,72,41,841,158,86527
HHS Region,hhs3,2011,23,1.07246,0.977846,205,195,261,326,66,44,836,151,85494
HHS Region,hhs3,2011,24,1.00115,0.938552,224,179,262,270,83,50,806,155,85877
HHS Region,hhs3,2011,25,0.878748,0.806282,177,172,229,216,57,31,653,147,80989
HHS Region,hhs3,2011,26,0.806009,0.792131,178,141,198,234,57,23,633,152,79911
HHS Region,hhs3,2011,27,1.09835,0.781817,171,174,217,213,43,35,636,154,81349
HHS Region,hhs3,2011,28,0.74931,0.664819,141,134,186,191,52,24,542,149,81526
HHS Region,hhs3,2011,29,0.724027,0.648661,127,152,190,193,38,15,525,148,80936
HHS Region,hhs3,2011,30,0.942104,0.678069,132,134,174,190,40,17,513,142,75656
HHS Region,hhs3,2011,31,0.772828,0.617299,129,118,158,178,40,29,494,138,80026
HHS Region,hhs3,2011,32,0.692637,0.6063,136,141,176,175,35,20,507,149,83622
HHS Region,hhs3,2011,33,0.687025,0.670647,161,139,181,194,42,29,565,148,84247
HHS Region,hhs3,2011,34,0.80491,0.784903,182,140,195,204,55,20,601,143,76570
HHS Region,hhs3,2011,35,0.748338,0.714016,157,150,196,224,46,29,606,153,84872
HHS Region,hhs3,2011,36,0.826349,0.794224,196,171,225,241,54,20,682,158,85870
HHS Region,hhs3,2011,37,0.956313,0.944807,232,207,267,358,60,34,891,158,94305
HHS Region,hhs3,2011,38,1.31021,1.16807,258,281,371,439,90,41,1109,158,94943
HHS Region,hhs3,2011,39,1.19394,1.16351,310,332,455,456,123,42,1263,165,108551
HHS Region,hhs3,2011,40,1.15747,1.17787,365,346,451,485,105,39,1340,219,113765
HHS Region,hhs3,2011,41,1.17684,1.23457,376,365,488,513,123,47,1424,225,115344
HHS Region,hhs3,2011,42,1.1001,1.18165,412,349,434,509,85,59,1414,222,119663
HHS Region,hhs3,2011,43,1.25108,1.29579,412,354,469,561,115,66,1508,223,116377
HHS Region,hhs3,2011,44,1.28269,1.34616,414,374,506,572,132,54,1546,230,114845
HHS Region,hhs3,2011,45,1.37932,1.42908,475,404,546,587,142,73,1681,232,117628
HHS Region,hhs3,2011,46,1.40645,1.42343,410,448,591,586,143,74,1661,225,116690
HHS Region,hhs3,2011,47,1.56381,1.51093,450,346,458,508,112,71,1487,227,98416
HHS Region,hhs3,2011,48,1.47372,1.52823,495,424,561,613,137,70,1739,222,113792
HHS Region,hhs3,2011,49,1.33844,1.39361,451,387,508,544,121,54,1557,227,111724
HHS Region,hhs3,2011,50,1.50428,1.53702,527,373,491,619,118,54,1691,218,110018
HHS Region,hhs3,2011,51,1.77695,1.64975,531,403,547,531,144,72,1681,218,101894
HHS Region,hhs3,2011,52,2.14289,1.94031,669,483,632,530,149,107,1938,221,99881
HHS Region,hhs3,2012,1,1.69662,1.67393,541,443,638,505,195,95,1779,224,106277
HHS Region,hhs3,2012,2,1.51382,1.37349,434,405,526,480,121,73,1513,220,110157
HHS Region,hhs3,2012,3,1.56893,1.53154,442,439,564,570,125,69,1645,223,107408
HHS Region,hhs3,2012,4,1.47406,1.41592,539,392,507,539,115,70,1655,223,116885
HHS Region,hhs3,2012,5,1.53393,1.54235,492,427,548,629,121,77,1746,219,113204
HHS Region,hhs3,2012,6,1.60263,1.44801,469,420,550,596,130,57,1672,218,115469
HHS Region,hhs3,2012,7,1.69273,1.60185,477,478,617,667,139,65,1826,215,113993
HHS Region,hhs3,2012,8,1.52215,1.52132,479,455,608,573,153,80,1740,213,114374
HHS Region,hhs3,2012,9,1.7115,1.51277,435,410,571,593,161,92,1691,213,111782
HHS Region,hhs3,2012,10,1.58162,1.54268,437,440,581,620,141,76,1714,215,111105
HHS Region,hhs3,2012,11,1.86621,1.5184,432,400,523,650,123,74,1679,212,110577
HHS Region,hhs3,2012,12,1.43856,1.38395,433,359,469,643,110,65,1610,209,116334
HHS Region,hhs3,2012,13,1.39429,1.29638,371,338,433,571,95,64,1439,200,111001
HHS Region,hhs3,2012,14,1.28511,1.24151,320,316,415,519,99,51,1305,201,105114
HHS Region,hhs3,2012,15,1.18191,1.1346,297,308,426,455,118,60,1238,198,109113
HHS Region,hhs3,2012,16,1.09348,1.06163,272,306,402,478,96,62,1214,203,114352
HHS Region,hhs3,2012,17,1.06214,1.03726,240,292,379,475,87,51,1145,202,110387
HHS Region,hhs3,2012,18,1.29493,1.12642,254,290,366,462,76,42,1124,190,99785
HHS Region,hhs3,2012,19,1.4556,1.00923,220,246,333,397,87,41,991,186,98194
HHS Region,hhs3,2012,20,0.990324,0.947806,209,223,307,383,84,48,947,178,99915
HHS Region,hhs3,2012,21,1.12765,0.944732,230,207,263,347,56,34,874,168,92513
HHS Region,hhs3,2012,22,0.723521,0.938195,233,195,250,344,55,46,873,168,93051
HHS Region,hhs3,2012,23,1.2646,0.955542,210,209,273,343,64,32,858,160,89792
HHS Region,hhs3,2012,24,1.91715,0.983718,231,229,296,295,67,45,867,156,88135
HHS Region,hhs3,2012,25,2.19686,0.944413,204,200,260,295,60,30,789,154,83544
HHS Region,hhs3,2012,26,1.60351,0.931524,244,173,226,235,53,30,735,149,78903
HHS Region,hhs3,2012,27,1.829,0.834176,217,171,223,219,52,26,685,156,82117
HHS Region,hhs3,2012,28,1.9367,0.734033,186,164,208,202,44,33,629,149,85691
HHS Region,hhs3,2012,29,1.83476,0.789214,191,154,204,261,50,23,679,156,86035
HHS Region,hhs3,2012,30,1.69177,0.76426,173,184,241,233,57,39,686,160,89760
HHS Region,hhs3,2012,31,1.80429,0.773878,181,152,216,249,64,29,675,155,87223
HHS Region,hhs3,2012,32,1.79716,0.764935,169,178,233,221,55,29,652,152,85236
HHS Region,hhs3,2012,33,1.63096,0.778078,167,193,247,254,54,20,688,156,88423
HHS Region,hhs3,2012,34,1.69749,0.800986,182,190,272,259,82,28,741,159,92511
HHS Region,hhs3,2012,35,1.68484,0.918637,191,235,303,290,68,41,825,156,89807
HHS Region,hhs3,2012,36,1.82248,0.9035,231,222,291,323,69,38,883,167,97731
HHS Region,hhs3,2012,37,1.69051,1.08922,259,275,365,425,90,34,1083,165,99429
HHS Region,hhs3,2012,38,1.2118,1.15293,287,313,407,489,94,46,1229,171,106598
HHS Region,hhs3,2012,39,1.42308,1.20203,295,319,422,466,103,57,1240,170,103159
HHS Region,hhs3,2012,40,1.07028,1.09395,321,356,461,522,105,49,1353,222,123680
HHS Region,hhs3,2012,41,1.08926,1.18534,372,347,468,535,121,60,1435,217,121062
HHS Region,hhs3,2012,42,1.13473,1.18788,382,312,425,594,113,55,1456,221,122571
HHS Region,hhs3,2012,43,1.05392,1.17858,418,370,469,553,99,57,1497,223,127017
HHS Region,hhs3,2012,44,1.34313,1.41563,350,349,465,575,116,57,1447,218,102216
HHS Region,hhs3,2012,45,1.28698,1.35393,430,364,494,609,130,52,1585,221,117067
HHS Region,hhs3,2012,46,1.30434,1.45267,471,402,502,671,100,61,1705,217,117370
HHS Region,hhs3,2012,47,1.74599,1.83383,548,453,603,691,150,73,1915,226,104426
HHS Region,hhs3,2012,48,1.62175,1.85398,594,628,817,767,189,100,2278,223,122871
HHS Region,hhs3,2012,49,2.512,2.62624,725,752,999,1351,247,135,3210,224,122228
HHS Region,hhs3,2012,50,3.36875,3.65543,906,1122,1448,1915,326,193,4462,218,122065
HHS Region,hhs3,2012,51,4.46606,5.07796,1179,1848,2392,2472,544,295,6338,211,124814
HHS Region,hhs3,2012,52,7.13075,7.01276,1405,2450,3295,2232,845,607,7539,210,107504
HHS Region,hhs3,2013,1,4.82033,6.03559,1138,2508,3410,1781,902,689,7018,220,116277
HHS Region,hhs3,2013,2,5.11067,6.11893,1128,2765,3830,2531,1065,631,8120,224,132703
HHS Region,hhs3,2013,3,5.16413,5.72568,1131,2078,2842,2647,764,470,7090,226,123828
HHS Region,hhs3,2013,4,3.59356,3.31724,685,981,1334,1451,353,213,3683,219,111026
HHS Region,hhs3,2013,5,3.05049,3.4548,640,1281,1706,1488,425,219,4053,225,117315
HHS Region,hhs3,2013,6,2.58184,2.84403,530,962,1255,1260,293,147,3192,220,112235
HHS Region,hhs3,2013,7,2.75565,2.83909,569,892,1235,1344,343,163,3311,220,116622
HHS Region,hhs3,2013,8,2.63728,2.76926,569,910,1212,1274,302,142,3197,216,115446
HHS Region,hhs3,2013,9,2.56368,2.69406,568,880,1204,1286,324,145,3203,218,118891
HHS Region,hhs3,2013,10,3.30856,2.9728,592,886,1194,1281,308,129,3196,212,107508
HHS Region,hhs3,2013,11,2.64646,2.71645,565,822,1070,1192,248,126,2953,207,108708
HHS Region,hhs3,2013,12,2.23987,2.37687,501,760,1006,1012,246,104,2623,202,110355
HHS Region,hhs3,2013,13,2.11309,2.24829,472,662,909,859,247,106,2346,200,104346
HHS Region,hhs3,2013,14,1.6873,1.92515,449,570,795,630,225,104,1978,198,102745
HHS Region,hhs3,2013,15,1.52749,1.6226,412,497,694,564,197,92,1762,192,108591
HHS Region,hhs3,2013,16,1.14475,1.15497,325,282,421,413,139,60,1219,195,105544
HHS Region,hhs3,2013,17,1.09053,1.10808,303,280,363,407,83,54,1127,187,101707
HHS Region,hhs3,2013,18,1.05401,1.07017,283,230,311,439,81,34,1067,183,99704
HHS Region,hhs3,2013,19,1.2852,1.00162,248,241,317,374,76,39,978,187,97642
HHS Region,hhs3,2013,20,1.13242,0.9239,231,210,267,302,57,32,832,178,90053
HHS Region,hhs3,2013,21,1.08424,0.984832,249,185,250,273,65,37,809,163,82146
HHS Region,hhs3,2013,22,1.31233,0.992396,220,187,250,312,63,35,817,161,82326
HHS Region,hhs3,2013,23,1.03461,0.887863,214,167,219,241,52,34,708,159,79742
HHS Region,hhs3,2013,24,1.19998,0.95769,231,157,213,232,56,37,713,149,74450
HHS Region,hhs3,2013,25,0.849521,0.846348,244,175,219,218,44,30,711,158,84008
HHS Region,hhs3,2013,26,0.783896,0.787941,211,123,176,207,53,27,621,157,78813
HHS Region,hhs3,2013,27,0.785548,0.804411,196,112,160,185,48,25,566,152,70362
HHS Region,hhs3,2013,28,0.617311,0.67076,156,108,154,204,46,18,532,150,79313
HHS Region,hhs3,2013,29,0.636361,0.677668,143,132,173,184,41,17,517,151,76291
HHS Region,hhs3,2013,30,0.653406,0.708835,169,106,131,193,25,16,509,149,71808
HHS Region,hhs3,2013,31,0.762736,0.761363,147,114,147,159,33,10,463,145,60812
HHS Region,hhs3,2013,32,0.706269,0.648268,161,129,165,172,36,19,517,145,79751
HHS Region,hhs3,2013,33,0.741413,0.746103,183,149,198,177,49,14,572,139,76665
HHS Region,hhs3,2013,34,0.807802,0.722628,131,74,99,117,25,10,357,128,49403
HHS Region,hhs3,2013,35,0.923451,0.777888,195,149,191,204,42,30,620,144,79703
HHS Region,hhs3,2013,36,0.797436,0.945491,277,203,268,311,65,38,894,175,94554
HHS Region,hhs3,2013,37,1.19409,1.1329,282,223,278,402,55,45,1007,173,88887
HHS Region,hhs3,2013,38,1.20483,1.22463,307,250,335,472,85,47,1161,175,94804
HHS Region,hhs3,2013,39,1.19383,1.22736,338,261,344,391,83,56,1129,178,91986
HHS Region,hhs3,2013,40,0.926323,1.094,401,293,368,465,75,55,1289,233,117824
HHS Region,hhs3,2013,41,1.05393,1.17362,382,294,366,493,72,46,1287,217,109661
HHS Region,hhs3,2013,42,1.04182,1.23231,424,332,426,500,94,62,1412,234,114582
HHS Region,hhs3,2013,43,1.12691,1.32535,476,363,460,551,97,72,1559,235,117629
HHS Region,hhs3,2013,44,1.10398,1.33421,442,368,487,566,119,64,1559,238,116848
HHS Region,hhs3,2013,45,1.12149,1.33524,503,393,507,500,114,67,1577,233,118106
HHS Region,hhs3,2013,46,1.25863,1.44038,511,412,536,558,124,72,1677,238,116428
HHS Region,hhs3,2013,47,1.18203,1.46272,509,410,541,597,131,73,1720,235,117589
HHS Region,hhs3,2013,48,1.51288,1.75907,512,358,492,534,134,62,1600,234,90957
HHS Region,hhs3,2013,49,1.51609,1.76527,575,583,769,659,186,91,2094,240,118622
HHS Region,hhs3,2013,50,1.60178,1.87832,577,529,687,650,158,82,1996,244,106265
HHS Region,hhs3,2013,51,2.00486,2.30199,731,668,910,785,242,95,2521,235,109514
HHS Region,hhs3,2013,52,3.30628,3.30091,964,954,1267,858,313,165,3254,233,98579
HHS Region,hhs3,2014,1,3.59339,3.73505,894,1449,1978,866,529,243,3981,240,106585
HHS Region,hhs3,2014,2,3.19906,3.72458,674,1736,2320,1037,584,250,4281,242,114939
HHS Region,hhs3,2014,3,3.35458,4.15443,754,1750,2430,1504,680,219,4907,240,118115
HHS Region,hhs3,2014,4,3.47033,4.11163,711,1646,2177,1234,531,242,4364,244,106138
HHS Region,hhs3,2014,5,3.01876,3.36736,637,1366,1870,1057,504,206,3770,242,111957
HHS Region,hhs3,2014,6,2.8051,3.02796,436,1224,1673,929,449,176,3214,232,106144
HHS Region,hhs3,2014,7,2.41601,2.81101,441,1048,1445,917,397,153,2956,241,105158
HHS Region,hhs3,2014,8,2.07722,2.39059,448,1005,1367,912,362,142,2869,242,120012
HHS Region,hhs3,2014,9,1.97427,2.20385,423,836,1100,869,264,132,2524,234,114527
HHS Region,hhs3,2014,10,1.76977,2.01316,402,699,955,760,256,119,2236,239,111069
HHS Region,hhs3,2014,11,1.61044,1.66655,380,611,830,642,219,104,1956,229,117368
HHS Region,hhs3,2014,12,1.66132,1.71377,399,557,801,677,244,93,1970,234,114951
HHS Region,hhs3,2014,13,1.78393,1.75482,372,539,720,678,181,95,1865,218,106279
HHS Region,hhs3,2014,14,1.89554,1.78461,389,517,726,755,209,95,1965,215,110108
HHS Region,hhs3,2014,15,1.65647,1.6767,375,487,685,715,198,105,1880,214,112125
HHS Region,hhs3,2014,16,1.29142,1.34172,351,382,546,465,164,85,1447,212,107847
HHS Region,hhs3,2014,17,1.22479,1.27901,312,408,553,435,145,84,1384,207,108209
HHS Region,hhs3,2014,18,1.10672,1.26215,243,353,507,474,154,74,1298,201,102840
HHS Region,hhs3,2014,19,1.20115,1.25428,303,298,414,505,116,64,1286,195,102529
HHS Region,hhs3,2014,20,1.26516,1.21439,260,302,394,490,92,48,1192,189,98156
HHS Region,hhs3,2014,21,1.30065,1.22433,379,283,401,476,118,63,1319,194,107732
HHS Region,hhs3,2014,22,1.18371,1.18426,345,274,365,388,91,57,1155,185,97529
HHS Region,hhs3,2014,23,1.11592,1.0857,326,257,331,377,74,53,1087,184,100120
HHS Region,hhs3,2014,24,0.983726,0.990139,307,219,302,336,83,41,986,182,99582
HHS Region,hhs3,2014,25,0.973807,0.986798,309,209,289,290,80,62,950,174,96271
HHS Region,hhs3,2014,26,0.885961,0.870208,263,196,251,286,55,47,847,173,97333
HHS Region,hhs3,2014,27,0.940359,1.00182,245,204,273,268,69,56,842,167,84047
HHS Region,hhs3,2014,28,1.09684,0.842145,214,196,254,239,58,44,751,169,89177
HHS Region,hhs3,2014,29,0.731122,0.780552,175,197,241,252,44,31,699,165,89552
HHS Region,hhs3,2014,30,0.780306,0.738839,173,168,219,215,51,29,636,160,86081
HHS Region,hhs3,2014,31,0.795476,0.760813,182,163,220,236,57,35,673,161,88458
HHS Region,hhs3,2014,32,0.590702,0.663619,152,165,222,188,57,36,598,172,90112
HHS Region,hhs3,2014,33,0.947829,0.788199,168,202,261,253,59,34,716,169,90840
HHS Region,hhs3,2014,34,0.727044,0.779327,187,212,278,236,66,40,741,169,95082
HHS Region,hhs3,2014,35,0.792145,0.891319,198,205,261,301,56,47,807,165,90540
HHS Region,hhs3,2014,36,0.911794,0.975329,238,253,315,356,62,39,948,176,97198
HHS Region,hhs3,2014,37,1.35921,1.28666,346,298,382,582,84,49,1359,187,105622
HHS Region,hhs3,2014,38,1.52953,1.39766,370,324,409,647,85,55,1481,189,105963
HHS Region,hhs3,2014,39,1.36316,1.40764,410,399,526,597,127,81,1614,198,114660
HHS Region,hhs3,2014,40,1.16226,1.32102,395,455,581,627,126,89,1692,234,128083
HHS Region,hhs3,2014,41,1.35853,1.56139,403,465,595,669,130,75,1742,232,111567
HHS Region,hhs3,2014,42,1.26894,1.54382,407,450,597,716,147,88,1808,227,117112
HHS Region,hhs3,2014,43,1.32822,1.49734,493,459,616,709,157,85,1903,239,127092
HHS Region,hhs3,2014,44,1.34486,1.54539,495,455,585,734,130,83,1897,239,122752
HHS Region,hhs3,2014,45,1.36456,1.53567,551,421,558,766,137,92,1967,244,128087
HHS Region,hhs3,2014,46,1.35488,1.57217,603,458,624,738,166,90,2055,249,130711
HHS Region,hhs3,2014,47,1.69956,1.7926,572,481,626,770,145,102,2070,247,115475
HHS Region,hhs3,2014,48,2.22858,2.23142,639,496,657,795,161,120,2211,238,99085
HHS Region,hhs3,2014,49,2.1379,2.2917,692,749,1009,1045,260,159,2905,241,126762
HHS Region,hhs3,2014,50,2.88804,3.10475,913,1020,1365,1565,345,240,4083,245,131508
HHS Region,hhs3,2014,51,4.55031,4.98503,1251,1673,2245,2825,572,374,6695,247,134302
HHS Region,hhs3,2014,52,7.27542,8.99934,2022,3476,4747,3834,1271,1181,11784,241,130943
HHS Region,hhs3,2014,53,6.99667,8.11542,1924,3444,4972,2468,1528,1520,10884,248,134115
HHS Region,hhs3,2015,1,4.87801,5.89402,1190,2520,3582,1996,1062,989,7757,247,131608
HHS Region,hhs3,2015,2,4.1229,4.72836,1112,1867,2561,1926,694,577,6176,254,130616
HHS Region,hhs3,2015,3,4.53899,4.56116,946,1596,2414,2171,818,448,5979,257,131085
HHS Region,hhs3,2015,4,4.2482,4.33969,1017,1467,2050,2091,583,455,5613,254,129341
HHS Region,hhs3,2015,5,3.54571,3.37101,928,1308,1822,1831,514,331,4912,252,145713
HHS Region,hhs3,2015,6,2.65549,2.80105,852,1056,1503,1582,447,309,4246,255,151586
HHS Region,hhs3,2015,7,2.5889,2.54303,653,839,1144,1020,305,215,3032,240,119228
HHS Region,hhs3,2015,8,1.82815,1.76317,537,725,1049,748,324,184,2518,264,142811
HHS Region,hhs3,2015,9,2.07649,1.81988,469,704,1012,785,308,167,2433,257,133690
HHS Region,hhs3,2015,10,1.6998,1.58231,502,643,925,696,282,161,2284,261,144346
HHS Region,hhs3,2015,11,1.61833,1.59162,492,642,901,805,259,142,2340,258,147020
HHS Region,hhs3,2015,12,1.76935,1.80593,556,725,1022,962,297,145,2685,257,148677
HHS Region,hhs3,2015,13,1.71816,1.80238,519,654,972,965,318,170,2626,242,145696
HHS Region,hhs3,2015,14,1.68145,1.73557,511,727,1078,711,351,194,2494,251,143699
HHS Region,hhs3,2015,15,1.48008,1.45405,478,580,825,687,245,132,2122,246,145937
HHS Region,hhs3,2015,16,1.36682,1.41963,421,440,637,688,197,121,1867,248,131513
HHS Region,hhs3,2015,17,1.47642,1.51203,489,449,623,750,174,85,1947,244,128767
HHS Region,hhs3,2015,18,1.33649,1.40854,418,398,552,749,154,86,1805,246,128147
HHS Region,hhs3,2015,19,1.21124,1.28837,394,332,482,620,150,90,1586,234,123101
HHS Region,hhs3,2015,20,1.22785,1.29118,390,330,446,560,116,91,1487,226,115166
HHS Region,hhs3,2015,21,1.58654,1.36087,404,322,436,593,114,80,1513,223,111179
HHS Region,hhs3,2015,22,1.24556,1.11757,338,287,394,440,107,70,1242,227,111134
HHS Region,hhs3,2015,23,1.34651,1.19101,340,284,385,452,101,67,1244,206,104449
HHS Region,hhs3,2015,24,1.20399,1.08897,274,253,330,443,77,68,1115,201,102390
HHS Region,hhs3,2015,25,1.2511,0.990268,276,237,309,347,72,57,989,206,99872
HHS Region,hhs3,2015,26,1.16626,1.00227,294,195,274,358,79,48,974,203,97179
HHS Region,hhs3,2015,27,1.30198,0.961984,281,246,313,334,67,48,976,213,101457
HHS Region,hhs3,2015,28,1.12215,0.857704,230,211,287,300,76,52,869,204,101317
HHS Region,hhs3,2015,29,1.01928,0.805464,206,225,306,284,81,39,835,213,103667
HHS Region,hhs3,2015,30,0.999289,0.818425,178,203,262,281,59,43,764,205,93350
HHS Region,hhs3,2015,31,0.881078,0.780143,177,181,248,309,67,42,776,198,99469
HHS Region,hhs3,2015,32,1.0792,0.789035,170,201,270,292,69,44,776,193,98348
HHS Region,hhs3,2015,33,0.925596,0.77421,172,207,284,292,77,51,799,199,103202
HHS Region,hhs3,2015,34,0.796299,0.812773,209,243,300,318,57,44,871,204,107164
HHS Region,hhs3,2015,35,1.06881,1.01661,236,259,345,409,86,46,1036,195,101907
HHS Region,hhs3,2015,36,1.12349,1.07831,235,313,402,428,89,59,1124,195,104237
HHS Region,hhs3,2015,37,1.17368,1.05882,278,276,373,493,97,63,1207,205,113995
HHS Region,hhs3,2015,38,1.21361,1.22637,328,347,467,559,120,75,1429,210,116523
HHS Region,hhs3,2015,39,1.09616,1.20801,314,379,505,520,126,72,1411,199,116804
HHS Region,hhs3,2015,40,1.2178,1.24313,401,419,563,625,144,81,1670,280,134338
HHS Region,hhs3,2015,41,1.26021,1.33709,428,426,579,708,153,84,1799,276,134546
HHS Region,hhs3,2015,42,1.53341,1.60714,534,504,680,817,176,124,2155,277,134089
HHS Region,hhs3,2015,43,1.39535,1.42706,454,467,635,740,168,110,1939,280,135874
HHS Region,hhs3,2015,44,1.53447,1.63246,648,577,738,852,161,125,2363,285,144751
HHS Region,hhs3,2015,45,1.57587,1.63328,606,581,748,805,167,116,2275,283,139290
HHS Region,hhs3,2015,46,1.72001,1.79133,625,571,755,961,184,127,2468,281,137775
HHS Region,hhs3,2015,47,2.17414,2.0787,721,519,701,907,182,127,2456,283,118151
HHS Region,hhs3,2015,48,1.83996,1.94492,780,712,932,927,220,131,2770,290,142422
HHS Region,hhs3,2015,49,2.02023,2.07605,788,686,892,1068,206,161,2909,289,140122
HHS Region,hhs3,2015,50,2.27837,2.28721,960,689,942,1084,253,179,3165,288,138378
HHS Region,hhs3,2015,51,2.81511,2.69939,1054,738,1016,945,278,178,3193,274,118286
HHS Region,hhs3,2015,52,2.97706,2.64344,1172,781,1130,857,349,267,3426,277,129604
HHS Region,hhs3,2016,1,2.38365,2.26008,827,833,1147,891,314,188,3053,281,135084
HHS Region,hhs3,2016,2,2.32746,2.17537,766,709,961,948,252,181,2856,279,131288
HHS Region,hhs3,2016,3,2.28403,2.1224,655,597,815,758,218,118,2346,280,110535
HHS Region,hhs3,2016,4,2.23747,1.98983,728,641,873,857,232,136,2594,290,130363
HHS Region,hhs3,2016,5,1.9545,1.78274,550,582,818,781,236,127,2276,280,127669
HHS Region,hhs3,2016,6,2.25924,2.03305,607,696,956,904,260,140,2607,288,128231
HHS Region,hhs3,2016,7,2.5782,2.34559,648,975,1286,1017,311,170,3121,296,133058
HHS Region,hhs3,2016,8,2.92751,2.78542,746,1180,1633,1349,453,172,3900,281,140015
HHS Region,hhs3,2016,9,3.28807,3.27975,889,1403,1910,1726,507,188,4713,268,143700
HHS Region,hhs3,2016,10,3.98252,3.85746,997,1849,2532,1992,683,267,5788,269,150047
HHS Region,hhs3,2016,11,3.21284,3.44142,834,1583,2140,1766,557,298,5038,263,146393
HHS Region,hhs3,2016,12,2.99606,3.03961,875,1283,1742,1480,459,258,4355,266,143275
HHS Region,hhs3,2016,13,2.50992,2.75093,739,1138,1604,1171,466,235,3749,263,136281
HHS Region,hhs3,2016,14,2.08681,2.3459,571,1000,1371,1067,371,213,3222,260,137346
HHS Region,hhs3,2016,15,2.18209,2.39247,587,968,1368,1175,400,209,3339,268,139563
HHS Region,hhs3,2016,16,2.28142,2.50445,610,1031,1404,1349,373,224,3587,262,143225
HHS Region,hhs3,2016,17,2.1751,2.39375,517,956,1288,1314,332,222,3341,257,139572
HHS Region,hhs3,2016,18,1.88369,2.03615,457,722,1011,1116,289,156,2740,265,134568
HHS Region,hhs3,2016,19,1.7257,1.79738,501,643,847,908,204,126,2382,254,132526
HHS Region,hhs3,2016,20,1.66207,1.68194,439,586,787,834,201,121,2181,256,129672
HHS Region,hhs3,2016,21,1.53578,1.67341,530,498,653,791,155,148,2122,237,126807
HHS Region,hhs3,2016,22,1.76657,1.66837,575,446,606,753,160,117,2051,239,122934
HHS Region,hhs3,2016,23,1.48481,1.35015,490,383,507,616,124,90,1703,241,126134
HHS Region,hhs3,2016,24,1.24603,1.34838,445,380,499,591,119,69,1604,228,118958
HHS Region,hhs3,2016,25,1.27777,1.22334,416,318,424,446,106,69,1355,221,110762
HHS Region,hhs3,2016,26,1.17232,1.20469,386,302,395,434,93,66,1281,217,106334
HHS Region,hhs3,2016,27,1.08185,1.09677,321,263,363,429,100,56,1169,215,106586
HHS Region,hhs3,2016,28,0.966718,0.938241,285,239,328,382,89,54,1049,213,111805
HHS Region,hhs3,2016,29,0.960438,0.896441,289,207,277,350,70,60,976,212,108875
HHS Region,hhs3,2016,30,0.973083,0.959771,259,266,330,365,64,54,1008,211,105025
HHS Region,hhs3,2016,31,0.964079,0.890844,270,220,283,307,63,45,905,204,101589
HHS Region,hhs3,2016,32,0.958014,0.957379,253,231,315,358,84,70,996,202,104034
HHS Region,hhs3,2016,33,0.86297,0.880555,249,216,297,350,81,39,935,220,106183
HHS Region,hhs3,2016,34,0.919978,1.00667,292,280,364,442,84,53,1151,231,114337
HHS Region,hhs3,2016,35,1.07718,1.08214,302,307,391,524,84,61,1278,237,118099
HHS Region,hhs3,2016,36,1.14754,1.12262,305,315,425,505,110,80,1315,240,117137
HHS Region,hhs3,2016,37,1.00533,1.1879,356,388,529,592,141,71,1548,246,130314
HHS Region,hhs3,2016,38,1.0972,1.32839,379,398,538,717,140,86,1720,248,129480
HHS Region,hhs3,2016,39,1.16354,1.40705,396,449,606,698,157,82,1782,246,126648
HHS Region,hhs3,2016,40,1.1181,1.41288,416,443,620,743,177,109,1888,295,133628
HHS Region,hhs3,2016,41,1.08883,1.44772,417,511,669,737,158,137,1960,300,135385
HHS Region,hhs3,2016,42,1.17636,1.31576,506,524,701,765,177,118,2090,302,158844
HHS Region,hhs3,2016,43,1.22343,1.47704,551,548,753,819,205,112,2235,299,151316
HHS Region,hhs3,2016,44,1.35918,1.64112,630,566,784,886,218,118,2418,302,147338
HHS Region,hhs3,2016,45,1.42255,1.6269,673,564,763,795,199,130,2361,302,145123
HHS Region,hhs3,2016,46,1.44312,1.78452,737,583,782,815,199,129,2463,300,138020
HHS Region,hhs3,2016,47,1.74561,2.09089,769,576,753,789,177,144,2455,300,117414
HHS Region,hhs3,2016,48,1.4863,1.88844,757,688,911,799,223,153,2620,296,138739
HHS Region,hhs3,2016,49,1.62466,1.97832,793,625,851,869,226,140,2653,303,134104
HHS Region,hhs3,2016,50,1.91967,2.17105,789,717,963,944,246,125,2821,296,129937
HHS Region,hhs3,2016,51,2.22379,2.58874,864,835,1194,1052,359,206,3316,299,128093
HHS Region,hhs3,2016,52,3.05115,3.21417,1076,1096,1675,1015,579,467,4233,291,131698
HHS Region,hhs3,2017,1,2.70326,2.89289,891,1187,1745,1074,558,436,4146,307,143317
HHS Region,hhs3,2017,2,2.81366,2.99355,765,1081,1571,1160,490,344,3840,287,128276
HHS Region,hhs3,2017,3,3.09968,3.07817,708,1238,1817,1605,579,327,4457,304,144794
HHS Region,hhs3,2017,4,3.45232,3.24297,841,1293,1813,1757,520,326,4737,302,146070
HHS Region,hhs3,2017,5,3.73339,3.65659,809,1383,1965,2209,582,392,5375,307,146995
HHS Region,hhs3,2017,6,5.14024,4.88647,922,2021,2839,3158,818,521,7440,303,152257
HHS Region,hhs3,2017,7,5.20003,5.39126,1083,2216,3105,3672,889,544,8404,309,155882
HHS Region,hhs3,2017,8,5.04643,5.85189,1298,2646,3693,4012,1047,682,9685,310,165502
HHS Region,hhs3,2017,9,3.22344,3.74277,825,1631,2345,2239,714,425,5834,311,155874
HHS Region,hhs3,2017,10,3.16441,3.47463,812,1431,2046,2083,615,429,5370,310,154549
HHS Region,hhs3,2017,11,3.37065,3.55227,713,1491,2128,1993,637,396,5230,306,147230
HHS Region,hhs3,2017,12,3.04208,3.5999,792,1575,2273,2220,698,383,5668,302,157449
HHS Region,hhs3,2017,13,3.18057,3.55205,744,1488,2182,2122,694,366,5414,298,152419
HHS Region,hhs3,2017,14,2.2263,2.46224,617,983,1392,1368,409,289,3666,301,148889
HHS Region,hhs3,2017,15,1.68528,1.7175,407,677,1002,737,325,219,2365,292,137700
HHS Region,hhs3,2017,16,1.4153,1.33523,371,532,762,551,230,168,1852,294,138703
HHS Region,hhs3,2017,17,1.08681,1.07604,264,408,545,533,137,124,1466,286,136240
HHS Region,hhs3,2017,18,1.05564,1.02528,311,307,445,484,138,106,1346,269,131281
HHS Region,hhs3,2017,19,0.881369,0.88216,271,306,408,404,102,84,1167,279,132289
HHS Region,hhs3,2017,20,0.983731,0.881957,211,283,401,428,118,92,1132,269,128351
HHS Region,hhs3,2017,21,0.875947,0.946948,290,284,382,405,98,75,1152,253,121654
HHS Region,hhs3,2017,22,1.03431,1.04702,295,278,367,411,89,72,1145,248,109358
HHS Region,hhs3,2017,23,0.867823,0.896509,271,226,309,316,83,53,949,229,105855
HHS Region,hhs3,2017,24,0.763187,0.745672,197,182,246,269,64,62,774,232,103799
HHS Region,hhs3,2017,25,0.803839,0.806536,243,221,295,258,74,51,847,239,105017
HHS Region,hhs3,2017,26,0.772005,0.773235,188,175,240,234,65,48,710,221,91822
HHS Region,hhs3,2017,27,0.780702,0.683374,199,160,222,196,62,35,652,229,95409
HHS Region,hhs3,2017,28,0.742163,0.627225,185,159,208,191,49,29,613,215,97732
HHS Region,hhs3,2017,29,0.662374,0.626889,176,148,200,173,52,38,587,215,93637
HHS Region,hhs3,2017,30,0.704218,0.614978,171,151,199,182,48,34,586,200,95288
HHS Region,hhs3,2017,31,0.797999,0.678531,167,161,214,220,53,46,647,213,95353
HHS Region,hhs3,2017,32,0.586092,0.600416,155,167,215,163,48,24,557,214,92769
HHS Region,hhs3,2017,33,0.611163,0.619933,160,155,186,172,31,28,546,199,88074
HHS Region,hhs3,2017,34,0.623141,0.625839,208,138,178,195,40,25,606,208,96830
HHS Region,hhs3,2017,35,0.781271,0.738146,216,147,205,251,58,36,708,208,95916
HHS Region,hhs3,2017,36,0.855259,0.821776,261,169,228,299,59,54,842,219,102461
HHS Region,hhs3,2017,37,0.755999,0.775689,241,233,309,290,76,59,899,228,115897
HHS Region,hhs3,2017,38,0.85242,0.864202,286,227,295,361,68,57,999,221,115598
HHS Region,hhs3,2017,39,0.980626,0.983121,268,213,284,376,71,47,975,213,99174
HHS Region,hhs3,2017,40,0.926452,1.07097,600,506,708,739,202,142,2189,363,204394
HHS Region,hhs3,2017,41,0.990782,1.1312,595,478,674,707,196,167,2143,358,189444
HHS Region,hhs3,2017,42,1.02534,1.21089,706,499,672,765,173,144,2287,363,188869
HHS Region,hhs3,2017,43,1.1191,1.32338,711,535,740,853,205,150,2454,352,185434
HHS Region,hhs3,2017,44,1.1806,1.38637,758,625,826,827,201,148,2559,358,184583
HHS Region,hhs3,2017,45,1.30465,1.49433,950,610,847,865,237,168,2830,358,189382
HHS Region,hhs3,2017,46,1.581,1.68959,1027,707,977,1046,270,186,3236,358,191526
HHS Region,hhs3,2017,47,1.64013,1.83265,1021,648,909,912,261,229,3071,355,167572
HHS Region,hhs3,2017,48,1.60673,1.88811,1191,894,1228,1118,334,229,3766,363,199459
HHS Region,hhs3,2017,49,1.6323,1.8981,997,842,1197,1051,355,283,3528,357,185870
HHS Region,hhs3,2017,50,1.83916,2.14038,1106,972,1337,1154,365,299,3896,352,182024
HHS Region,hhs3,2017,51,2.29733,2.54086,1202,1203,1723,1321,520,430,4676,354,184032
HHS Region,hhs3,2017,52,3.53525,3.64237,1521,1707,2512,1387,805,730,6150,328,168846
HHS Region,hhs3,2018,1,3.43385,3.61412,1137,1999,3009,1469,1010,873,6488,357,179518
HHS Region,hhs3,2018,2,3.70733,4.03803,1102,2469,3651,1945,1182,934,7632,357,189003
HHS Region,hhs3,2018,3,4.75691,5.12435,1385,2904,4241,2671,1337,911,9208,358,179691
HHS Region,hhs3,2018,4,5.97045,6.64289,1884,4090,5947,4492,1857,1254,13577,358,204384
HHS Region,hhs3,2018,5,7.06078,8.16107,2378,4682,6657,6156,1975,1229,16420,355,201199
HHS Region,hhs3,2018,6,7.51172,8.63982,2285,5196,7334,6914,2138,1351,17884,363,206995
HHS Region,hhs3,2018,7,7.34917,8.54747,2231,5064,7234,6742,2170,1389,17596,354,205862
HHS Region,hhs3,2018,8,5.53973,6.2763,1619,3421,4866,4451,1445,965,11901,349,189618
HHS Region,hhs3,2018,9,3.78776,4.14463,1152,2246,3189,2703,943,558,7602,358,183418
HHS Region,hhs3,2018,10,2.89521,3.24699,972,1621,2276,2014,655,395,5657,348,174223
HHS Region,hhs3,2018,11,2.66651,3.09797,838,1553,2180,2094,627,357,5469,346,176535
HHS Region,hhs3,2018,12,2.52981,2.95197,834,1481,2083,1834,602,371,5122,344,173511
HHS Region,hhs3,2018,13,2.47931,2.72636,693,1202,1683,1409,481,298,4083,341,149760
HHS Region,hhs3,2018,14,1.99038,2.26959,774,1244,1808,1211,564,373,4166,341,183557
HHS Region,hhs3,2018,15,1.73251,1.92777,598,923,1396,1042,473,313,3349,340,173724
HHS Region,hhs3,2018,16,1.49447,1.59568,547,764,1070,916,306,227,2760,341,172967
HHS Region,hhs3,2018,17,1.33781,1.53968,540,654,935,991,281,191,2657,336,172568
HHS Region,hhs3,2018,18,1.25161,1.40644,541,539,777,885,238,192,2395,325,170288
HHS Region,hhs3,2018,19,0.886278,0.963847,351,320,453,525,133,116,1445,271,149920
HHS Region,hhs3,2018,20,0.866576,0.971672,446,395,566,605,171,121,1738,325,178867
HHS Region,hhs3,2018,21,0.90358,0.964511,491,351,469,595,118,114,1669,318,173041
HHS Region,hhs3,2018,22,0.923076,0.951434,486,347,487,545,140,90,1608,311,169008
HHS Region,hhs3,2018,23,1.00452,0.866476,442,345,486,469,141,93,1490,310,171961
HHS Region,hhs3,2018,24,0.728166,0.795013,364,306,404,415,98,86,1269,300,159620
HHS Region,hhs3,2018,25,0.689275,0.824888,419,324,429,409,105,73,1330,295,161234
HHS Region,hhs3,2018,26,0.689769,0.784248,392,321,425,368,104,84,1269,298,161811
HHS Region,hhs3,2018,27,0.665195,0.73955,330,258,345,376,87,90,1141,304,154283
HHS Region,hhs3,2018,28,0.65648,0.693118,289,287,381,350,94,83,1103,299,159136
HHS Region,hhs3,2018,29,0.468338,0.610629,257,225,302,298,77,69,926,290,151647
HHS Region,hhs3,2018,30,0.453637,0.564401,236,206,295,292,89,49,872,294,154500
HHS Region,hhs3,2018,31,0.471383,0.562823,212,213,288,314,75,65,879,295,156177
HHS Region,hhs3,2018,32,0.47077,0.541546,220,237,300,268,63,62,850,290,156958
HHS Region,hhs3,2018,33,0.48385,0.571484,243,207,283,297,76,56,879,291,153810
HHS Region,hhs3,2018,34,0.620948,0.666611,305,272,354,305,82,67,1031,291,154663
HHS Region,hhs3,2018,35,0.581021,0.680108,302,271,359,396,88,72,1129,294,166003
HHS Region,hhs3,2018,36,0.702887,0.807199,339,306,408,489,102,79,1315,293,162909
HHS Region,hhs3,2018,37,0.773528,0.954427,421,355,488,604,133,86,1599,303,167535
HHS Region,hhs3,2018,38,0.897002,1.07443,473,469,607,661,138,97,1838,298,171067
HHS Region,hhs3,2018,39,1.04843,1.23343,537,511,685,812,174,97,2131,304,172770
HHS Region,hhs3,2018,40,1.02938,1.26964,615,554,737,875,183,161,2388,354,188085
HHS Region,hhs3,2018,41,1.12617,1.37192,672,612,829,944,217,155,2600,357,189515
HHS Region,hhs3,2018,42,1.30645,1.54924,722,686,919,1017,233,179,2837,355,183122
HHS Region,hhs3,2018,43,1.29501,1.52173,760,652,895,961,243,172,2788,363,183213
HHS Region,hhs3,2018,44,1.50833,1.68767,832,702,961,1168,259,160,3121,359,184929
HHS Region,hhs3,2018,45,1.5906,1.78115,908,684,942,1116,258,190,3156,349,177189
HHS Region,hhs3,2018,46,1.542,1.91569,893,714,968,1064,254,213,3138,339,163805
HHS Region,hhs3,2018,47,1.82669,2.21005,1079,677,922,949,245,222,3172,341,143526
HHS Region,hhs3,2018,48,1.66322,1.95037,1155,955,1320,1101,365,300,3876,348,198732
HHS Region,hhs3,2018,49,1.6979,2.07604,1066,807,1128,1063,321,213,3470,346,167145
HHS Region,hhs3,2018,50,2.07991,2.41516,1234,917,1276,1241,359,201,3952,338,163633
HHS Region,hhs3,2018,51,2.42371,2.63118,1370,1053,1433,1437,380,282,4522,339,171862
HHS Region,hhs3,2018,52,3.02437,3.26381,1495,1164,1671,1219,507,327,4712,344,144371
HHS Region,hhs3,2019,1,3.0555,3.19444,1495,1573,2265,1214,692,512,5486,347,171736
HHS Region,hhs3,2019,2,2.70743,2.88671,1091,1484,2139,1434,655,416,5080,348,175979
HHS Region,hhs3,2019,3,3.00594,3.00526,1089,1438,1986,1678,548,331,5084,350,169170
HHS Region,hhs3,2019,4,3.42145,3.61307,1322,1827,2480,2104,653,348,6254,357,173094
HHS Region,hhs3,2019,5,3.61022,4.31088,1253,2139,2901,2598,762,421,7173,355,166393
HHS Region,hhs3,2019,6,4.22377,4.86725,1643,2683,3744,3517,1061,625,9529,354,195778
HHS Region,hhs3,2019,7,4.46423,5.30076,1727,2705,3747,3869,1042,613,9956,356,187822
HHS Region,hhs3,2019,8,4.63998,5.80697,1684,2998,4147,3843,1149,739,10413,349,179319
HHS Region,hhs3,2019,9,4.39673,5.14154,1503,2728,3842,3691,1114,701,9737,357,189379
HHS Region,hhs3,2019,10,4.24765,4.98241,1450,2585,3697,3497,1112,677,9321,353,187078
HHS Region,hhs3,2019,11,4.33347,4.91948,1613,2618,3640,3624,1022,681,9558,351,194289
HHS Region,hhs3,2019,12,3.57671,3.8461,1397,2163,3049,2859,886,659,7964,350,207067
HHS Region,hhs3,2019,13,3.12954,3.48969,1218,1670,2380,2399,710,561,6558,352,187925
HHS Region,hhs3,2019,14,2.46967,2.84488,995,1364,1917,1823,553,436,5171,351,181765
HHS Region,hhs3,2019,15,1.96737,2.28315,880,1092,1537,1445,445,369,4231,348,185314
HHS Region,hhs3,2019,16,1.51843,1.74326,769,733,1027,941,294,255,2992,347,171632
HHS Region,hhs3,2019,17,1.2436,1.51697,813,629,898,849,269,240,2800,358,184578
HHS Region,hhs3,2019,18,1.08402,1.32709,689,567,776,806,209,208,2479,355,186800
HHS Region,hhs3,2019,19,1.02676,1.28365,690,494,670,797,176,187,2344,344,182604
HHS Region,hhs3,2019,20,0.932613,1.40155,557,381,549,658,168,140,1904,261,135850
HHS Region,hhs3,2019,21,1.01843,1.29077,676,459,638,740,179,180,2234,296,173075
HHS Region,hhs3,2019,22,1.04391,1.26352,649,431,614,705,183,173,2141,290,169447
HHS Region,hhs3,2019,23,0.916497,1.15601,563,419,583,595,164,139,1880,296,162629
HHS Region,hhs3,2019,24,0.757823,1.02199,488,378,499,546,121,111,1644,301,160863
HHS Region,hhs3,2019,25,0.750334,1.01047,396,362,510,465,148,136,1507,287,149139
HHS Region,hhs3,2019,26,0.629509,0.87628,384,322,431,400,109,123,1338,261,152691
HHS Region,hhs3,2019,27,0.542949,0.771633,319,272,382,348,110,105,1154,294,149553
HHS Region,hhs3,2019,28,0.518661,0.738983,294,268,393,370,125,92,1149,284,155484
HHS Region,hhs3,2019,29,0.523784,0.713582,285,248,358,364,110,94,1101,287,154292
HHS Region,hhs3,2019,30,0.496675,0.673731,272,252,364,333,112,68,1037,289,153919
HHS Region,hhs3,2019,31,0.486716,0.66899,245,264,352,320,88,87,1004,285,150077
HHS Region,hhs3,2019,32,0.461385,0.596892,241,239,315,281,76,78,915,291,153294
HHS Region,hhs3,2019,33,0.486512,0.690676,330,272,364,320,92,69,1083,293,156803
HHS Region,hhs3,2019,34,0.517061,0.763716,325,313,417,368,104,81,1191,296,155948
HHS Region,hhs3,2019,35,0.539185,0.79553,343,345,451,432,106,84,1310,306,164670
HHS Region,hhs3,2019,36,0.639543,0.891977,410,331,465,577,134,113,1565,303,175453
HHS Region,hhs3,2019,37,0.78208,1.09027,460,484,625,742,141,110,1937,309,177663
HHS Region,hhs3,2019,38,0.878713,1.25132,547,541,713,860,172,100,2220,309,177412
HHS Region,hhs3,2019,39,0.981034,1.39325,644,635,825,930,190,140,2539,313,182236
HHS Region,hhs3,2019,40,1.16365,1.30127,797,754,1021,1055,267,182,3055,416,234770
HHS Region,hhs3,2019,41,1.28536,1.44862,874,844,1175,1137,331,250,3436,423,237191
HHS Region,hhs3,2019,42,1.40386,1.56451,986,842,1180,1118,338,270,3554,418,227164
HHS Region,hhs3,2019,43,1.5576,1.70721,1079,1044,1426,1322,382,256,4083,431,239162
HHS Region,hhs3,2019,44,1.5272,1.70806,1133,929,1279,1338,350,251,4001,421,234242
HHS Region,hhs3,2019,45,1.69368,1.86671,1265,1069,1460,1405,391,249,4379,429,234584
HHS Region,hhs3,2019,46,1.86702,2.09849,1362,1158,1573,1630,415,268,4833,420,230308
HHS Region,hhs3,2019,47,2.05799,2.30235,1567,1251,1767,1931,516,298,5563,423,241623
HHS Region,hhs3,2019,48,2.39073,2.78915,1858,1346,1826,1887,480,345,5916,421,212108
HHS Region,hhs3,2019,49,2.4231,2.74302,1584,1780,2329,2155,549,394,6462,414,235580
HHS Region,hhs3,2019,50,2.98098,3.50314,1960,2086,2718,3221,632,453,8352,421,238415
HHS Region,hhs3,2019,51,3.91613,4.62192,2378,2728,3502,4726,774,541,11147,421,241177
HHS Region,hhs3,2019,52,5.64113,6.64172,3347,4101,5312,5743,1211,878,15280,423,230061
HHS Region,hhs3,2020,1,5.48181,6.17629,3240,5062,6627,4229,1565,1190,15286,421,247495
HHS Region,hhs3,2020,2,4.40187,4.89144,2233,4047,5358,3595,1311,901,12087,424,247105
HHS Region,hhs3,2020,3,4.61257,5.0088,2259,3677,4871,4403,1194,764,12297,426,245508
HHS Region,hhs3,2020,4,5.28306,5.81464,2485,4099,5495,5202,1396,735,13917,420,239344
HHS Region,hhs3,2020,5,6.30302,6.89784,2774,5385,7133,6891,1748,872,17670,425,256167
HHS Region,hhs3,2020,6,6.49099,7.25431,2740,5763,7701,7200,1938,1053,18694,424,257695
HHS Region,hhs3,2020,7,5.78865,6.37186,2593,5466,7355,6348,1889,1057,17353,423,272338
HHS Region,hhs3,2020,8,5.27725,5.90899,2277,4674,6384,4986,1710,891,14538,426,246032
HHS Region,hhs3,2020,9,5.16024,5.68881,2126,4671,6377,4702,1706,921,14126,420,248312
HHS Region,hhs3,2020,10,5.13153,5.61658,2069,4944,6779,4777,1835,1102,14727,417,262206
HHS Region,hhs3,2020,11,6.09776,6.61141,2287,6065,8445,4976,2380,1251,16959,417,256511
HHS Region,hhs3,2020,12,6.81039,6.98702,1788,5201,7278,3066,2077,1117,13249,418,189623
HHS Region,hhs3,2020,13,4.91256,5.0571,886,3147,4551,1297,1404,794,7528,414,148860
HHS Region,hhs3,2020,14,3.75135,3.86041,370,2097,3168,800,1071,673,5011,394,129805
HHS Region,hhs3,2020,15,2.96253,3.12685,270,1750,2584,535,834,524,3913,387,125142
HHS Region,hhs3,2020,16,2.40233,2.61699,159,1467,2148,452,681,419,3178,376,121437
HHS Region,hhs3,2020,17,2.03126,2.20497,129,1440,2079,420,639,362,2990,405,135603
HHS Region,hhs3,2020,18,1.80028,1.99278,121,1386,1980,388,594,354,2843,396,142665
HHS Region,hhs3,2020,19,1.44721,1.64271,121,1121,1645,360,524,290,2416,392,147074
HHS Region,hhs3,2020,20,1.29184,1.3999,121,938,1411,350,473,258,2140,388,152868
HHS Region,hhs3,2020,21,1.12455,1.23179,140,849,1227,348,378,248,1963,379,159362
HHS Region,hhs3,2020,22,0.831455,0.859724,78,545,855,239,310,222,1394,377,162145
HHS Region,hhs3,2020,23,0.700111,0.762083,89,515,779,241,264,200,1309,373,171766
HHS Region,hhs3,2020,24,0.599171,0.645058,87,454,670,229,216,179,1165,367,180604
HHS Region,hhs3,2020,25,0.619158,0.661948,98,462,657,255,195,187,1197,369,180830
HHS Region,hhs3,2020,26,0.671284,0.711887,126,438,688,326,250,185,1325,365,186125
HHS Region,hhs3,2020,27,0.667235,0.70078,85,493,716,297,223,207,1305,368,186221
HHS Region,hhs3,2020,28,0.768564,0.78445,144,656,939,356,283,212,1651,376,210466
HHS Region,hhs3,2020,29,0.835595,0.852282,153,653,960,423,307,223,1759,374,206387
HHS Region,hhs3,2020,30,0.775372,0.794024,166,580,872,377,292,205,1620,372,204024
HHS Region,hhs3,2020,31,0.884128,0.882363,183,670,972,434,302,239,1828,370,207171
HHS Region,hhs3,2020,32,0.790175,0.801425,171,547,826,388,279,230,1615,370,201516
HHS Region,hhs3,2020,33,0.783013,0.781674,166,526,801,405,275,226,1598,370,204433
HHS Region,hhs3,2020,34,0.799443,0.801261,180,576,812,388,236,247,1627,368,203055
HHS Region,hhs3,2020,35,0.777193,0.780685,196,539,800,404,261,187,1587,369,203283
HHS Region,hhs3,2020,36,0.682317,0.719321,176,485,712,395,227,172,1455,369,202274
HHS Region,hhs3,2020,37,0.777628,0.772234,162,499,726,471,227,184,1543,344,199810
HHS Region,hhs3,2020,38,0.65222,0.6841,173,482,684,333,202,162,1352,367,197632
HHS Region,hhs3,2020,39,0.956806,0.872576,195,539,746,545,207,162,1648,349,188866
HHS Region,hhs3,2020,40,0.872204,0.895359,258,611,890,549,279,220,1917,423,214104
HHS Region,hhs3,2020,41,1.11601,1.15555,259,814,1211,686,397,285,2441,401,211242
HHS Region,hhs3,2020,42,0.929564,0.939282,228,694,1003,474,309,253,1958,401,208457
HHS Region,hhs3,2020,43,0.983264,0.977183,230,774,1094,520,320,246,2090,402,213880
HHS Region,hhs3,2020,44,1.07355,1.06052,225,751,1148,475,397,347,2195,402,206974
HHS Region,hhs3,2020,45,1.17888,1.16745,267,907,1300,575,393,291,2433,401,208403
HHS Region,hhs3,2020,46,1.34277,1.28186,285,1051,1548,633,497,365,2831,399,220851
HHS Region,hhs3,2020,47,1.44812,1.41396,270,1074,1709,659,635,379,3017,396,213373
HHS Region,hhs3,2020,48,1.71527,1.67186,309,1123,1794,656,671,514,3273,399,195770
HHS Region,hhs3,2020,49,1.61044,1.55487,306,1174,1874,630,700,511,3321,402,213587
HHS Region,hhs3,2020,50,1.51265,1.47045,257,1084,1692,557,608,532,3038,405,206603
HHS Region,hhs3,2020,51,1.34833,1.38118,251,996,1615,489,619,421,2776,399,200988
HHS Region,hhs3,2020,52,1.39189,1.46824,184,1040,1675,477,635,500,2836,407,193156
HHS Region,hhs3,2020,53,1.37581,1.50619,252,1136,1862,579,726,513,3206,407,212855
HHS Region,hhs3,2021,1,1.30551,1.42572,225,1216,1892,661,676,431,3209,408,225080
HHS Region,hhs3,2021,2,1.10168,1.23683,232,970,1562,478,592,362,2634,402,212963
HHS Region,hhs3,2021,3,1.04704,1.12627,246,852,1295,478,443,332,2351,406,208743
HHS Region,hhs3,2021,4,0.961917,1.05753,254,775,1175,457,400,274,2160,405,204250
HHS Region,hhs3,2021,5,0.870191,0.934207,236,656,1009,370,353,215,1830,400,195888
HHS Region,hhs3,2021,6,0.811812,0.868546,232,548,864,395,316,198,1689,401,194463
HHS Region,hhs3,2021,7,0.732699,0.776112,198,498,751,342,253,190,1481,397,190823
HHS Region,hhs3,2021,8,0.703559,0.735565,221,493,742,355,249,201,1519,398,206508
HHS Region,hhs3,2021,9,0.732264,0.757477,245,455,694,389,239,189,1517,394,200270
HHS Region,hhs3,2021,10,0.728643,0.754514,300,462,704,411,242,170,1585,398,210069
HHS Region,hhs3,2021,11,0.758056,0.788195,293,480,749,451,269,180,1673,398,212257
HHS Region,hhs3,2021,12,0.838546,0.867541,352,583,886,475,303,180,1893,395,218203
HHS Region,hhs3,2021,13,0.900336,0.894225,303,644,996,483,352,174,1956,394,218737
HHS Region,hhs3,2021,14,0.88711,0.903526,330,673,1010,498,337,165,2003,392,221687
HHS Region,hhs3,2021,15,0.896471,0.899838,337,684,1017,525,333,187,2066,388,229597
HHS Region,hhs3,2021,16,0.872594,0.87916,396,604,902,505,298,165,1968,390,223850
HHS Region,hhs3,2021,17,0.918452,0.932785,451,632,902,616,270,149,2118,393,227062
HHS Region,hhs3,2021,18,0.87886,0.897024,501,534,756,601,222,164,2022,397,225412
HHS Region,hhs3,2021,19,0.862832,0.90752,560,481,702,591,221,159,2012,395,221703
HHS Region,hhs3,2021,20,0.86032,0.93235,668,521,716,586,195,144,2114,389,226739
HHS Region,hhs3,2021,21,0.831963,0.88112,649,434,612,544,178,128,1933,376,219380
HHS Region,hhs3,2021,22,0.824632,0.875193,638,411,567,539,156,125,1869,367,213553
HHS Region,hhs3,2021,23,0.792905,0.87063,749,397,556,507,159,122,1934,359,222138
HHS Region,hhs3,2021,24,0.899278,0.962306,878,419,599,528,180,128,2133,360,221655
HHS Region,hhs3,2021,25,0.972835,1.05947,945,447,639,602,192,164,2350,360,221810
HHS Region,hhs3,2021,26,0.935348,1.02025,973,418,593,582,175,126,2274,360,222886
HHS Region,hhs3,2021,27,1.01687,1.10319,994,474,646,667,172,175,2482,359,224983
HHS Region,hhs3,2021,28,1.06032,1.1499,1094,537,777,632,240,160,2663,359,231585
HHS Region,hhs3,2021,29,1.18315,1.28424,1197,621,848,742,227,198,2985,357,232433
HHS Region,hhs3,2021,30,1.29237,1.44817,1245,737,1029,982,292,222,3478,357,240165
HHS Region,hhs3,2021,31,1.45968,1.65002,1409,898,1284,1020,386,274,3987,355,241634
HHS Region,hhs3,2021,32,1.51741,1.68055,1442,1027,1397,989,370,269,4097,355,243789
HHS Region,hhs3,2021,33,1.58576,1.86133,1577,1105,1608,1210,503,266,4661,359,250413
HHS Region,hhs3,2021,34,1.73369,1.98737,1689,1135,1628,1474,493,323,5114,352,257325
HHS Region,hhs3,2021,35,1.88549,2.15186,1722,1235,1774,1520,539,312,5328,354,247600
HHS Region,hhs3,2021,36,2.16655,2.35401,1897,1349,1954,1898,605,370,6119,362,259939
HHS Region,hhs3,2021,37,2.17124,2.32954,1911,1304,1875,2098,571,376,6260,364,268723
HHS Region,hhs3,2021,38,2.14363,2.35301,1834,1205,1718,2142,513,331,6025,358,256055
HHS Region,hhs3,2021,39,1.76024,1.73216,729,451,639,788,188,174,2330,193,134514
HHS Region,hhs3,2021,40,2.07624,2.20266,1648,1121,1620,2090,499,378,5736,400,260413
HHS Region,hhs3,2021,41,1.86601,1.98064,1568,1033,1479,1593,446,342,4982,392,251535
HHS Region,hhs3,2021,42,1.83665,1.96385,1344,731,1115,1353,384,221,4033,337,205362
HHS Region,hhs3,2021,43,1.76078,1.88082,1471,991,1376,1477,385,272,4596,394,244362
HHS Region,hhs3,2021,44,1.71038,1.75301,1276,854,1186,1393,332,291,4146,389,236508
HHS Region,hhs3,2021,45,1.90003,1.90492,1412,965,1355,1603,390,324,4694,395,246414
HHS Region,hhs3,2021,46,2.06674,2.12507,1390,1028,1501,2036,473,303,5230,395,246110
HHS Region,hhs3,2021,47,2.10718,2.19252,1336,1067,1558,1483,491,364,4741,389,216235
HHS Region,hhs3,2021,48,2.30561,2.40998,1551,1405,2114,1935,709,469,6069,390,251828
HHS Region,hhs3,2021,49,2.4867,2.63333,1463,1561,2208,2408,647,473,6552,395,248810
HHS Region,hhs3,2021,50,2.72585,2.89722,1665,1909,2673,2701,764,488,7527,399,259801
HHS Region,hhs3,2021,51,3.71184,4.13815,1881,3612,4804,3278,1192,668,10631,398,256902
HHS Region,hhs3,2021,52,5.06318,5.83947,2641,6668,8910,4400,2242,1061,17012,390,291328
HHS Region,hhs3,2022,1,4.14812,4.82121,1878,4932,6746,3306,1814,903,12833,391,266178
HHS Region,hhs3,2022,2,2.88744,3.4218,1194,2940,4082,2377,1142,666,8319,399,243118
HHS Region,hhs3,2022,3,2.17667,2.5625,910,1862,2619,1416,757,390,5335,395,208195
HHS Region,hhs3,2022,4,1.53037,1.721,662,1109,1635,988,526,323,3608,394,209646
HHS Region,hhs3,2022,5,1.19112,1.28853,520,712,1074,763,362,227,2584,395,200538
HHS Region,hhs3,2022,6,1.05763,1.12014,579,572,817,765,245,195,2356,393,210331
HHS Region,hhs3,2022,7,1.08306,1.13049,640,470,712,813,242,177,2342,396,207167
HHS Region,hhs3,2022,8,0.945265,1.03869,580,495,698,762,203,156,2196,397,211420
HHS Region,hhs3,2022,9,1.1488,1.18198,705,548,721,1017,173,133,2576,394,217939
HHS Region,hhs3,2022,10,1.24137,1.31592,833,538,737,1148,199,172,2890,399,219618
HHS Region,hhs3,2022,11,1.31766,1.37527,825,617,862,1240,245,188,3115,395,226501
HHS Region,hhs3,2022,12,1.39668,1.44086,846,613,871,1323,258,219,3259,385,226184
HHS Region,hhs3,2022,13,1.53544,1.60224,1019,703,929,1458,226,208,3614,391,225559
HHS Region,hhs3,2022,14,1.61093,1.70219,1110,760,1068,1503,308,237,3918,385,230174
HHS Region,hhs3,2022,15,1.63507,1.74165,1145,798,1103,1456,305,283,3987,384,228921
HHS Region,hhs3,2022,16,1.6224,1.72766,1169,831,1161,1365,330,290,3985,385,230659
HHS Region,hhs3,2022,17,1.63586,1.7612,1220,831,1193,1521,362,324,4258,387,241767
HHS Region,hhs3,2022,18,1.8715,2.05,1393,1007,1419,1847,412,336,4995,389,243658
HHS Region,hhs3,2022,19,1.98978,2.21919,1506,1142,1620,2008,478,417,5551,381,250136
HHS Region,hhs3,2022,20,1.97858,2.2623,1667,1229,1727,2046,498,406,5846,380,258410
HHS Region,hhs3,2022,21,1.87953,2.16823,1637,1057,1544,1799,487,403,5383,373,248267
HHS Region,hhs3,2022,22,1.89286,2.2003,1779,1057,1527,1713,470,417,5436,376,247057
HHS Region,hhs3,2022,23,1.74773,2.02447,1684,1009,1418,1556,409,376,5034,374,248658
HHS Region,hhs3,2022,24,1.57667,1.86291,1542,885,1269,1322,384,362,4495,371,241289
HHS Region,hhs3,2022,25,1.55478,1.84642,1481,978,1400,1159,422,375,4415,374,239112
HHS Region,hhs3,2022,26,1.39483,1.62633,1347,883,1280,929,397,360,3916,372,240787
HHS Region,hhs3,2022,27,1.39336,1.61957,1196,927,1355,962,428,384,3897,375,240619
HHS Region,hhs3,2022,28,1.33475,1.53486,1100,908,1347,907,439,364,3718,369,242237
HHS Region,hhs3,2022,29,1.33256,1.54548,1071,920,1356,984,436,396,3807,375,246331
HHS Region,hhs3,2022,30,1.38624,1.60425,1095,997,1443,952,446,403,3893,369,242668
HHS Region,hhs3,2022,31,1.36712,1.56638,1105,958,1355,947,397,368,3775,368,241001
HHS Region,hhs3,2022,32,1.29019,1.48299,980,844,1263,958,419,368,3569,365,240663
HHS Region,hhs3,2022,33,1.30897,1.52475,1060,857,1258,984,401,339,3641,368,238793
HHS Region,hhs3,2022,34,1.30079,1.52477,988,886,1251,1094,365,311,3644,361,238987
HHS Region,hhs3,2022,35,1.51231,1.70549,1130,901,1274,1427,373,296,4127,361,241983
HHS Region,hhs3,2022,36,1.58163,1.78526,1302,835,1197,1532,362,311,4342,364,243214
HHS Region,hhs3,2022,37,1.80763,2.01872,1589,917,1256,1974,339,292,5111,375,253180
HHS Region,hhs3,2022,38,1.95406,2.19445,1892,917,1282,2055,365,317,5546,373,252729
HHS Region,hhs3,2022,39,2.06796,2.33527,1945,917,1322,2137,405,342,5746,373,246053
HHS Region,hhs3,2022,40,2.23835,2.50605,2320,950,1328,2215,378,413,6276,400,250434
HHS Region,hhs3,2022,41,2.56068,2.80193,2532,1041,1500,2568,459,367,6967,418,248650
HHS Region,hhs3,2022,42,3.10605,3.51478,3108,1383,1954,3834,571,508,9404,415,267556
HHS Region,hhs3,2022,43,4.47162,5.12427,4257,2082,2899,6457,817,632,14245,415,277991
HHS Region,hhs3,2022,44,5.6356,6.65003,4893,3216,4200,9230,984,758,19081,406,286931
HHS Region,hhs3,2022,45,5.62007,6.51518,5005,3357,4421,8487,1064,833,18746,415,287728
HHS Region,hhs3,2022,46,5.24328,5.9711,3952,3275,4342,6949,1067,814,16057,416,268912
HHS Region,hhs3,2022,47,6.33053,7.1181,4145,3892,5302,7344,1410,1223,18014,416,253073
HHS Region,hhs3,2022,48,6.10594,6.70477,3896,4990,6813,6530,1823,1612,18851,415,281158
HHS Region,hhs3,2022,49,5.31743,5.71092,2949,3804,5336,5670,1532,1326,15281,415,267575
HHS Region,hhs3,2022,50,4.88961,5.23289,2508,3403,4774,4940,1371,1172,13394,413,255958
HHS Region,hhs3,2022,51,4.45591,4.85469,2264,3067,4442,3508,1375,1215,11429,409,235422
HHS Region,hhs3,2022,52,4.05312,3.85456,1255,1579,2455,1453,876,886,6049,407,156931
HHS Region,hhs3,2023,1,3.12744,3.4484,1596,2695,3984,2101,1289,1268,8949,407,259512
HHS Region,hhs3,2023,2,2.41515,2.66941,1254,1712,2515,1892,803,725,6386,413,239229
HHS Region,hhs3,2023,3,2.21201,2.48444,1196,1551,2248,1890,697,575,5909,414,237840
HHS Region,hhs3,2023,4,2.20295,2.46347,1281,1517,2171,1993,654,513,5958,417,241854
HHS Region,hhs3,2023,5,2.21835,2.50238,1329,1515,2103,2151,588,482,6065,420,242369
HHS Region,hhs3,2023,6,2.24567,2.50594,1390,1543,2186,2375,643,499,6450,422,257388
HHS Region,hhs3,2023,7,2.17152,2.3769,1434,1444,2029,2071,585,470,6004,411,252598
HHS Region,hhs3,2023,8,2.11638,2.31921,1416,1357,1901,2154,544,444,5915,414,255044
HHS Region,hhs3,2023,9,2.03288,2.25272,1292,1360,1874,2094,514,428,5688,417,252495
HHS Region,hhs3,2023,10,2.06346,2.25277,1387,1315,1774,2122,459,391,5674,419,251868
HHS Region,hhs3,2023,11,2.12163,2.34137,1466,1305,1793,2195,488,461,5915,417,252630
HHS Region,hhs3,2023,12,2.10675,2.32846,1486,1383,1890,2199,507,429,6004,414,257853
HHS Region,hhs3,2023,13,1.97933,2.18622,1341,1202,1663,2110,461,391,5505,414,251805
HHS Region,hhs3,2023,14,1.78755,2.03309,1242,977,1382,1586,405,335,4545,407,223551
HHS Region,hhs3,2023,15,1.58405,1.75547,1141,1041,1389,1518,348,334,4382,409,249620
HHS Region,hhs3,2023,16,1.4446,1.60849,969,931,1270,1534,339,315,4088,410,254151
HHS Region,hhs3,2023,17,1.4809,1.6804,1014,946,1285,1615,339,298,4212,409,250655
HHS Region,hhs3,2023,18,1.72115,1.88272,1026,970,1474,1871,504,359,4730,409,251232
HHS Region,hhs3,2023,19,1.74879,1.90944,1141,938,1401,1916,463,390,4848,409,253897
HHS Region,hhs3,2023,20,1.5016,1.70115,1022,927,1264,1771,337,261,4318,406,253829
HHS Region,hhs3,2023,21,1.45264,1.63744,929,890,1221,1642,331,301,4093,403,249964
HHS Region,hhs3,2023,22,1.41801,1.62706,1001,856,1165,1586,309,292,4044,404,248547
HHS Region,hhs3,2023,23,1.31017,1.50318,922,806,1067,1474,261,271,3734,403,248407
HHS Region,hhs3,2023,24,1.17228,1.3279,817,764,1048,1234,284,200,3299,402,248438
HHS Region,hhs3,2023,25,1.05632,1.20763,720,696,916,993,220,228,2857,404,236580
HHS Region,hhs3,2023,26,0.933772,1.04977,672,599,836,805,237,209,2522,395,240243
HHS Region,hhs3,2023,27,0.876963,0.998174,575,570,805,759,235,217,2356,392,236031
HHS Region,hhs3,2023,28,0.852206,0.953849,551,578,828,738,250,235,2352,396,246580
HHS Region,hhs3,2023,29,0.821093,0.934918,522,630,849,698,219,228,2297,395,245690
HHS Region,hhs3,2023,30,0.836937,0.948235,531,572,833,717,261,239,2320,396,244665
HHS Region,hhs3,2023,31,0.866014,0.975705,535,632,902,680,270,228,2345,395,240339
HHS Region,hhs3,2023,32,0.888286,1.02793,535,712,1003,691,291,279,2508,389,243985
HHS Region,hhs3,2023,33,0.989596,1.14631,565,830,1154,781,324,325,2825,392,246444
HHS Region,hhs3,2023,34,1.09308,1.28872,631,939,1298,948,359,330,3207,399,248852
HHS Region,hhs3,2023,35,1.30403,1.52574,769,1050,1470,1267,420,353,3859,402,252926
HHS Region,hhs3,2023,36,1.52706,1.74639,885,1219,1691,1558,472,392,4526,403,259163
HHS Region,hhs3,2023,37,1.58777,1.81586,1000,1223,1659,1633,436,434,4726,401,260262
HHS Region,hhs3,2023,38,1.76399,1.97374,1088,1238,1760,1784,522,439,5071,402,256924
HHS Region,hhs3,2023,39,1.70465,1.92999,1193,1172,1686,1605,514,464,4948,400,256375
HHS Region,hhs3,2023,40,1.87296,2.09903,1466,1226,1749,1936,523,488,5639,426,268648
HHS Region,hhs3,2023,41,1.86605,2.13249,1568,1259,1735,1901,476,437,5641,430,264526
HHS Region,hhs3,2023,42,2.03968,2.31707,1807,1269,1810,2083,541,488,6188,431,267061
HHS Region,hhs3,2023,43,2.16911,2.4751,2140,1307,1898,2245,591,459,6742,432,272393
HHS Region,hhs3,2023,44,2.30667,2.58954,2100,1361,1954,2361,593,412,6827,427,263638
HHS Region,hhs3,2023,45,2.46843,2.74994,2400,1528,2197,2517,669,522,7636,442,277679
HHS Region,hhs3,2023,46,2.65417,2.74373,1898,1192,1672,2012,480,460,6042,440,220211
HHS Region,hhs3,2023,47,2.79048,3.09592,2254,1626,2337,2357,711,652,7600,439,245484
HHS Region,hhs3,2023,48,2.97648,3.22584,2357,2234,3120,2814,886,820,9111,439,282438
HHS Region,hhs3,2023,49,3.25004,3.58205,2320,2335,3353,3619,1018,841,10133,435,282883
HHS Region,hhs3,2023,50,3.91486,4.3079,2470,2967,4163,4613,1196,931,12177,434,282667
HHS Region,hhs3,2023,51,4.77007,5.34884,2812,4105,5857,5044,1752,1397,15110,438,282491
HHS Region,hhs3,2023,52,5.64182,6.23306,3199,5280,7744,4363,2464,2124,17430,435,279638
HHS Region,hhs3,2024,1,4.47601,4.89294,2236,4227,6236,3244,2009,1650,13366,436,273169
HHS Region,hhs3,2024,2,3.70689,4.05388,1763,3202,4732,3200,1530,1182,10877,429,268311
HHS Region,hhs3,2024,3,3.28604,3.62744,1497,2528,3511,2770,983,773,8551,441,235731
HHS Region,hhs3,2024,4,3.12589,3.49782,1496,2709,3798,3211,1089,741,9246,440,264336
HHS Region,hhs3,2024,5,3.11317,3.43804,1546,2495,3448,3406,953,672,9072,437,263871
HHS Region,hhs3,2024,6,3.36004,3.70253,1665,2624,3593,4203,969,696,10157,438,274326
HHS Region,hhs3,2024,7,3.50247,3.90066,1738,2760,3661,4375,901,702,10476,440,268570
HHS Region,hhs3,2024,8,3.6259,3.95783,1775,2979,3973,4495,994,757,11000,437,277930
HHS Region,hhs3,2024,9,3.68057,4.02617,1899,2979,3956,4582,977,746,11183,438,277758
HHS Region,hhs3,2024,10,3.31455,3.66003,1862,2643,3478,3973,835,679,9992,440,273003
HHS Region,hhs3,2024,11,2.77101,3.05071,1721,2023,2708,3273,685,594,8296,442,271937
HHS Region,hhs3,2024,12,2.63001,2.86219,1618,1896,2546,3025,650,482,7671,442,268012
HHS Region,hhs3,2024,13,2.4482,2.69061,1519,1837,2399,2447,562,537,6902,439,256522
HHS Region,hhs3,2024,14,2.28429,2.48101,1464,1727,2395,1969,668,509,6337,440,255420
HHS Region,hhs3,2024,15,1.87934,2.09286,1450,1445,1958,1841,513,437,5686,447,271686
HHS Region,hhs3,2024,16,1.71759,1.83553,1186,1183,1666,1684,483,426,4962,454,270330
HHS Region,hhs3,2024,17,1.65846,1.79723,1145,1093,1510,1743,417,355,4753,447,264463
HHS Region,hhs3,2024,18,1.61136,1.76177,1153,1059,1437,1785,378,338,4713,445,267515
HHS Region,hhs3,2024,19,1.53209,1.65324,998,1025,1437,1568,412,418,4421,449,267415
HHS Region,hhs3,2024,20,1.50234,1.65215,1020,1015,1401,1551,386,373,4345,441,262990
HHS Region,hhs3,2024,21,1.40974,1.54987,1013,940,1322,1427,382,379,4141,438,267184
HHS Region,hhs3,2024,22,1.32521,1.44435,908,844,1185,1285,341,354,3732,440,258386
HHS Region,hhs3,2024,23,1.25131,1.35798,877,836,1180,1158,344,354,3569,441,262817
HHS Region,hhs3,2024,24,1.206,1.31847,798,793,1122,1119,329,365,3404,437,258179
HHS Region,hhs3,2024,25,1.04847,1.16663,648,798,1111,903,313,294,2956,436,253380
HHS Region,hhs3,2024,26,1.04892,1.16239,604,797,1144,894,347,341,2983,436,256627
HHS Region,hhs3,2024,27,1.06446,1.17519,566,759,1069,875,310,329,2839,435,241577
HHS Region,hhs3,2024,28,0.995213,1.10223,568,823,1155,829,332,329,2881,432,261380
HHS Region,hhs3,2024,29,1.0089,1.13103,524,833,1180,841,347,327,2872,429,253928
HHS Region,hhs3,2024,30,1.12837,1.27075,587,906,1306,944,400,406,3243,431,255203
HHS Region,hhs3,2024,31,1.17843,1.34369,645,1009,1441,966,432,392,3444,433,256310
HHS Region,hhs3,2024,32,1.23756,1.39151,652,1100,1512,1013,412,423,3600,434,258712
HHS Region,hhs3,2024,33,1.22813,1.41849,664,1085,1538,1022,453,447,3671,424,258797
HHS Region,hhs3,2024,34,1.34512,1.54256,717,1164,1577,1260,413,469,4023,430,260801
HHS Region,hhs3,2024,35,1.47461,1.6936,825,1222,1659,1567,437,429,4480,428,264526
HHS Region,hhs3,2024,36,1.62999,1.85793,852,1240,1745,1747,505,465,4809,423,258837
HHS Region,hhs3,2024,37,1.82192,2.04317,1094,1260,1731,2039,471,480,5344,419,261554
HHS Region,hhs3,2024,38,1.84334,2.02295,1050,1286,1762,2088,476,435,5335,421,263724
HHS Region,hhs3,2024,39,1.73293,1.95219,1046,1209,1699,1906,490,393,5044,414,258377
HHS Region,hhs3,2024,40,1.81814,2.06153,1071,1211,1633,2239,422,387,5330,424,258546
HHS Region,hhs3,2024,41,2.02648,2.27324,1202,1279,1742,2545,463,389,5878,426,258574
HHS Region,hhs3,2024,42,2.19293,2.46583,1320,1413,1872,2868,459,394,6454,430,261737
HHS Region,hhs3,2024,43,2.35212,2.64125,1502,1462,1924,3333,462,424,7183,431,271955
HHS Region,hhs3,2024,44,2.32347,2.58766,1585,1554,2070,2817,516,403,6875,427,265684
HHS Region,hhs3,2024,45,2.28818,2.55269,1704,1622,2109,2688,487,372,6873,429,269245
HHS Region,hhs3,2024,46,2.37785,2.63602,1782,1477,1968,2916,491,396,7062,432,267904
HHS Region,hhs3,2024,47,2.58351,2.92783,2102,1521,2061,3276,540,435,7874,424,268936
HHS Region,hhs3,2024,48,2.5314,2.9033,2209,1406,1882,2491,476,428,7010,427,241449
HHS Region,hhs3,2024,49,2.71626,3.04682,2178,1835,2526,2761,691,545,8010,437,262897
HHS Region,hhs3,2024,50,2.80265,3.18405,2309,1900,2674,3058,774,611,8652,435,271729
HHS Region,hhs3,2024,51,3.25594,3.71346,2711,2265,3117,3473,852,735,10036,426,270260
HHS Region,hhs3,2024,52,4.39635,4.80253,3140,3140,4380,3454,1240,1230,12204,430,254116
HHS Region,hhs3,2025,1,4.3865,4.7352,2838,3618,5267,3027,1649,1728,12860,433,271583
HHS Region,hhs3,2025,2,3.70531,3.95895,1751,2982,4228,2451,1246,1125,9555,436,241352
HHS Region,hhs3,2025,3,3.85896,4.13469,1837,3207,4533,3507,1326,1043,10920,440,264107
HHS Region,hhs3,2025,4,4.97562,5.49748,2356,3908,5464,5052,1556,1117,13989,436,254462
HHS Region,hhs3,2025,5,6.13139,6.71211,2874,5564,7835,6927,2271,1763,19399,437,289015
HHS Region,hhs3,2025,6,7.14341,7.87729,3322,6201,8910,8681,2709,2315,23228,437,294873
HHS Region,hhs3,2025,7,6.59059,7.20633,2902,5477,7922,6651,2445,2173,19648,435,272649
HHS Region,hhs3,2025,8,5.28111,5.68096,2135,4163,6161,4656,1998,1814,14766,435,259921
HHS Region,hhs3,2025,9,4.28665,4.54111,1665,3495,5162,3940,1667,1594,12361,435,272202
HHS Region,hhs3,2025,10,3.83958,4.18566,1610,2995,4280,3820,1285,1301,11011,429,263065
HHS Region,hhs3,2025,11,3.46424,3.87878,1607,2633,3906,3786,1273,1122,10421,431,268667
HHS Region,hhs3,2025,12,2.99525,3.34759,1338,2212,3131,3354,919,905,8728,424,260725
HHS Region,hhs3,2025,13,2.71915,3.03841,1241,2003,2694,3266,691,691,7892,426,259741
HHS Region,hhs3,2025,14,2.5121,2.76864,1219,1683,2282,3008,599,585,7094,425,256227
HHS Region,hhs3,2025,15,2.07552,2.2413,1090,1368,1854,2236,486,460,5640,427,251640
HHS Region,hhs3,2025,16,1.93913,2.12513,1078,1326,1822,1864,496,452,5216,426,245444
HHS Region,hhs3,2025,17,1.71642,1.91843,1110,1171,1646,1550,475,430,4736,425,246869
HHS Region,hhs3,2025,18,1.56989,1.71869,1003,1061,1427,1558,366,415,4403,422,256184
HHS Region,hhs3,2025,19,1.481,1.63845,991,937,1274,1533,337,366,4164,421,254142
HHS Region,hhs3,2025,20,1.4906,1.65231,1065,897,1255,1504,358,352,4176,417,252737
HHS Region,hhs3,2025,21,1.39714,1.58088,991,933,1296,1397,363,339,4023,421,254478
HHS Region,hhs3,2025,22,1.53257,1.70087,1089,998,1422,1256,424,412,4179,420,245698
HHS Region,hhs3,2025,23,1.25381,1.39817,792,884,1249,1027,365,400,3468,416,248039
HHS Region,hhs3,2025,24,1.17463,1.28487,773,787,1148,931,361,341,3193,414,248508
HHS Region,hhs3,2025,25,1.03579,1.15294,687,715,1019,735,304,347,2788,413,241816
HHS Region,hhs3,2025,26,0.870046,0.961179,631,596,897,588,301,278,2394,416,249069
HHS Region,hhs3,2025,27,0.760723,0.850134,469,547,762,539,215,249,2019,414,237492
HHS Region,hhs3,2025,28,0.78151,0.858357,483,580,847,549,267,240,2119,408,246867
HHS Region,hhs3,2025,29,0.778201,0.862744,439,550,815,585,265,220,2059,399,238657
HHS Region,hhs3,2025,30,0.782276,0.859108,422,618,855,531,237,243,2051,401,238736
HHS Region,hhs3,2025,31,0.761843,0.839785,403,578,819,543,241,221,1986,393,236489
HHS Region,hhs3,2025,32,0.853227,0.951603,452,665,943,649,278,274,2318,409,243589
HHS Region,hhs3,2025,33,0.859966,0.958834,438,759,1057,602,298,293,2390,404,249261
HHS Region,hhs3,2025,34,0.93606,1.07971,455,831,1157,801,326,308,2721,410,252013
HHS Region,hhs3,2025,35,1.22877,1.39223,597,954,1303,1278,349,368,3546,407,254699
HHS Region,hhs3,2025,36,1.42497,1.56379,644,1128,1535,1402,407,407,3988,409,255021
HHS Region,hhs3,2025,37,1.51003,1.63051,685,1180,1601,1536,421,409,4231,412,259490
HHS Region,hhs3,2025,38,1.45719,1.56326,694,1117,1553,1417,436,430,4094,416,261889
HHS Region,hhs3,2025,39,1.35323,1.46535,705,1068,1463,1283,395,385,3836,414,261781
HHS Region,hhs3,2025,40,1.30141,1.37717,824,1004,1407,1257,403,315,3803,445,276147
HHS Region,hhs3,2025,41,1.31979,1.41984,874,950,1354,1313,404,347,3888,444,273834
HHS Region,hhs3,2025,42,1.37428,1.47268,869,1016,1401,1325,385,381,3976,440,269984
HHS Region,hhs3,2025,43,1.42904,1.51784,908,1035,1439,1400,404,409,4156,442,273810
HHS Region,hhs3,2025,44,1.53429,1.61637,1018,1018,1404,1544,386,352,4318,444,267142
HHS Region,hhs3,2025,45,1.67719,1.77646,1143,1085,1494,1844,409,362,4843,441,272621
HHS Region,hhs3,2025,46,1.79553,1.91728,1200,1245,1669,1727,424,462,5058,429,263811
HHS Region,hhs4,2010,1,1.67521715046248,2.10313057739617,1229,626,827,893,201,103,3052,440,145117
HHS Region,hhs4,2010,2,1.69669798676486,1.9437531110005,1177,532,712,1155,180,80,3124,437,160720
HHS Region,hhs4,2010,3,1.92472005318222,2.20530273645225,1265,541,709,1470,168,81,3525,447,159842
HHS Region,hhs4,2010,4,1.86223454846107,2.09706265724939,1141,496,651,1609,155,58,3459,442,164945
HHS Region,hhs4,2010,5,2.03624343225,2.41266389676284,1311,508,698,1650,190,69,3728,445,154518
HHS Region,hhs4,2010,6,1.87385317305363,2.26208178438662,1259,552,718,1562,166,112,3651,441,161400
HHS Region,hhs4,2010,7,1.98266939057481,2.35196272084049,1357,522,706,1707,184,76,3846,442,163523
HHS Region,hhs4,2010,8,2.02648157077747,2.40244092907026,1358,655,862,1988,207,99,4307,452,179276
HHS Region,hhs4,2010,9,1.87828162290376,2.2205718066018,1084,582,756,1615,174,103,3558,438,160229
HHS Region,hhs4,2010,10,2.15577428229636,2.59513253165768,1376,724,969,1585,245,138,4068,444,156755
HHS Region,hhs4,2010,11,1.82502673068723,2.09975266874271,1178,527,704,1291,177,104,3277,443,156066
HHS Region,hhs4,2010,12,1.60866339375158,1.84420098416801,1049,423,552,1217,129,79,2897,430,157087
HHS Region,hhs4,2010,13,1.51507533874838,1.67105663723842,902,374,503,1047,129,73,2525,427,151102
HHS Region,hhs4,2010,14,1.18214852860643,1.36744155021179,852,303,401,742,98,55,2050,424,149915
HHS Region,hhs4,2010,15,1.15590455256047,1.30456598093327,841,275,349,753,74,59,2002,416,153461
HHS Region,hhs4,2010,16,1.0450716498497,1.25601211130612,833,243,317,665,74,60,1875,404,149282
HHS Region,hhs4,2010,17,1.04641111048467,1.22995346676051,806,226,281,664,55,49,1800,398,146347
HHS Region,hhs4,2010,18,1.03243828088711,1.20894063655293,764,223,272,634,49,37,1707,400,141198
HHS Region,hhs4,2010,19,1.0705667028579,1.26997519693344,783,227,290,617,63,56,1746,390,137483
HHS Region,hhs4,2010,20,0.991342174404601,1.23291751730952,763,242,296,595,54,43,1697,385,137641
HHS Region,hhs4,2010,21,0.996843852167632,1.17266350919359,732,205,262,450,57,49,1493,349,127317
HHS Region,hhs4,2010,22,1.04356277886835,1.34893062642493,674,243,292,482,49,43,1491,353,110532
HHS Region,hhs4,2010,23,0.860783833333357,1.03794599241862,587,200,260,427,60,54,1328,363,127945
HHS Region,hhs4,2010,24,0.79632417940045,0.945159526277557,509,177,230,384,53,35,1158,341,122519
HHS Region,hhs4,2010,25,0.774363425938279,0.96838045833831,488,173,244,355,71,48,1135,320,117206
HHS Region,hhs4,2010,26,0.793977460724647,0.960425100306079,469,161,211,371,50,19,1070,311,111409
HHS Region,hhs4,2010,27,0.755132681415997,0.975801654161309,460,138,178,357,40,22,1017,325,104222
HHS Region,hhs4,2010,28,0.604081987008489,0.765121332850417,344,147,180,288,33,33,845,301,110440
HHS Region,hhs4,2010,29,0.636659374242959,0.766090649483781,359,141,192,245,51,41,837,291,109256
HHS Region,hhs4,2010,30,0.616992119967125,0.755844929878902,338,146,195,268,49,36,837,292,110737
HHS Region,hhs4,2010,31,0.619829914982459,0.816143581506971,351,149,185,304,36,34,874,295,107089
HHS Region,hhs4,2010,32,0.669693297665798,0.91668105132142,430,179,224,325,45,30,1009,285,110071
HHS Region,hhs4,2010,33,0.725081572628664,0.953255498710044,456,141,199,402,58,33,1090,282,114345
HHS Region,hhs4,2010,34,0.842481018330404,1.1063963799705,550,181,239,506,58,40,1335,282,120662
HHS Region,hhs4,2010,35,0.959482555001472,1.15832081667982,566,166,226,541,60,32,1365,270,117843
HHS Region,hhs4,2010,36,0.983336737952439,1.26456710572851,607,243,296,516,53,47,1466,290,115929
HHS Region,hhs4,2010,37,0.821917718279215,0.90994213824398,478,169,205,420,36,34,1137,291,124953
HHS Region,hhs4,2010,38,0.917465536523861,1.06166654387387,600,202,275,524,73,42,1441,300,135730
HHS Region,hhs4,2010,39,1.00374643663136,1.07842984357699,549,185,242,551,57,41,1383,303,128242
HHS Region,hhs4,2010,40,0.937956,1.15532,679,291,393,709,102,49,1830,409,158397
HHS Region,hhs4,2010,41,1.05782,1.28496,725,299,394,825,95,64,2008,412,156269
HHS Region,hhs4,2010,42,1.04967,1.27593,748,330,449,812,119,50,2059,405,161373
HHS Region,hhs4,2010,43,1.16973,1.38586,835,277,377,949,100,47,2208,417,159324
HHS Region,hhs4,2010,44,1.39923,1.67282,913,329,439,1149,110,66,2567,409,153453
HHS Region,hhs4,2010,45,1.56161,1.95809,1071,365,466,1440,101,53,3030,414,154743
HHS Region,hhs4,2010,46,1.82267,2.33141,1377,463,581,1804,118,70,3832,413,164364
HHS Region,hhs4,2010,47,2.19692,2.96651,1479,467,599,1386,132,73,3537,421,119231
HHS Region,hhs4,2010,48,1.94076,2.24884,1266,511,665,1477,154,114,3522,419,156614
HHS Region,hhs4,2010,49,2.24256,2.77862,1458,530,682,1804,152,90,4034,416,145180
HHS Region,hhs4,2010,50,3.33764,4.40479,2094,776,1024,2781,248,119,6018,413,136624
HHS Region,hhs4,2010,51,4.39114,6.00586,2445,1004,1322,2656,318,173,6596,383,109826
HHS Region,hhs4,2010,52,3.99718,5.12412,2393,1293,1667,1847,374,240,6147,407,119962
HHS Region,hhs4,2011,1,3.25044,3.89317,1989,1083,1452,1872,369,193,5506,422,141427
HHS Region,hhs4,2011,2,3.61067,3.84329,1668,802,1072,2098,270,124,4962,415,129108
HHS Region,hhs4,2011,3,4.23423,4.44884,1880,984,1266,3393,282,113,6652,427,149522
HHS Region,hhs4,2011,4,5.02216,5.15916,2345,1066,1421,4561,355,153,8480,429,164368
HHS Region,hhs4,2011,5,5.50707,5.60304,2464,1177,1566,4839,389,203,9072,427,161912
HHS Region,hhs4,2011,6,5.22451,5.42422,2411,1173,1507,4705,334,165,8788,428,162014
HHS Region,hhs4,2011,7,4.80563,4.96053,2228,1223,1621,4150,398,189,8188,409,165063
HHS Region,hhs4,2011,8,3.86862,4.04289,1999,1080,1424,3065,344,209,6697,411,165649
HHS Region,hhs4,2011,9,2.8014,2.90504,1367,701,958,2012,257,130,4467,398,153767
HHS Region,hhs4,2011,10,2.49945,2.58458,1212,523,714,1421,191,96,3443,382,133213
HHS Region,hhs4,2011,11,1.97996,2.07046,1094,408,575,1205,167,94,2968,386,143350
HHS Region,hhs4,2011,12,1.60573,1.66264,966,336,474,976,138,74,2490,381,149762
HHS Region,hhs4,2011,13,1.48932,1.58735,877,327,430,917,103,78,2302,370,145022
HHS Region,hhs4,2011,14,1.29491,1.42094,811,280,373,773,93,52,2009,365,141385
HHS Region,hhs4,2011,15,1.15797,1.27513,758,226,316,635,90,66,1775,361,139202
HHS Region,hhs4,2011,16,1.09327,1.19631,709,227,309,532,82,56,1606,352,134246
HHS Region,hhs4,2011,17,1.08827,1.13361,661,206,287,523,81,45,1516,347,133732
HHS Region,hhs4,2011,18,1.02882,1.15425,626,180,236,504,56,33,1399,341,121204
HHS Region,hhs4,2011,19,0.91854,1.1153,607,159,213,466,54,45,1331,336,119340
HHS Region,hhs4,2011,20,0.926207,1.09864,606,154,208,420,54,39,1273,329,115871
HHS Region,hhs4,2011,21,0.895342,1.02701,566,142,185,337,43,36,1124,305,109444
HHS Region,hhs4,2011,22,0.977316,1.21647,550,168,222,403,54,40,1215,301,99879
HHS Region,hhs4,2011,23,0.868304,0.988973,476,148,198,304,50,31,1009,280,102025
HHS Region,hhs4,2011,24,0.746858,0.865827,373,118,165,281,47,29,848,274,97941
HHS Region,hhs4,2011,25,0.732376,0.786176,370,117,138,220,21,35,763,271,97052
HHS Region,hhs4,2011,26,0.794476,0.765225,316,74,102,261,28,19,698,259,91215
HHS Region,hhs4,2011,27,0.830055,0.891008,316,117,154,266,37,21,757,259,84960
HHS Region,hhs4,2011,28,0.676871,0.711366,293,111,155,209,44,27,684,262,96153
HHS Region,hhs4,2011,29,0.623068,0.723598,299,113,145,222,32,20,686,258,94804
HHS Region,hhs4,2011,30,0.593878,0.663124,283,85,122,204,37,20,629,248,94854
HHS Region,hhs4,2011,31,0.512892,0.663192,203,113,154,204,41,9,570,252,85948
HHS Region,hhs4,2011,32,0.665358,0.770459,318,98,130,251,32,20,719,253,93321
HHS Region,hhs4,2011,33,0.853726,0.90734,392,142,175,315,33,18,900,255,99191
HHS Region,hhs4,2011,34,0.780236,1.02302,444,157,203,398,46,33,1078,247,105374
HHS Region,hhs4,2011,35,0.892271,1.03215,442,156,196,390,40,24,1052,242,101923
HHS Region,hhs4,2011,36,1.04968,1.23035,480,169,209,432,40,24,1145,238,93063
HHS Region,hhs4,2011,37,1.22621,1.25953,594,157,201,554,44,24,1373,246,109009
HHS Region,hhs4,2011,38,1.05809,1.14436,544,146,182,504,36,28,1258,243,109930
HHS Region,hhs4,2011,39,1.22019,1.41731,659,168,207,563,39,34,1463,238,103224
HHS Region,hhs4,2011,40,1.10567,1.22947,728,209,274,702,65,44,1748,350,142175
HHS Region,hhs4,2011,41,1.17395,1.27422,694,236,325,753,89,33,1805,347,141655
HHS Region,hhs4,2011,42,1.23406,1.25555,672,231,322,751,91,46,1791,361,142647
HHS Region,hhs4,2011,43,1.27831,1.33224,652,227,296,799,69,44,1791,360,134435
HHS Region,hhs4,2011,44,1.52004,1.48132,677,238,334,967,96,42,2020,349,136365
HHS Region,hhs4,2011,45,1.51566,1.55015,811,306,408,955,102,59,2233,371,144051
HHS Region,hhs4,2011,46,1.4143,1.46229,759,258,353,834,95,64,2010,355,137456
HHS Region,hhs4,2011,47,1.65971,1.70025,892,244,342,648,98,52,1934,367,113748
HHS Region,hhs4,2011,48,1.29746,1.36721,849,268,352,660,84,50,1911,366,139774
HHS Region,hhs4,2011,49,1.6816,1.65355,769,271,365,819,94,50,2003,351,121133
HHS Region,hhs4,2011,50,1.71943,1.77968,973,278,377,709,99,70,2129,350,119628
HHS Region,hhs4,2011,51,2.04108,2.22124,1193,273,373,640,100,64,2270,338,102195
HHS Region,hhs4,2011,52,2.29421,2.61997,1257,346,483,576,137,108,2424,345,92520
HHS Region,hhs4,2012,1,1.64029,1.77808,885,339,472,631,133,79,2067,355,116249
HHS Region,hhs4,2012,2,1.49847,1.61464,936,350,479,738,129,76,2229,355,138049
HHS Region,hhs4,2012,3,1.71568,1.76933,1044,290,391,834,101,78,2347,359,132649
HHS Region,hhs4,2012,4,1.74681,1.81499,1107,344,439,1013,95,53,2612,360,143913
HHS Region,hhs4,2012,5,1.81695,1.98469,1221,357,452,1115,95,84,2872,365,144708
HHS Region,hhs4,2012,6,1.91518,2.06106,1184,360,494,1254,134,81,3013,365,146187
HHS Region,hhs4,2012,7,2.04734,2.15643,1161,430,560,1322,130,94,3137,366,145472
HHS Region,hhs4,2012,8,1.98634,1.97614,992,443,609,1196,166,104,2901,366,146801
HHS Region,hhs4,2012,9,2.05788,2.0919,1109,395,548,1265,153,74,2996,355,143219
HHS Region,hhs4,2012,10,2.25509,2.28703,1021,459,613,1343,154,79,3056,356,133623
HHS Region,hhs4,2012,11,2.16834,2.27857,1040,456,634,1272,178,94,3040,348,133417
HHS Region,hhs4,2012,12,1.87943,1.87132,863,426,557,1100,131,73,2593,344,138565
HHS Region,hhs4,2012,13,1.65327,1.60269,748,298,402,1001,104,56,2207,341,137706
HHS Region,hhs4,2012,14,1.56245,1.60324,706,274,380,858,106,39,1983,338,123687
HHS Region,hhs4,2012,15,1.43713,1.36014,678,223,285,767,62,34,1764,331,129693
HHS Region,hhs4,2012,16,1.39023,1.33643,652,191,249,797,58,32,1730,331,129449
HHS Region,hhs4,2012,17,1.3119,1.23057,596,187,236,697,49,37,1566,324,127258
HHS Region,hhs4,2012,18,1.4572,1.30886,537,197,254,567,57,39,1397,291,106734
HHS Region,hhs4,2012,19,1.35872,1.24951,539,192,249,579,57,40,1407,310,112604
HHS Region,hhs4,2012,20,1.44199,1.38892,558,206,253,548,47,34,1393,299,100294
HHS Region,hhs4,2012,21,1.52885,1.4726,671,186,238,619,52,40,1568,290,106478
HHS Region,hhs4,2012,22,1.65722,1.57072,652,193,242,578,49,30,1502,287,95625
HHS Region,hhs4,2012,23,1.5339,1.48413,566,175,222,507,47,20,1315,276,88604
HHS Region,hhs4,2012,24,1.47358,1.22771,538,122,153,401,31,24,1116,252,90901
HHS Region,hhs4,2012,25,1.147,0.953404,404,151,207,308,56,31,950,268,99643
HHS Region,hhs4,2012,26,1.12131,1.04341,396,116,157,326,41,39,918,260,87981
HHS Region,hhs4,2012,27,1.24983,1.11197,404,124,172,326,48,23,925,259,83186
HHS Region,hhs4,2012,28,1.03401,0.889705,354,102,128,310,26,12,804,249,90367
HHS Region,hhs4,2012,29,0.937748,0.816355,336,79,102,247,23,19,704,242,86237
HHS Region,hhs4,2012,30,1.05714,0.968791,372,133,173,318,40,22,885,251,91351
HHS Region,hhs4,2012,31,0.9294,0.942593,343,139,179,311,40,19,852,253,90389
HHS Region,hhs4,2012,32,0.842897,0.889422,336,122,150,303,28,27,816,258,91745
HHS Region,hhs4,2012,33,1.04315,0.993822,418,111,160,398,49,23,999,259,100521
HHS Region,hhs4,2012,34,1.10959,1.10019,520,142,184,487,42,24,1215,255,110435
HHS Region,hhs4,2012,35,1.22904,1.11507,468,160,193,525,33,12,1198,247,107437
HHS Region,hhs4,2012,36,1.24787,1.20625,388,183,232,459,49,40,1119,248,92767
HHS Region,hhs4,2012,37,1.2567,1.05198,395,164,206,476,42,19,1096,244,104184
HHS Region,hhs4,2012,38,1.28421,1.10224,399,196,256,474,60,22,1151,249,104424
HHS Region,hhs4,2012,39,1.37866,1.18367,498,160,220,460,60,39,1217,238,102816
HHS Region,hhs4,2012,40,1.11705,1.12711,481,244,355,672,111,41,1549,353,137431
HHS Region,hhs4,2012,41,1.20971,1.2729,496,314,400,727,86,59,1682,343,132139
HHS Region,hhs4,2012,42,1.24451,1.26671,455,300,423,739,123,73,1690,342,133416
HHS Region,hhs4,2012,43,1.25841,1.29953,490,332,469,806,137,77,1842,358,141744
HHS Region,hhs4,2012,44,1.42213,1.43157,540,324,465,906,141,76,1987,357,138799
HHS Region,hhs4,2012,45,1.70575,1.77165,642,388,540,1251,152,84,2517,355,142071
HHS Region,hhs4,2012,46,2.06183,2.20839,761,591,765,1423,174,99,3048,354,138019
HHS Region,hhs4,2012,47,2.80769,3.2524,978,745,1041,1340,296,180,3539,360,108812
HHS Region,hhs4,2012,48,2.68446,2.99917,1068,952,1333,1866,381,225,4492,358,149775
HHS Region,hhs4,2012,49,4.20506,4.72987,1604,1269,1802,3550,533,278,7234,364,152943
HHS Region,hhs4,2012,50,4.69834,5.2121,1616,1351,1868,3557,517,304,7345,349,140922
HHS Region,hhs4,2012,51,4.95339,5.53354,1623,1379,1971,2720,592,346,6660,327,120357
HHS Region,hhs4,2012,52,6.29569,6.52386,1860,1809,2509,1914,700,463,6746,336,103405
HHS Region,hhs4,2013,1,4.44941,4.7746,1195,1582,2218,1450,636,438,5301,361,111025
HHS Region,hhs4,2013,2,3.48011,3.75821,1136,1490,2107,2008,617,324,5575,357,148342
HHS Region,hhs4,2013,3,3.12769,3.33814,1061,1011,1409,2116,398,249,4835,351,144841
HHS Region,hhs4,2013,4,2.49331,2.81438,852,744,1029,1708,285,170,3759,345,133564
HHS Region,hhs4,2013,5,2.53531,2.73516,796,796,1116,1815,320,183,3910,348,142953
HHS Region,hhs4,2013,6,2.28238,2.47271,739,699,985,1582,286,160,3466,345,140170
HHS Region,hhs4,2013,7,2.15986,2.32915,648,714,1009,1499,295,137,3293,349,141382
HHS Region,hhs4,2013,8,2.03482,2.21169,700,636,897,1385,261,153,3135,344,141747
HHS Region,hhs4,2013,9,1.94851,2.22137,676,592,833,1366,241,135,3010,323,135502
HHS Region,hhs4,2013,10,2.20722,2.4498,763,718,998,1406,280,132,3299,335,134664
HHS Region,hhs4,2013,11,2.04859,2.31047,740,642,877,1326,235,182,3125,329,135254
HHS Region,hhs4,2013,12,1.83444,1.94252,625,531,761,1209,230,145,2740,323,141054
HHS Region,hhs4,2013,13,1.73148,1.77597,618,477,657,1078,180,87,2440,321,137390
HHS Region,hhs4,2013,14,1.44116,1.55589,580,413,602,813,189,97,2092,322,134457
HHS Region,hhs4,2013,15,1.18925,1.23946,411,356,528,651,172,96,1686,313,136027
HHS Region,hhs4,2013,16,1.02839,1.03719,371,232,337,530,105,75,1313,312,126592
HHS Region,hhs4,2013,17,0.861119,0.86406,320,170,261,463,91,56,1100,304,127306
HHS Region,hhs4,2013,18,0.68861,0.821246,213,161,231,382,70,42,868,289,105693
HHS Region,hhs4,2013,19,0.703683,0.907083,264,187,260,327,73,40,891,282,98227
HHS Region,hhs4,2013,20,0.760478,0.92751,284,160,232,310,72,47,873,272,94123
HHS Region,hhs4,2013,21,0.817835,0.952326,268,165,230,289,65,41,828,253,86945
HHS Region,hhs4,2013,22,0.619213,0.833967,217,161,216,224,55,45,702,248,84176
HHS Region,hhs4,2013,23,0.583142,0.651368,178,117,168,156,51,18,520,217,79832
HHS Region,hhs4,2013,24,0.503904,0.700283,178,136,198,184,62,23,583,238,83252
HHS Region,hhs4,2013,25,0.509231,0.62742,175,91,131,163,40,30,499,235,79532
HHS Region,hhs4,2013,26,0.475328,0.609847,139,104,152,161,48,38,490,238,80348
HHS Region,hhs4,2013,27,0.637141,0.633886,130,92,127,177,35,27,461,230,72726
HHS Region,hhs4,2013,28,0.35574,0.47705,123,90,122,139,32,15,399,234,83639
HHS Region,hhs4,2013,29,0.377015,0.497201,114,91,121,140,30,22,397,229,79847
HHS Region,hhs4,2013,30,0.532806,0.570782,155,111,141,141,30,32,469,227,82168
HHS Region,hhs4,2013,31,0.364307,0.536082,121,103,152,144,49,25,442,228,82450
HHS Region,hhs4,2013,32,0.462664,0.538462,153,88,118,172,30,15,458,231,85057
HHS Region,hhs4,2013,33,0.550082,0.596913,177,96,137,178,41,15,507,226,84937
HHS Region,hhs4,2013,34,0.624262,0.771335,203,153,206,298,53,29,736,227,95419
HHS Region,hhs4,2013,35,0.659895,0.854275,227,167,233,324,66,39,823,222,96339
HHS Region,hhs4,2013,36,0.727483,0.87167,269,145,199,329,54,35,832,229,95449
HHS Region,hhs4,2013,37,0.7342,0.895653,302,182,235,342,53,42,921,225,102830
HHS Region,hhs4,2013,38,0.666963,0.85203,298,181,223,301,42,26,848,215,99527
HHS Region,hhs4,2013,39,0.974491,1.0157,321,217,284,404,67,31,1040,230,102392
HHS Region,hhs4,2013,40,0.943459,1.02004,432,249,311,666,62,44,1453,322,142445
HHS Region,hhs4,2013,41,1.00106,1.09219,479,243,342,666,99,59,1546,330,141550
HHS Region,hhs4,2013,42,1.0157,1.19934,507,305,435,695,130,68,1705,330,142161
HHS Region,hhs4,2013,43,1.23721,1.45576,678,368,473,891,105,65,2107,328,144735
HHS Region,hhs4,2013,44,1.29089,1.54214,650,438,552,956,114,50,2208,330,143178
HHS Region,hhs4,2013,45,1.49248,1.77416,824,439,583,1133,144,65,2605,332,146830
HHS Region,hhs4,2013,46,1.47521,1.81447,821,499,650,1066,151,85,2622,336,144505
HHS Region,hhs4,2013,47,1.69768,2.00787,855,612,799,1289,187,110,3053,330,152052
HHS Region,hhs4,2013,48,2.16364,2.48965,894,575,758,891,183,109,2652,326,106521
HHS Region,hhs4,2013,49,2.28842,2.78632,1062,861,1151,1664,290,144,4021,328,144312
HHS Region,hhs4,2013,50,2.36927,2.80848,1005,798,1067,1543,269,163,3778,330,134521
HHS Region,hhs4,2013,51,3.24327,3.66139,1220,1177,1589,1697,412,135,4641,327,126755
HHS Region,hhs4,2013,52,4.60815,4.97333,1274,1220,1747,1269,527,241,4531,318,91106
HHS Region,hhs4,2014,1,3.8926,4.23496,1247,1469,2084,1146,615,290,4767,334,112563
HHS Region,hhs4,2014,2,3.03608,3.22867,951,1240,1770,1346,530,218,4285,332,132717
HHS Region,hhs4,2014,3,2.82366,2.91163,808,1096,1508,1586,412,231,4133,337,141948
HHS Region,hhs4,2014,4,2.92565,2.99851,888,850,1266,1449,416,192,3795,336,126563
HHS Region,hhs4,2014,5,2.65887,2.59137,662,722,1031,1388,309,175,3256,329,125648
HHS Region,hhs4,2014,6,2.2635,2.27908,625,664,958,1181,294,147,2911,323,127727
HHS Region,hhs4,2014,7,1.97001,2.04474,475,486,699,879,213,116,2169,319,106077
HHS Region,hhs4,2014,8,1.52724,1.55525,479,438,607,812,169,92,1990,321,127954
HHS Region,hhs4,2014,9,1.35391,1.38942,424,364,524,788,160,111,1847,316,132933
HHS Region,hhs4,2014,10,1.34508,1.42609,409,348,496,647,148,88,1640,310,115000
HHS Region,hhs4,2014,11,1.14658,1.05182,351,268,389,422,121,60,1222,302,116180
HHS Region,hhs4,2014,12,1.04407,1.03332,332,249,365,501,116,75,1273,306,123195
HHS Region,hhs4,2014,13,0.961299,0.936132,313,264,355,472,91,66,1206,305,128828
HHS Region,hhs4,2014,14,0.870891,0.910819,296,209,317,437,108,76,1126,305,123625
HHS Region,hhs4,2014,15,0.839411,0.80887,265,202,298,384,96,67,1014,298,125360
HHS Region,hhs4,2014,16,0.786355,0.800096,285,189,270,374,81,66,995,297,124360
HHS Region,hhs4,2014,17,0.830922,0.784769,247,168,253,416,85,51,967,282,123221
HHS Region,hhs4,2014,18,0.738279,0.721856,203,165,245,375,80,42,865,282,119830
HHS Region,hhs4,2014,19,0.798053,0.731062,230,183,244,347,61,30,851,277,116406
HHS Region,hhs4,2014,20,0.69315,0.635477,216,120,179,241,59,46,682,260,107321
HHS Region,hhs4,2014,21,0.819168,0.792226,245,127,196,253,69,52,746,234,94165
HHS Region,hhs4,2014,22,0.720762,0.689758,227,125,176,238,51,50,691,252,100180
HHS Region,hhs4,2014,23,0.75304,0.696737,226,140,212,200,72,48,686,243,98459
HHS Region,hhs4,2014,24,0.683328,0.628556,210,117,168,178,51,35,591,236,94025
HHS Region,hhs4,2014,25,0.62098,0.612018,164,92,122,157,30,19,462,216,75488
HHS Region,hhs4,2014,26,0.565835,0.598252,142,109,150,143,41,21,456,217,76222
HHS Region,hhs4,2014,27,0.584482,0.569116,145,80,117,147,37,27,436,224,76610
HHS Region,hhs4,2014,28,0.513198,0.465752,129,82,115,129,33,29,402,223,86312
HHS Region,hhs4,2014,29,0.514565,0.489989,126,98,123,131,25,25,405,221,82655
HHS Region,hhs4,2014,30,0.546305,0.526981,130,91,131,150,40,31,442,219,83874
HHS Region,hhs4,2014,31,0.514144,0.444612,122,90,123,139,33,18,402,226,90416
HHS Region,hhs4,2014,32,0.560621,0.532143,142,109,140,155,31,22,459,215,86255
HHS Region,hhs4,2014,33,0.520256,0.584821,157,107,141,199,34,36,533,222,91139
HHS Region,hhs4,2014,34,0.578199,0.670612,203,107,147,282,40,32,664,225,99014
HHS Region,hhs4,2014,35,0.636997,0.694236,192,122,155,322,33,26,695,220,100110
HHS Region,hhs4,2014,36,0.714489,0.744,187,116,148,297,32,24,656,214,88172
HHS Region,hhs4,2014,37,0.760687,0.74378,212,135,195,329,60,38,774,217,104063
HHS Region,hhs4,2014,38,0.787284,0.800748,240,162,212,337,50,16,805,217,100531
HHS Region,hhs4,2014,39,0.871105,1.01091,251,150,210,382,60,37,880,208,87050
HHS Region,hhs4,2014,40,0.82892,0.911243,331,187,267,530,80,46,1174,299,128835
HHS Region,hhs4,2014,41,1.11516,1.1628,355,244,318,772,74,64,1509,306,129773
HHS Region,hhs4,2014,42,1.12567,1.04337,327,239,319,691,80,46,1383,306,132551
HHS Region,hhs4,2014,43,1.32159,1.2173,401,292,424,755,132,48,1628,292,133739
HHS Region,hhs4,2014,44,1.31158,1.22004,353,256,350,904,94,50,1657,318,135815
HHS Region,hhs4,2014,45,1.47672,1.5112,499,316,436,975,120,54,1964,307,129963
HHS Region,hhs4,2014,46,1.68447,1.74161,562,342,482,1198,140,64,2306,313,132406
HHS Region,hhs4,2014,47,2.18983,2.30004,652,500,668,1773,168,76,3169,317,137780
HHS Region,hhs4,2014,48,3.05208,3.09104,800,542,784,1403,242,145,3132,308,101325
HHS Region,hhs4,2014,49,2.90953,3.16435,868,855,1186,1782,331,217,4053,314,128083
HHS Region,hhs4,2014,50,3.78803,4.49862,1420,900,1230,2929,330,219,5798,318,128884
HHS Region,hhs4,2014,51,5.68061,6.44013,2042,1377,1964,4047,587,470,8523,308,132342
HHS Region,hhs4,2014,52,7.51699,8.18046,2257,1663,2424,2952,761,715,8348,301,102048
HHS Region,hhs4,2014,53,5.20532,5.32412,1538,1286,1977,1595,691,663,5773,314,108431
HHS Region,hhs4,2015,1,3.45636,3.67655,1099,1066,1573,1568,507,413,4653,306,126559
HHS Region,hhs4,2015,2,3.00525,3.21156,999,739,1086,1826,347,257,4168,304,129781
HHS Region,hhs4,2015,3,3.3436,3.6579,1279,710,1038,2122,328,225,4664,305,127505
HHS Region,hhs4,2015,4,3.04968,3.5345,1080,642,916,2141,274,191,4328,306,122450
HHS Region,hhs4,2015,5,2.84584,3.11478,1036,638,926,2030,288,200,4192,306,134584
HHS Region,hhs4,2015,6,2.60627,2.88473,970,647,909,1698,262,194,3771,285,130723
HHS Region,hhs4,2015,7,2.58839,3.17673,887,602,877,1594,275,173,3531,291,111152
HHS Region,hhs4,2015,8,2.36768,2.75487,791,613,897,1472,284,207,3367,283,122220
HHS Region,hhs4,2015,9,2.25227,2.66818,778,618,943,1373,325,163,3257,294,122068
HHS Region,hhs4,2015,10,1.89159,2.23114,667,525,808,945,283,126,2546,283,114112
HHS Region,hhs4,2015,11,1.4491,1.77631,585,400,639,863,239,115,2202,278,123965
HHS Region,hhs4,2015,12,1.36986,1.62321,513,397,557,718,160,109,1897,253,116867
HHS Region,hhs4,2015,13,1.31332,1.44721,470,267,403,660,136,99,1632,254,112769
HHS Region,hhs4,2015,14,1.1089,1.28915,507,268,408,583,140,93,1591,278,123415
HHS Region,hhs4,2015,15,0.933638,1.05181,424,207,321,477,114,66,1288,269,122456
HHS Region,hhs4,2015,16,0.915282,1.03552,379,211,321,440,110,63,1203,263,116174
HHS Region,hhs4,2015,17,0.969829,0.993708,407,178,259,405,81,63,1134,264,114118
HHS Region,hhs4,2015,18,0.941539,1.00456,337,184,284,373,100,80,1074,257,106913
HHS Region,hhs4,2015,19,1.00599,1.08632,361,209,302,410,93,58,1131,259,104113
HHS Region,hhs4,2015,20,0.919026,0.992777,302,206,285,351,79,64,1002,251,100929
HHS Region,hhs4,2015,21,0.741016,0.873298,290,162,249,241,87,54,834,248,95500
HHS Region,hhs4,2015,22,0.678372,0.740301,233,134,203,199,69,51,686,225,92665
HHS Region,hhs4,2015,23,0.698594,0.673239,214,102,158,177,56,41,590,208,87636
HHS Region,hhs4,2015,24,0.6595,0.599061,188,85,134,147,49,31,500,207,83464
HHS Region,hhs4,2015,25,0.610659,0.635747,181,96,156,137,60,44,518,201,81479
HHS Region,hhs4,2015,26,0.657713,0.630669,170,88,131,126,43,34,461,203,73097
HHS Region,hhs4,2015,27,0.554966,0.567621,164,100,150,124,50,28,466,201,82097
HHS Region,hhs4,2015,28,0.595175,0.559944,154,85,124,164,39,28,470,200,83937
HHS Region,hhs4,2015,29,0.588865,0.543941,149,94,142,131,48,32,454,205,83465
HHS Region,hhs4,2015,30,0.45585,0.504217,161,80,128,118,48,27,434,196,86074
HHS Region,hhs4,2015,31,0.439499,0.460041,163,79,108,93,29,31,395,197,85862
HHS Region,hhs4,2015,32,0.700063,0.635945,191,104,142,186,38,33,552,193,86800
HHS Region,hhs4,2015,33,0.716647,0.731319,246,103,142,303,39,26,717,199,98042
HHS Region,hhs4,2015,34,0.77271,0.794725,321,118,180,288,62,45,834,194,104942
HHS Region,hhs4,2015,35,0.707374,0.915494,322,142,209,323,67,39,893,196,97543
HHS Region,hhs4,2015,36,0.69155,0.944342,309,153,215,301,62,51,876,196,92763
HHS Region,hhs4,2015,37,0.793035,0.909504,360,149,204,335,55,41,940,190,103353
HHS Region,hhs4,2015,38,0.737125,0.956743,337,151,225,385,74,41,988,190,103267
HHS Region,hhs4,2015,39,0.855035,1.07366,444,171,257,382,86,37,1120,193,104316
HHS Region,hhs4,2015,40,1.01464,1.15781,486,231,330,613,99,75,1504,299,129900
HHS Region,hhs4,2015,41,1.07454,1.20254,486,285,406,637,121,72,1601,304,133135
HHS Region,hhs4,2015,42,1.04879,1.18186,489,323,460,628,137,69,1646,309,139272
HHS Region,hhs4,2015,43,1.07812,1.18476,494,284,412,646,128,95,1647,306,139016
HHS Region,hhs4,2015,44,1.08835,1.22063,503,348,475,764,127,64,1806,317,147956
HHS Region,hhs4,2015,45,1.0871,1.25194,510,320,444,709,124,89,1752,315,139943
HHS Region,hhs4,2015,46,1.26322,1.40808,617,391,536,795,145,89,2037,320,144665
HHS Region,hhs4,2015,47,1.56158,1.71174,601,342,468,566,126,89,1724,311,100716
HHS Region,hhs4,2015,48,1.31254,1.47822,616,466,645,738,179,100,2099,315,141995
HHS Region,hhs4,2015,49,1.33302,1.52444,576,430,606,764,176,98,2044,303,134082
HHS Region,hhs4,2015,50,1.4868,1.74325,687,413,589,854,176,135,2265,307,129930
HHS Region,hhs4,2015,51,1.86992,2.16333,683,420,610,743,190,138,2174,305,100493
HHS Region,hhs4,2015,52,1.72166,1.87398,663,435,660,650,225,149,2122,302,113235
HHS Region,hhs4,2016,1,1.36654,1.52148,617,475,676,662,201,133,2088,321,137235
HHS Region,hhs4,2016,2,1.48204,1.55632,580,429,632,828,203,132,2172,327,139560
HHS Region,hhs4,2016,3,1.74907,1.79697,646,448,627,919,179,106,2298,324,127882
HHS Region,hhs4,2016,4,1.8905,1.89499,673,507,682,1233,175,130,2718,323,143431
HHS Region,hhs4,2016,5,2.0207,1.91966,640,579,784,1213,205,128,2765,316,144036
HHS Region,hhs4,2016,6,2.24789,2.13808,679,681,935,1259,254,144,3017,318,141108
HHS Region,hhs4,2016,7,2.92328,2.7276,842,976,1353,1647,377,185,4027,318,147639
HHS Region,hhs4,2016,8,3.32059,3.28909,998,1130,1572,2118,442,184,4872,316,148126
HHS Region,hhs4,2016,9,3.2935,3.30436,1026,1190,1649,1985,459,214,4874,308,147502
HHS Region,hhs4,2016,10,3.63006,3.74218,1102,1388,1918,2147,530,272,5439,314,145343
HHS Region,hhs4,2016,11,2.85287,2.93586,854,957,1355,1543,398,198,3950,302,134543
HHS Region,hhs4,2016,12,2.76107,2.83183,913,830,1150,1534,320,187,3784,304,133624
HHS Region,hhs4,2016,13,2.65159,2.67654,882,762,1075,1449,313,188,3594,302,134278
HHS Region,hhs4,2016,14,2.13917,2.24439,758,640,929,1249,289,158,3094,303,137855
HHS Region,hhs4,2016,15,2.03332,2.18388,657,658,920,1202,262,135,2914,298,133432
HHS Region,hhs4,2016,16,1.99591,1.97062,620,447,637,1079,190,132,2468,289,125240
HHS Region,hhs4,2016,17,1.76476,1.76146,605,452,640,1019,188,118,2382,294,135229
HHS Region,hhs4,2016,18,1.67187,1.62314,505,398,553,847,155,92,1997,290,123033
HHS Region,hhs4,2016,19,1.47025,1.51762,488,332,454,744,122,76,1762,275,116103
HHS Region,hhs4,2016,20,1.21156,1.51019,510,268,378,626,110,72,1586,244,105020
HHS Region,hhs4,2016,21,1.06968,1.44559,503,226,324,520,98,53,1400,220,96846
HHS Region,hhs4,2016,22,1.0761,1.30713,428,266,366,393,100,55,1242,216,95017
HHS Region,hhs4,2016,23,0.958225,1.09416,352,216,290,349,74,65,1056,219,96512
HHS Region,hhs4,2016,24,0.995012,1.01514,333,189,307,311,118,52,1003,217,98804
HHS Region,hhs4,2016,25,0.844627,0.872678,301,172,237,272,65,36,846,210,96943
HHS Region,hhs4,2016,26,0.713695,0.810457,249,151,216,226,65,45,736,213,90813
HHS Region,hhs4,2016,27,0.675263,0.828523,269,108,152,253,44,48,722,211,87143
HHS Region,hhs4,2016,28,0.65847,0.749556,268,130,180,226,50,39,713,208,95123
HHS Region,hhs4,2016,29,0.637795,0.686011,231,121,169,237,48,51,688,228,100290
HHS Region,hhs4,2016,30,0.653224,0.684156,224,130,187,268,57,34,713,235,104216
HHS Region,hhs4,2016,31,0.615225,0.691657,254,125,177,219,52,34,684,228,98893
HHS Region,hhs4,2016,32,0.851918,0.959195,309,189,255,370,66,54,988,235,103003
HHS Region,hhs4,2016,33,0.859982,1.0949,385,222,291,472,69,44,1192,228,108868
HHS Region,hhs4,2016,34,0.992024,1.43913,428,247,333,606,86,66,1433,226,99574
HHS Region,hhs4,2016,35,1.01695,1.36672,409,216,292,495,76,62,1258,216,92045
HHS Region,hhs4,2016,36,0.900288,1.30371,386,218,294,488,76,52,1220,221,93579
HHS Region,hhs4,2016,37,1.07002,1.31358,414,264,350,540,86,66,1370,230,104295
HHS Region,hhs4,2016,38,1.1253,1.43168,500,298,388,573,90,71,1532,223,107007
HHS Region,hhs4,2016,39,1.31649,1.55261,485,295,394,587,99,65,1531,220,98608
HHS Region,hhs4,2016,40,1.17386,1.24963,645,379,496,806,117,85,2032,311,162608
HHS Region,hhs4,2016,41,1.23174,1.45288,714,399,552,769,153,96,2131,318,146674
HHS Region,hhs4,2016,42,1.2768,1.51243,782,414,599,898,185,93,2372,323,156834
HHS Region,hhs4,2016,43,1.38032,1.66763,789,532,730,994,198,109,2622,325,157229
HHS Region,hhs4,2016,44,1.64361,1.86843,928,518,713,1176,195,122,2939,328,157298
HHS Region,hhs4,2016,45,1.67847,1.96436,991,569,758,1170,189,140,3059,330,155725
HHS Region,hhs4,2016,46,1.9058,2.11566,972,598,823,1241,225,141,3177,321,150166
HHS Region,hhs4,2016,47,2.19048,2.50169,1115,613,881,1000,268,156,3152,328,125995
HHS Region,hhs4,2016,48,1.92682,2.21873,931,820,1124,1223,304,247,3525,328,158875
HHS Region,hhs4,2016,49,1.82204,2.1011,860,610,880,1138,270,196,3074,327,146304
HHS Region,hhs4,2016,50,2.27691,2.57596,954,720,1012,1306,292,183,3455,321,134125
HHS Region,hhs4,2016,51,2.93491,3.7227,1276,875,1246,1421,371,244,4187,318,112472
HHS Region,hhs4,2016,52,3.37282,4.03416,1380,992,1463,1211,471,367,4421,318,109589
HHS Region,hhs4,2017,1,2.91179,3.30407,1021,1053,1554,1239,501,368,4182,334,126571
HHS Region,hhs4,2017,2,2.89395,3.23855,908,964,1430,1816,466,354,4508,338,139198
HHS Region,hhs4,2017,3,3.68564,4.01468,1092,1072,1547,2715,475,314,5668,341,141182
HHS Region,hhs4,2017,4,3.69188,3.97422,1089,1053,1473,2965,420,281,5808,338,146142
HHS Region,hhs4,2017,5,4.53169,4.83396,1180,1238,1729,3778,491,335,7022,336,145264
HHS Region,hhs4,2017,6,5.11778,5.55331,1432,1656,2397,4227,741,481,8537,334,153728
HHS Region,hhs4,2017,7,5.5107,6.21084,1523,1889,2675,4376,786,576,9150,327,147323
HHS Region,hhs4,2017,8,5.48046,6.11492,1516,1882,2670,4246,788,574,9006,331,147279
HHS Region,hhs4,2017,9,4.52709,4.96305,1273,1545,2247,3161,702,499,7180,329,144669
HHS Region,hhs4,2017,10,4.53598,4.86562,1224,1359,1990,2963,631,413,6590,322,135440
HHS Region,hhs4,2017,11,3.878,4.54861,1200,1297,1862,2674,565,426,6162,323,135470
HHS Region,hhs4,2017,12,4.67964,5.09123,1342,1620,2296,3500,676,488,7626,319,149787
HHS Region,hhs4,2017,13,3.6751,4.02232,1114,1187,1707,2578,520,382,5781,315,143723
HHS Region,hhs4,2017,14,2.74066,2.9401,812,788,1124,1586,336,263,3785,305,128737
HHS Region,hhs4,2017,15,2.17782,2.39576,727,620,874,1248,254,218,3067,305,128018
HHS Region,hhs4,2017,16,1.79914,2.0172,605,511,731,1060,220,156,2552,298,126512
HHS Region,hhs4,2017,17,1.49321,1.67517,540,426,628,876,202,166,2210,298,131927
HHS Region,hhs4,2017,18,1.24508,1.54468,501,383,558,805,175,107,1971,290,127599
HHS Region,hhs4,2017,19,1.39615,1.63757,492,417,593,743,176,104,1932,283,117980
HHS Region,hhs4,2017,20,1.27115,1.56045,465,373,534,683,161,90,1772,282,113557
HHS Region,hhs4,2017,21,1.19756,1.49808,411,326,460,586,134,83,1540,267,102798
HHS Region,hhs4,2017,22,0.968787,1.18728,366,226,331,415,105,83,1195,257,100650
HHS Region,hhs4,2017,23,0.878384,1.0708,341,225,327,373,102,67,1108,253,103474
HHS Region,hhs4,2017,24,0.721797,1.0178,310,227,322,355,95,72,1059,253,104048
HHS Region,hhs4,2017,25,0.644565,0.852866,272,168,235,298,67,49,854,247,100133
HHS Region,hhs4,2017,26,0.603647,0.807608,225,135,190,276,55,58,749,229,92743
HHS Region,hhs4,2017,27,0.637539,0.936131,231,189,252,307,63,56,846,239,90372
HHS Region,hhs4,2017,28,0.593663,0.763305,215,147,209,291,62,43,758,232,99305
HHS Region,hhs4,2017,29,0.489899,0.716205,198,123,184,225,61,46,653,227,91175
HHS Region,hhs4,2017,30,0.535532,0.697502,187,130,188,227,58,38,640,234,91756
HHS Region,hhs4,2017,31,0.476357,0.685362,185,143,195,206,52,46,632,226,92214
HHS Region,hhs4,2017,32,0.483647,0.846747,237,148,209,298,61,54,798,228,94243
HHS Region,hhs4,2017,33,0.674289,1.0912,327,205,266,442,61,63,1098,224,100623
HHS Region,hhs4,2017,34,0.782429,1.36846,410,266,346,707,80,44,1507,238,110124
HHS Region,hhs4,2017,35,1.11294,1.52405,431,275,365,807,90,65,1668,227,109445
HHS Region,hhs4,2017,36,1.17542,1.44755,467,269,383,601,114,94,1545,244,106732
HHS Region,hhs4,2017,37,0.937823,1.35773,439,270,382,488,112,100,1409,238,103776
HHS Region,hhs4,2017,38,0.902408,1.30694,451,281,389,541,108,106,1487,239,113777
HHS Region,hhs4,2017,39,1.02557,1.48023,505,259,381,644,122,107,1637,234,110591
HHS Region,hhs4,2017,40,1.15704,1.56317,808,468,638,914,170,144,2504,373,160187
HHS Region,hhs4,2017,41,1.2559,1.61888,847,528,723,929,195,143,2642,379,163199
HHS Region,hhs4,2017,42,1.25906,1.63423,765,532,753,952,221,166,2636,378,161299
HHS Region,hhs4,2017,43,1.59472,1.965,973,629,859,1239,230,192,3263,386,166056
HHS Region,hhs4,2017,44,1.78955,2.17988,1012,721,1004,1372,283,193,3581,383,164275
HHS Region,hhs4,2017,45,2.12802,2.56589,1411,815,1116,1647,301,203,4377,396,170584
HHS Region,hhs4,2017,46,2.22418,2.83018,1584,999,1347,1775,348,239,4945,394,174724
HHS Region,hhs4,2017,47,2.54255,3.28494,1592,918,1306,1379,388,307,4584,385,139546
HHS Region,hhs4,2017,48,2.23681,2.93354,1515,1200,1683,1634,483,317,5149,385,175522
HHS Region,hhs4,2017,49,2.5325,3.24655,1378,1070,1529,1850,459,318,5075,388,156320
HHS Region,hhs4,2017,50,3.10558,4.09317,1679,1435,2012,2412,577,392,6495,386,158679
HHS Region,hhs4,2017,51,4.62754,6.40332,2375,2423,3462,3327,1039,841,10005,375,156247
HHS Region,hhs4,2017,52,5.3309,7.37201,2479,2712,4063,2535,1351,958,10035,381,136123
HHS Region,hhs4,2018,1,5.35557,7.37825,2219,3373,4972,2862,1599,1110,11163,386,151296
HHS Region,hhs4,2018,2,6.64069,8.63751,2459,4321,6306,4992,1985,1345,15102,390,174842
HHS Region,hhs4,2018,3,8.35345,10.5718,3228,4773,6716,6226,1943,1353,17523,395,165752
HHS Region,hhs4,2018,4,9.23174,10.9187,3215,5005,7246,8846,2241,1491,20798,404,190481
HHS Region,hhs4,2018,5,9.25521,11.2126,3143,4962,7108,9794,2146,1311,21356,402,190465
HHS Region,hhs4,2018,6,9.00779,11.0607,3453,4751,6669,10485,1918,1209,21816,400,197238
HHS Region,hhs4,2018,7,6.98828,8.26659,2556,3353,4876,7056,1523,953,15441,391,186788
HHS Region,hhs4,2018,8,4.76595,5.56864,1733,2212,3147,3763,935,624,9267,388,166414
HHS Region,hhs4,2018,9,3.08799,3.56808,1157,1278,1858,2157,580,347,5519,381,154677
HHS Region,hhs4,2018,10,2.71229,3.14087,1098,1033,1479,1846,446,285,4708,377,149895
HHS Region,hhs4,2018,11,2.40824,2.79692,984,995,1433,1532,438,269,4218,381,150809
HHS Region,hhs4,2018,12,2.04185,2.42113,862,842,1202,1383,360,250,3697,373,152697
HHS Region,hhs4,2018,13,2.05329,2.34861,845,786,1140,1236,354,233,3454,367,147066
HHS Region,hhs4,2018,14,1.77067,2.06227,818,698,1011,1068,313,189,3086,370,149641
HHS Region,hhs4,2018,15,1.49163,1.87752,777,640,890,953,250,184,2804,353,149346
HHS Region,hhs4,2018,16,1.29232,1.64076,694,525,724,958,199,129,2505,359,152673
HHS Region,hhs4,2018,17,1.2095,1.52364,619,487,661,889,174,112,2281,352,149707
HHS Region,hhs4,2018,18,1.19057,1.54426,640,419,597,840,178,121,2198,345,142334
HHS Region,hhs4,2018,19,0.998856,1.37773,593,364,503,700,139,122,1918,329,139214
HHS Region,hhs4,2018,20,0.957264,1.3596,613,375,495,658,120,113,1879,334,138202
HHS Region,hhs4,2018,21,0.943487,1.28531,550,322,454,551,132,102,1657,321,128918
HHS Region,hhs4,2018,22,0.866142,1.319,583,289,407,513,118,98,1601,308,121380
HHS Region,hhs4,2018,23,0.775926,1.06528,483,266,382,358,116,82,1305,307,122503
HHS Region,hhs4,2018,24,0.647844,0.926306,401,241,336,317,95,97,1151,312,124257
HHS Region,hhs4,2018,25,0.605189,0.864812,357,201,293,301,92,71,1022,311,118176
HHS Region,hhs4,2018,26,0.468432,0.826484,295,195,278,258,83,76,907,273,109742
HHS Region,hhs4,2018,27,0.601611,0.846135,338,199,271,312,72,60,981,308,115939
HHS Region,hhs4,2018,28,0.574884,0.769985,318,205,276,323,71,73,990,306,128574
HHS Region,hhs4,2018,29,0.473682,0.699919,283,213,288,267,75,41,879,301,125586
HHS Region,hhs4,2018,30,0.522749,0.778788,322,220,283,289,63,60,954,296,122498
HHS Region,hhs4,2018,31,0.47859,0.722697,278,215,296,262,81,41,877,292,121351
HHS Region,hhs4,2018,32,0.5025,0.773925,290,229,293,295,64,49,927,292,119779
HHS Region,hhs4,2018,33,0.706872,1.11616,485,293,378,497,85,59,1419,293,127132
HHS Region,hhs4,2018,34,0.763744,1.29751,571,335,446,632,111,63,1712,292,131945
HHS Region,hhs4,2018,35,0.865641,1.34537,571,379,498,664,119,80,1813,293,134758
HHS Region,hhs4,2018,36,1.09321,1.5518,680,448,595,692,147,107,2074,299,133651
HHS Region,hhs4,2018,37,0.994241,1.42938,629,424,555,659,131,122,1965,288,137472
HHS Region,hhs4,2018,38,0.997486,1.46654,703,376,508,663,132,92,1966,288,134057
HHS Region,hhs4,2018,39,1.06629,1.52181,719,402,522,714,120,79,2034,290,133657
HHS Region,hhs4,2018,40,1.24084,1.45711,1406,940,1202,1526,262,195,4329,550,297095
HHS Region,hhs4,2018,41,1.34703,1.57132,1520,994,1316,1450,322,230,4516,556,287401
HHS Region,hhs4,2018,42,1.35855,1.68669,1570,1126,1503,1646,377,233,4952,560,293593
HHS Region,hhs4,2018,43,1.64623,1.98515,1750,1313,1767,1983,454,310,5810,573,292673
HHS Region,hhs4,2018,44,1.81154,2.17744,1996,1398,1822,2264,424,298,6380,564,293004
HHS Region,hhs4,2018,45,1.91672,2.32973,2165,1466,1912,2329,446,284,6690,565,287158
HHS Region,hhs4,2018,46,1.99692,2.54616,2132,1510,1998,2286,488,302,6718,568,263848
HHS Region,hhs4,2018,47,2.29561,2.87792,2579,1492,2043,2011,551,341,6974,566,242328
HHS Region,hhs4,2018,48,2.14917,2.71524,2540,1959,2649,2505,690,445,8139,570,299752
HHS Region,hhs4,2018,49,2.19446,2.65304,2340,1776,2381,2499,605,407,7627,566,287481
HHS Region,hhs4,2018,50,2.72594,3.36121,2868,1948,2658,3328,710,438,9292,561,276448
HHS Region,hhs4,2018,51,3.21808,3.94576,3225,2449,3316,3952,867,573,11066,548,280453
HHS Region,hhs4,2018,52,4.06279,4.81633,3895,3232,4494,3725,1262,1012,13126,551,272531
HHS Region,hhs4,2019,1,3.35579,3.92071,3059,3299,4617,2611,1318,1110,11397,563,290687
HHS Region,hhs4,2019,2,2.67241,3.08883,2073,2701,3724,2514,1023,661,8972,568,290466
HHS Region,hhs4,2019,3,3.04234,3.45007,2080,2614,3549,3706,935,560,9895,558,286806
HHS Region,hhs4,2019,4,4.00237,4.42697,2513,3136,4185,4792,1049,568,12058,563,272376
HHS Region,hhs4,2019,5,4.82199,5.51032,2938,4000,5298,6943,1298,818,15997,565,290310
HHS Region,hhs4,2019,6,5.94921,6.86942,4135,5451,7331,10324,1880,1231,23021,569,335123
HHS Region,hhs4,2019,7,5.73582,6.73886,3961,5357,7264,8895,1907,1282,21402,569,317591
HHS Region,hhs4,2019,8,5.09036,5.95261,3501,4654,6259,7323,1605,1099,18182,559,305446
HHS Region,hhs4,2019,9,4.07313,4.76358,2674,3570,4879,5704,1309,856,14113,559,296269
HHS Region,hhs4,2019,10,3.71192,4.23135,2451,3147,4297,4591,1150,772,12111,557,286221
HHS Region,hhs4,2019,11,3.36203,3.82948,2562,2904,4007,4222,1103,746,11537,558,301268
HHS Region,hhs4,2019,12,2.97592,3.26785,2174,2376,3201,3561,825,640,9576,561,293037
HHS Region,hhs4,2019,13,2.44418,2.90679,2050,2024,2816,2937,792,507,8310,555,285882
HHS Region,hhs4,2019,14,2.27651,2.53628,1834,1757,2400,2578,643,490,7302,551,287902
HHS Region,hhs4,2019,15,1.86745,2.09582,1653,1511,2030,2173,519,409,6265,552,298929
HHS Region,hhs4,2019,16,1.60937,1.80555,1496,1107,1495,1671,388,329,4991,545,276426
HHS Region,hhs4,2019,17,1.45855,1.72186,1444,1124,1555,1673,431,317,4989,540,289744
HHS Region,hhs4,2019,18,1.35239,1.52936,1355,1004,1343,1512,339,268,4478,537,292802
HHS Region,hhs4,2019,19,1.26419,1.42965,1175,869,1157,1394,288,235,3961,530,277060
HHS Region,hhs4,2019,20,1.26802,1.37851,1087,850,1156,1299,306,219,3761,525,272831
HHS Region,hhs4,2019,21,1.06614,1.23152,1037,745,994,1158,249,210,3399,508,276001
HHS Region,hhs4,2019,22,1.15371,1.22051,1061,712,971,1079,259,214,3325,508,272426
HHS Region,hhs4,2019,23,0.878735,1.00424,791,608,831,859,223,192,2673,504,266171
HHS Region,hhs4,2019,24,0.783638,0.91896,712,606,785,713,179,139,2349,499,255615
HHS Region,hhs4,2019,25,0.658507,0.803827,603,491,685,658,194,129,2075,493,258140
HHS Region,hhs4,2019,26,0.652394,0.742393,577,458,629,587,171,117,1910,488,257276
HHS Region,hhs4,2019,27,0.633585,0.692002,465,437,578,540,141,101,1684,479,243352
HHS Region,hhs4,2019,28,0.603001,0.624976,470,376,511,531,135,107,1619,482,259050
HHS Region,hhs4,2019,29,0.56145,0.608648,431,390,509,498,119,116,1554,487,255320
HHS Region,hhs4,2019,30,0.602296,0.64966,462,406,574,493,168,121,1650,488,253979
HHS Region,hhs4,2019,31,0.609666,0.662745,524,422,566,507,144,92,1689,494,254849
HHS Region,hhs4,2019,32,0.59727,0.672283,511,453,603,510,150,107,1731,491,257481
HHS Region,hhs4,2019,33,0.71023,0.870303,705,515,683,821,168,100,2309,489,265310
HHS Region,hhs4,2019,34,0.894721,1.07513,925,621,767,1084,146,112,2888,492,268618
HHS Region,hhs4,2019,35,1.04236,1.19064,1013,717,907,1131,190,150,3201,487,268847
HHS Region,hhs4,2019,36,1.30448,1.37985,1244,790,1024,1262,234,153,3683,489,266914
HHS Region,hhs4,2019,37,1.22631,1.31808,1084,854,1118,1285,264,174,3661,497,277752
HHS Region,hhs4,2019,38,1.27698,1.40205,1168,865,1124,1354,259,188,3834,492,273457
HHS Region,hhs4,2019,39,1.33699,1.55856,1305,963,1272,1464,309,210,4251,494,272752
HHS Region,hhs4,2019,40,1.67601,1.69041,1784,1234,1598,1971,364,284,5637,561,333469
HHS Region,hhs4,2019,41,1.63027,1.68457,1757,1219,1595,1710,376,288,5350,557,317589
HHS Region,hhs4,2019,42,1.81806,1.83652,1831,1338,1735,1871,397,303,5740,571,312547
HHS Region,hhs4,2019,43,1.96609,2.07513,2107,1496,2003,2211,507,362,6683,574,322052
HHS Region,hhs4,2019,44,2.29988,2.23187,2300,1507,1999,2475,492,345,7119,580,318970
HHS Region,hhs4,2019,45,2.87142,2.76192,2917,1906,2461,3174,555,383,8935,584,323507
HHS Region,hhs4,2019,46,3.13118,3.12286,3154,2072,2749,3432,677,422,9757,579,312438
HHS Region,hhs4,2019,47,3.34192,3.6213,3301,2491,3199,4481,708,450,11431,566,315660
HHS Region,hhs4,2019,48,4.19914,4.21707,4046,2617,3464,4299,847,597,12406,572,294185
HHS Region,hhs4,2019,49,4.02323,4.1271,3828,3486,4532,4646,1046,693,13699,578,331928
HHS Region,hhs4,2019,50,4.98403,4.98658,3946,3927,5096,6627,1169,683,16352,576,327920
HHS Region,hhs4,2019,51,6.39636,6.85044,5247,5354,6808,9287,1454,850,22192,554,323950
HHS Region,hhs4,2019,52,8.76758,9.3871,7474,8318,10844,10309,2526,1524,30151,559,321196
HHS Region,hhs4,2020,1,6.82022,7.50886,5901,8235,10935,6142,2700,1801,24779,567,329997
HHS Region,hhs4,2020,2,5.20089,5.65367,3709,6268,8275,5425,2007,1185,18594,568,328884
HHS Region,hhs4,2020,3,5.42013,5.80624,3924,5390,7160,7063,1770,997,19144,572,329714
HHS Region,hhs4,2020,4,6.44947,6.15968,4131,5597,7315,7570,1718,911,19927,578,323507
HHS Region,hhs4,2020,5,7.46101,7.51075,4796,7336,9613,10118,2277,1138,25665,567,341710
HHS Region,hhs4,2020,6,7.30036,7.87324,5063,8001,10458,10966,2457,1252,27739,571,352320
HHS Region,hhs4,2020,7,6.32193,6.45947,3866,6530,8675,7872,2145,1150,21563,566,333820
HHS Region,hhs4,2020,8,5.35342,5.59214,2995,4947,6457,5588,1510,909,15949,575,285204
HHS Region,hhs4,2020,9,4.80979,5.0223,2750,5002,6692,5323,1690,954,15719,569,312984
HHS Region,hhs4,2020,10,5.39408,5.41591,3154,5448,7319,6126,1871,1028,17627,561,325467
HHS Region,hhs4,2020,11,5.81021,6.39339,3272,6765,9121,6561,2356,1350,20304,541,317578
HHS Region,hhs4,2020,12,5.93594,6.8479,2824,6486,8901,4216,2415,1246,17187,540,250982
HHS Region,hhs4,2020,13,4.26806,5.17629,1467,4076,5676,2104,1600,990,10237,536,197767
HHS Region,hhs4,2020,14,3.05597,3.55417,700,2391,3349,1170,958,680,5899,520,165974
HHS Region,hhs4,2020,15,2.04308,2.6729,455,1662,2449,812,787,533,4249,517,158966
HHS Region,hhs4,2020,16,1.65386,2.02496,333,1269,1849,602,580,422,3206,511,158324
HHS Region,hhs4,2020,17,1.25588,1.71786,290,1094,1611,518,517,401,2820,498,164158
HHS Region,hhs4,2020,18,0.999752,1.38953,232,929,1390,427,461,320,2369,500,170489
HHS Region,hhs4,2020,19,0.863968,1.22307,209,933,1323,401,390,337,2270,502,185599
HHS Region,hhs4,2020,20,0.846097,1.18182,211,858,1294,484,436,290,2279,500,192838
HHS Region,hhs4,2020,21,1.0429,1.06571,315,1406,2090,803,684,605,3813,834,357789
HHS Region,hhs4,2020,22,0.961898,0.973551,318,1361,2024,746,663,492,3580,830,367726
HHS Region,hhs4,2020,23,0.922665,0.931439,321,1343,1953,793,610,478,3545,824,380594
HHS Region,hhs4,2020,24,0.945888,1.00519,346,1516,2222,942,706,541,4051,828,403010
HHS Region,hhs4,2020,25,1.33784,1.42939,445,2529,3548,1366,1019,662,6021,827,421230
HHS Region,hhs4,2020,26,1.6768,1.89415,555,3738,5202,1826,1464,982,8565,825,452182
HHS Region,hhs4,2020,27,2.03275,2.27433,668,4360,6309,2175,1949,1205,10357,820,455386
HHS Region,hhs4,2020,28,2.28161,2.47837,723,4646,6939,2090,2293,1502,11254,816,454089
HHS Region,hhs4,2020,29,2.17628,2.35291,778,4284,6395,2058,2111,1396,10627,815,451654
HHS Region,hhs4,2020,30,1.79618,1.79519,689,3165,4891,1613,1726,1098,8291,873,461844
HHS Region,hhs4,2020,31,1.5829,1.56828,635,2681,4004,1392,1323,1038,7069,883,450748
HHS Region,hhs4,2020,32,1.41863,1.37705,592,2324,3448,1260,1124,881,6181,882,448859
HHS Region,hhs4,2020,33,1.29146,1.25027,621,1991,2944,1243,953,765,5573,873,445743
HHS Region,hhs4,2020,34,1.2436,1.19743,713,1815,2652,1299,837,699,5363,877,447874
HHS Region,hhs4,2020,35,1.22795,1.17679,773,1694,2471,1415,777,640,5299,868,450293
HHS Region,hhs4,2020,36,1.17608,1.13421,769,1592,2269,1475,677,600,5113,869,450797
HHS Region,hhs4,2020,37,1.21277,1.19247,888,1629,2399,1562,770,575,5424,875,454854
HHS Region,hhs4,2020,38,1.22743,1.19643,922,1701,2430,1520,729,594,5466,880,456860
HHS Region,hhs4,2020,39,1.25248,1.2366,944,1723,2485,1591,762,633,5653,876,457142
HHS Region,hhs4,2020,40,1.32584,1.30426,868,1885,2734,1617,849,676,5895,908,451980
HHS Region,hhs4,2020,41,1.4548,1.44462,1000,2281,3402,1812,1121,831,7045,918,487673
HHS Region,hhs4,2020,42,1.4057,1.37342,901,2212,3226,1759,1014,772,6658,918,484775
HHS Region,hhs4,2020,43,1.46217,1.43324,1025,2179,3289,1880,1110,804,6998,956,488266
HHS Region,hhs4,2020,44,1.36059,1.35759,971,2137,3053,1772,916,739,6535,951,481366
HHS Region,hhs4,2020,45,1.53703,1.49793,1063,2273,3350,1946,1077,767,7126,947,475723
HHS Region,hhs4,2020,46,1.53384,1.49532,1042,2486,3654,1911,1168,901,7508,950,502099
HHS Region,hhs4,2020,47,1.66842,1.58897,1081,2645,3881,1955,1236,936,7853,942,494219
HHS Region,hhs4,2020,48,1.71389,1.66464,1068,2442,3756,1685,1314,1085,7594,940,456196
HHS Region,hhs4,2020,49,1.7844,1.73137,1097,2910,4229,1931,1319,1088,8345,947,481987
HHS Region,hhs4,2020,50,1.76703,1.69452,1091,2720,4067,1853,1347,1142,8153,941,481139
HHS Region,hhs4,2020,51,1.8405,1.77933,1148,2857,4319,1918,1462,1162,8547,931,480349
HHS Region,hhs4,2020,52,1.89572,1.82059,1059,2563,4089,1424,1526,1351,7923,932,435189
HHS Region,hhs4,2020,53,2.10483,2.04237,1188,3454,5370,1708,1916,1607,9873,923,483410
HHS Region,hhs4,2021,1,1.96097,1.91865,1017,3465,5221,1894,1756,1510,9642,928,502541
HHS Region,hhs4,2021,2,1.75279,1.71488,1042,2730,4164,1743,1434,1231,8180,926,477000
HHS Region,hhs4,2021,3,1.60113,1.61102,1167,2494,3800,1791,1306,1032,7790,929,483545
HHS Region,hhs4,2021,4,1.52912,1.52298,1220,2326,3477,1794,1151,935,7426,931,487598
HHS Region,hhs4,2021,5,1.45103,1.45525,1228,2053,3027,1835,974,793,6883,926,472976
HHS Region,hhs4,2021,6,1.33539,1.37072,1292,1862,2721,1834,859,616,6463,911,471503
HHS Region,hhs4,2021,7,1.21779,1.2759,1189,1701,2552,1505,851,605,5851,920,458580
HHS Region,hhs4,2021,8,1.204,1.23487,1270,1722,2487,1637,765,592,5986,919,484747
HHS Region,hhs4,2021,9,1.13724,1.19848,1429,1551,2307,1584,756,517,5837,918,487035
HHS Region,hhs4,2021,10,1.2152,1.27931,1629,1610,2365,1751,755,515,6260,919,489326
HHS Region,hhs4,2021,11,1.22765,1.30988,1786,1724,2474,1628,750,518,6406,866,489052
HHS Region,hhs4,2021,12,1.23574,1.32291,1968,1828,2633,1633,805,482,6716,866,507668
HHS Region,hhs4,2021,13,1.23258,1.3785,2200,1827,2594,1734,767,428,6956,916,504605
HHS Region,hhs4,2021,14,1.37601,1.52104,2571,2045,2909,2019,864,512,8011,921,526680
HHS Region,hhs4,2021,15,1.48665,1.65217,3021,2326,3265,2192,939,558,9036,920,546916
HHS Region,hhs4,2021,16,1.58289,1.74631,3335,2222,3140,2290,918,567,9332,919,534384
HHS Region,hhs4,2021,17,1.61119,1.78263,3630,2098,2933,2371,835,591,9525,918,534322
HHS Region,hhs4,2021,18,1.71324,1.9252,3934,2049,2809,2365,760,542,9650,918,501247
HHS Region,hhs4,2021,19,1.73934,1.97155,4028,1915,2713,2316,798,497,9554,908,484593
HHS Region,hhs4,2021,20,1.76078,1.89877,4473,1962,2709,2256,747,484,9922,910,522548
HHS Region,hhs4,2021,21,1.69585,1.791,4258,1790,2503,2124,713,448,9333,898,521106
HHS Region,hhs4,2021,22,1.73413,1.84354,4324,1876,2582,2016,706,488,9410,904,510431
HHS Region,hhs4,2021,23,1.50081,1.5954,3623,1602,2243,1764,641,494,8124,898,509214
HHS Region,hhs4,2021,24,1.46306,1.55151,3598,1620,2208,1661,588,433,7900,899,509180
HHS Region,hhs4,2021,25,1.49541,1.58969,3449,1654,2315,1718,661,475,7957,895,500539
HHS Region,hhs4,2021,26,1.5237,1.61878,3443,1787,2506,1877,719,545,8371,893,517118
HHS Region,hhs4,2021,27,1.67849,1.79075,3650,2303,3238,2127,935,578,9593,890,535696
HHS Region,hhs4,2021,28,1.83455,1.98446,3669,2987,4148,2470,1161,770,11057,892,557178
HHS Region,hhs4,2021,29,2.28385,2.45852,4154,4236,5817,3276,1581,1064,14311,893,582098
HHS Region,hhs4,2021,30,2.58751,2.83264,4734,5257,7219,4018,1962,1231,17202,895,607277
HHS Region,hhs4,2021,31,2.79466,3.04851,4503,5854,8235,4225,2381,1459,18422,886,604295
HHS Region,hhs4,2021,32,3.10862,3.29115,4536,6298,8859,5153,2561,1427,19975,879,606930
HHS Region,hhs4,2021,33,3.36946,3.51029,4903,6019,8585,6590,2566,1417,21495,887,612343
HHS Region,hhs4,2021,34,3.24428,3.35502,4750,5298,7502,6628,2204,1309,20189,878,601755
HHS Region,hhs4,2021,35,3.04897,3.15693,4472,4595,6365,5996,1770,1154,17987,877,569762
HHS Region,hhs4,2021,36,2.80949,2.90579,4408,4061,5668,5127,1607,1073,16276,889,560124
HHS Region,hhs4,2021,37,2.31285,2.42905,3733,3136,4371,4020,1235,855,12979,894,534324
HHS Region,hhs4,2021,38,2.07197,2.1972,3593,2449,3359,3821,910,714,11487,896,522801
HHS Region,hhs4,2021,39,2.03853,2.14706,3747,2194,3003,3745,809,639,11134,893,518569
HHS Region,hhs4,2021,40,2.05564,2.11515,4014,2280,3152,3882,872,686,11734,976,554760
HHS Region,hhs4,2021,41,2.05124,2.11233,4173,2077,2902,3948,825,715,11738,980,555690
HHS Region,hhs4,2021,42,2.00223,2.08452,4096,1976,2768,3980,792,645,11489,982,551158
HHS Region,hhs4,2021,43,2.07583,2.16347,4323,2013,2777,4180,764,600,11880,974,549119
HHS Region,hhs4,2021,44,2.41809,2.52723,4709,2212,2996,5542,784,648,13895,971,549812
HHS Region,hhs4,2021,45,2.69456,2.76623,5237,2424,3297,6087,873,703,15324,976,553967
HHS Region,hhs4,2021,46,2.88554,2.92928,5382,2791,3858,6661,1067,828,16729,976,571095
HHS Region,hhs4,2021,47,2.87281,2.9251,5418,2630,3748,4968,1118,925,15059,981,514820
HHS Region,hhs4,2021,48,3.01026,3.01516,5236,3714,5203,6202,1489,1287,17928,989,594596
HHS Region,hhs4,2021,49,3.14661,3.15074,5261,3702,5174,7001,1472,1172,18608,985,590591
HHS Region,hhs4,2021,50,3.67533,3.71168,5870,4898,6547,8506,1649,1256,22179,984,597546
HHS Region,hhs4,2021,51,4.87443,4.94043,6709,8414,11198,9113,2784,1936,28956,974,586103
HHS Region,hhs4,2021,52,6.02891,6.07205,8585,15428,20646,10640,5218,3652,43523,974,716776
HHS Region,hhs4,2022,1,5.11145,5.18164,5909,12352,16948,9187,4596,3263,35307,975,681387
HHS Region,hhs4,2022,2,4.26754,4.23825,4185,8777,12239,7736,3462,2465,26625,976,628208
HHS Region,hhs4,2022,3,3.37445,3.35298,3160,5936,8391,5008,2455,1872,18431,978,549690
HHS Region,hhs4,2022,4,2.50225,2.48115,2510,4064,5871,3569,1807,1463,13413,973,540596
HHS Region,hhs4,2022,5,2.02356,2.02768,2274,2702,3927,3040,1225,1092,10333,951,509597
HHS Region,hhs4,2022,6,1.67508,1.69321,2341,1973,2894,2976,921,863,9074,973,535905
HHS Region,hhs4,2022,7,1.70681,1.71626,2534,1817,2596,3215,779,727,9072,977,528592
HHS Region,hhs4,2022,8,1.67694,1.68795,2677,1742,2438,3204,696,709,9028,974,534850
HHS Region,hhs4,2022,9,1.59571,1.60386,2545,1664,2302,3139,638,607,8593,970,535770
HHS Region,hhs4,2022,10,1.60876,1.6142,2677,1594,2215,3136,621,572,8600,972,532771
HHS Region,hhs4,2022,11,1.69477,1.6996,2821,1778,2387,3305,609,678,9191,971,540775
HHS Region,hhs4,2022,12,1.70402,1.7155,2891,1766,2446,3492,680,646,9475,967,552316
HHS Region,hhs4,2022,13,1.83405,1.82342,2848,2060,2807,3731,747,694,10080,964,552808
HHS Region,hhs4,2022,14,1.92563,1.93595,3207,2173,2872,3956,699,743,10778,960,556729
HHS Region,hhs4,2022,15,2.17904,2.21623,3660,2396,3245,4848,849,779,12532,963,565466
HHS Region,hhs4,2022,16,2.25449,2.35208,3858,2621,3565,5194,944,867,13484,967,573281
HHS Region,hhs4,2022,17,2.3418,2.43929,4264,2632,3585,5603,953,891,14343,966,588000
HHS Region,hhs4,2022,18,2.54363,2.69898,4473,3024,4115,6278,1091,931,15797,952,585295
HHS Region,hhs4,2022,19,2.87235,3.15639,5319,3657,4919,7428,1262,1124,18790,960,595301
HHS Region,hhs4,2022,20,3.13172,3.50199,5685,3993,5438,8847,1445,1299,21269,958,607341
HHS Region,hhs4,2022,21,3.42842,3.94578,6172,4533,6197,10040,1664,1377,23786,946,602822
HHS Region,hhs4,2022,22,3.53562,4.05844,6805,4998,6794,8771,1796,1615,23985,930,590991
HHS Region,hhs4,2022,23,2.95803,3.3728,5873,4486,6243,6208,1757,1599,19923,941,590696
HHS Region,hhs4,2022,24,2.66619,2.98656,5325,4203,5849,4816,1646,1496,17486,942,585489
HHS Region,hhs4,2022,25,2.42491,2.6794,4628,3836,5459,3925,1623,1483,15495,938,578301
HHS Region,hhs4,2022,26,2.29129,2.47071,4320,3555,5024,3430,1469,1370,14144,937,572466
HHS Region,hhs4,2022,27,2.29489,2.44959,4287,3601,5101,3501,1500,1455,14344,936,585568
HHS Region,hhs4,2022,28,2.20617,2.35219,3826,3793,5306,3210,1513,1429,13771,932,585454
HHS Region,hhs4,2022,29,2.17911,2.30333,3823,3615,5138,3212,1523,1399,13572,937,589234
HHS Region,hhs4,2022,30,2.13302,2.263,3619,3397,4923,3064,1526,1461,13067,932,577420
HHS Region,hhs4,2022,31,1.9104,1.97646,3291,2999,4245,2838,1246,1252,11626,935,588224
HHS Region,hhs4,2022,32,1.98545,2.05738,3347,2877,4024,3194,1147,1151,11716,883,569462
HHS Region,hhs4,2022,33,2.26145,2.31615,4029,2726,3846,4612,1120,1039,13526,935,583986
HHS Region,hhs4,2022,34,2.55186,2.61033,4868,2928,4006,5726,1078,1014,15614,930,598162
HHS Region,hhs4,2022,35,2.58358,2.65034,5117,2764,3818,5981,1054,940,15856,932,598262
HHS Region,hhs4,2022,36,2.64235,2.68385,5552,2683,3764,5517,1081,1006,15839,928,590160
HHS Region,hhs4,2022,37,2.53113,2.56736,5403,2425,3382,5439,957,830,15054,933,586362
HHS Region,hhs4,2022,38,2.87071,2.88985,6137,2526,3437,6518,911,840,16932,929,585913
HHS Region,hhs4,2022,39,3.15105,3.14919,6486,2492,3430,6497,938,924,17337,926,550522
HHS Region,hhs4,2022,40,3.3234,3.22278,6221,2925,3996,7283,1071,979,18479,954,573387
HHS Region,hhs4,2022,41,3.77676,3.64729,6616,3618,4800,8655,1182,1151,21222,959,581856
HHS Region,hhs4,2022,42,4.41828,4.25536,7344,4321,5825,10514,1504,1311,24994,908,587353
HHS Region,hhs4,2022,43,6.77298,6.5032,10340,7283,9570,19397,2287,1889,41196,968,633473
HHS Region,hhs4,2022,44,8.38326,7.94617,12115,9617,12440,25205,2823,2255,52015,967,654592
HHS Region,hhs4,2022,45,7.70163,7.35965,11284,9217,12201,19586,2984,2424,45495,965,618168
HHS Region,hhs4,2022,46,6.61419,6.32638,9315,8375,11072,15540,2697,2263,38190,964,603663
HHS Region,hhs4,2022,47,7.69109,7.2726,10103,9497,13221,14777,3724,3372,41473,960,570264
HHS Region,hhs4,2022,48,7.06694,6.73426,8910,11107,15466,14099,4359,3932,42407,965,629720
HHS Region,hhs4,2022,49,5.97598,5.80631,7552,8590,12127,12193,3537,3365,35237,964,606874
HHS Region,hhs4,2022,50,5.53813,5.57767,7397,7821,11008,11691,3187,2852,32948,966,590713
HHS Region,hhs4,2022,51,5.35598,5.51134,6784,7262,10295,9570,3033,2957,29606,951,537183
HHS Region,hhs4,2022,52,5.32419,5.45475,6767,8410,12324,7531,3914,4179,30801,949,564664
HHS Region,hhs4,2023,1,4.16861,4.33427,5381,7576,11307,6278,3731,3823,26789,958,618074
HHS Region,hhs4,2023,2,3.2503,3.36548,3873,5293,7720,5372,2427,2465,19430,961,577332
HHS Region,hhs4,2023,3,3.00183,3.11609,3872,4503,6487,5452,1984,2015,17826,965,572063
HHS Region,hhs4,2023,4,2.99918,3.10649,4032,4440,6099,6153,1659,1570,17854,954,574733
HHS Region,hhs4,2023,5,3.01855,3.12355,4382,4115,5746,6495,1631,1567,18190,961,582350
HHS Region,hhs4,2023,6,3.00188,3.09444,4394,4086,5773,6765,1687,1622,18554,962,599591
HHS Region,hhs4,2023,7,2.85429,2.93764,4146,3756,5307,6392,1551,1465,17310,958,589249
HHS Region,hhs4,2023,8,2.6609,2.76147,4174,3469,4998,5905,1529,1508,16585,954,600587
HHS Region,hhs4,2023,9,2.47839,2.58064,4012,3243,4470,5657,1227,1272,15411,955,597177
HHS Region,hhs4,2023,10,2.38381,2.50451,3983,3003,4166,5574,1163,1106,14829,951,592093
HHS Region,hhs4,2023,11,2.42996,2.53023,3940,3031,4193,5313,1162,1148,14594,952,576786
HHS Region,hhs4,2023,12,2.42316,2.49627,3816,3277,4557,5406,1280,1163,14942,947,598573
HHS Region,hhs4,2023,13,2.30487,2.38437,3658,3067,4226,5387,1159,1099,14370,953,602675
HHS Region,hhs4,2023,14,2.19365,2.28527,3525,2842,3909,4923,1067,1022,13379,952,585445
HHS Region,hhs4,2023,15,2.16484,2.27385,3460,2953,4005,4834,1052,1008,13307,947,585219
HHS Region,hhs4,2023,16,2.03867,2.14095,3257,2740,3642,4898,902,960,12757,946,595857
HHS Region,hhs4,2023,17,2.1098,2.22015,3321,2763,3707,5138,944,860,13026,945,586717
HHS Region,hhs4,2023,18,2.13635,2.24486,3313,2778,3740,5149,962,893,13095,942,583332
HHS Region,hhs4,2023,19,2.09229,2.20386,3173,2755,3673,5180,918,844,12870,937,583976
HHS Region,hhs4,2023,20,2.03578,2.15767,3101,2674,3594,5003,920,825,12523,945,580395
HHS Region,hhs4,2023,21,2.00432,2.13601,3079,2594,3434,4700,840,798,12011,930,562309
HHS Region,hhs4,2023,22,2.08716,2.25857,3326,2817,3854,4554,1037,940,12674,933,561151
HHS Region,hhs4,2023,23,1.78652,1.91587,2777,2648,3568,3434,920,859,10638,928,555256
HHS Region,hhs4,2023,24,1.58759,1.71644,2510,2406,3269,2847,863,790,9416,927,548576
HHS Region,hhs4,2023,25,1.45858,1.58549,2212,2311,3138,2486,827,770,8606,921,542799
HHS Region,hhs4,2023,26,1.33955,1.45736,2085,2204,2991,2277,787,746,8099,921,555730
HHS Region,hhs4,2023,27,1.33058,1.44408,1976,2056,2863,2304,807,787,7930,922,549139
HHS Region,hhs4,2023,28,1.3165,1.42384,1945,2251,3048,2205,797,785,7983,922,560668
HHS Region,hhs4,2023,29,1.34687,1.45202,2046,2265,3134,2119,869,826,8125,926,559564
HHS Region,hhs4,2023,30,1.46363,1.57695,2113,2365,3368,2273,1003,951,8705,927,552014
HHS Region,hhs4,2023,31,1.50988,1.62126,2053,2576,3575,2276,999,983,8887,916,548153
HHS Region,hhs4,2023,32,1.69479,1.79142,2373,2741,3844,2774,1103,1047,10038,922,560339
HHS Region,hhs4,2023,33,2.19192,2.25003,2876,3506,4771,4252,1265,1208,13107,930,582526
HHS Region,hhs4,2023,34,2.73191,2.8478,3948,4211,5646,6381,1435,1388,17363,920,609698
HHS Region,hhs4,2023,35,2.81842,2.93139,4004,4105,5641,6057,1536,1445,17147,921,584945
HHS Region,hhs4,2023,36,2.62666,2.76222,4077,3831,5330,5565,1499,1483,16455,918,595717
HHS Region,hhs4,2023,37,2.54177,2.63519,3884,3533,4884,5313,1351,1278,15359,920,582842
HHS Region,hhs4,2023,38,2.6094,2.70161,4369,3295,4542,5536,1247,1230,15677,923,580283
HHS Region,hhs4,2023,39,2.70027,2.80803,4705,3374,4581,5691,1207,1183,16160,922,575492
HHS Region,hhs4,2023,40,2.86023,3.00139,5266,3487,4789,6572,1302,1183,17810,952,593391
HHS Region,hhs4,2023,41,2.98154,3.13115,5613,3683,5024,6538,1341,1199,18374,960,586813
HHS Region,hhs4,2023,42,3.1502,3.33498,5845,3983,5252,7079,1269,1192,19368,947,580753
HHS Region,hhs4,2023,43,3.4604,3.65231,6271,4454,5985,8294,1531,1426,21976,955,601701
HHS Region,hhs4,2023,44,3.79498,3.97697,6715,4826,6339,9232,1513,1351,23637,953,594347
HHS Region,hhs4,2023,45,4.55423,4.65137,7756,6072,7957,11553,1885,1565,28831,948,619839
HHS Region,hhs4,2023,46,4.77541,4.83314,7657,6723,8867,11775,2144,1748,30047,954,621687
HHS Region,hhs4,2023,47,4.86348,4.87835,7386,6224,8400,8689,2176,1928,26403,951,541228
HHS Region,hhs4,2023,48,4.95204,4.89368,6932,8475,11198,9691,2723,2396,30217,950,617470
HHS Region,hhs4,2023,49,5.6019,5.46784,7109,8539,11593,12828,3054,2447,33977,949,621397
HHS Region,hhs4,2023,50,7.01478,6.73579,7926,10358,13908,16833,3550,2886,41553,946,616899
HHS Region,hhs4,2023,51,8.88081,8.31601,9436,14551,19462,18804,4911,4090,51792,946,622799
HHS Region,hhs4,2023,52,9.71012,8.63185,9782,16107,22245,13832,6138,5633,51492,941,596535
HHS Region,hhs4,2024,1,7.61163,7.19851,7569,15000,20990,10165,5990,5411,44135,944,613113
HHS Region,hhs4,2024,2,6.1319,5.7874,5421,10445,14887,9238,4442,4072,33618,937,580883
HHS Region,hhs4,2024,3,5.36187,5.13181,4867,8469,11803,8710,3334,3066,28446,940,554307
HHS Region,hhs4,2024,4,5.18,5.08692,5020,8988,12300,10332,3312,2834,30486,952,599302
HHS Region,hhs4,2024,5,4.83242,4.83059,5017,7761,10669,10582,2908,2541,28809,944,596387
HHS Region,hhs4,2024,6,5.01067,4.98093,5256,8209,11184,11530,2975,2583,30553,947,613400
HHS Region,hhs4,2024,7,4.63643,4.5853,5058,7441,10222,9977,2781,2503,27760,943,605413
HHS Region,hhs4,2024,8,4.48665,4.405,4931,6989,9677,8972,2688,2426,26006,938,590374
HHS Region,hhs4,2024,9,4.17916,4.16338,4756,6699,9122,8829,2423,2380,25087,940,602564
HHS Region,hhs4,2024,10,3.63364,3.65116,4647,5584,7675,7657,2091,2037,22016,941,602987
HHS Region,hhs4,2024,11,3.26975,3.33405,4454,4909,6692,6774,1783,1741,19661,885,589704
HHS Region,hhs4,2024,12,3.02241,3.09242,4088,4267,5849,6231,1582,1599,17767,935,574534
HHS Region,hhs4,2024,13,2.95008,2.96275,4045,4072,5594,5554,1522,1562,16755,929,565522
HHS Region,hhs4,2024,14,2.73598,2.76868,4067,3952,5416,5121,1464,1486,16090,939,581143
HHS Region,hhs4,2024,15,2.55504,2.61577,3731,3617,5012,5038,1395,1382,15163,936,579677
HHS Region,hhs4,2024,16,2.2955,2.37808,3479,3134,4306,5042,1172,1283,14110,937,593335
HHS Region,hhs4,2024,17,2.31086,2.40363,3246,3068,4246,5351,1178,1101,13944,932,580122
HHS Region,hhs4,2024,18,2.22728,2.31354,3259,2949,4070,5081,1121,1080,13490,877,583089
HHS Region,hhs4,2024,19,2.11026,2.1984,2981,2761,3839,4837,1078,975,12632,927,574599
HHS Region,hhs4,2024,20,2.13388,2.22521,3016,2945,3977,4586,1032,1035,12614,924,566869
HHS Region,hhs4,2024,21,2.02754,2.1525,2784,2850,3924,4319,1074,1040,12067,913,560605
HHS Region,hhs4,2024,22,1.99547,2.13439,3014,2729,3764,4123,1035,1101,12002,906,562315
HHS Region,hhs4,2024,23,1.84101,1.98964,2596,2768,3859,3509,1091,1083,11047,897,555225
HHS Region,hhs4,2024,24,1.68818,1.81026,2307,2593,3637,2951,1044,1015,9910,902,547436
HHS Region,hhs4,2024,25,1.67544,1.82092,2196,2837,3886,2723,1049,1141,9946,901,546208
HHS Region,hhs4,2024,26,1.70831,1.85313,2071,2727,3932,2880,1205,1196,10079,842,543891
HHS Region,hhs4,2024,27,1.67654,1.83911,2069,2615,3728,2609,1113,1374,9780,900,531780
HHS Region,hhs4,2024,28,1.75569,1.91435,2031,3273,4627,2733,1354,1371,10762,848,562175
HHS Region,hhs4,2024,29,1.84355,1.98373,2031,3305,4727,2667,1422,1427,10852,846,547049
HHS Region,hhs4,2024,30,1.84643,1.98901,2066,3266,4602,2687,1336,1451,10806,898,543286
HHS Region,hhs4,2024,31,1.91666,1.99527,2080,3304,4607,2803,1303,1436,10926,902,547595
HHS Region,hhs4,2024,32,2.0038,2.03296,2288,3249,4543,2914,1294,1393,11138,903,547870
HHS Region,hhs4,2024,33,2.13019,2.12384,2418,3316,4577,3646,1261,1320,11961,892,563177
HHS Region,hhs4,2024,34,2.49169,2.48742,2944,3614,4908,5013,1294,1200,14065,898,565446
HHS Region,hhs4,2024,35,2.60207,2.66069,3276,3669,4982,5990,1313,1291,15539,907,584022
HHS Region,hhs4,2024,36,2.46664,2.54706,3448,3524,4909,5171,1385,1225,14753,903,579216
HHS Region,hhs4,2024,37,2.29739,2.36445,3026,3325,4496,4699,1171,1090,13311,841,562965
HHS Region,hhs4,2024,38,2.24425,2.33756,3197,3063,4272,5001,1209,1127,13597,899,581674
HHS Region,hhs4,2024,39,2.30903,2.3974,3428,2943,4008,4837,1065,1049,13322,899,555685
HHS Region,hhs4,2024,40,2.17845,2.01849,3636,2981,4056,5075,1075,1036,13803,973,683827
HHS Region,hhs4,2024,41,2.23404,2.0515,3559,2809,3847,4745,1038,1062,13213,966,644065
HHS Region,hhs4,2024,42,2.23408,2.05975,3344,3176,4341,4882,1165,1080,13647,968,662556
HHS Region,hhs4,2024,43,2.52103,2.30878,3978,3415,4594,6063,1179,1139,15774,963,683217
HHS Region,hhs4,2024,44,2.68906,2.47953,4583,3711,4938,6442,1227,1079,17042,915,687309
HHS Region,hhs4,2024,45,2.97558,2.73702,5281,4040,5401,7210,1361,1211,19103,968,697950
HHS Region,hhs4,2024,46,3.20796,2.92325,5579,4241,5672,7618,1431,1247,20116,968,688139
HHS Region,hhs4,2024,47,3.33504,3.04766,5860,4337,5844,7824,1507,1254,20782,966,681900
HHS Region,hhs4,2024,48,3.66844,3.43908,6401,4410,6047,6693,1637,1582,20723,967,602574
HHS Region,hhs4,2024,49,3.67177,3.30244,5676,5594,7640,7217,2046,1871,22404,963,678407
HHS Region,hhs4,2024,50,4.17954,3.72987,6055,6168,8555,9140,2387,2087,25837,963,692705
HHS Region,hhs4,2024,51,5.54815,4.94026,7757,8506,11547,12586,3041,2605,34495,959,698242
HHS Region,hhs4,2024,52,7.58592,7.17104,10361,12212,17190,13619,4978,4782,45952,959,640800
HHS Region,hhs4,2025,1,6.86933,6.36484,9182,12703,18414,10233,5711,5901,43730,968,687056
HHS Region,hhs4,2025,2,5.84796,5.50101,6086,10501,15046,8950,4545,4311,34393,966,625213
HHS Region,hhs4,2025,3,6.51391,5.76286,6611,11450,16167,13289,4717,4265,40332,966,699861
HHS Region,hhs4,2025,4,8.11325,7.1154,8091,13328,18808,15491,5480,4637,47027,965,660919
HHS Region,hhs4,2025,5,8.79,7.74192,8990,15997,22966,19371,6969,5966,57293,958,740036
HHS Region,hhs4,2025,6,8.31849,7.66032,9432,15001,21874,19476,6873,6340,57122,964,745687
HHS Region,hhs4,2025,7,6.5371,6.25269,6810,11417,16834,14104,5417,5279,43027,963,688136
HHS Region,hhs4,2025,8,5.30729,5.11502,5462,9229,13432,9998,4203,4228,33120,958,647505
HHS Region,hhs4,2025,9,4.6062,4.25477,4784,8103,11876,8626,3773,3974,29260,964,687698
HHS Region,hhs4,2025,10,4.27648,3.96503,4528,7136,10445,8377,3309,3351,26701,962,673412
HHS Region,hhs4,2025,11,3.85922,3.63125,4475,6622,9769,7726,3147,2984,24954,958,687202
HHS Region,hhs4,2025,12,3.11812,2.93466,3820,5347,7749,5922,2402,2558,20049,956,683179
HHS Region,hhs4,2025,13,2.78217,2.61206,3525,4697,6682,5219,1985,2062,17488,959,669509
HHS Region,hhs4,2025,14,2.3278,2.20351,2993,3748,5344,4332,1596,1714,14383,952,652732
HHS Region,hhs4,2025,15,2.13994,1.96453,2978,3162,4492,4043,1330,1355,12868,959,655018
HHS Region,hhs4,2025,16,2.11518,1.93307,2919,3117,4382,4112,1265,1319,12732,958,658641
HHS Region,hhs4,2025,17,2.07212,1.90584,3017,3177,4395,4192,1218,1314,12918,958,677813
HHS Region,hhs4,2025,18,1.9795,1.81207,2916,2955,4026,3945,1071,1266,12153,950,670671
HHS Region,hhs4,2025,19,1.98146,1.79968,2839,2868,4038,3838,1170,1178,11893,954,660840
HHS Region,hhs4,2025,20,1.89415,1.7306,2765,2827,3912,3576,1085,1114,11367,948,656824
HHS Region,hhs4,2025,21,1.89746,1.74105,2868,2802,3911,3468,1109,1144,11391,937,654261
HHS Region,hhs4,2025,22,1.87535,1.75066,2776,2839,3947,3073,1108,1180,10976,948,626965
HHS Region,hhs4,2025,23,1.68536,1.54999,2441,2698,3862,2534,1164,1107,9944,887,641554
HHS Region,hhs4,2025,24,1.44341,1.3341,2026,2435,3458,1909,1023,1107,8500,957,637136
HHS Region,hhs4,2025,25,1.33999,1.23627,1722,2318,3309,1750,991,991,7772,950,628667
HHS Region,hhs4,2025,26,1.23609,1.1578,1572,2125,3040,1714,915,933,7259,947,626963
HHS Region,hhs4,2025,27,1.14932,1.09265,1399,1851,2724,1557,873,858,6538,947,598364
HHS Region,hhs4,2025,28,1.19254,1.10968,1409,2182,3047,1705,865,1008,7169,941,646044
HHS Region,hhs4,2025,29,1.13102,1.04602,1299,2062,2929,1514,867,880,6622,946,633064
HHS Region,hhs4,2025,30,1.12905,1.06575,1279,2229,3017,1565,788,871,6732,939,631665
HHS Region,hhs4,2025,31,1.21765,1.1272,1429,2260,3149,1632,889,900,7110,887,630764
HHS Region,hhs4,2025,32,1.32702,1.19502,1460,2301,3241,1876,940,979,7556,948,632291
HHS Region,hhs4,2025,33,1.46756,1.30009,1561,2500,3437,2542,937,937,8477,889,652032
HHS Region,hhs4,2025,34,2.03226,1.81463,2211,3377,4536,4328,1159,1148,12223,948,673580
HHS Region,hhs4,2025,35,2.43055,2.20859,2579,4164,5660,5385,1496,1394,15018,948,679981
HHS Region,hhs4,2025,36,2.30926,2.16296,2680,4131,5631,4497,1500,1487,14295,949,660899
HHS Region,hhs4,2025,37,2.09074,1.88638,2367,3595,4973,3798,1378,1291,12429,939,658882
HHS Region,hhs4,2025,38,1.98017,1.76156,2376,3145,4383,3565,1238,1241,11565,940,656522
HHS Region,hhs4,2025,39,1.82518,1.67568,2539,2963,4058,3390,1095,1172,11159,940,665938
HHS Region,hhs4,2025,40,1.82401,1.65642,2610,2843,3930,3606,1087,1068,11214,963,677001
HHS Region,hhs4,2025,41,1.83992,1.68958,2783,2920,3978,3438,1058,1069,11268,961,666912
HHS Region,hhs4,2025,42,1.87787,1.70807,2765,2786,3937,3577,1151,1146,11425,961,668882
HHS Region,hhs4,2025,43,1.93093,1.7535,2742,2915,3978,3837,1063,1071,11628,959,663130
HHS Region,hhs4,2025,44,2.0554,1.84514,2892,2944,4014,3946,1070,1034,11886,952,644180
HHS Region,hhs4,2025,45,2.41631,2.15698,3457,3485,4725,5145,1240,1168,14495,951,672004
HHS Region,hhs4,2025,46,2.49034,2.24182,3413,3546,4848,5145,1302,1233,14639,937,652995
HHS Region,hhs5,2010,1,1.33326835520245,1.59514415781487,601,265,352,296,87,65,1314,248,82375
HHS Region,hhs5,2010,2,1.19420495201029,1.39766266582438,513,235,333,326,98,67,1239,252,88648
HHS Region,hhs5,2010,3,1.24081948632142,1.44063100941951,578,199,286,408,87,54,1326,267,92043
HHS Region,hhs5,2010,4,1.2124394659813,1.42812286837233,556,205,282,425,77,56,1319,262,92359
HHS Region,hhs5,2010,5,1.34787793626527,1.53288087994383,552,234,315,517,81,57,1441,264,94006
HHS Region,hhs5,2010,6,1.42853459752338,1.65295661127288,594,244,331,509,87,59,1493,256,90323
HHS Region,hhs5,2010,7,1.29887925906644,1.55514291398634,518,225,316,522,91,51,1407,252,90474
HHS Region,hhs5,2010,8,1.11028474095098,1.22286502839552,399,203,280,421,77,52,1152,257,94205
HHS Region,hhs5,2010,9,1.04203263904246,1.1489518041438,361,193,266,358,73,47,1032,245,89821
HHS Region,hhs5,2010,10,0.901400667254109,0.995323313449084,293,170,237,326,67,40,896,250,90021
HHS Region,hhs5,2010,11,0.902605526392665,1.04694206617764,317,198,254,311,56,40,922,247,88066
HHS Region,hhs5,2010,12,0.827048049780466,0.918325091954303,303,128,166,244,38,41,754,234,82106
HHS Region,hhs5,2010,13,0.763555498462462,0.877762547194767,246,166,221,220,55,43,730,235,83166
HHS Region,hhs5,2010,14,0.674450708900679,0.776136692730959,222,138,182,223,44,43,670,234,86325
HHS Region,hhs5,2010,15,0.650239103044244,0.781345108846022,239,143,183,247,40,37,706,231,90357
HHS Region,hhs5,2010,16,0.56909325355035,0.680214575681423,181,113,146,206,33,30,563,211,82768
HHS Region,hhs5,2010,17,0.592188151371015,0.714201946757359,209,107,149,215,42,36,609,215,85270
HHS Region,hhs5,2010,18,0.588033840721198,0.744261449467595,225,111,144,203,33,34,606,214,81423
HHS Region,hhs5,2010,19,0.565158260397861,0.642029023956703,184,96,125,150,29,25,484,199,75386
HHS Region,hhs5,2010,20,0.65766630552834,0.853809812874449,274,124,169,169,45,35,647,198,75778
HHS Region,hhs5,2010,21,0.597874373443261,0.808412929172158,266,90,121,177,31,31,595,191,73601
HHS Region,hhs5,2010,22,0.69485218279788,0.963509304239764,288,79,106,182,27,21,597,190,61961
HHS Region,hhs5,2010,23,0.625239082567465,0.802067677094015,261,93,119,153,26,38,571,193,71191
HHS Region,hhs5,2010,24,0.685234735908609,0.858954563851954,254,87,123,168,36,28,573,192,66709
HHS Region,hhs5,2010,25,0.635145149737863,0.816002310803004,248,88,129,162,41,26,565,190,69240
HHS Region,hhs5,2010,26,0.526274807039542,0.731400130498779,203,81,112,142,31,25,482,190,65901
HHS Region,hhs5,2010,27,0.649489978001268,0.823573727826861,196,83,121,140,38,24,481,178,58404
HHS Region,hhs5,2010,28,0.58488415530776,0.681268999922052,148,76,110,153,34,26,437,178,64145
HHS Region,hhs5,2010,29,0.515754194389757,0.527729499130984,81,70,107,123,37,23,334,178,63290
HHS Region,hhs5,2010,30,0.475209813688523,0.51009735296484,101,68,91,108,23,17,317,173,62145
HHS Region,hhs5,2010,31,0.469681422783317,0.645845382687488,161,66,83,133,17,25,402,169,62244
HHS Region,hhs5,2010,32,0.584901755250074,0.661115834530476,158,78,103,150,25,40,451,178,68218
HHS Region,hhs5,2010,33,0.613539403277944,0.77857365306758,188,78,119,169,41,24,500,168,64220
HHS Region,hhs5,2010,34,0.54199671927443,0.645288934207923,125,92,129,150,37,20,424,167,65707
HHS Region,hhs5,2010,35,0.550613867527767,0.686491950693281,131,87,117,188,30,19,455,162,66279
HHS Region,hhs5,2010,36,0.658988963366379,0.853224055413691,203,82,124,203,42,28,558,172,65399
HHS Region,hhs5,2010,37,0.733305742347509,0.833368705519476,179,106,148,231,42,31,589,172,70677
HHS Region,hhs5,2010,38,0.710295461183311,0.828638556956269,218,119,155,245,36,38,656,180,79166
HHS Region,hhs5,2010,39,0.613512764491082,0.707688128226026,174,85,123,194,38,30,521,177,73620
HHS Region,hhs5,2010,40,0.673682,0.835133,188,156,216,303,60,51,758,262,90764
HHS Region,hhs5,2010,41,0.754806,0.923484,278,161,221,338,60,63,900,284,97457
HHS Region,hhs5,2010,42,0.863591,1.00959,337,184,251,346,67,53,987,278,97762
HHS Region,hhs5,2010,43,0.861809,0.988713,324,202,275,348,73,56,1003,288,101445
HHS Region,hhs5,2010,44,1.02943,1.12626,370,190,283,411,93,65,1129,287,100243
HHS Region,hhs5,2010,45,0.948068,1.07912,335,194,284,383,90,71,1073,282,99433
HHS Region,hhs5,2010,46,0.948368,1.08154,388,187,263,382,76,39,1072,280,99118
HHS Region,hhs5,2010,47,1.03662,1.26375,331,167,228,303,61,55,917,284,72562
HHS Region,hhs5,2010,48,0.926949,1.06968,328,179,267,378,88,64,1037,288,96945
HHS Region,hhs5,2010,49,0.964041,1.15761,362,207,286,385,79,58,1091,286,94246
HHS Region,hhs5,2010,50,1.06663,1.30506,380,213,283,418,70,57,1138,290,87199
HHS Region,hhs5,2010,51,1.38365,1.91246,535,231,332,409,101,65,1341,275,70119
HHS Region,hhs5,2010,52,1.69891,2.35286,642,320,419,447,99,105,1613,273,68555
HHS Region,hhs5,2011,1,1.52658,1.92114,563,361,495,525,134,94,1677,276,87292
HHS Region,hhs5,2011,2,1.73968,2.17022,610,393,504,715,111,99,1928,276,88839
HHS Region,hhs5,2011,3,2.44083,2.96976,760,469,606,1259,137,95,2720,277,91590
HHS Region,hhs5,2011,4,3.33709,3.83761,897,687,845,1966,158,75,3783,275,98577
HHS Region,hhs5,2011,5,3.78044,4.24329,860,812,1003,1763,191,82,3708,281,87385
HHS Region,hhs5,2011,6,3.3294,3.65033,831,768,961,1780,193,96,3668,284,100484
HHS Region,hhs5,2011,7,3.31857,3.60457,850,699,886,1827,187,96,3659,275,101510
HHS Region,hhs5,2011,8,3.13872,3.39766,852,632,815,1471,183,98,3236,273,95242
HHS Region,hhs5,2011,9,2.85753,3.09787,859,522,694,1304,172,105,2962,277,95614
HHS Region,hhs5,2011,10,2.51636,2.6587,761,470,610,1085,140,101,2557,271,96175
HHS Region,hhs5,2011,11,2.40202,2.54729,826,383,471,821,88,97,2215,261,86955
HHS Region,hhs5,2011,12,1.61533,1.88433,581,277,381,681,104,74,1717,260,91120
HHS Region,hhs5,2011,13,1.52675,1.74932,557,264,356,561,92,84,1558,253,89063
HHS Region,hhs5,2011,14,1.2669,1.50218,467,177,257,507,80,64,1295,250,86208
HHS Region,hhs5,2011,15,0.902013,1.05834,310,155,215,349,60,55,929,250,87779
HHS Region,hhs5,2011,16,0.853615,1.09488,345,137,176,331,39,40,892,242,81470
HHS Region,hhs5,2011,17,0.774965,0.95721,310,104,148,253,44,46,757,238,79084
HHS Region,hhs5,2011,18,0.751988,0.90715,250,105,158,264,53,42,714,234,78708
HHS Region,hhs5,2011,19,0.764519,1.02856,320,115,149,282,34,36,787,227,76515
HHS Region,hhs5,2011,20,0.767403,0.903942,210,109,160,212,51,34,616,216,68146
HHS Region,hhs5,2011,21,0.636552,0.824154,211,86,120,169,34,29,529,207,64187
HHS Region,hhs5,2011,22,0.821782,1.14252,279,95,129,227,34,40,675,204,59080
HHS Region,hhs5,2011,23,0.584781,0.810229,219,88,115,157,27,40,531,204,65537
HHS Region,hhs5,2011,24,0.50683,0.707976,157,62,90,149,28,32,428,202,60454
HHS Region,hhs5,2011,25,0.539359,0.703093,131,94,116,153,22,24,424,193,60305
HHS Region,hhs5,2011,26,0.636735,0.865801,195,91,130,150,39,31,506,191,58443
HHS Region,hhs5,2011,27,0.739607,1.01588,196,87,119,130,32,40,485,183,47742
HHS Region,hhs5,2011,28,0.401721,0.544218,124,64,88,89,24,27,328,188,60270
HHS Region,hhs5,2011,29,0.482063,0.708499,182,62,86,126,24,24,418,187,58998
HHS Region,hhs5,2011,30,0.440356,0.700266,163,60,88,140,28,25,416,181,59406
HHS Region,hhs5,2011,31,0.580668,0.83599,160,85,104,144,19,30,438,182,52393
HHS Region,hhs5,2011,32,0.460299,0.666306,162,71,89,130,18,13,394,178,59132
HHS Region,hhs5,2011,33,0.518811,0.736958,162,74,97,162,23,22,443,182,60112
HHS Region,hhs5,2011,34,0.55474,0.778956,207,74,105,176,31,24,512,188,65729
HHS Region,hhs5,2011,35,0.623698,0.860658,196,98,122,214,24,20,552,192,64137
HHS Region,hhs5,2011,36,0.658056,0.96108,211,84,117,216,33,20,564,184,58684
HHS Region,hhs5,2011,37,0.659795,0.864708,201,87,124,246,37,25,596,194,68925
HHS Region,hhs5,2011,38,0.838953,1.08681,254,110,154,275,44,25,708,192,65145
HHS Region,hhs5,2011,39,0.895283,1.07861,266,104,140,316,36,27,749,192,69441
HHS Region,hhs5,2011,40,0.941375,1.20081,473,187,260,440,73,59,1232,289,102597
HHS Region,hhs5,2011,41,0.943071,1.15466,459,180,251,462,71,41,1213,292,105053
HHS Region,hhs5,2011,42,1.05026,1.19336,462,173,238,457,65,49,1206,295,101059
HHS Region,hhs5,2011,43,0.998187,1.15846,435,147,208,506,61,41,1190,294,102723
HHS Region,hhs5,2011,44,1.0916,1.26719,433,199,266,564,67,38,1301,299,102668
HHS Region,hhs5,2011,45,1.11771,1.24388,421,215,284,496,69,54,1255,299,100894
HHS Region,hhs5,2011,46,1.02063,1.22069,448,194,258,481,64,48,1235,297,101172
HHS Region,hhs5,2011,47,1.24569,1.49326,434,178,257,400,79,55,1146,299,76745
HHS Region,hhs5,2011,48,1.05945,1.22097,458,190,283,427,93,41,1209,298,99020
HHS Region,hhs5,2011,49,1.0058,1.14749,353,188,279,423,91,41,1096,294,95513
HHS Region,hhs5,2011,50,1.14913,1.35855,441,185,274,410,89,59,1184,286,87152
HHS Region,hhs5,2011,51,1.24805,1.4839,476,205,273,383,68,48,1180,280,79520
HHS Region,hhs5,2011,52,1.54444,1.92713,653,236,319,327,83,72,1371,280,71142
HHS Region,hhs5,2012,1,1.24644,1.52881,530,221,310,325,89,75,1240,288,81109
HHS Region,hhs5,2012,2,1.15541,1.3455,478,210,296,400,86,84,1258,289,93497
HHS Region,hhs5,2012,3,1.17979,1.41144,541,184,267,380,83,62,1250,286,88562
HHS Region,hhs5,2012,4,1.2699,1.45821,554,206,282,542,76,57,1435,287,98408
HHS Region,hhs5,2012,5,1.45574,1.78312,706,243,332,551,89,70,1659,276,93039
HHS Region,hhs5,2012,6,1.39672,1.63845,575,244,328,536,84,59,1498,274,91428
HHS Region,hhs5,2012,7,1.55473,1.9682,719,269,380,687,111,98,1884,275,95722
HHS Region,hhs5,2012,8,1.77323,2.25828,814,322,458,807,136,84,2163,274,95781
HHS Region,hhs5,2012,9,1.81172,2.3062,804,341,460,816,119,89,2169,264,94051
HHS Region,hhs5,2012,10,2.04753,2.71249,857,342,464,1038,122,98,2457,252,90581
HHS Region,hhs5,2012,11,2.39583,3.13085,935,459,632,1122,173,121,2810,261,89752
HHS Region,hhs5,2012,12,1.88008,2.37347,734,353,488,842,135,110,2174,255,91596
HHS Region,hhs5,2012,13,1.34651,1.6846,539,238,354,578,116,60,1531,253,90882
HHS Region,hhs5,2012,14,1.44358,1.7253,488,258,353,541,95,82,1464,247,84855
HHS Region,hhs5,2012,15,1.15046,1.51455,456,226,314,467,88,69,1306,240,86230
HHS Region,hhs5,2012,16,1.0351,1.32771,379,207,293,454,86,58,1184,246,89176
HHS Region,hhs5,2012,17,0.935815,1.25156,351,201,267,436,66,59,1113,248,88929
HHS Region,hhs5,2012,18,1.04643,1.30865,341,177,250,403,73,65,1059,236,80923
HHS Region,hhs5,2012,19,0.959535,1.10342,265,135,204,311,69,41,821,223,74405
HHS Region,hhs5,2012,20,0.815303,1.04001,274,122,186,243,64,43,746,220,71730
HHS Region,hhs5,2012,21,0.664607,0.954904,240,93,133,206,40,41,620,198,64928
HHS Region,hhs5,2012,22,0.756688,1.09501,267,112,156,194,44,29,646,203,58995
HHS Region,hhs5,2012,23,0.64147,0.96736,256,101,143,166,42,39,604,199,62438
HHS Region,hhs5,2012,24,0.528765,0.774507,195,90,121,130,31,26,472,186,60942
HHS Region,hhs5,2012,25,0.570694,0.813344,242,75,102,122,27,26,492,186,60491
HHS Region,hhs5,2012,26,0.545464,0.8244,225,89,128,112,39,21,486,184,58952
HHS Region,hhs5,2012,27,0.708251,0.962452,199,77,109,149,32,29,486,187,50496
HHS Region,hhs5,2012,28,0.611442,0.842733,225,83,127,143,44,22,517,186,61348
HHS Region,hhs5,2012,29,0.498103,0.79474,198,75,105,148,30,24,475,180,59768
HHS Region,hhs5,2012,30,0.607256,0.8756,229,91,131,157,40,28,545,195,62243
HHS Region,hhs5,2012,31,0.716939,1.06037,252,111,147,175,36,33,607,195,57244
HHS Region,hhs5,2012,32,0.61208,0.842252,188,70,107,161,37,28,484,197,57465
HHS Region,hhs5,2012,33,0.490029,0.811346,212,93,130,150,37,32,524,200,64584
HHS Region,hhs5,2012,34,0.619186,0.921397,276,87,121,217,34,34,648,201,70328
HHS Region,hhs5,2012,35,0.651238,0.982919,264,121,155,267,34,31,717,205,72946
HHS Region,hhs5,2012,36,0.745864,1.05881,245,131,168,217,37,27,657,194,62051
HHS Region,hhs5,2012,37,0.763046,1.1181,283,139,196,332,57,49,860,201,76916
HHS Region,hhs5,2012,38,0.831471,1.11213,242,159,200,346,41,39,827,206,74362
HHS Region,hhs5,2012,39,0.795032,1.09653,313,126,174,295,48,40,822,211,74964
HHS Region,hhs5,2012,40,1.0259,1.19206,367,160,241,447,81,45,1100,270,92277
HHS Region,hhs5,2012,41,0.970531,1.18175,385,167,227,450,60,65,1127,272,95367
HHS Region,hhs5,2012,42,1.00308,1.23319,422,196,274,467,78,51,1214,276,98444
HHS Region,hhs5,2012,43,0.951917,1.17471,382,184,253,432,69,62,1129,273,96109
HHS Region,hhs5,2012,44,1.0639,1.32829,421,192,285,497,93,50,1253,268,94332
HHS Region,hhs5,2012,45,1.14892,1.43007,449,235,356,521,121,66,1392,276,97338
HHS Region,hhs5,2012,46,1.21418,1.46109,456,229,334,524,105,70,1384,276,94724
HHS Region,hhs5,2012,47,1.56902,1.83668,481,212,306,493,94,65,1345,275,73230
HHS Region,hhs5,2012,48,1.54942,1.81878,596,331,467,694,136,81,1838,285,101057
HHS Region,hhs5,2012,49,2.13984,2.5101,711,405,576,1066,171,119,2472,275,98482
HHS Region,hhs5,2012,50,2.96882,3.40169,953,542,789,1493,247,154,3389,280,99627
HHS Region,hhs5,2012,51,4.16172,4.55663,1131,762,1057,1620,295,197,4005,268,87894
HHS Region,hhs5,2012,52,5.71232,5.99424,1116,828,1225,1208,397,340,3889,267,64879
HHS Region,hhs5,2013,1,4.48158,4.65144,968,874,1372,850,498,355,3545,277,76213
HHS Region,hhs5,2013,2,3.82974,3.96729,958,941,1398,1302,457,335,3993,280,100648
HHS Region,hhs5,2013,3,3.70465,3.8255,934,703,1039,1560,336,285,3818,283,99804
HHS Region,hhs5,2013,4,3.31545,3.45205,776,562,812,1379,250,185,3152,279,91308
HHS Region,hhs5,2013,5,2.97914,3.17701,799,500,745,1244,245,188,2976,269,93673
HHS Region,hhs5,2013,6,2.68669,2.89049,692,530,736,1140,206,151,2719,272,94067
HHS Region,hhs5,2013,7,2.43442,2.65489,639,440,640,1020,200,138,2437,265,91793
HHS Region,hhs5,2013,8,2.29596,2.43505,562,388,552,919,164,149,2182,270,89608
HHS Region,hhs5,2013,9,2.14368,2.41769,601,389,585,893,196,129,2208,263,91327
HHS Region,hhs5,2013,10,1.9789,2.24547,594,347,514,753,167,103,1964,266,87465
HHS Region,hhs5,2013,11,2.14009,2.45176,531,350,548,807,198,119,2005,257,81778
HHS Region,hhs5,2013,12,1.77107,2.11537,510,312,469,694,157,114,1787,261,84477
HHS Region,hhs5,2013,13,1.5748,1.908,464,291,443,571,152,87,1565,259,82023
HHS Region,hhs5,2013,14,1.39945,1.73596,452,270,386,515,116,103,1456,255,83873
HHS Region,hhs5,2013,15,1.22036,1.45884,401,232,344,405,112,92,1242,254,85136
HHS Region,hhs5,2013,16,1.13168,1.36569,342,202,302,417,100,95,1156,254,84646
HHS Region,hhs5,2013,17,0.971924,1.23527,338,175,266,390,91,69,1063,255,86054
HHS Region,hhs5,2013,18,0.843975,1.12282,330,140,196,334,56,62,922,252,82115
HHS Region,hhs5,2013,19,0.857398,1.16595,340,157,234,295,77,58,927,238,79506
HHS Region,hhs5,2013,20,0.852781,1.21809,329,113,181,271,68,74,855,234,70192
HHS Region,hhs5,2013,21,0.816745,1.10151,272,121,175,232,54,78,757,218,68724
HHS Region,hhs5,2013,22,0.994613,1.297,293,112,187,222,75,70,772,215,59522
HHS Region,hhs5,2013,23,0.878761,1.22065,299,130,205,233,75,76,813,207,66604
HHS Region,hhs5,2013,24,0.860912,1.18467,266,122,183,181,61,57,687,208,57991
HHS Region,hhs5,2013,25,0.793133,1.09397,246,122,193,185,71,64,688,205,62890
HHS Region,hhs5,2013,26,0.771008,1.00396,239,106,162,179,56,69,649,206,64644
HHS Region,hhs5,2013,27,0.92703,1.09102,230,76,124,185,48,48,587,203,53803
HHS Region,hhs5,2013,28,0.717799,0.948489,225,107,172,170,65,55,622,202,65578
HHS Region,hhs5,2013,29,0.666799,0.827758,173,100,146,166,46,26,511,196,61733
HHS Region,hhs5,2013,30,0.624777,0.81389,200,91,154,139,63,40,533,206,65488
HHS Region,hhs5,2013,31,0.669585,0.798004,182,98,139,133,41,29,483,194,60526
HHS Region,hhs5,2013,32,0.538487,0.713946,151,83,121,138,38,40,450,194,63030
HHS Region,hhs5,2013,33,0.722201,0.883865,190,106,161,156,55,38,545,190,61661
HHS Region,hhs5,2013,34,0.64833,0.77196,170,108,153,162,45,35,520,190,67361
HHS Region,hhs5,2013,35,0.731347,0.839949,186,112,164,185,52,48,583,189,69409
HHS Region,hhs5,2013,36,0.730498,0.941123,205,108,158,225,50,37,625,198,66410
HHS Region,hhs5,2013,37,0.819736,1.03654,237,109,163,304,54,44,748,198,72163
HHS Region,hhs5,2013,38,0.886773,1.13413,285,132,207,283,75,31,806,194,71068
HHS Region,hhs5,2013,39,0.887615,1.13465,265,135,204,307,69,52,828,199,72974
HHS Region,hhs5,2013,40,0.885838,1.13913,402,207,317,435,110,76,1230,270,107977
HHS Region,hhs5,2013,41,1.03914,1.24152,480,244,344,470,100,93,1387,283,111718
HHS Region,hhs5,2013,42,0.987201,1.24377,453,227,346,495,119,87,1381,280,111033
HHS Region,hhs5,2013,43,1.11493,1.34964,501,241,363,557,122,91,1512,285,112030
HHS Region,hhs5,2013,44,1.17731,1.41782,546,245,374,558,129,97,1575,287,111086
HHS Region,hhs5,2013,45,1.2143,1.45459,540,262,407,572,145,84,1603,282,110203
HHS Region,hhs5,2013,46,1.16591,1.43983,568,277,400,533,123,96,1597,288,110916
HHS Region,hhs5,2013,47,1.20015,1.49496,553,267,388,568,121,73,1582,289,105822
HHS Region,hhs5,2013,48,1.68542,1.98714,550,277,402,478,125,97,1527,286,76844
HHS Region,hhs5,2013,49,1.56576,1.91821,716,356,518,656,162,119,2009,290,104733
HHS Region,hhs5,2013,50,1.72177,2.08861,694,381,535,693,154,89,2011,290,96284
HHS Region,hhs5,2013,51,2.14509,2.51292,831,544,744,814,200,120,2509,290,99844
HHS Region,hhs5,2013,52,3.59674,4.03615,980,656,909,813,253,134,2836,291,70265
HHS Region,hhs5,2014,1,3.3706,3.89165,961,802,1178,644,376,211,2994,290,76934
HHS Region,hhs5,2014,2,2.79666,3.08383,830,732,1088,671,356,171,2760,306,89499
HHS Region,hhs5,2014,3,2.51919,2.6772,776,717,1061,854,344,195,2886,300,107799
HHS Region,hhs5,2014,4,2.64636,2.69733,735,573,842,967,269,157,2701,304,100136
HHS Region,hhs5,2014,5,2.22933,2.27611,586,524,767,783,243,128,2264,305,99468
HHS Region,hhs5,2014,6,2.03344,2.05615,552,443,657,791,214,105,2105,308,102376
HHS Region,hhs5,2014,7,1.91478,1.94789,596,430,607,735,177,114,2052,296,105345
HHS Region,hhs5,2014,8,1.98346,2.00191,606,437,643,742,206,129,2120,299,105899
HHS Region,hhs5,2014,9,1.81723,1.88872,605,387,587,773,200,120,2085,297,110392
HHS Region,hhs5,2014,10,1.75243,1.76914,553,384,571,649,187,97,1870,292,105701
HHS Region,hhs5,2014,11,1.64571,1.77612,578,357,536,632,179,108,1854,287,104385
HHS Region,hhs5,2014,12,1.61678,1.65121,492,375,545,573,170,121,1731,287,104832
HHS Region,hhs5,2014,13,1.50233,1.68954,556,367,537,597,170,99,1789,284,105887
HHS Region,hhs5,2014,14,1.45804,1.64196,545,345,528,575,183,133,1781,281,108468
HHS Region,hhs5,2014,15,1.33854,1.57427,574,338,523,539,185,95,1731,277,109956
HHS Region,hhs5,2014,16,1.22855,1.43858,467,298,455,453,157,105,1480,264,102879
HHS Region,hhs5,2014,17,1.21509,1.47101,512,328,473,453,145,103,1541,263,104758
HHS Region,hhs5,2014,18,1.21623,1.39635,403,293,446,493,153,104,1446,261,103556
HHS Region,hhs5,2014,19,1.2569,1.55181,538,264,406,471,142,87,1502,256,96790
HHS Region,hhs5,2014,20,1.177,1.3623,402,218,399,355,181,83,1239,252,90949
HHS Region,hhs5,2014,21,1.2187,1.4297,425,216,338,352,122,63,1178,228,82395
HHS Region,hhs5,2014,22,0.754199,1.20369,349,163,256,249,93,69,923,230,76681
HHS Region,hhs5,2014,23,0.852767,1.19401,364,190,306,260,116,72,1002,217,83919
HHS Region,hhs5,2014,24,0.813025,1.13225,299,168,268,244,100,65,876,202,77368
HHS Region,hhs5,2014,25,0.761923,1.09123,300,151,255,229,104,69,853,203,78169
HHS Region,hhs5,2014,26,0.761998,0.923741,244,113,186,177,73,39,646,190,69933
HHS Region,hhs5,2014,27,0.697358,0.809821,209,77,128,129,51,38,504,174,62236
HHS Region,hhs5,2014,28,0.528833,0.726552,209,85,129,117,44,40,495,173,68130
HHS Region,hhs5,2014,29,0.487223,0.650579,174,90,137,114,47,29,454,171,69784
HHS Region,hhs5,2014,30,0.477651,0.63345,182,87,120,107,33,38,447,171,70566
HHS Region,hhs5,2014,31,0.547902,0.651512,176,84,119,128,35,35,458,173,70298
HHS Region,hhs5,2014,32,0.60005,0.703334,176,103,143,137,40,22,478,170,67962
HHS Region,hhs5,2014,33,0.585832,0.702245,157,114,158,138,44,34,487,172,69349
HHS Region,hhs5,2014,34,0.543032,0.747741,165,113,157,167,44,34,523,168,69944
HHS Region,hhs5,2014,35,0.550582,0.682008,155,94,137,187,43,26,505,168,74046
HHS Region,hhs5,2014,36,0.704256,0.932002,239,131,187,262,56,25,713,190,76502
HHS Region,hhs5,2014,37,0.870702,1.3048,372,182,279,476,97,57,1184,197,90742
HHS Region,hhs5,2014,38,0.968542,1.34266,384,207,304,473,97,56,1217,195,90641
HHS Region,hhs5,2014,39,0.781532,1.13788,289,199,300,354,101,56,999,196,87795
HHS Region,hhs5,2014,40,0.744546,1.01395,358,181,261,400,80,64,1083,261,106810
HHS Region,hhs5,2014,41,0.810322,1.04025,338,182,287,443,105,48,1116,271,107282
HHS Region,hhs5,2014,42,0.881259,1.13501,401,190,290,471,100,65,1227,276,108105
HHS Region,hhs5,2014,43,1.01134,1.19461,394,247,348,506,101,84,1332,278,111501
HHS Region,hhs5,2014,44,1.06422,1.26694,456,240,362,558,122,65,1441,285,113739
HHS Region,hhs5,2014,45,1.18259,1.41913,490,249,355,705,106,76,1626,283,114577
HHS Region,hhs5,2014,46,1.23456,1.51924,557,272,387,715,115,59,1718,286,113083
HHS Region,hhs5,2014,47,1.46924,1.82442,588,323,452,831,129,79,1950,277,106883
HHS Region,hhs5,2014,48,1.85963,2.60148,692,325,457,985,132,127,2261,288,86912
HHS Region,hhs5,2014,49,2.40791,3.11597,1018,558,793,1618,235,205,3634,291,116625
HHS Region,hhs5,2014,50,3.87368,4.43107,1251,822,1165,2599,343,273,5288,289,119339
HHS Region,hhs5,2014,51,4.89175,5.21334,1547,940,1373,2629,433,350,5899,284,113152
HHS Region,hhs5,2014,52,6.61818,6.11677,1198,974,1436,1531,462,518,4683,277,76560
HHS Region,hhs5,2014,53,4.81118,4.56835,1184,840,1279,895,439,460,3818,278,83575
HHS Region,hhs5,2015,1,3.18768,3.09148,807,667,1010,787,343,287,2891,282,93515
HHS Region,hhs5,2015,2,2.61885,2.47511,701,477,761,855,284,201,2518,287,101733
HHS Region,hhs5,2015,3,2.25666,2.19637,690,394,601,794,207,145,2230,282,101531
HHS Region,hhs5,2015,4,1.91831,1.99028,695,359,534,691,175,119,2039,270,102448
HHS Region,hhs5,2015,5,1.90558,1.99139,655,282,453,703,171,99,1910,272,95913
HHS Region,hhs5,2015,6,1.87613,2.00117,777,342,536,762,194,116,2191,279,109486
HHS Region,hhs5,2015,7,1.82722,1.98855,700,347,526,740,179,101,2067,284,103945
HHS Region,hhs5,2015,8,1.6269,1.84283,644,364,531,701,167,129,2005,280,108800
HHS Region,hhs5,2015,9,1.76895,2.04404,633,413,587,743,174,121,2084,266,101955
HHS Region,hhs5,2015,10,1.84069,2.08168,639,397,612,870,215,130,2251,263,108134
HHS Region,hhs5,2015,11,1.89009,2.20639,680,448,677,858,229,127,2342,268,106146
HHS Region,hhs5,2015,12,2.01196,2.26263,665,410,640,833,230,138,2276,259,100591
HHS Region,hhs5,2015,13,1.80398,2.18224,671,401,575,844,174,93,2183,262,100035
HHS Region,hhs5,2015,14,1.66844,1.9831,615,433,631,654,198,109,2009,253,101306
HHS Region,hhs5,2015,15,1.42249,1.62119,544,329,504,556,175,113,1717,261,105910
HHS Region,hhs5,2015,16,1.21027,1.41614,427,273,402,500,129,67,1396,250,98578
HHS Region,hhs5,2015,17,1.22808,1.41633,456,220,326,557,106,82,1421,256,100330
HHS Region,hhs5,2015,18,1.04621,1.26549,380,240,328,476,88,67,1251,252,98855
HHS Region,hhs5,2015,19,1.00154,1.19592,367,193,296,374,103,57,1094,237,91478
HHS Region,hhs5,2015,20,0.842797,1.11277,349,169,271,297,102,44,961,234,86361
HHS Region,hhs5,2015,21,0.716242,0.980323,248,109,172,230,63,46,696,225,70997
HHS Region,hhs5,2015,22,0.682971,0.96625,248,117,184,223,67,43,698,207,72238
HHS Region,hhs5,2015,23,0.642671,0.888264,231,112,175,208,63,37,651,215,73289
HHS Region,hhs5,2015,24,0.548483,0.753907,182,118,170,158,52,38,548,212,72688
HHS Region,hhs5,2015,25,0.632007,0.897927,238,122,185,191,63,47,661,207,73614
HHS Region,hhs5,2015,26,0.560284,0.821031,196,80,126,165,46,48,535,195,65162
HHS Region,hhs5,2015,27,0.589775,0.785497,180,111,178,163,67,44,565,188,71929
HHS Region,hhs5,2015,28,0.50997,0.735135,173,100,151,170,51,50,544,195,74000
HHS Region,hhs5,2015,29,0.503062,0.725861,183,109,148,141,39,31,503,180,69297
HHS Region,hhs5,2015,30,0.581513,0.796939,150,115,179,176,64,49,554,181,69516
HHS Region,hhs5,2015,31,0.585031,0.810165,182,111,165,173,54,36,556,179,68628
HHS Region,hhs5,2015,32,0.597183,0.76974,168,106,172,164,66,43,547,177,71063
HHS Region,hhs5,2015,33,0.581626,0.714199,155,114,181,159,67,34,529,173,74069
HHS Region,hhs5,2015,34,0.653146,0.781331,176,137,199,185,62,46,606,187,77560
HHS Region,hhs5,2015,35,0.595369,0.746803,162,117,172,209,55,31,574,188,76861
HHS Region,hhs5,2015,36,0.628781,0.844191,197,125,177,206,52,42,622,187,73680
HHS Region,hhs5,2015,37,0.698491,0.959238,207,149,230,310,81,55,802,205,83608
HHS Region,hhs5,2015,38,0.795037,0.995571,223,150,217,298,67,60,798,197,80155
HHS Region,hhs5,2015,39,0.879066,0.967398,223,144,227,304,83,54,808,202,83523
HHS Region,hhs5,2015,40,1.04259,1.17723,384,238,397,444,159,103,1328,284,112807
HHS Region,hhs5,2015,41,1.16893,1.27682,444,243,364,560,121,97,1465,288,114738
HHS Region,hhs5,2015,42,1.06713,1.15997,401,232,338,496,106,86,1321,290,113882
HHS Region,hhs5,2015,43,1.115,1.23559,407,249,370,515,121,91,1383,288,111930
HHS Region,hhs5,2015,44,1.21929,1.33523,477,238,345,633,107,88,1543,294,115561
HHS Region,hhs5,2015,45,1.30849,1.45087,509,293,425,640,132,97,1671,292,115172
HHS Region,hhs5,2015,46,1.24532,1.37789,479,306,440,547,134,91,1557,289,112999
HHS Region,hhs5,2015,47,1.43337,1.53387,398,251,384,443,133,66,1291,285,84166
HHS Region,hhs5,2015,48,1.14488,1.35145,473,285,424,564,139,88,1549,292,114618
HHS Region,hhs5,2015,49,1.38051,1.53142,487,291,463,670,172,116,1736,294,113359
HHS Region,hhs5,2015,50,1.44161,1.56788,497,303,455,583,152,94,1629,292,103898
HHS Region,hhs5,2015,51,1.8278,2.02272,562,250,408,429,158,116,1515,284,74899
HHS Region,hhs5,2015,52,1.73677,1.90992,550,279,441,367,162,124,1482,283,77595
HHS Region,hhs5,2016,1,1.40441,1.66397,561,339,530,512,191,134,1737,290,104389
HHS Region,hhs5,2016,2,1.36099,1.69529,547,307,464,575,157,106,1692,285,99806
HHS Region,hhs5,2016,3,1.43821,1.71493,578,353,513,609,160,117,1817,292,105952
HHS Region,hhs5,2016,4,1.45151,1.78828,606,374,544,716,170,116,1982,291,110833
HHS Region,hhs5,2016,5,1.57564,1.96362,698,390,558,821,168,109,2186,283,111325
HHS Region,hhs5,2016,6,1.82622,2.26647,778,440,661,900,221,122,2461,292,108583
HHS Region,hhs5,2016,7,2.38921,2.79189,884,581,868,1093,287,145,2990,287,107096
HHS Region,hhs5,2016,8,2.69171,2.98204,915,694,997,1261,303,173,3346,288,112205
HHS Region,hhs5,2016,9,2.9944,3.26501,1010,711,1048,1508,337,163,3729,292,114211
HHS Region,hhs5,2016,10,3.41225,3.41492,1005,853,1223,1504,370,215,3947,293,115581
HHS Region,hhs5,2016,11,2.60673,2.74642,852,664,977,1049,313,173,3051,286,111090
HHS Region,hhs5,2016,12,2.31501,2.4162,712,501,761,1004,260,144,2621,293,108476
HHS Region,hhs5,2016,13,2.00175,2.1611,577,494,741,844,247,148,2310,288,106890
HHS Region,hhs5,2016,14,1.59107,1.69396,504,344,561,635,217,140,1840,285,108621
HHS Region,hhs5,2016,15,1.45157,1.5853,422,330,510,671,180,142,1745,277,110074
HHS Region,hhs5,2016,16,1.46162,1.52015,394,339,514,590,175,111,1609,273,105845
HHS Region,hhs5,2016,17,1.34292,1.36907,389,258,414,514,156,109,1426,279,104158
HHS Region,hhs5,2016,18,1.03214,1.12813,297,217,327,429,110,64,1117,274,99013
HHS Region,hhs5,2016,19,1.11499,1.20272,366,200,307,415,107,73,1161,267,96531
HHS Region,hhs5,2016,20,1.04588,1.09584,298,193,306,351,113,77,1032,264,94174
HHS Region,hhs5,2016,21,0.803267,0.97272,257,129,200,222,71,83,762,233,78337
HHS Region,hhs5,2016,22,0.912362,1.04936,223,156,234,220,78,72,749,233,71377
HHS Region,hhs5,2016,23,0.838666,0.848477,236,133,194,188,61,45,663,229,78140
HHS Region,hhs5,2016,24,0.702271,0.675057,155,77,134,148,57,35,472,212,69920
HHS Region,hhs5,2016,25,0.57142,0.699422,181,70,115,159,45,29,484,218,69200
HHS Region,hhs5,2016,26,0.561355,0.764048,184,83,126,134,43,30,474,209,62038
HHS Region,hhs5,2016,27,0.528919,0.638404,124,78,122,114,44,38,398,209,62343
HHS Region,hhs5,2016,28,0.530323,0.635038,148,103,159,117,56,41,465,210,73224
HHS Region,hhs5,2016,29,0.524615,0.609041,148,87,133,118,46,27,426,205,69946
HHS Region,hhs5,2016,30,0.571754,0.588923,132,89,126,120,37,25,403,197,68430
HHS Region,hhs5,2016,31,0.559739,0.584812,120,85,124,138,39,32,414,207,70792
HHS Region,hhs5,2016,32,0.499993,0.560735,127,93,133,118,40,28,406,212,72405
HHS Region,hhs5,2016,33,0.534359,0.562241,120,65,111,151,46,38,420,207,74701
HHS Region,hhs5,2016,34,0.69594,0.702729,170,99,159,175,60,35,539,200,76701
HHS Region,hhs5,2016,35,0.638424,0.673107,135,90,130,199,40,30,494,193,73391
HHS Region,hhs5,2016,36,0.695816,0.794094,153,120,172,209,52,35,569,199,71654
HHS Region,hhs5,2016,37,0.794893,0.926678,179,113,162,351,49,38,730,200,78776
HHS Region,hhs5,2016,38,0.854437,0.970038,206,116,185,374,69,46,811,209,83605
HHS Region,hhs5,2016,39,0.983237,1.17604,231,158,247,416,89,63,957,211,81375
HHS Region,hhs5,2016,40,1.00259,1.04084,331,173,262,470,89,82,1145,296,110007
HHS Region,hhs5,2016,41,0.977935,1.01481,352,166,268,420,102,66,1106,295,108986
HHS Region,hhs5,2016,42,1.0411,1.17932,386,163,271,581,108,76,1314,292,111420
HHS Region,hhs5,2016,43,1.10603,1.22897,417,194,276,572,82,80,1345,297,109441
HHS Region,hhs5,2016,44,1.26644,1.38324,499,229,343,647,114,78,1567,292,113285
HHS Region,hhs5,2016,45,1.2373,1.4202,491,232,335,620,103,66,1512,289,106464
HHS Region,hhs5,2016,46,1.21417,1.44566,518,261,376,608,115,82,1584,291,109569
HHS Region,hhs5,2016,47,1.26992,1.51988,418,208,321,407,113,86,1232,284,81059
HHS Region,hhs5,2016,48,1.24656,1.37543,467,289,411,572,122,92,1542,294,112110
HHS Region,hhs5,2016,49,1.48693,1.6194,507,310,456,624,146,109,1696,295,104730
HHS Region,hhs5,2016,50,1.55394,1.74084,557,328,472,618,144,85,1732,293,99492
HHS Region,hhs5,2016,51,1.84416,2.02093,594,295,457,587,162,104,1742,292,86198
HHS Region,hhs5,2016,52,2.36953,2.58476,695,395,577,575,182,190,2037,277,78808
HHS Region,hhs5,2017,1,2.10416,2.35385,757,434,650,589,216,175,2171,298,92232
HHS Region,hhs5,2017,2,2.11757,2.29415,769,446,690,766,244,236,2461,297,107273
HHS Region,hhs5,2017,3,2.4432,2.54237,745,431,709,1101,278,220,2775,297,109150
HHS Region,hhs5,2017,4,2.76295,2.81205,860,474,726,1453,252,193,3232,296,114934
HHS Region,hhs5,2017,5,3.182,3.07009,960,602,918,1798,316,203,3879,295,126348
HHS Region,hhs5,2017,6,3.9176,3.96033,1100,711,1125,2281,414,290,4796,302,121101
HHS Region,hhs5,2017,7,4.31787,4.36675,1214,806,1209,2375,403,370,5168,295,118349
HHS Region,hhs5,2017,8,4.26139,4.29165,1109,842,1276,2239,434,378,5002,291,116552
HHS Region,hhs5,2017,9,3.04485,3.17637,878,610,954,1544,344,241,3617,296,113872
HHS Region,hhs5,2017,10,3.31743,3.30437,919,612,938,1586,326,254,3697,295,111882
HHS Region,hhs5,2017,11,2.99882,2.98238,838,554,835,1259,281,206,3138,290,105218
HHS Region,hhs5,2017,12,2.81307,2.90768,827,532,817,1356,285,194,3194,286,109847
HHS Region,hhs5,2017,13,2.38582,2.52413,690,468,705,1091,237,200,2686,270,106413
HHS Region,hhs5,2017,14,2.08707,2.09087,633,385,616,871,231,176,2296,287,109811
HHS Region,hhs5,2017,15,1.59399,1.55635,439,353,511,604,158,134,1688,284,108459
HHS Region,hhs5,2017,16,1.43122,1.39188,434,271,407,537,136,102,1480,276,106331
HHS Region,hhs5,2017,17,1.28566,1.29093,432,260,378,497,118,98,1405,280,108836
HHS Region,hhs5,2017,18,1.13294,1.14916,362,179,306,466,127,69,1203,277,104685
HHS Region,hhs5,2017,19,1.12252,1.24621,365,209,310,503,101,84,1262,269,101267
HHS Region,hhs5,2017,20,0.93765,1.09245,307,188,297,343,109,72,1019,255,93277
HHS Region,hhs5,2017,21,0.823691,0.994678,214,133,217,298,84,56,785,225,78920
HHS Region,hhs5,2017,22,0.785368,0.958927,218,137,207,218,70,49,692,220,72164
HHS Region,hhs5,2017,23,0.717118,0.851404,199,126,200,173,74,57,629,199,73878
HHS Region,hhs5,2017,24,0.639736,0.758219,148,112,167,163,55,58,536,200,70692
HHS Region,hhs5,2017,25,0.659815,0.762994,190,124,188,135,64,46,559,202,73264
HHS Region,hhs5,2017,26,0.572332,0.701646,144,97,139,136,42,35,454,192,64705
HHS Region,hhs5,2017,27,0.486301,0.605981,124,70,114,101,44,29,368,187,60728
HHS Region,hhs5,2017,28,0.559928,0.660922,154,106,152,116,46,29,451,184,68238
HHS Region,hhs5,2017,29,0.553207,0.603404,143,80,119,122,39,29,413,189,68445
HHS Region,hhs5,2017,30,0.559602,0.611616,144,85,130,119,45,28,421,186,68834
HHS Region,hhs5,2017,31,0.602327,0.639481,149,80,127,125,47,29,430,188,67242
HHS Region,hhs5,2017,32,0.612967,0.612002,139,85,129,121,44,28,417,186,68137
HHS Region,hhs5,2017,33,0.637141,0.654256,160,92,135,131,43,27,453,186,69239
HHS Region,hhs5,2017,34,0.627954,0.650544,167,102,146,136,44,22,471,190,72401
HHS Region,hhs5,2017,35,0.724628,0.751118,177,104,152,195,48,47,571,197,76020
HHS Region,hhs5,2017,36,0.859425,0.929336,167,138,205,212,67,62,646,192,69512
HHS Region,hhs5,2017,37,1.04165,1.06798,253,148,243,360,95,60,916,203,85769
HHS Region,hhs5,2017,38,1.11121,1.14762,281,183,279,373,96,70,1003,214,87398
HHS Region,hhs5,2017,39,1.29017,1.23893,353,187,282,376,95,79,1090,213,87979
HHS Region,hhs5,2017,40,1.13883,1.10788,358,213,316,504,103,73,1251,287,112918
HHS Region,hhs5,2017,41,1.16684,1.16117,428,234,340,448,106,77,1293,296,111353
HHS Region,hhs5,2017,42,1.14011,1.10251,435,239,339,428,100,77,1279,303,116008
HHS Region,hhs5,2017,43,1.23078,1.18805,461,226,330,488,104,74,1353,300,113884
HHS Region,hhs5,2017,44,1.22608,1.16856,447,202,316,509,114,67,1339,303,114585
HHS Region,hhs5,2017,45,1.32897,1.34042,507,249,372,597,123,80,1556,310,116083
HHS Region,hhs5,2017,46,1.21085,1.26252,432,231,343,554,112,87,1416,301,112157
HHS Region,hhs5,2017,47,1.54292,1.58138,492,212,327,413,115,108,1340,301,84736
HHS Region,hhs5,2017,48,1.59701,1.61978,552,363,486,684,123,175,1897,298,117115
HHS Region,hhs5,2017,49,1.92288,1.88726,617,417,625,786,208,168,2196,303,116359
HHS Region,hhs5,2017,50,2.18404,2.35642,783,427,653,954,226,203,2593,305,110040
HHS Region,hhs5,2017,51,3.19187,3.32804,949,644,982,1083,338,384,3398,285,102102
HHS Region,hhs5,2017,52,4.75027,5.04884,972,839,1353,1045,514,620,3990,279,79028
HHS Region,hhs5,2018,1,4.41441,4.52292,943,985,1576,969,591,727,4215,295,93192
HHS Region,hhs5,2018,2,4.71296,4.57116,1065,1113,1769,1585,656,642,5061,301,110716
HHS Region,hhs5,2018,3,5.06626,4.96778,1179,1055,1626,2085,571,499,5389,307,108479
HHS Region,hhs5,2018,4,5.29509,5.04925,1252,1103,1737,2663,634,520,6172,307,122236
HHS Region,hhs5,2018,5,5.65908,5.54549,1300,1059,1696,3127,637,485,6608,301,119160
HHS Region,hhs5,2018,6,5.8077,5.57198,1273,1086,1682,2815,596,488,6258,299,112312
HHS Region,hhs5,2018,7,4.6786,4.57347,1051,973,1531,2342,558,427,5351,295,117001
HHS Region,hhs5,2018,8,3.79907,3.75335,889,750,1190,1751,440,362,4192,298,111687
HHS Region,hhs5,2018,9,2.97213,2.78923,713,520,871,1234,351,300,3118,289,111787
HHS Region,hhs5,2018,10,2.63215,2.39822,568,489,789,1049,300,246,2652,293,110582
HHS Region,hhs5,2018,11,2.30105,2.16226,503,458,716,809,258,210,2238,293,103503
HHS Region,hhs5,2018,12,2.22336,2.13583,567,417,659,822,242,199,2247,289,105205
HHS Region,hhs5,2018,13,2.16796,2.13801,449,368,614,674,246,170,1907,280,89195
HHS Region,hhs5,2018,14,1.76048,1.7405,400,350,556,604,206,162,1722,282,98937
HHS Region,hhs5,2018,15,1.68205,1.56618,359,334,550,557,216,151,1617,280,103245
HHS Region,hhs5,2018,16,1.44979,1.31889,278,240,385,508,145,134,1305,275,98947
HHS Region,hhs5,2018,17,1.36738,1.31668,309,238,364,445,126,128,1246,269,94632
HHS Region,hhs5,2018,18,1.14788,1.04964,245,179,289,356,110,73,963,250,91746
HHS Region,hhs5,2018,19,1.03234,0.999728,246,173,247,321,74,68,882,248,88224
HHS Region,hhs5,2018,20,0.941332,0.881791,265,150,225,245,75,64,799,248,90611
HHS Region,hhs5,2018,21,0.975639,0.911813,219,161,240,226,79,52,737,231,80828
HHS Region,hhs5,2018,22,0.919976,0.840612,204,125,182,167,57,62,615,219,73161
HHS Region,hhs5,2018,23,0.775796,0.651128,151,103,153,136,50,43,483,208,74179
HHS Region,hhs5,2018,24,0.572249,0.635309,121,88,141,131,53,38,431,201,67841
HHS Region,hhs5,2018,25,0.54625,0.59843,142,92,145,109,53,47,443,209,74027
HHS Region,hhs5,2018,26,0.557642,0.598605,143,86,133,104,47,56,436,204,72836
HHS Region,hhs5,2018,27,0.528661,0.591508,104,88,127,90,39,50,371,205,62721
HHS Region,hhs5,2018,28,0.536227,0.576113,124,92,138,103,46,51,416,198,72208
HHS Region,hhs5,2018,29,0.574669,0.536683,101,72,121,116,49,47,385,196,71737
HHS Region,hhs5,2018,30,0.445023,0.441232,97,62,92,87,30,39,315,202,71391
HHS Region,hhs5,2018,31,0.538439,0.533695,118,71,105,107,34,32,362,192,67829
HHS Region,hhs5,2018,32,0.472081,0.435802,74,65,106,87,41,21,288,184,66085
HHS Region,hhs5,2018,33,0.515979,0.483227,87,82,112,95,30,33,327,185,67670
HHS Region,hhs5,2018,34,0.568469,0.556292,99,54,95,134,41,33,361,156,64894
HHS Region,hhs5,2018,35,0.664523,0.687091,125,84,126,166,42,45,462,161,67240
HHS Region,hhs5,2018,36,0.809583,0.791887,144,89,128,210,39,31,513,166,64782
HHS Region,hhs5,2018,37,0.94096,0.878469,168,84,135,299,51,38,640,163,72854
HHS Region,hhs5,2018,38,1.08804,1.03109,160,133,203,367,70,44,774,163,75066
HHS Region,hhs5,2018,39,0.973622,0.905333,139,107,146,321,39,51,657,168,72570
HHS Region,hhs5,2018,40,1.00242,0.972046,289,247,369,494,122,80,1232,322,126743
HHS Region,hhs5,2018,41,1.07372,1.0891,306,268,396,594,128,83,1379,325,126618
HHS Region,hhs5,2018,42,1.01755,1.07312,327,281,422,529,141,110,1388,328,129342
HHS Region,hhs5,2018,43,1.15672,1.17853,408,299,458,560,159,125,1551,329,131605
HHS Region,hhs5,2018,44,1.33366,1.31226,444,325,453,686,128,124,1707,328,130081
HHS Region,hhs5,2018,45,1.26681,1.27509,458,279,398,660,119,146,1662,325,130344
HHS Region,hhs5,2018,46,1.34123,1.38021,468,330,469,605,139,111,1653,324,119764
HHS Region,hhs5,2018,47,1.57135,1.54424,431,268,391,446,123,114,1382,281,89494
HHS Region,hhs5,2018,48,1.50342,1.4835,552,375,541,644,166,165,1902,316,128210
HHS Region,hhs5,2018,49,1.47836,1.46653,569,345,498,684,153,152,1903,325,129762
HHS Region,hhs5,2018,50,1.73258,1.675,676,366,538,749,172,153,2116,325,126328
HHS Region,hhs5,2018,51,2.23118,2.06867,754,388,589,707,201,190,2240,311,108282
HHS Region,hhs5,2018,52,3.03088,2.79697,866,480,731,622,251,259,2478,314,88596
HHS Region,hhs5,2019,1,2.40224,2.32295,783,584,876,496,292,330,2485,320,106976
HHS Region,hhs5,2019,2,2.20503,2.01827,718,542,832,710,290,248,2508,324,124265
HHS Region,hhs5,2019,3,2.26915,2.10118,701,502,767,923,265,224,2615,324,124454
HHS Region,hhs5,2019,4,2.37917,2.24241,686,490,709,865,219,161,2421,319,107964
HHS Region,hhs5,2019,5,2.49584,2.38671,626,482,735,854,253,194,2409,321,100934
HHS Region,hhs5,2019,6,2.30078,2.12258,610,545,824,977,279,237,2648,319,124754
HHS Region,hhs5,2019,7,2.48425,2.35963,662,574,854,1196,280,215,2927,320,124045
HHS Region,hhs5,2019,8,2.91274,2.72373,758,721,1045,1350,324,282,3435,315,126114
HHS Region,hhs5,2019,9,3.03561,2.87225,803,750,1075,1526,325,269,3673,317,127879
HHS Region,hhs5,2019,10,3.30287,3.14374,856,833,1204,1664,371,270,3994,313,127046
HHS Region,hhs5,2019,11,3.56636,3.42495,891,919,1364,1775,445,330,4360,314,127301
HHS Region,hhs5,2019,12,3.19464,3.20462,814,839,1246,1496,407,353,3909,315,121980
HHS Region,hhs5,2019,13,2.55139,2.57762,688,611,933,1104,322,292,3017,307,117046
HHS Region,hhs5,2019,14,2.07604,2.15411,605,551,834,905,283,267,2611,317,121210
HHS Region,hhs5,2019,15,1.75139,1.8013,501,376,568,745,192,211,2025,310,112419
HHS Region,hhs5,2019,16,1.58427,1.58448,463,353,549,687,196,173,1872,306,118146
HHS Region,hhs5,2019,17,1.27792,1.2808,347,292,440,483,148,158,1428,300,111493
HHS Region,hhs5,2019,18,1.22917,1.23632,330,293,435,458,142,141,1364,299,110327
HHS Region,hhs5,2019,19,1.08674,1.07054,295,244,391,428,147,110,1224,295,114335
HHS Region,hhs5,2019,20,1.13474,1.13562,327,260,396,401,136,100,1224,283,107783
HHS Region,hhs5,2019,21,1.001,0.986052,259,199,301,343,102,91,994,272,100806
HHS Region,hhs5,2019,22,1.06924,0.99257,254,189,267,277,78,73,871,261,87752
HHS Region,hhs5,2019,23,0.919699,0.872664,230,159,245,247,86,86,808,263,92590
HHS Region,hhs5,2019,24,0.813831,0.77925,218,169,246,216,77,78,758,258,97273
HHS Region,hhs5,2019,25,0.715927,0.66666,183,148,220,170,72,66,639,256,95851
HHS Region,hhs5,2019,26,0.74116,0.723382,170,143,208,169,65,71,618,249,85432
HHS Region,hhs5,2019,27,0.757679,0.679214,145,115,182,153,67,66,546,247,80387
HHS Region,hhs5,2019,28,0.559973,0.576616,138,129,190,174,61,43,545,255,94517
HHS Region,hhs5,2019,29,0.572801,0.564399,130,126,180,171,54,48,529,244,93728
HHS Region,hhs5,2019,30,0.588688,0.58161,135,105,160,161,55,64,520,252,89407
HHS Region,hhs5,2019,31,0.555753,0.542127,124,95,141,149,46,57,471,252,86880
HHS Region,hhs5,2019,32,0.557836,0.538162,117,111,164,134,53,51,466,243,86591
HHS Region,hhs5,2019,33,0.552133,0.518234,115,96,153,151,57,40,459,248,88570
HHS Region,hhs5,2019,34,0.503687,0.478317,109,98,131,131,33,50,421,245,88017
HHS Region,hhs5,2019,35,0.60047,0.576184,134,118,170,200,52,36,540,245,93720
HHS Region,hhs5,2019,36,0.805677,0.802169,179,166,229,254,63,51,713,249,88884
HHS Region,hhs5,2019,37,0.976901,1.03156,239,223,292,469,69,63,1063,249,103048
HHS Region,hhs5,2019,38,1.05817,1.01768,239,213,315,477,102,67,1098,249,107892
HHS Region,hhs5,2019,39,1.06951,1.12323,248,219,331,455,112,68,1102,240,98110
HHS Region,hhs5,2019,40,1.11084,1.1829,557,353,492,740,139,123,1912,391,161636
HHS Region,hhs5,2019,41,1.268,1.37521,645,398,578,753,180,155,2131,396,154958
HHS Region,hhs5,2019,42,1.27061,1.44995,734,415,603,833,188,140,2310,396,159316
HHS Region,hhs5,2019,43,1.36856,1.52162,802,507,739,889,232,156,2586,410,169950
HHS Region,hhs5,2019,44,1.42243,1.54845,794,508,705,919,197,148,2566,409,165714
HHS Region,hhs5,2019,45,1.47042,1.6036,852,519,734,970,215,165,2721,415,169681
HHS Region,hhs5,2019,46,1.53858,1.65502,870,542,750,900,208,187,2707,416,163563
HHS Region,hhs5,2019,47,1.62911,1.77816,933,542,769,1123,227,177,3002,414,168826
HHS Region,hhs5,2019,48,1.97596,2.1094,1178,509,717,1015,208,172,3082,416,146108
HHS Region,hhs5,2019,49,2.06425,2.19805,1324,725,1006,1308,281,204,3842,417,174791
HHS Region,hhs5,2019,50,2.39678,2.58456,1461,736,1005,1581,269,207,4254,410,164593
HHS Region,hhs5,2019,51,3.24537,3.42213,1724,935,1256,2037,321,231,5248,413,153355
HHS Region,hhs5,2019,52,4.76058,5.0112,2154,1384,1811,2380,427,321,6666,408,133022
HHS Region,hhs5,2020,1,3.35523,4.09976,2111,1600,2127,1703,527,429,6370,414,155375
HHS Region,hhs5,2020,2,2.98361,3.48544,1644,1475,2022,1863,547,351,5880,417,168702
HHS Region,hhs5,2020,3,3.08637,3.59889,1636,1280,1743,2385,463,273,6037,417,167746
HHS Region,hhs5,2020,4,4.15569,4.58521,1920,1692,2205,3417,513,290,7832,422,170810
HHS Region,hhs5,2020,5,5.04498,5.6467,2321,2190,2877,4557,687,381,10136,415,179503
HHS Region,hhs5,2020,6,5.52929,6.12536,2329,2466,3300,4982,834,419,11030,419,180071
HHS Region,hhs5,2020,7,5.19919,5.69361,2056,2327,3088,4188,761,408,9740,415,171069
HHS Region,hhs5,2020,8,4.70476,5.27879,1879,2380,3164,3582,784,457,9082,409,172047
HHS Region,hhs5,2020,9,4.48355,4.8553,1641,2090,2883,3096,793,522,8142,406,167693
HHS Region,hhs5,2020,10,4.31036,4.72803,1560,2296,3154,2852,858,590,8156,410,172503
HHS Region,hhs5,2020,11,4.41532,5.39643,1492,2627,3511,2724,884,542,8269,394,153231
HHS Region,hhs5,2020,12,4.55319,6.02364,1133,2450,3392,1735,942,466,6726,396,111660
HHS Region,hhs5,2020,13,3.04476,4.36711,460,1533,2150,668,617,316,3594,378,82297
HHS Region,hhs5,2020,14,2.28111,3.2728,211,1066,1574,389,508,232,2406,371,73515
HHS Region,hhs5,2020,15,1.72589,2.44611,126,843,1278,312,435,213,1929,380,78860
HHS Region,hhs5,2020,16,1.43316,2.05241,95,723,1110,282,387,171,1658,378,80783
HHS Region,hhs5,2020,17,1.46124,1.85517,105,742,1119,281,377,174,1679,377,90504
HHS Region,hhs5,2020,18,1.29092,1.65259,90,711,1040,269,329,151,1550,368,93792
HHS Region,hhs5,2020,19,1.21509,1.51477,77,659,950,255,291,145,1427,355,94206
HHS Region,hhs5,2020,20,1.11458,1.4033,88,625,865,280,240,134,1367,354,97413
HHS Region,hhs5,2020,21,0.898873,1.26075,82,604,818,256,214,100,1256,343,99623
HHS Region,hhs5,2020,22,0.565911,0.695552,48,285,431,140,146,109,728,346,104665
HHS Region,hhs5,2020,23,0.505773,0.561716,59,220,345,141,125,69,614,346,109308
HHS Region,hhs5,2020,24,0.618143,0.518047,58,227,327,134,100,61,580,347,111959
HHS Region,hhs5,2020,25,0.514024,0.43649,59,189,270,115,81,65,509,340,116612
HHS Region,hhs5,2020,26,0.622299,0.61806,72,232,330,180,98,77,659,332,106624
HHS Region,hhs5,2020,27,0.563629,0.594379,81,209,306,198,97,70,655,339,110199
HHS Region,hhs5,2020,28,0.633573,0.683323,99,292,412,225,120,73,809,334,118392
HHS Region,hhs5,2020,29,0.783376,0.715249,120,279,390,254,111,58,822,329,114925
HHS Region,hhs5,2020,30,0.851583,0.73443,141,293,406,228,113,69,844,332,114919
HHS Region,hhs5,2020,31,0.83734,0.781716,118,334,436,253,102,85,892,326,114108
HHS Region,hhs5,2020,32,0.852889,0.824816,118,322,451,260,129,95,924,330,112025
HHS Region,hhs5,2020,33,0.748603,0.681824,96,265,372,221,107,76,765,326,112199
HHS Region,hhs5,2020,34,0.852088,0.750749,119,289,424,231,135,100,874,326,116417
HHS Region,hhs5,2020,35,0.778878,0.702247,125,279,390,244,111,71,830,324,118192
HHS Region,hhs5,2020,36,0.598536,0.597863,105,208,306,177,98,75,663,321,110895
HHS Region,hhs5,2020,37,0.743532,0.642126,107,205,291,234,86,71,703,321,109480
HHS Region,hhs5,2020,38,0.735478,0.682287,93,238,330,278,92,87,788,319,115494
HHS Region,hhs5,2020,39,0.860934,0.751209,142,281,400,296,119,97,935,323,124466
HHS Region,hhs5,2020,40,0.751678,0.812803,236,504,713,504,209,157,1610,483,198080
HHS Region,hhs5,2020,41,0.830716,0.935293,296,575,846,567,271,202,1911,490,204321
HHS Region,hhs5,2020,42,0.776802,0.883203,226,544,785,506,241,213,1730,471,195878
HHS Region,hhs5,2020,43,0.855214,0.976213,235,567,835,523,268,200,1793,447,183669
HHS Region,hhs5,2020,44,0.982616,1.04411,329,662,973,562,311,284,2148,526,205725
HHS Region,hhs5,2020,45,1.06176,1.19173,279,874,1299,702,425,296,2576,530,216156
HHS Region,hhs5,2020,46,1.17744,1.24625,292,880,1349,722,469,353,2716,526,217933
HHS Region,hhs5,2020,47,1.13834,1.1927,260,849,1270,601,421,299,2430,521,203740
HHS Region,hhs5,2020,48,1.01087,1.09208,225,572,951,396,379,331,1903,513,174254
HHS Region,hhs5,2020,49,0.912411,0.903916,238,548,884,384,336,228,1734,512,191832
HHS Region,hhs5,2020,50,0.866974,0.86043,230,520,829,386,309,234,1679,522,195135
HHS Region,hhs5,2020,51,0.818331,0.760858,218,453,685,268,232,225,1396,506,183477
HHS Region,hhs5,2020,52,0.828814,0.761508,192,387,597,207,210,179,1175,508,154299
HHS Region,hhs5,2020,53,0.718157,0.751511,213,411,633,215,222,210,1271,513,169126
HHS Region,hhs5,2021,1,0.813175,0.739836,253,447,699,311,252,191,1454,509,196530
HHS Region,hhs5,2021,2,0.722044,0.668997,211,402,611,319,209,143,1284,515,191929
HHS Region,hhs5,2021,3,0.645246,0.611861,225,306,496,303,190,146,1170,512,191220
HHS Region,hhs5,2021,4,0.599488,0.592642,216,327,485,287,158,129,1117,512,188478
HHS Region,hhs5,2021,5,0.552201,0.573404,228,313,449,322,136,94,1093,514,190616
HHS Region,hhs5,2021,6,0.528289,0.511144,184,256,371,355,115,80,990,514,193683
HHS Region,hhs5,2021,7,0.540124,0.503301,193,210,317,331,107,73,914,512,181601
HHS Region,hhs5,2021,8,0.524354,0.486876,207,238,356,383,118,67,1013,515,208061
HHS Region,hhs5,2021,9,0.517055,0.481826,230,199,312,359,113,74,975,511,202355
HHS Region,hhs5,2021,10,0.50734,0.471061,217,223,308,367,85,57,949,516,201460
HHS Region,hhs5,2021,11,0.55567,0.549209,250,234,330,449,96,70,1099,506,200106
HHS Region,hhs5,2021,12,0.61091,0.581465,290,275,393,446,118,84,1213,502,208611
HHS Region,hhs5,2021,13,0.628757,0.592188,286,306,442,396,136,85,1209,508,204158
HHS Region,hhs5,2021,14,0.708136,0.693287,337,400,574,496,174,90,1497,511,215928
HHS Region,hhs5,2021,15,0.706721,0.664401,332,380,576,475,196,99,1482,513,223058
HHS Region,hhs5,2021,16,0.718526,0.721358,393,353,510,486,157,101,1490,499,206555
HHS Region,hhs5,2021,17,0.765353,0.750394,396,339,507,556,168,109,1568,495,208957
HHS Region,hhs5,2021,18,0.721399,0.714495,412,379,515,474,136,85,1486,490,207979
HHS Region,hhs5,2021,19,0.79268,0.78527,460,368,503,538,135,97,1598,481,203497
HHS Region,hhs5,2021,20,0.839735,0.782968,567,323,464,499,141,115,1645,485,210098
HHS Region,hhs5,2021,21,0.671263,0.683861,539,270,362,403,92,79,1383,477,202234
HHS Region,hhs5,2021,22,0.751837,0.785444,620,259,369,419,110,96,1504,472,191484
HHS Region,hhs5,2021,23,0.754247,0.758319,707,280,390,399,110,80,1576,472,207828
HHS Region,hhs5,2021,24,0.772613,0.756697,702,260,362,337,102,73,1474,432,194794
HHS Region,hhs5,2021,25,0.7918,0.775318,728,239,358,327,119,82,1495,429,192824
HHS Region,hhs5,2021,26,0.725996,0.721548,622,240,344,333,104,77,1376,425,190701
HHS Region,hhs5,2021,27,0.791189,0.794673,666,255,371,335,116,97,1469,423,184856
HHS Region,hhs5,2021,28,0.803868,0.8322,776,297,423,373,126,87,1659,428,199351
HHS Region,hhs5,2021,29,0.903207,0.927617,892,359,480,382,121,105,1859,431,200406
HHS Region,hhs5,2021,30,0.91879,0.993064,900,376,511,512,135,113,2036,427,205022
HHS Region,hhs5,2021,31,1.02167,1.12079,1013,428,605,550,177,117,2285,426,203874
HHS Region,hhs5,2021,32,1.1194,1.19277,1068,470,666,586,196,136,2456,424,205908
HHS Region,hhs5,2021,33,1.28106,1.34191,1124,513,758,744,245,140,2766,422,206124
HHS Region,hhs5,2021,34,1.27582,1.46295,1241,600,825,954,225,158,3178,427,217232
HHS Region,hhs5,2021,35,1.24308,1.36687,1152,498,697,968,199,147,2964,425,216846
HHS Region,hhs5,2021,36,1.39151,1.46265,1153,517,730,977,213,161,3021,426,206543
HHS Region,hhs5,2021,37,1.50146,1.42927,1068,582,814,1076,232,133,3091,423,216265
HHS Region,hhs5,2021,38,1.29494,1.38595,929,501,706,955,205,146,2736,412,197410
HHS Region,hhs5,2021,39,1.29385,1.31017,934,443,652,915,209,138,2639,407,201424
HHS Region,hhs5,2021,40,1.97261,1.90551,2207,1133,1681,1975,548,440,6303,637,330777
HHS Region,hhs5,2021,41,1.84245,1.79999,2146,1072,1533,1796,461,404,5879,641,326613
HHS Region,hhs5,2021,42,1.80575,1.75413,1990,982,1482,1703,500,421,5596,645,319018
HHS Region,hhs5,2021,43,1.80896,1.78957,1954,982,1453,1838,471,421,5666,644,316613
HHS Region,hhs5,2021,44,2.01949,2.02451,2098,1081,1588,2134,507,390,6210,641,306741
HHS Region,hhs5,2021,45,2.15632,2.14473,2195,1201,1766,2502,565,500,6963,648,324656
HHS Region,hhs5,2021,46,2.21534,2.1985,2066,1438,2083,2442,645,503,7094,646,322674
HHS Region,hhs5,2021,47,2.50602,2.3521,2124,1288,1946,1972,658,541,6583,643,279877
HHS Region,hhs5,2021,48,2.37628,2.32135,2246,1646,2428,2493,782,626,7793,650,335710
HHS Region,hhs5,2021,49,2.56938,2.49402,2102,1633,2405,2795,772,646,7948,648,318682
HHS Region,hhs5,2021,50,2.93272,2.82794,2300,1789,2569,3405,780,608,8882,640,314080
HHS Region,hhs5,2021,51,3.60581,3.39764,2650,2373,3291,3224,918,700,9865,642,290349
HHS Region,hhs5,2021,52,3.96112,3.64619,3207,3234,4508,2989,1274,949,11653,631,319594
HHS Region,hhs5,2022,1,3.16857,2.99508,2236,2639,3895,2550,1256,780,9461,637,315885
HHS Region,hhs5,2022,2,2.45111,2.3616,1686,1938,2690,2249,752,565,7190,637,304454
HHS Region,hhs5,2022,3,1.97175,1.89877,1371,1392,1944,1604,552,425,5344,641,281445
HHS Region,hhs5,2022,4,1.52932,1.47416,1051,952,1371,1212,419,310,3944,641,267542
HHS Region,hhs5,2022,5,1.22353,1.16531,829,606,857,902,251,239,2827,615,242596
HHS Region,hhs5,2022,6,1.0532,1.00733,881,538,800,908,262,225,2814,639,279353
HHS Region,hhs5,2022,7,1.16515,1.10932,951,532,777,1099,245,196,3023,636,272510
HHS Region,hhs5,2022,8,1.18773,1.10012,876,565,778,1010,213,196,2860,636,259971
HHS Region,hhs5,2022,9,1.32295,1.26561,1047,667,911,1484,244,229,3671,640,290058
HHS Region,hhs5,2022,10,1.48543,1.41529,1214,648,904,1703,256,247,4068,641,287432
HHS Region,hhs5,2022,11,1.77059,1.67169,1520,835,1147,2076,312,287,5030,641,300893
HHS Region,hhs5,2022,12,1.77735,1.70035,1508,826,1157,2023,331,291,4979,640,292822
HHS Region,hhs5,2022,13,1.88951,1.77348,1558,945,1283,1981,338,337,5159,639,290897
HHS Region,hhs5,2022,14,2.01672,1.87097,1569,1041,1454,2235,413,347,5605,637,299577
HHS Region,hhs5,2022,15,1.97518,1.84768,1716,961,1318,2098,357,365,5497,635,297508
HHS Region,hhs5,2022,16,2.04373,1.917,1781,1000,1424,2123,424,401,5729,638,298852
HHS Region,hhs5,2022,17,1.95208,1.896,1755,1040,1417,2303,377,364,5839,634,307964
HHS Region,hhs5,2022,18,2.04188,1.94026,1630,1128,1528,2350,400,413,5921,592,305165
HHS Region,hhs5,2022,19,2.05194,1.98353,1867,1125,1528,2412,403,433,6240,620,314590
HHS Region,hhs5,2022,20,1.83469,1.72858,1729,1002,1423,2077,421,414,5643,621,326452
HHS Region,hhs5,2022,21,1.73517,1.62584,1587,870,1239,1660,369,338,4824,612,296708
HHS Region,hhs5,2022,22,1.65776,1.5486,1653,846,1206,1382,360,377,4618,612,298204
HHS Region,hhs5,2022,23,1.42625,1.33087,1357,817,1159,1126,342,358,4000,611,300556
HHS Region,hhs5,2022,24,1.19875,1.10661,1184,678,980,846,302,333,3343,605,302095
HHS Region,hhs5,2022,25,1.14831,1.06138,1086,691,1033,810,342,294,3223,612,303660
HHS Region,hhs5,2022,26,1.15002,1.05771,1001,678,1009,817,331,349,3176,612,300270
HHS Region,hhs5,2022,27,1.15332,1.06511,978,718,1077,756,359,338,3149,611,295651
HHS Region,hhs5,2022,28,1.14899,1.04746,988,730,1067,819,337,357,3231,610,308460
HHS Region,hhs5,2022,29,1.18043,1.07157,1002,749,1087,860,338,375,3324,609,310199
HHS Region,hhs5,2022,30,1.20798,1.10393,986,841,1214,827,373,340,3367,600,305002
HHS Region,hhs5,2022,31,1.21027,1.1026,977,819,1166,883,347,326,3352,605,304009
HHS Region,hhs5,2022,32,1.23552,1.13293,908,782,1081,853,299,341,3183,603,280954
HHS Region,hhs5,2022,33,1.23853,1.15249,1111,759,1092,992,333,309,3504,599,304038
HHS Region,hhs5,2022,34,1.29723,1.2217,1188,790,1111,1244,321,301,3844,607,314643
HHS Region,hhs5,2022,35,1.4064,1.3275,1270,761,1049,1437,288,315,4071,605,306666
HHS Region,hhs5,2022,36,1.55069,1.45922,1381,886,1222,1557,336,346,4506,602,308796
HHS Region,hhs5,2022,37,1.54142,1.43112,1544,764,1058,1603,294,296,4501,601,314509
HHS Region,hhs5,2022,38,1.68055,1.58804,1845,786,1087,1784,301,299,5015,598,315798
HHS Region,hhs5,2022,39,1.75067,1.67516,2116,762,1076,1804,314,293,5289,601,315731
HHS Region,hhs5,2022,40,2.0435,1.98962,2443,790,1144,2029,354,335,5951,624,299102
HHS Region,hhs5,2022,41,2.24014,2.16655,3015,970,1351,2305,381,419,7090,626,327249
HHS Region,hhs5,2022,42,2.5649,2.53477,3219,939,1346,2424,407,349,7338,632,289494
HHS Region,hhs5,2022,43,2.90546,2.75458,4012,1199,1688,3202,489,516,9418,633,341903
HHS Region,hhs5,2022,44,3.63259,3.38723,4493,1371,1867,4719,496,489,11568,632,341518
HHS Region,hhs5,2022,45,3.89068,3.63498,4681,1620,2227,5039,607,559,12506,635,344046
HHS Region,hhs5,2022,46,4.42155,4.10397,4197,1950,2665,5833,715,610,13305,633,324198
HHS Region,hhs5,2022,47,6.2308,5.66388,5223,2918,4073,7387,1155,1030,17713,633,312736
HHS Region,hhs5,2022,48,6.11323,5.69998,5484,4355,5997,7405,1642,1531,20417,633,358194
HHS Region,hhs5,2022,49,6.06424,5.66232,4419,4129,5787,7881,1658,1524,19611,630,346342
HHS Region,hhs5,2022,50,6.02843,5.67986,4019,4120,5704,7422,1584,1521,18666,621,328635
HHS Region,hhs5,2022,51,5.27844,4.95373,3143,3247,4588,4863,1341,1302,13896,627,280516
HHS Region,hhs5,2022,52,4.17394,3.95473,2759,2959,4309,2858,1350,1388,11314,627,286088
HHS Region,hhs5,2023,1,2.73109,2.62068,1736,2091,3121,1851,1030,1070,7778,624,296793
HHS Region,hhs5,2023,2,1.9108,1.84209,1128,1355,1973,1553,618,597,5251,620,285057
HHS Region,hhs5,2023,3,1.70732,1.60493,1079,1065,1544,1468,479,413,4504,623,280635
HHS Region,hhs5,2023,4,1.69198,1.60962,1171,1073,1464,1628,391,391,4654,625,289137
HHS Region,hhs5,2023,5,1.67267,1.60442,1090,1085,1459,1755,374,361,4665,620,290760
HHS Region,hhs5,2023,6,1.76133,1.68179,1179,1174,1615,1969,441,393,5156,628,306579
HHS Region,hhs5,2023,7,1.78395,1.70754,1328,1131,1566,1880,435,381,5155,615,301896
HHS Region,hhs5,2023,8,1.89671,1.80031,1478,1128,1593,1919,465,434,5424,622,301282
HHS Region,hhs5,2023,9,1.85078,1.75069,1490,1140,1587,1912,447,428,5417,620,309420
HHS Region,hhs5,2023,10,1.79785,1.71238,1486,1100,1515,1828,415,427,5256,619,306941
HHS Region,hhs5,2023,11,1.92038,1.82716,1706,1145,1585,1951,440,379,5621,617,307636
HHS Region,hhs5,2023,12,1.85013,1.76658,1643,1085,1489,2024,404,396,5552,617,314279
HHS Region,hhs5,2023,13,1.70696,1.62617,1512,1015,1373,1672,358,406,4963,614,305196
HHS Region,hhs5,2023,14,1.52981,1.45596,1286,906,1314,1355,408,394,4349,616,298703
HHS Region,hhs5,2023,15,1.37556,1.2909,1230,842,1175,1272,333,358,4035,618,312573
HHS Region,hhs5,2023,16,1.30696,1.24956,1063,781,1094,1409,313,298,3864,613,309230
HHS Region,hhs5,2023,17,1.30569,1.24245,1116,747,1034,1389,287,270,3809,612,306571
HHS Region,hhs5,2023,18,1.30276,1.25391,1074,767,1033,1464,266,338,3909,618,311745
HHS Region,hhs5,2023,19,1.26265,1.18358,1006,724,982,1471,258,260,3719,610,314215
HHS Region,hhs5,2023,20,1.20782,1.16035,819,513,732,1103,219,226,2880,608,248201
HHS Region,hhs5,2023,21,1.18641,1.11031,969,634,868,1295,234,241,3373,600,303790
HHS Region,hhs5,2023,22,1.21494,1.11152,895,617,828,1212,211,267,3202,595,288075
HHS Region,hhs5,2023,23,0.929318,0.894846,774,597,804,896,207,241,2715,596,303404
HHS Region,hhs5,2023,24,0.856146,0.807347,667,525,708,766,183,222,2363,595,292687
HHS Region,hhs5,2023,25,0.793123,0.735645,585,494,673,721,179,208,2187,594,297290
HHS Region,hhs5,2023,26,0.700815,0.643781,509,432,584,599,152,186,1878,588,291714
HHS Region,hhs5,2023,27,0.695564,0.631784,468,373,541,563,168,215,1787,601,282850
HHS Region,hhs5,2023,28,0.629254,0.578636,450,372,543,528,171,198,1719,595,297078
HHS Region,hhs5,2023,29,0.662811,0.598141,494,393,546,524,153,197,1761,592,294412
HHS Region,hhs5,2023,30,0.634471,0.579893,438,401,593,513,192,177,1721,592,296779
HHS Region,hhs5,2023,31,0.694586,0.632043,482,462,653,554,191,199,1888,592,298714
HHS Region,hhs5,2023,32,0.697384,0.656587,465,456,662,642,206,223,1992,594,303387
HHS Region,hhs5,2023,33,0.749457,0.715688,529,530,737,647,207,209,2122,593,296498
HHS Region,hhs5,2023,34,0.93073,0.875615,608,641,889,885,248,280,2662,594,304015
HHS Region,hhs5,2023,35,1.05974,1.01555,721,703,979,1135,276,318,3153,594,310471
HHS Region,hhs5,2023,36,1.1728,1.12311,885,789,1065,1137,276,349,3436,588,305936
HHS Region,hhs5,2023,37,1.23282,1.15749,851,798,1152,1310,354,334,3647,593,315078
HHS Region,hhs5,2023,38,1.40877,1.31819,1075,917,1240,1450,323,339,4104,587,311337
HHS Region,hhs5,2023,39,1.37123,1.30155,1015,900,1268,1495,368,348,4126,593,317007
HHS Region,hhs5,2023,40,1.35975,1.27971,1357,1026,1434,1907,408,426,5124,827,400404
HHS Region,hhs5,2023,41,1.49073,1.37748,1437,1130,1578,1842,448,462,5319,827,386140
HHS Region,hhs5,2023,42,1.53366,1.42993,1503,1105,1554,1860,449,479,5396,828,377360
HHS Region,hhs5,2023,43,1.64398,1.5239,1621,1206,1707,2067,501,491,5886,830,386246
HHS Region,hhs5,2023,44,1.6912,1.56371,1653,1262,1731,2243,469,489,6116,837,391121
HHS Region,hhs5,2023,45,1.89762,1.77302,2060,1407,1979,2602,572,581,7222,826,407328
HHS Region,hhs5,2023,46,2.14446,2.01952,2412,1803,2486,2920,683,622,8440,836,417922
HHS Region,hhs5,2023,47,2.43192,2.26676,2501,1703,2441,2593,738,739,8274,830,365015
HHS Region,hhs5,2023,48,2.65181,2.46407,2795,2570,3542,3207,972,903,10447,831,423973
HHS Region,hhs5,2023,49,2.76993,2.60196,2866,2456,3520,3635,1064,926,10947,828,420722
HHS Region,hhs5,2023,50,3.15631,3.0693,3233,2992,4183,4343,1191,963,12722,830,414492
HHS Region,hhs5,2023,51,3.79778,3.67791,3351,3509,5005,4827,1496,1290,14473,820,393512
HHS Region,hhs5,2023,52,4.63237,4.58471,3892,4289,6172,4570,1883,1966,16600,820,362073
HHS Region,hhs5,2024,1,3.71111,3.70205,3197,4181,6028,3356,1847,1728,14309,818,386516
HHS Region,hhs5,2024,2,3.14353,3.06936,2337,3359,4753,3321,1394,1249,11660,823,379884
HHS Region,hhs5,2024,3,2.96357,2.85761,1844,2767,3936,3048,1169,950,9778,823,342174
HHS Region,hhs5,2024,4,3.05886,3.02641,1919,3135,4402,4153,1267,951,11425,824,377510
HHS Region,hhs5,2024,5,3.42108,3.38296,2139,3359,4607,5284,1248,987,13017,818,384781
HHS Region,hhs5,2024,6,4.1085,4.05288,2626,3980,5466,6759,1486,1256,16107,814,397421
HHS Region,hhs5,2024,7,4.37634,4.37988,2700,4396,5978,6809,1582,1373,16860,818,384942
HHS Region,hhs5,2024,8,4.63936,4.66024,2857,4930,6661,7016,1731,1522,18056,810,387448
HHS Region,hhs5,2024,9,4.53113,4.5861,2962,4993,6811,7018,1818,1508,18299,815,399010
HHS Region,hhs5,2024,10,4.0907,4.23937,2736,4373,5921,6427,1548,1392,16476,810,388643
HHS Region,hhs5,2024,11,3.45913,3.58297,2436,3707,4933,5714,1226,1081,14164,812,395315
HHS Region,hhs5,2024,12,3.02132,3.16029,2281,3295,4438,4640,1143,908,12267,816,388161
HHS Region,hhs5,2024,13,2.91842,3.07043,2304,3245,4332,3894,1087,1014,11544,814,375974
HHS Region,hhs5,2024,14,2.46716,2.6122,2063,2966,3934,2983,968,918,9898,817,378914
HHS Region,hhs5,2024,15,2.05086,2.13259,1800,2259,3028,2690,769,720,8238,815,386291
HHS Region,hhs5,2024,16,1.64135,1.70122,1453,1730,2305,2355,575,536,6649,809,390838
HHS Region,hhs5,2024,17,1.6062,1.62481,1384,1505,2036,2251,531,498,6169,812,379676
HHS Region,hhs5,2024,18,1.47263,1.46586,1344,1327,1817,2085,490,452,5698,813,388715
HHS Region,hhs5,2024,19,1.29572,1.25795,1206,1030,1425,1578,395,410,4619,805,367185
HHS Region,hhs5,2024,20,1.19915,1.16506,1102,856,1207,1459,351,385,4153,792,356462
HHS Region,hhs5,2024,21,1.13355,1.06241,1013,833,1162,1299,329,352,3826,790,360124
HHS Region,hhs5,2024,22,1.13621,1.05131,935,754,1073,1143,319,355,3506,784,333489
HHS Region,hhs5,2024,23,0.956788,0.879972,814,743,1067,903,324,332,3116,788,354102
HHS Region,hhs5,2024,24,0.88271,0.806376,710,701,1008,791,307,314,2823,783,350085
HHS Region,hhs5,2024,25,0.792909,0.715652,604,621,911,696,290,299,2510,786,350729
HHS Region,hhs5,2024,26,0.803332,0.728197,575,684,987,754,303,302,2618,782,359518
HHS Region,hhs5,2024,27,0.762515,0.719636,477,665,959,711,294,370,2517,782,349760
HHS Region,hhs5,2024,28,0.746298,0.697595,482,728,1013,787,285,358,2640,782,378443
HHS Region,hhs5,2024,29,0.774134,0.700422,486,710,1011,765,301,316,2578,778,368064
HHS Region,hhs5,2024,30,0.82349,0.750758,480,709,987,730,278,365,2562,770,341255
HHS Region,hhs5,2024,31,0.859261,0.77943,504,774,1109,844,335,343,2800,783,359237
HHS Region,hhs5,2024,32,0.875445,0.80386,486,816,1139,870,323,369,2864,779,356281
HHS Region,hhs5,2024,33,0.927654,0.882691,550,838,1194,1029,356,394,3167,783,358789
HHS Region,hhs5,2024,34,1.09428,1.04671,670,963,1360,1314,397,414,3758,783,359030
HHS Region,hhs5,2024,35,1.11819,1.05916,714,1025,1412,1448,387,426,4000,787,377658
HHS Region,hhs5,2024,36,1.24161,1.1676,804,1020,1408,1545,388,416,4173,784,357400
HHS Region,hhs5,2024,37,1.32711,1.21544,858,1118,1514,1925,396,471,4768,790,392286
HHS Region,hhs5,2024,38,1.33551,1.24237,849,1214,1667,2055,453,479,5050,797,406480
HHS Region,hhs5,2024,39,1.31557,1.22264,895,1179,1611,1910,432,428,4844,791,396192
HHS Region,hhs5,2024,40,1.34333,1.27773,1038,1240,1696,2323,456,430,5487,885,429432
HHS Region,hhs5,2024,41,1.53194,1.43283,1180,1345,1771,2818,426,421,6190,889,432013
HHS Region,hhs5,2024,42,1.71688,1.60118,1319,1399,1906,3004,507,406,6635,881,414382
HHS Region,hhs5,2024,43,1.77286,1.6325,1499,1606,2097,3169,491,453,7218,888,442144
HHS Region,hhs5,2024,44,1.81362,1.68507,1506,1685,2184,3027,499,494,7211,886,427934
HHS Region,hhs5,2024,45,1.79466,1.66234,1533,1611,2121,3005,510,429,7088,884,426386
HHS Region,hhs5,2024,46,1.87536,1.73889,1667,1664,2175,3067,511,505,7414,887,426363
HHS Region,hhs5,2024,47,2.01041,1.87075,1830,1740,2389,3509,649,498,8226,885,439717
HHS Region,hhs5,2024,48,2.15916,2.04072,1991,1631,2192,2897,561,564,7644,883,374574
HHS Region,hhs5,2024,49,2.25369,2.14161,2196,2114,2890,3312,776,707,9105,884,425147
HHS Region,hhs5,2024,50,2.53372,2.41042,2451,2366,3152,3842,786,792,10237,878,424697
HHS Region,hhs5,2024,51,3.2461,3.05159,3276,3029,4119,4661,1090,1021,13077,873,428530
HHS Region,hhs5,2024,52,4.9826,4.79395,4926,4639,6615,5535,1976,2082,19158,873,399629
HHS Region,hhs5,2025,1,4.73761,4.58653,4720,5203,7512,4389,2309,2588,19209,879,418813
HHS Region,hhs5,2025,2,3.92373,3.83202,3226,4401,6532,4478,2131,1801,16037,884,418500
HHS Region,hhs5,2025,3,4.66325,4.72756,3868,5075,7329,6922,2254,1839,19958,883,422163
HHS Region,hhs5,2025,4,6.08136,6.22501,4606,6755,9566,8557,2811,2289,25018,883,401895
HHS Region,hhs5,2025,5,6.7195,6.70909,5280,7690,11174,10572,3484,3115,30141,884,449256
HHS Region,hhs5,2025,6,8.11677,8.01644,6391,8844,13010,13093,4166,3737,36231,876,451959
HHS Region,hhs5,2025,7,8.04923,8.19294,5874,8920,13274,11881,4354,4310,35339,878,431335
HHS Region,hhs5,2025,8,6.75638,6.90444,4954,7617,11385,8677,3768,3714,28730,880,416109
HHS Region,hhs5,2025,9,5.24516,5.37046,3754,5695,8646,6941,2951,3098,22439,876,417823
HHS Region,hhs5,2025,10,4.36092,4.52016,3276,4721,7037,5884,2316,2412,18609,876,411689
HHS Region,hhs5,2025,11,3.53896,3.68625,2582,3712,5455,5020,1743,1954,15011,868,407216
HHS Region,hhs5,2025,12,2.73009,2.89732,2086,3077,4382,3850,1305,1413,11731,875,404892
HHS Region,hhs5,2025,13,2.35199,2.3957,1907,2430,3388,3098,958,989,9382,871,391618
HHS Region,hhs5,2025,14,1.88949,1.90814,1542,1987,2716,2332,729,737,7327,858,383987
HHS Region,hhs5,2025,15,1.67651,1.63812,1341,1694,2305,2074,611,637,6357,870,388066
HHS Region,hhs5,2025,16,1.64375,1.59702,1349,1619,2171,2186,552,619,6325,874,396049
HHS Region,hhs5,2025,17,1.53581,1.52113,1328,1471,2072,2129,601,592,6121,871,402399
HHS Region,hhs5,2025,18,1.41781,1.40998,1202,1245,1723,1820,478,488,5233,836,371140
HHS Region,hhs5,2025,19,1.28136,1.20888,1165,1127,1547,1614,420,496,4822,868,398882
HHS Region,hhs5,2025,20,1.20341,1.11705,1096,1007,1373,1612,366,405,4486,868,401592
HHS Region,hhs5,2025,21,1.14029,1.05822,1016,932,1313,1421,381,439,4189,859,395852
HHS Region,hhs5,2025,22,1.15286,1.06336,1057,955,1350,1210,395,420,4037,862,379644
HHS Region,hhs5,2025,23,1.15257,0.961874,940,1000,1340,1054,340,392,3726,852,387369
HHS Region,hhs5,2025,24,0.841842,0.766989,761,695,1003,802,308,353,2919,852,380579
HHS Region,hhs5,2025,25,0.784007,0.694569,643,698,971,654,273,330,2598,851,374045
HHS Region,hhs5,2025,26,0.65247,0.584854,561,581,791,579,210,295,2226,846,380608
HHS Region,hhs5,2025,27,0.653897,0.589452,495,522,753,597,231,318,2163,848,366951
HHS Region,hhs5,2025,28,0.626297,0.56964,547,569,795,636,226,270,2248,849,394635
HHS Region,hhs5,2025,29,0.634079,0.550377,460,565,769,573,204,261,2063,848,374834
HHS Region,hhs5,2025,30,0.640007,0.560874,509,541,753,634,212,245,2141,849,381726
HHS Region,hhs5,2025,31,0.639024,0.56598,471,601,844,596,243,265,2176,846,384466
HHS Region,hhs5,2025,32,0.714293,0.618612,547,656,899,693,243,253,2392,844,386672
HHS Region,hhs5,2025,33,0.720427,0.6454,480,708,999,747,291,267,2493,831,386272
HHS Region,hhs5,2025,34,0.795234,0.811874,515,707,957,786,250,221,2479,815,305343
HHS Region,hhs5,2025,35,1.09474,1.05112,764,1004,1345,1302,341,357,3768,796,358474
HHS Region,hhs5,2025,36,1.34526,1.21086,916,1289,1753,1505,464,453,4627,837,382124
HHS Region,hhs5,2025,37,1.35035,1.26382,837,1241,1708,1601,467,460,4606,797,364451
HHS Region,hhs5,2025,38,1.24664,1.10872,943,1098,1531,1513,433,434,4421,834,398748
HHS Region,hhs5,2025,39,1.04693,0.958582,810,946,1310,1286,364,425,3831,838,399653
HHS Region,hhs5,2025,40,1.05971,1.03784,941,986,1373,1396,387,422,4132,864,398134
HHS Region,hhs5,2025,41,1.0885,1.04977,893,893,1252,1520,359,422,4087,866,389322
HHS Region,hhs5,2025,42,1.17367,1.12108,1095,985,1368,1422,383,449,4334,858,386591
HHS Region,hhs5,2025,43,1.19571,1.13319,1080,973,1402,1418,429,447,4347,864,383607
HHS Region,hhs5,2025,44,1.22152,1.17523,1126,1008,1399,1520,391,399,4444,868,378140
HHS Region,hhs5,2025,45,1.35278,1.30187,1182,1142,1596,1831,454,431,5040,865,387134
HHS Region,hhs5,2025,46,1.3918,1.35475,1119,1163,1605,1879,442,510,5113,855,377412
HHS Region,hhs6,2010,1,2.68679913962152,2.94322850719657,755,489,726,671,237,126,2278,203,77398
HHS Region,hhs6,2010,2,3.0323574195569,3.15460458829634,962,486,693,869,207,90,2614,206,82863
HHS Region,hhs6,2010,3,2.73487322844327,3.03097426809909,855,452,664,838,212,106,2463,201,81261
HHS Region,hhs6,2010,4,2.78097067800447,2.97587131367292,816,391,534,917,143,64,2331,196,78330
HHS Region,hhs6,2010,5,3.35978956381445,3.66482357026471,1092,415,573,986,158,93,2744,187,74874
HHS Region,hhs6,2010,6,2.74204982803558,2.96687016271169,822,405,577,820,172,104,2323,192,78298
HHS Region,hhs6,2010,7,2.89691025781557,3.21589055882111,929,571,808,894,237,110,2741,180,85233
HHS Region,hhs6,2010,8,2.92040871201583,3.40075074233851,866,633,916,1093,283,160,3035,193,89245
HHS Region,hhs6,2010,9,2.8744292995966,3.11829104840527,777,567,782,950,215,120,2629,187,84309
HHS Region,hhs6,2010,10,2.91635919746125,3.08933650664654,910,482,716,921,234,114,2661,188,86135
HHS Region,hhs6,2010,11,2.15222083000507,2.48471515527783,554,434,617,577,183,93,1841,182,74093
HHS Region,hhs6,2010,12,1.8883219278833,2.11484186146583,483,385,563,555,178,70,1671,189,79013
HHS Region,hhs6,2010,13,1.65918760713587,1.87245736454994,436,284,407,483,123,64,1390,184,74234
HHS Region,hhs6,2010,14,1.48764762838133,1.6919871287651,388,314,427,424,113,44,1283,184,75828
HHS Region,hhs6,2010,15,1.48392389115292,1.57649498444741,433,229,329,438,100,62,1262,185,80051
HHS Region,hhs6,2010,16,1.51426765293529,1.6029541353699,421,178,239,443,61,43,1146,173,71493
HHS Region,hhs6,2010,17,1.43873473911751,1.59645401780611,471,237,327,395,90,64,1257,191,78737
HHS Region,hhs6,2010,18,1.41357880044445,1.54016302789497,398,207,297,393,90,40,1128,176,73239
HHS Region,hhs6,2010,19,1.39148769457008,1.5111135916505,405,214,284,363,70,31,1083,179,71669
HHS Region,hhs6,2010,20,1.18618985427834,1.3201563537134,312,161,216,317,55,50,895,164,67795
HHS Region,hhs6,2010,21,1.21409867999246,1.34260369216015,318,177,239,295,62,44,896,156,66736
HHS Region,hhs6,2010,22,1.30991498308587,1.48726495416833,278,171,215,302,44,26,821,136,55202
HHS Region,hhs6,2010,23,0.962931405870105,1.12076706003079,239,161,205,220,44,35,699,133,62368
HHS Region,hhs6,2010,24,0.851095205589661,0.938066491842517,180,112,139,202,27,12,533,128,56819
HHS Region,hhs6,2010,25,0.936451704599842,1.03246864799863,223,102,140,219,38,19,601,135,58210
HHS Region,hhs6,2010,26,0.911912951507353,1.0076241500103,165,103,132,168,29,24,489,123,48530
HHS Region,hhs6,2010,27,0.982479707709764,1.03075363298412,158,80,112,188,32,30,488,123,47344
HHS Region,hhs6,2010,28,0.940340880454896,0.999878063650774,147,125,152,177,27,16,492,113,49206
HHS Region,hhs6,2010,29,0.812194996179111,0.938462109128677,173,94,143,155,49,35,506,117,53918
HHS Region,hhs6,2010,30,0.753385750662549,0.757618377871542,162,95,125,114,30,3,404,113,53325
HHS Region,hhs6,2010,31,0.719030350848334,0.77706412858997,138,110,143,147,33,39,467,117,60098
HHS Region,hhs6,2010,32,0.541568892492172,0.605536332179931,103,83,116,110,33,21,350,105,57800
HHS Region,hhs6,2010,33,0.792130506600196,0.902906229425965,170,147,190,193,43,23,576,108,63794
HHS Region,hhs6,2010,34,0.817809086149756,0.863120066739395,187,112,152,167,40,32,538,115,62332
HHS Region,hhs6,2010,35,1.12364621146392,1.27663008392511,208,224,292,255,68,36,791,110,61960
HHS Region,hhs6,2010,36,1.31940284682106,1.46753868240549,228,214,284,277,70,39,828,113,56421
HHS Region,hhs6,2010,37,1.13150103623282,1.22572191537709,190,166,215,311,49,23,739,105,60291
HHS Region,hhs6,2010,38,1.21762003082854,1.28708185107715,211,205,278,307,73,47,843,108,65497
HHS Region,hhs6,2010,39,1.33965801487399,1.47432560703022,288,227,301,320,74,54,963,121,65318
HHS Region,hhs6,2010,40,1.84949,2.01923,572,333,438,552,105,76,1638,194,81120
HHS Region,hhs6,2010,41,1.86262,1.98193,531,330,448,531,118,65,1575,189,79468
HHS Region,hhs6,2010,42,1.99312,2.06312,564,347,434,653,87,54,1705,200,82642
HHS Region,hhs6,2010,43,1.99243,2.08067,581,315,411,619,96,82,1693,191,81368
HHS Region,hhs6,2010,44,2.24871,2.35225,620,378,512,764,134,71,1967,192,83622
HHS Region,hhs6,2010,45,2.36384,2.32952,668,349,500,812,151,113,2093,198,89847
HHS Region,hhs6,2010,46,2.40205,2.43491,664,386,523,781,137,97,2065,190,84808
HHS Region,hhs6,2010,47,2.61929,2.69265,688,306,420,518,114,82,1708,188,63432
HHS Region,hhs6,2010,48,2.46261,2.53594,759,379,533,682,154,102,2076,192,81863
HHS Region,hhs6,2010,49,2.33473,2.40649,541,400,525,823,125,63,1952,190,81114
HHS Region,hhs6,2010,50,2.8973,2.90562,683,388,526,949,138,63,2221,182,76438
HHS Region,hhs6,2010,51,3.8447,3.81037,731,493,668,881,175,120,2400,160,62986
HHS Region,hhs6,2010,52,3.77879,4.1885,917,804,1073,868,269,204,3062,183,73105
HHS Region,hhs6,2011,1,3.33221,3.4825,897,666,879,956,213,177,2909,185,83532
HHS Region,hhs6,2011,2,4.42108,4.39163,1025,725,987,1349,262,174,3535,179,80494
HHS Region,hhs6,2011,3,5.74786,5.67214,1423,984,1331,2196,347,180,5130,193,90442
HHS Region,hhs6,2011,4,6.90089,6.37602,1419,1161,1484,2665,323,146,5714,188,89617
HHS Region,hhs6,2011,5,7.60514,7.63539,1449,1327,1769,2846,442,293,6357,200,83257
HHS Region,hhs6,2011,6,7.77494,7.47696,1320,1420,1823,2416,403,226,5785,189,77371
HHS Region,hhs6,2011,7,7.94874,7.84706,1533,1850,2530,3344,680,281,7688,189,97973
HHS Region,hhs6,2011,8,6.25285,6.08464,1398,1253,1619,2507,366,191,5715,187,93925
HHS Region,hhs6,2011,9,4.74045,4.66002,1051,795,1068,1510,273,224,3853,167,82682
HHS Region,hhs6,2011,10,3.57418,3.59841,827,638,839,1163,201,115,2944,172,81814
HHS Region,hhs6,2011,11,3.01461,3.09767,722,563,769,891,206,80,2462,180,79479
HHS Region,hhs6,2011,12,2.89336,2.94501,666,421,570,690,149,105,2031,176,68964
HHS Region,hhs6,2011,13,2.00158,2.06325,532,326,429,648,103,65,1674,174,81134
HHS Region,hhs6,2011,14,1.83492,1.99956,480,288,411,580,123,91,1562,175,78117
HHS Region,hhs6,2011,15,1.46036,1.56035,369,244,327,431,83,50,1177,166,75432
HHS Region,hhs6,2011,16,1.47911,1.58658,357,228,294,391,66,47,1089,158,68638
HHS Region,hhs6,2011,17,1.32832,1.50336,369,207,273,389,66,43,1074,160,71440
HHS Region,hhs6,2011,18,1.41019,1.52937,289,224,283,392,59,38,1002,145,65517
HHS Region,hhs6,2011,19,1.44453,1.49276,299,233,307,348,74,33,987,147,66119
HHS Region,hhs6,2011,20,1.21322,1.30721,279,199,255,318,56,32,884,142,67625
HHS Region,hhs6,2011,21,1.09818,1.17903,230,173,212,256,39,18,716,120,60728
HHS Region,hhs6,2011,22,1.22396,1.25445,195,194,225,243,31,34,697,119,55562
HHS Region,hhs6,2011,23,0.939862,1.00705,192,165,208,193,43,23,616,114,61169
HHS Region,hhs6,2011,24,1.1047,1.18269,209,156,234,196,78,34,673,108,56904
HHS Region,hhs6,2011,25,0.908702,0.995137,169,140,181,186,41,39,575,105,57781
HHS Region,hhs6,2011,26,1.16308,1.18643,152,131,174,164,43,23,513,98,43239
HHS Region,hhs6,2011,27,0.906745,0.989863,139,120,149,155,29,13,456,90,46067
HHS Region,hhs6,2011,28,0.915695,1.00361,172,147,181,177,34,23,553,96,55101
HHS Region,hhs6,2011,29,0.739525,0.908809,147,138,170,160,32,22,499,96,54907
HHS Region,hhs6,2011,30,0.811418,0.943828,176,122,163,158,41,18,515,94,54565
HHS Region,hhs6,2011,31,0.779258,0.890037,155,109,144,152,35,28,479,92,53818
HHS Region,hhs6,2011,32,0.856841,0.883874,126,124,154,164,30,26,470,76,53175
HHS Region,hhs6,2011,33,0.885646,0.983188,148,147,184,200,37,23,555,89,56449
HHS Region,hhs6,2011,34,0.972444,1.08961,163,149,189,273,40,39,664,94,60939
HHS Region,hhs6,2011,35,1.27984,1.41095,227,179,241,317,62,43,828,96,58684
HHS Region,hhs6,2011,36,1.5286,1.63387,228,185,248,294,63,38,808,89,49453
HHS Region,hhs6,2011,37,1.57697,1.61876,160,203,255,295,52,30,740,80,45714
HHS Region,hhs6,2011,38,1.59488,1.54188,166,194,236,274,42,25,701,77,45464
HHS Region,hhs6,2011,39,1.48378,1.57638,199,203,260,286,57,25,770,82,48846
HHS Region,hhs6,2011,40,1.86381,1.97601,371,345,450,492,105,41,1354,155,68522
HHS Region,hhs6,2011,41,1.68396,1.80612,383,284,365,413,81,42,1203,152,66607
HHS Region,hhs6,2011,42,1.94358,2.02106,401,320,432,497,112,46,1376,162,68083
HHS Region,hhs6,2011,43,1.87213,2.0015,437,326,418,491,92,42,1388,153,69348
HHS Region,hhs6,2011,44,1.86579,2.02281,429,352,457,554,105,32,1472,164,72770
HHS Region,hhs6,2011,45,2.02278,2.06932,420,340,440,496,100,53,1409,153,68090
HHS Region,hhs6,2011,46,2.22927,2.30977,483,401,533,558,132,70,1644,156,71176
HHS Region,hhs6,2011,47,2.14262,2.34223,449,314,403,398,89,46,1296,154,55332
HHS Region,hhs6,2011,48,2.15272,2.24239,419,396,542,483,146,66,1510,153,67339
HHS Region,hhs6,2011,49,1.96344,2.06985,403,263,357,392,94,54,1206,153,58265
HHS Region,hhs6,2011,50,2.11156,2.28868,465,343,472,468,129,49,1454,148,63530
HHS Region,hhs6,2011,51,2.24022,2.36386,504,328,432,380,104,64,1380,147,58379
HHS Region,hhs6,2011,52,2.29386,2.48387,452,329,462,314,133,69,1297,140,52217
HHS Region,hhs6,2012,1,2.13777,2.28109,488,361,485,391,124,81,1445,159,63347
HHS Region,hhs6,2012,2,2.07773,2.15305,419,322,451,437,129,77,1384,156,64281
HHS Region,hhs6,2012,3,2.18854,2.24208,457,363,444,484,81,70,1455,155,64895
HHS Region,hhs6,2012,4,2.35321,2.3215,527,382,492,578,110,45,1642,160,70730
HHS Region,hhs6,2012,5,2.45197,2.38334,550,358,488,613,130,59,1710,154,71748
HHS Region,hhs6,2012,6,2.68775,2.64315,587,449,563,723,114,63,1936,158,73246
HHS Region,hhs6,2012,7,3.03924,2.97602,601,531,694,761,163,72,2128,156,71505
HHS Region,hhs6,2012,8,3.33632,3.13812,687,470,650,750,180,118,2205,158,70265
HHS Region,hhs6,2012,9,3.49991,3.32995,655,655,839,961,184,106,2561,155,76908
HHS Region,hhs6,2012,10,3.35928,3.21959,582,415,557,858,142,90,2087,151,64822
HHS Region,hhs6,2012,11,4.10656,3.79715,676,656,876,939,220,102,2593,154,68288
HHS Region,hhs6,2012,12,2.93849,2.81459,532,481,634,731,153,76,1973,152,70099
HHS Region,hhs6,2012,13,2.5656,2.56547,431,459,590,747,131,57,1825,146,71137
HHS Region,hhs6,2012,14,2.36481,2.38629,404,357,457,632,100,72,1565,139,65583
HHS Region,hhs6,2012,15,1.93999,2.02017,366,313,399,559,86,58,1382,142,68410
HHS Region,hhs6,2012,16,2.01636,2.06347,408,306,409,572,103,61,1450,146,70270
HHS Region,hhs6,2012,17,1.93504,1.92402,340,297,379,525,82,46,1290,135,67047
HHS Region,hhs6,2012,18,1.88552,1.90776,341,254,343,503,89,63,1250,136,65522
HHS Region,hhs6,2012,19,1.90734,1.88319,315,262,339,463,77,58,1175,129,62394
HHS Region,hhs6,2012,20,1.88577,1.88469,327,249,313,448,64,47,1135,132,60222
HHS Region,hhs6,2012,21,1.9224,1.91024,307,301,368,499,67,54,1228,118,64285
HHS Region,hhs6,2012,22,2.19488,1.86476,229,181,227,323,46,37,816,116,43759
HHS Region,hhs6,2012,23,1.45448,1.55676,303,213,277,296,64,40,916,107,58840
HHS Region,hhs6,2012,24,1.29741,1.43768,254,179,233,290,54,30,807,108,56132
HHS Region,hhs6,2012,25,1.45649,1.44764,246,208,258,284,50,44,832,105,57473
HHS Region,hhs6,2012,26,2.15795,1.90411,224,227,300,307,73,36,867,104,45533
HHS Region,hhs6,2012,27,1.49991,1.50808,182,209,279,266,70,42,769,101,50992
HHS Region,hhs6,2012,28,1.31529,1.36619,204,193,241,265,48,33,743,97,54385
HHS Region,hhs6,2012,29,1.23195,1.31934,199,197,246,259,49,35,739,94,56013
HHS Region,hhs6,2012,30,1.17031,1.19235,179,178,242,228,64,34,683,100,57282
HHS Region,hhs6,2012,31,1.29867,1.34286,221,200,276,266,76,38,801,103,59649
HHS Region,hhs6,2012,32,1.25579,1.38205,239,203,280,299,77,35,853,105,61720
HHS Region,hhs6,2012,33,1.14701,1.26019,212,201,264,275,63,48,799,100,63403
HHS Region,hhs6,2012,34,1.41152,1.55733,288,269,340,355,71,38,1021,100,65561
HHS Region,hhs6,2012,35,1.43111,1.64202,319,271,350,341,79,45,1055,101,64250
HHS Region,hhs6,2012,36,1.64163,1.72518,261,270,359,344,89,59,1023,97,59298
HHS Region,hhs6,2012,37,1.87249,1.98307,360,267,362,501,95,56,1279,100,64496
HHS Region,hhs6,2012,38,1.81293,1.99765,381,288,362,486,74,62,1291,101,64626
HHS Region,hhs6,2012,39,1.91308,1.98614,366,322,427,490,105,41,1324,103,66662
HHS Region,hhs6,2012,40,1.92793,2.07659,417,344,444,652,100,45,1558,151,75027
HHS Region,hhs6,2012,41,2.23852,2.32587,485,420,567,766,147,76,1894,166,81432
HHS Region,hhs6,2012,42,1.81741,1.95098,474,299,377,739,78,53,1643,168,84214
HHS Region,hhs6,2012,43,2.38553,2.54369,603,403,527,811,124,85,2026,163,79648
HHS Region,hhs6,2012,44,2.4706,2.60291,580,415,540,915,125,65,2100,165,80679
HHS Region,hhs6,2012,45,2.90487,3.18332,749,537,710,1166,173,106,2731,174,85791
HHS Region,hhs6,2012,46,2.93099,3.26598,769,505,650,1127,145,74,2620,158,80221
HHS Region,hhs6,2012,47,4.39504,4.54593,899,651,874,1187,223,97,3057,161,67247
HHS Region,hhs6,2012,48,3.67382,3.89375,830,862,1162,1350,300,179,3521,174,90427
HHS Region,hhs6,2012,49,4.60617,4.70096,1005,1014,1305,1914,291,162,4386,179,93300
HHS Region,hhs6,2012,50,5.55733,5.75432,1245,1154,1497,2291,343,186,5219,180,90697
HHS Region,hhs6,2012,51,7.18653,7.24731,1349,1393,1836,2598,443,204,5987,164,82610
HHS Region,hhs6,2012,52,9.25411,9.05061,1526,1696,2283,2156,587,344,6309,170,69708
HHS Region,hhs6,2013,1,7.66877,7.405,1491,1697,2385,1647,688,401,5924,176,80000
HHS Region,hhs6,2013,2,7.26613,6.89569,1330,1960,2644,2232,684,430,6636,182,96234
HHS Region,hhs6,2013,3,7.3695,6.73411,1323,1471,1955,2748,484,318,6344,184,94207
HHS Region,hhs6,2013,4,7.10997,6.57881,1283,1562,2154,2511,592,272,6220,180,94546
HHS Region,hhs6,2013,5,5.82086,5.39727,1066,1148,1569,2128,421,238,5001,185,92658
HHS Region,hhs6,2013,6,4.4613,4.3701,812,938,1243,1588,305,213,3856,180,88236
HHS Region,hhs6,2013,7,3.85266,3.71666,809,773,1034,1205,261,181,3229,181,86879
HHS Region,hhs6,2013,8,3.28524,3.32377,616,706,973,1080,267,146,2815,175,84693
HHS Region,hhs6,2013,9,3.22203,3.16205,588,713,911,1111,198,145,2755,175,87127
HHS Region,hhs6,2013,10,3.14942,3.15576,678,659,863,1071,204,132,2744,169,86952
HHS Region,hhs6,2013,11,3.04121,3.18152,630,574,746,826,172,148,2350,164,73864
HHS Region,hhs6,2013,12,2.56286,2.61251,575,531,709,792,178,113,2189,167,83789
HHS Region,hhs6,2013,13,2.33966,2.49484,606,484,625,731,141,117,2079,168,83332
HHS Region,hhs6,2013,14,2.23433,2.41288,546,475,633,646,158,122,1947,163,80692
HHS Region,hhs6,2013,15,2.02133,2.09722,508,365,502,632,137,117,1759,160,83873
HHS Region,hhs6,2013,16,1.9546,1.93265,434,381,490,613,109,75,1612,158,83409
HHS Region,hhs6,2013,17,1.87992,1.87937,411,364,476,569,112,91,1547,161,82315
HHS Region,hhs6,2013,18,1.65645,1.76952,392,302,413,508,111,82,1395,154,78835
HHS Region,hhs6,2013,19,1.73602,1.91816,392,344,443,561,99,82,1478,150,77053
HHS Region,hhs6,2013,20,1.63421,1.87254,421,335,470,522,135,92,1505,150,80372
HHS Region,hhs6,2013,21,1.47642,1.72979,402,284,361,431,77,56,1250,142,72263
HHS Region,hhs6,2013,22,1.51067,1.63769,354,234,323,406,89,51,1134,141,69244
HHS Region,hhs6,2013,23,1.3348,1.42228,310,240,323,320,83,48,1001,135,70380
HHS Region,hhs6,2013,24,1.24818,1.31163,272,237,332,296,95,47,947,132,72200
HHS Region,hhs6,2013,25,1.58591,1.54003,305,234,353,375,119,68,1101,137,71492
HHS Region,hhs6,2013,26,1.42071,1.34103,256,239,310,329,71,32,927,134,69126
HHS Region,hhs6,2013,27,1.55464,1.46876,250,227,288,323,61,49,910,132,61957
HHS Region,hhs6,2013,28,1.42515,1.33907,246,233,298,307,65,45,896,129,66912
HHS Region,hhs6,2013,29,1.35908,1.30814,230,196,258,286,62,34,808,126,61767
HHS Region,hhs6,2013,30,1.20512,1.22122,202,195,257,285,62,39,783,120,64116
HHS Region,hhs6,2013,31,1.37829,1.49746,145,179,255,259,76,40,699,106,46679
HHS Region,hhs6,2013,32,1.161,1.21405,233,204,261,278,57,50,822,140,67707
HHS Region,hhs6,2013,33,1.29592,1.32053,245,226,294,330,68,36,905,134,68533
HHS Region,hhs6,2013,34,1.41086,1.41378,275,252,314,417,62,41,1047,139,74057
HHS Region,hhs6,2013,35,1.69677,1.71471,364,263,396,444,133,123,1327,142,77389
HHS Region,hhs6,2013,36,2.33453,2.13561,426,357,494,489,137,134,1543,144,72251
HHS Region,hhs6,2013,37,2.29547,2.25613,511,369,497,655,128,129,1792,153,79428
HHS Region,hhs6,2013,38,2.4592,2.36611,494,405,556,707,151,179,1936,165,81822
HHS Region,hhs6,2013,39,2.63031,2.58086,550,434,655,660,221,193,2058,188,79741
HHS Region,hhs6,2013,40,2.1557,2.09784,585,418,538,709,120,78,1910,235,91046
HHS Region,hhs6,2013,41,2.23693,2.21748,644,469,632,774,163,103,2153,247,97092
HHS Region,hhs6,2013,42,2.43559,2.34977,669,506,657,728,151,81,2135,246,90860
HHS Region,hhs6,2013,43,2.39649,2.41742,716,559,720,888,161,69,2393,250,98990
HHS Region,hhs6,2013,44,2.51041,2.50366,757,505,696,807,191,102,2362,248,94342
HHS Region,hhs6,2013,45,2.91517,2.85511,778,559,740,972,181,84,2574,226,90154
HHS Region,hhs6,2013,46,3.29638,3.17205,884,786,1047,1112,261,109,3152,249,99368
HHS Region,hhs6,2013,47,3.70307,3.43496,867,890,1139,1258,249,89,3353,236,97614
HHS Region,hhs6,2013,48,4.39287,4.13207,896,935,1221,940,286,123,3180,247,76959
HHS Region,hhs6,2013,49,4.94593,4.61421,934,1440,1914,1415,474,200,4463,245,96723
HHS Region,hhs6,2013,50,5.60209,5.34457,991,1626,2168,1788,542,198,5145,250,96266
HHS Region,hhs6,2013,51,8.00422,6.90014,1156,2286,3027,2308,741,204,6695,239,97027
HHS Region,hhs6,2013,52,9.86221,9.21926,1643,2524,3473,1992,949,323,7431,242,80603
HHS Region,hhs6,2014,1,8.5737,8.26957,1635,2785,3817,1822,1032,453,7727,247,93439
HHS Region,hhs6,2014,2,6.94006,6.88999,1275,2315,3191,1839,876,353,6658,244,96633
HHS Region,hhs6,2014,3,5.78707,5.7519,1120,1830,2431,1864,601,278,5693,238,98976
HHS Region,hhs6,2014,4,5.30023,5.10502,1019,1396,1876,1575,480,211,4681,240,91694
HHS Region,hhs6,2014,5,5.2044,4.80805,1040,1262,1690,1589,428,231,4550,249,94633
HHS Region,hhs6,2014,6,4.56823,4.08569,934,1100,1524,1276,424,212,3946,250,96581
HHS Region,hhs6,2014,7,3.88266,3.64261,772,896,1197,1202,301,192,3363,234,92324
HHS Region,hhs6,2014,8,3.7722,3.4244,801,901,1185,1206,284,136,3328,238,97185
HHS Region,hhs6,2014,9,3.59481,3.28347,729,769,1010,1088,241,145,2972,225,90514
HHS Region,hhs6,2014,10,3.43723,3.16521,757,794,1029,973,235,134,2893,232,91400
HHS Region,hhs6,2014,11,3.19107,2.78015,629,694,946,755,252,140,2470,225,88844
HHS Region,hhs6,2014,12,3.00339,2.78187,640,693,940,835,247,136,2551,225,91701
HHS Region,hhs6,2014,13,2.85576,2.68909,521,644,842,850,198,98,2311,221,85940
HHS Region,hhs6,2014,14,2.7703,2.59806,559,592,812,844,220,98,2313,219,89028
HHS Region,hhs6,2014,15,2.87728,2.67498,610,570,752,944,182,117,2423,220,90580
HHS Region,hhs6,2014,16,2.61257,2.46615,563,565,738,812,173,82,2195,217,89005
HHS Region,hhs6,2014,17,2.46958,2.3187,476,558,729,744,171,104,2053,214,88541
HHS Region,hhs6,2014,18,2.1299,2.01211,513,415,543,649,128,66,1771,208,88017
HHS Region,hhs6,2014,19,2.13556,2.0276,491,453,602,615,149,105,1813,210,89416
HHS Region,hhs6,2014,20,2.35974,2.1584,462,462,626,674,164,86,1848,214,85619
HHS Region,hhs6,2014,21,2.23412,2.19835,502,430,560,656,130,79,1797,197,81743
HHS Region,hhs6,2014,22,2.22923,2.15621,424,397,536,539,139,103,1602,202,74297
HHS Region,hhs6,2014,23,1.97798,1.92871,369,402,513,504,111,68,1454,192,75387
HHS Region,hhs6,2014,24,1.74785,1.72225,362,370,465,448,95,65,1340,195,77805
HHS Region,hhs6,2014,25,1.54353,1.51133,292,360,456,370,96,79,1197,197,79202
HHS Region,hhs6,2014,26,2.31159,1.64896,274,321,423,373,102,63,1133,187,68710
HHS Region,hhs6,2014,27,1.52067,1.50673,278,281,374,327,93,54,1033,184,68559
HHS Region,hhs6,2014,28,1.49204,1.45062,247,307,398,384,91,62,1091,185,75209
HHS Region,hhs6,2014,29,1.40095,1.40392,248,309,394,319,85,61,1022,179,72796
HHS Region,hhs6,2014,30,1.25428,1.22244,226,295,365,302,70,43,936,185,76568
HHS Region,hhs6,2014,31,1.33401,1.3724,214,323,420,379,97,45,1058,180,77091
HHS Region,hhs6,2014,32,1.20459,1.20784,232,282,378,338,96,60,1008,189,83455
HHS Region,hhs6,2014,33,1.21144,1.24384,251,267,363,377,96,67,1058,185,85059
HHS Region,hhs6,2014,34,1.23828,1.31664,274,329,403,400,74,63,1140,189,86584
HHS Region,hhs6,2014,35,1.36612,1.5233,348,336,433,484,97,63,1328,187,87179
HHS Region,hhs6,2014,36,1.68378,1.71714,346,375,495,537,120,57,1435,188,83569
HHS Region,hhs6,2014,37,1.82467,1.80059,428,390,506,659,116,71,1664,185,92414
HHS Region,hhs6,2014,38,1.94603,1.90027,396,441,557,644,116,84,1681,184,88461
HHS Region,hhs6,2014,39,1.91276,1.80696,405,438,547,632,109,64,1648,188,91203
HHS Region,hhs6,2014,40,1.60474,1.64727,446,410,521,636,111,77,1680,226,101987
HHS Region,hhs6,2014,41,1.79716,1.85474,540,451,619,741,168,97,1997,235,107670
HHS Region,hhs6,2014,42,1.93309,2.20357,735,518,690,865,172,102,2392,243,108551
HHS Region,hhs6,2014,43,2.02657,2.19023,624,511,668,948,157,86,2326,241,106199
HHS Region,hhs6,2014,44,2.10772,2.21109,660,530,664,963,134,75,2362,236,106825
HHS Region,hhs6,2014,45,2.23149,2.53587,777,543,697,1055,154,85,2614,240,103081
HHS Region,hhs6,2014,46,2.25351,2.60525,849,475,627,1087,152,129,2692,217,103330
HHS Region,hhs6,2014,47,3.52525,3.67982,900,714,905,1690,191,111,3606,236,97994
HHS Region,hhs6,2014,48,4.20214,4.81184,1242,1010,1282,1693,272,211,4428,242,92023
HHS Region,hhs6,2014,49,4.41652,4.65076,1247,1334,1733,2022,399,314,5316,246,114304
HHS Region,hhs6,2014,50,7.57329,6.04865,1367,1191,1567,2703,376,266,5903,244,97592
HHS Region,hhs6,2014,51,10.6204,7.90353,1667,1373,1780,3134,407,370,6951,221,87948
HHS Region,hhs6,2014,52,7.53666,7.35707,1777,1144,1561,2060,417,399,5797,210,78795
HHS Region,hhs6,2014,53,9.56718,7.30457,1617,1538,2158,1464,620,475,5714,217,78225
HHS Region,hhs6,2015,1,7.71853,5.70935,1142,1386,1916,1535,530,332,4925,223,86262
HHS Region,hhs6,2015,2,8.83368,6.58423,1274,1440,1943,2425,503,295,5937,229,90170
HHS Region,hhs6,2015,3,7.27476,6.21332,1487,1458,1951,2864,493,304,6606,232,106320
HHS Region,hhs6,2015,4,6.39277,5.35649,1283,1328,1804,2469,476,262,5818,237,108616
HHS Region,hhs6,2015,5,5.85114,5.03891,1183,1191,1662,2229,471,262,5336,239,105896
HHS Region,hhs6,2015,6,5.49937,4.52796,1131,1105,1502,1909,397,247,4789,236,105765
HHS Region,hhs6,2015,7,4.97422,4.15804,1060,1064,1469,1657,405,250,4436,243,106685
HHS Region,hhs6,2015,8,4.26325,3.68883,892,930,1256,1405,326,204,3757,239,101848
HHS Region,hhs6,2015,9,4.22797,3.6295,864,932,1236,1472,304,198,3770,243,103871
HHS Region,hhs6,2015,10,4.23676,3.69611,914,948,1288,1522,340,190,3914,244,105895
HHS Region,hhs6,2015,11,3.65129,3.262,892,892,1208,1217,316,186,3503,242,107388
HHS Region,hhs6,2015,12,3.23939,2.94079,859,756,1018,1113,262,166,3156,237,107318
HHS Region,hhs6,2015,13,2.95894,2.76647,739,604,822,926,218,156,2643,233,95537
HHS Region,hhs6,2015,14,2.45254,2.32239,696,535,787,770,252,151,2404,227,103514
HHS Region,hhs6,2015,15,2.3405,2.0872,595,435,618,766,183,126,2105,226,100853
HHS Region,hhs6,2015,16,1.60486,1.73977,600,327,456,614,129,99,1769,227,101680
HHS Region,hhs6,2015,17,2.21258,2.0314,510,451,633,751,182,104,1998,222,98356
HHS Region,hhs6,2015,18,2.10266,1.9761,544,466,628,708,162,113,1993,226,100855
HHS Region,hhs6,2015,19,1.9477,1.91057,425,412,587,664,175,119,1795,219,93951
HHS Region,hhs6,2015,20,1.90513,1.82341,435,398,536,654,138,82,1707,215,93616
HHS Region,hhs6,2015,21,1.80231,1.66425,427,299,415,476,116,96,1414,203,84963
HHS Region,hhs6,2015,22,2.02649,1.55998,329,255,345,351,90,86,1111,190,71219
HHS Region,hhs6,2015,23,1.42131,1.38016,308,265,352,384,87,67,1111,179,80498
HHS Region,hhs6,2015,24,1.44189,1.2792,301,232,313,375,81,75,1064,198,83177
HHS Region,hhs6,2015,25,1.21399,1.23466,299,246,327,329,81,95,1050,196,85044
HHS Region,hhs6,2015,26,1.28068,1.24029,249,240,307,273,67,68,897,185,72322
HHS Region,hhs6,2015,27,1.1037,1.07528,214,228,298,301,70,75,888,193,82583
HHS Region,hhs6,2015,28,1.12435,1.16789,245,243,298,283,55,79,905,182,77490
HHS Region,hhs6,2015,29,1.0912,1.11114,230,212,284,257,72,75,846,191,76138
HHS Region,hhs6,2015,30,0.95152,1.04122,227,171,232,211,61,61,731,158,70206
HHS Region,hhs6,2015,31,0.907402,0.983029,199,184,256,234,72,64,753,172,76600
HHS Region,hhs6,2015,32,0.954889,0.976281,168,192,250,262,58,58,738,167,75593
HHS Region,hhs6,2015,33,1.28703,1.20624,235,271,349,347,78,81,1012,187,83897
HHS Region,hhs6,2015,34,1.02144,1.22318,345,252,323,391,71,65,1124,190,91892
HHS Region,hhs6,2015,35,1.30774,1.45296,329,281,377,454,96,69,1229,181,84586
HHS Region,hhs6,2015,36,1.67823,1.73843,385,317,406,501,89,61,1353,183,77829
HHS Region,hhs6,2015,37,1.65947,1.71876,446,349,450,564,101,77,1537,191,89425
HHS Region,hhs6,2015,38,1.77297,1.76573,423,361,483,571,122,88,1565,192,88632
HHS Region,hhs6,2015,39,1.81608,1.83003,450,439,600,545,161,85,1680,193,91802
HHS Region,hhs6,2015,40,2.5431,2.0819,559,476,675,698,199,100,2032,267,97603
HHS Region,hhs6,2015,41,2.80592,2.19389,640,483,686,765,203,110,2201,265,100324
HHS Region,hhs6,2015,42,2.98999,2.38991,661,585,789,895,204,106,2451,268,102556
HHS Region,hhs6,2015,43,3.09627,2.33874,588,535,752,819,217,98,2257,267,96505
HHS Region,hhs6,2015,44,2.87066,2.31086,656,496,708,846,212,116,2326,270,100655
HHS Region,hhs6,2015,45,3.26718,2.59119,735,590,798,963,208,109,2605,263,100533
HHS Region,hhs6,2015,46,3.27454,2.62398,683,597,859,969,262,150,2661,265,101411
HHS Region,hhs6,2015,47,4.08707,3.11083,750,602,860,807,258,149,2566,270,82486
HHS Region,hhs6,2015,48,3.638,2.82482,735,713,1001,911,288,180,2827,271,100077
HHS Region,hhs6,2015,49,3.6785,2.74956,731,681,980,814,299,152,2677,260,97361
HHS Region,hhs6,2015,50,3.75233,2.91253,807,700,979,735,279,179,2700,256,92703
HHS Region,hhs6,2015,51,4.27091,3.27205,807,678,938,691,260,198,2634,263,80500
HHS Region,hhs6,2015,52,4.63939,3.29259,815,804,1172,608,368,231,2826,258,85829
HHS Region,hhs6,2016,1,3.77153,2.85428,655,754,1099,653,345,213,2620,258,91792
HHS Region,hhs6,2016,2,3.53418,2.88479,765,602,857,825,255,150,2597,261,90024
HHS Region,hhs6,2016,3,3.78371,3.10965,899,718,977,908,259,179,2963,262,95284
HHS Region,hhs6,2016,4,4.19069,3.21492,898,730,1059,1153,329,186,3296,262,102522
HHS Region,hhs6,2016,5,4.15589,3.28488,933,738,1083,1107,345,210,3333,264,101465
HHS Region,hhs6,2016,6,4.8437,3.85269,1000,907,1272,1333,365,206,3811,252,98918
HHS Region,hhs6,2016,7,5.31515,4.14243,999,1044,1537,1527,493,266,4329,259,104504
HHS Region,hhs6,2016,8,4.16406,3.72049,967,741,1091,1356,350,215,3629,242,97541
HHS Region,hhs6,2016,9,4.48291,4.16819,1080,864,1197,1591,333,232,4100,241,98364
HHS Region,hhs6,2016,10,4.14826,3.97048,949,849,1185,1407,336,241,3782,239,95253
HHS Region,hhs6,2016,11,3.66362,3.39334,799,714,1010,1111,296,198,3118,241,91886
HHS Region,hhs6,2016,12,3.43738,3.25656,754,671,901,1099,230,184,2938,232,90218
HHS Region,hhs6,2016,13,3.05546,2.87614,709,555,779,887,224,160,2535,218,88139
HHS Region,hhs6,2016,14,2.70478,2.45404,537,515,723,727,208,149,2136,197,87040
HHS Region,hhs6,2016,15,3.03213,2.41962,560,461,630,860,169,134,2184,209,90262
HHS Region,hhs6,2016,16,3.12015,2.43227,597,395,579,891,184,128,2195,208,90245
HHS Region,hhs6,2016,17,2.63344,2.18103,530,390,531,748,141,109,1918,211,87940
HHS Region,hhs6,2016,18,2.52747,2.01892,480,364,495,694,131,115,1784,211,88364
HHS Region,hhs6,2016,19,2.08684,1.82483,497,315,417,544,102,118,1576,202,86364
HHS Region,hhs6,2016,20,2.09639,1.84785,458,309,441,535,132,115,1549,203,83827
HHS Region,hhs6,2016,21,2.17518,1.84914,431,268,388,483,120,101,1403,189,75873
HHS Region,hhs6,2016,22,1.96065,1.66605,415,229,329,331,100,95,1170,182,70226
HHS Region,hhs6,2016,23,1.59479,1.33246,274,218,319,242,101,100,935,161,70171
HHS Region,hhs6,2016,24,1.64698,1.37774,352,231,309,278,78,87,1026,183,74470
HHS Region,hhs6,2016,25,1.44474,1.26708,330,188,272,244,84,89,935,180,73792
HHS Region,hhs6,2016,26,1.42227,1.211,304,182,261,234,79,72,871,173,71924
HHS Region,hhs6,2016,27,1.36613,1.17803,284,175,260,218,85,82,844,177,71645
HHS Region,hhs6,2016,28,1.28243,1.14763,260,174,237,210,63,88,795,179,69273
HHS Region,hhs6,2016,29,1.16551,1.08412,288,154,221,232,67,65,806,175,74346
HHS Region,hhs6,2016,30,1.2563,1.07687,252,174,228,181,54,68,729,177,67696
HHS Region,hhs6,2016,31,1.03208,1.00787,228,138,193,185,55,66,672,176,66675
HHS Region,hhs6,2016,32,1.0707,1.00096,197,132,185,170,53,60,612,155,61141
HHS Region,hhs6,2016,33,1.11025,1.13323,272,177,238,255,61,73,838,173,73948
HHS Region,hhs6,2016,34,1.41844,1.31775,289,188,259,361,71,83,992,171,75280
HHS Region,hhs6,2016,35,2.21023,1.62182,337,181,273,524,92,77,1211,170,74669
HHS Region,hhs6,2016,36,2.30176,1.7575,408,254,338,521,84,89,1356,164,77155
HHS Region,hhs6,2016,37,2.09464,1.68932,369,244,337,541,93,108,1355,167,80210
HHS Region,hhs6,2016,38,2.00967,1.53791,377,199,294,408,95,72,1151,166,74842
HHS Region,hhs6,2016,39,2.22051,1.73079,395,238,327,442,89,106,1270,168,73377
HHS Region,hhs6,2016,40,1.76526,1.61677,493,313,434,614,121,96,1637,252,101251
HHS Region,hhs6,2016,41,1.82039,1.67473,467,289,387,624,98,101,1579,251,94284
HHS Region,hhs6,2016,42,1.65697,1.58149,458,292,400,545,108,104,1507,249,95290
HHS Region,hhs6,2016,43,2.00697,1.80517,534,333,460,699,127,85,1778,255,98495
HHS Region,hhs6,2016,44,1.96261,1.87861,594,305,423,716,118,96,1829,251,97359
HHS Region,hhs6,2016,45,2.05983,2.02869,632,344,486,618,142,114,1850,251,91192
HHS Region,hhs6,2016,46,2.25577,2.09569,698,327,475,744,148,126,2043,253,97486
HHS Region,hhs6,2016,47,2.46228,2.23475,693,359,513,534,154,127,1867,265,83544
HHS Region,hhs6,2016,48,2.40277,2.26631,721,418,614,679,196,138,2152,267,94956
HHS Region,hhs6,2016,49,2.82109,2.49382,747,497,706,766,209,150,2369,274,94995
HHS Region,hhs6,2016,50,3.29508,2.86057,868,516,744,930,228,132,2674,267,93478
HHS Region,hhs6,2016,51,3.75623,3.37127,998,634,920,860,286,217,2995,267,88839
HHS Region,hhs6,2016,52,4.15913,3.74427,1109,811,1223,755,412,304,3391,263,90565
HHS Region,hhs6,2017,1,4.03886,3.56561,950,941,1346,823,405,297,3416,273,95804
HHS Region,hhs6,2017,2,4.80185,3.81225,910,894,1352,1322,458,321,3905,271,102433
HHS Region,hhs6,2017,3,5.26955,4.28871,967,989,1425,1743,436,287,4422,270,103108
HHS Region,hhs6,2017,4,6.10427,4.74476,1120,1035,1510,2075,475,264,4969,266,104726
HHS Region,hhs6,2017,5,8.13221,6.29514,1355,1419,2023,3074,604,390,6842,266,108687
HHS Region,hhs6,2017,6,9.87589,7.61495,1498,1852,2668,3864,816,519,8549,273,112266
HHS Region,hhs6,2017,7,8.79917,6.77883,1236,1697,2422,3133,725,417,7208,249,106331
HHS Region,hhs6,2017,8,8.34112,6.30694,1255,1486,2187,2877,701,410,6729,269,106692
HHS Region,hhs6,2017,9,6.90124,5.46935,1124,1354,1903,2234,549,375,5636,260,103047
HHS Region,hhs6,2017,10,6.46666,4.96286,1003,1312,1903,1952,591,334,5192,264,104617
HHS Region,hhs6,2017,11,5.35945,4.30806,877,1043,1550,1486,507,288,4201,264,97515
HHS Region,hhs6,2017,12,4.41414,3.74759,813,904,1329,1415,425,251,3808,254,101612
HHS Region,hhs6,2017,13,3.68979,3.07808,695,734,1033,1125,299,187,3040,251,98763
HHS Region,hhs6,2017,14,3.27296,2.75521,643,607,858,981,251,167,2649,258,96145
HHS Region,hhs6,2017,15,3.02577,2.53967,613,528,759,927,231,145,2444,244,96233
HHS Region,hhs6,2017,16,2.89176,2.33685,569,420,625,699,205,171,2064,238,88324
HHS Region,hhs6,2017,17,2.4434,2.15606,573,471,700,738,229,158,2169,258,100600
HHS Region,hhs6,2017,18,2.30211,1.98062,514,394,570,626,176,107,1817,251,91739
HHS Region,hhs6,2017,19,1.66187,1.76524,475,347,484,564,137,121,1644,240,93132
HHS Region,hhs6,2017,20,2.05313,1.91182,475,392,576,571,184,135,1757,252,91902
HHS Region,hhs6,2017,21,1.83173,1.82355,425,365,524,460,159,117,1526,238,83683
HHS Region,hhs6,2017,22,1.59942,1.7236,398,336,487,399,151,106,1390,233,80645
HHS Region,hhs6,2017,23,1.50041,1.4616,316,293,416,338,123,111,1181,225,80802
HHS Region,hhs6,2017,24,1.37974,1.51529,343,287,415,330,128,114,1202,223,79325
HHS Region,hhs6,2017,25,1.32368,1.42266,328,267,393,307,126,121,1149,235,80764
HHS Region,hhs6,2017,26,1.2837,1.25723,284,242,348,258,106,93,983,206,78188
HHS Region,hhs6,2017,27,1.20651,1.30399,341,230,342,257,112,95,1035,230,79372
HHS Region,hhs6,2017,28,1.06283,1.0904,269,178,272,259,94,53,853,219,78228
HHS Region,hhs6,2017,29,1.20983,1.20275,319,165,245,234,80,84,882,212,73332
HHS Region,hhs6,2017,30,1.14309,1.15093,341,210,301,284,91,97,1023,221,88885
HHS Region,hhs6,2017,31,1.15229,1.25318,311,232,319,257,87,114,1001,220,79877
HHS Region,hhs6,2017,32,0.96867,1.15964,303,231,336,225,105,79,943,224,81318
HHS Region,hhs6,2017,33,1.02289,1.31887,337,240,330,301,90,97,1065,209,80751
HHS Region,hhs6,2017,34,1.66769,1.74927,452,269,374,550,105,100,1476,208,84378
HHS Region,hhs6,2017,35,1.74834,1.93005,501,292,388,539,96,116,1544,202,79998
HHS Region,hhs6,2017,36,1.78512,1.91853,500,351,482,521,131,121,1624,200,84648
HHS Region,hhs6,2017,37,1.76123,1.91196,571,365,512,544,147,119,1746,222,91320
HHS Region,hhs6,2017,38,1.60371,1.79808,573,297,435,535,138,121,1664,224,92543
HHS Region,hhs6,2017,39,1.79261,1.96395,610,342,491,569,149,128,1798,220,91550
HHS Region,hhs6,2017,40,1.91763,1.9123,734,401,578,736,177,132,2180,285,113999
HHS Region,hhs6,2017,41,2.04769,1.9931,795,475,635,702,160,143,2275,286,114144
HHS Region,hhs6,2017,42,2.02153,2.18832,819,495,689,783,194,176,2467,282,112735
HHS Region,hhs6,2017,43,2.23701,2.35963,972,500,705,870,205,146,2693,286,114128
HHS Region,hhs6,2017,44,2.94144,2.91365,1018,583,827,1123,244,198,3166,249,108661
HHS Region,hhs6,2017,45,3.31967,3.28045,1166,800,1110,1309,310,193,3778,282,115167
HHS Region,hhs6,2017,46,3.92209,3.51841,1336,949,1339,1603,390,280,4558,285,129547
HHS Region,hhs6,2017,47,4.11395,4.16976,1414,897,1266,1142,369,283,4105,282,98447
HHS Region,hhs6,2017,48,4.61822,4.24095,1414,1344,1874,1515,530,402,5205,288,122732
HHS Region,hhs6,2017,49,5.14474,4.59628,1374,1204,1726,1768,522,361,5229,285,113766
HHS Region,hhs6,2017,50,7.99198,6.58633,1757,1906,2695,2961,789,496,7909,280,120082
HHS Region,hhs6,2017,51,11.6106,9.40005,2339,3053,4391,4042,1338,813,11585,271,123244
HHS Region,hhs6,2017,52,10.4245,9.91457,2480,2884,4121,2624,1237,895,10120,233,102072
HHS Region,hhs6,2018,1,11.0059,9.49665,1738,3400,4938,2480,1538,968,10124,278,106606
HHS Region,hhs6,2018,2,11.5045,9.72687,1906,3636,5370,3630,1734,1049,11955,284,122907
HHS Region,hhs6,2018,3,11.716,9.92853,2002,3145,4539,4023,1394,827,11391,286,114730
HHS Region,hhs6,2018,4,12.7142,10.0706,1966,3250,4734,5143,1484,789,12632,282,125434
HHS Region,hhs6,2018,5,12.5047,10.5131,2295,3093,4430,6131,1337,760,13616,283,129514
HHS Region,hhs6,2018,6,11.3711,9.3005,2131,2837,4069,5194,1232,720,12114,284,130251
HHS Region,hhs6,2018,7,9.56616,7.82934,1737,2360,3440,3866,1080,617,9660,279,123382
HHS Region,hhs6,2018,8,7.26319,5.74829,1234,1696,2431,2596,735,476,6737,288,117200
HHS Region,hhs6,2018,9,5.35006,4.38641,1079,1157,1704,1881,547,303,4967,278,113236
HHS Region,hhs6,2018,10,4.27347,3.54419,944,875,1256,1339,381,244,3783,273,106738
HHS Region,hhs6,2018,11,3.35348,2.95965,853,778,1075,936,297,199,3063,269,103492
HHS Region,hhs6,2018,12,2.83427,2.635,773,631,931,898,300,193,2795,270,106072
HHS Region,hhs6,2018,13,2.95336,2.38597,707,544,775,790,231,164,2436,271,102097
HHS Region,hhs6,2018,14,2.49171,2.12051,660,457,635,613,178,156,2064,255,97335
HHS Region,hhs6,2018,15,2.13115,1.92179,593,393,566,591,173,123,1873,251,97461
HHS Region,hhs6,2018,16,2.12088,1.96641,669,483,670,656,187,124,2119,267,107760
HHS Region,hhs6,2018,17,2.03449,1.97293,671,434,633,671,199,127,2102,262,106542
HHS Region,hhs6,2018,18,1.98637,1.7969,603,414,542,615,128,114,1874,257,104291
HHS Region,hhs6,2018,19,1.92456,1.86265,662,381,528,591,147,138,1919,255,103025
HHS Region,hhs6,2018,20,1.54811,1.68101,593,359,491,499,132,93,1676,253,99702
HHS Region,hhs6,2018,21,1.71159,1.69879,600,336,471,452,135,119,1642,246,96657
HHS Region,hhs6,2018,22,1.52038,1.60222,552,276,396,397,120,109,1454,238,90749
HHS Region,hhs6,2018,23,1.41077,1.43333,494,265,376,350,111,71,1291,236,90070
HHS Region,hhs6,2018,24,1.42627,1.33122,403,247,352,326,105,72,1153,231,86612
HHS Region,hhs6,2018,25,1.25356,1.28134,369,239,338,302,99,58,1067,220,83272
HHS Region,hhs6,2018,26,1.4386,1.32607,356,242,335,305,93,94,1090,226,82198
HHS Region,hhs6,2018,27,1.13421,1.23928,325,223,311,291,88,64,991,229,79966
HHS Region,hhs6,2018,28,1.18297,1.17809,316,245,353,268,108,88,1025,232,87005
HHS Region,hhs6,2018,29,0.977369,1.0604,290,220,306,237,86,66,899,229,84779
HHS Region,hhs6,2018,30,0.931847,1.15454,292,218,300,233,82,60,885,209,76654
HHS Region,hhs6,2018,31,0.982752,1.20442,326,246,345,275,99,77,1023,226,84937
HHS Region,hhs6,2018,32,1.19503,1.21872,340,215,310,243,95,65,958,195,78607
HHS Region,hhs6,2018,33,0.995902,1.2646,380,245,332,322,87,79,1113,229,88012
HHS Region,hhs6,2018,34,1.31735,1.54541,378,284,403,414,119,89,1284,214,83085
HHS Region,hhs6,2018,35,1.26283,1.59807,515,321,440,465,119,83,1503,222,94051
HHS Region,hhs6,2018,36,1.78633,1.93404,591,342,475,582,133,96,1744,241,90174
HHS Region,hhs6,2018,37,1.8517,1.74675,507,371,497,555,126,78,1637,235,93717
HHS Region,hhs6,2018,38,1.78941,1.8188,535,355,493,566,138,112,1706,220,93798
HHS Region,hhs6,2018,39,2.05765,1.95679,596,454,603,604,149,87,1890,244,96587
HHS Region,hhs6,2018,40,2.28816,2.09768,700,452,650,837,198,137,2324,287,110789
HHS Region,hhs6,2018,41,2.00975,2.0131,719,553,748,677,195,103,2247,290,111619
HHS Region,hhs6,2018,42,2.16075,2.23348,761,545,729,808,184,140,2438,292,109157
HHS Region,hhs6,2018,43,2.52527,2.51552,877,644,849,979,205,143,2848,292,113217
HHS Region,hhs6,2018,44,2.79139,2.74214,1042,667,882,996,215,156,3076,289,112175
HHS Region,hhs6,2018,45,2.98967,2.96263,1118,700,924,1135,224,166,3343,294,112839
HHS Region,hhs6,2018,46,3.32955,3.32895,1302,751,1026,1123,275,191,3642,294,109404
HHS Region,hhs6,2018,47,3.63767,3.73574,1365,796,1120,926,324,208,3619,289,96875
HHS Region,hhs6,2018,48,3.39675,3.49658,1398,934,1350,1118,416,260,4126,291,118001
HHS Region,hhs6,2018,49,3.34086,3.27559,1239,778,1085,1098,307,205,3627,290,110728
HHS Region,hhs6,2018,50,3.85029,3.59385,1351,837,1120,1323,283,201,3995,289,111162
HHS Region,hhs6,2018,51,4.62906,4.34572,1498,1033,1451,1453,418,271,4673,279,107531
HHS Region,hhs6,2018,52,6.04089,5.72765,1811,1451,2018,1535,567,416,5780,278,100914
HHS Region,hhs6,2019,1,4.91464,4.84568,1489,1498,2131,1153,633,422,5195,291,107209
HHS Region,hhs6,2019,2,4.3825,4.21155,1256,1327,1903,1258,576,337,4754,292,112880
HHS Region,hhs6,2019,3,5.11485,4.62352,1291,1291,1763,1826,472,289,5169,293,111798
HHS Region,hhs6,2019,4,6.47652,5.6081,1418,1462,1998,2562,536,331,6309,297,112498
HHS Region,hhs6,2019,5,8.17457,7.4227,1791,1842,2539,4063,697,341,8734,294,117666
HHS Region,hhs6,2019,6,9.80356,9.38391,2419,2395,3229,5692,834,440,11780,299,125534
HHS Region,hhs6,2019,7,10.0847,10.1646,2716,2676,3570,5927,894,501,12714,299,125081
HHS Region,hhs6,2019,8,9.40721,9.71782,2522,2567,3465,5464,898,530,11981,301,123289
HHS Region,hhs6,2019,9,9.18188,8.71722,2190,2333,3151,4621,818,495,10457,296,119958
HHS Region,hhs6,2019,10,8.24588,7.91176,1984,2205,3029,3922,824,544,9479,300,119809
HHS Region,hhs6,2019,11,7.28845,6.62652,1600,1957,2722,2747,765,546,7615,296,114917
HHS Region,hhs6,2019,12,5.49805,5.1899,1466,1498,2106,2116,608,382,6070,304,116958
HHS Region,hhs6,2019,13,4.54206,4.3078,1273,1209,1635,1724,426,310,4942,296,114722
HHS Region,hhs6,2019,14,4.01324,3.72542,987,1001,1382,1468,381,236,4073,294,109330
HHS Region,hhs6,2019,15,3.47919,3.2451,920,831,1111,1394,280,205,3630,293,111861
HHS Region,hhs6,2019,16,3.0511,2.85937,865,658,904,1109,246,171,3049,290,106632
HHS Region,hhs6,2019,17,2.47303,2.48798,756,663,910,824,247,154,2644,270,106271
HHS Region,hhs6,2019,18,2.29233,2.22249,743,529,720,825,191,152,2440,284,109787
HHS Region,hhs6,2019,19,2.21298,2.1129,674,465,636,752,171,113,2175,275,102939
HHS Region,hhs6,2019,20,2.24984,2.2691,735,499,654,772,155,125,2286,272,100745
HHS Region,hhs6,2019,21,2.47883,2.19676,702,374,517,698,143,102,2019,224,91908
HHS Region,hhs6,2019,22,1.93588,1.98587,610,369,495,604,126,107,1816,254,91446
HHS Region,hhs6,2019,23,1.92629,1.83909,541,369,505,521,136,93,1660,251,90262
HHS Region,hhs6,2019,24,1.9284,1.67291,469,363,482,459,119,131,1541,246,92115
HHS Region,hhs6,2019,25,1.67062,1.52933,472,334,459,402,125,86,1419,254,92786
HHS Region,hhs6,2019,26,1.60484,1.49696,403,279,382,397,103,72,1254,205,83770
HHS Region,hhs6,2019,27,1.51519,1.40989,380,255,353,387,98,79,1199,249,85042
HHS Region,hhs6,2019,28,1.37937,1.36247,368,256,350,389,94,57,1164,209,85433
HHS Region,hhs6,2019,29,1.204,1.26358,331,299,389,366,90,70,1156,249,91486
HHS Region,hhs6,2019,30,1.35089,1.34186,361,288,394,328,106,71,1154,243,86000
HHS Region,hhs6,2019,31,1.20033,1.25772,355,266,345,359,79,67,1126,242,89527
HHS Region,hhs6,2019,32,1.07901,1.25449,388,276,380,331,104,64,1163,243,92707
HHS Region,hhs6,2019,33,0.925983,1.24768,416,269,352,371,83,70,1209,241,96900
HHS Region,hhs6,2019,34,1.28484,1.63613,543,332,443,610,111,81,1677,246,102498
HHS Region,hhs6,2019,35,1.77937,2.21777,771,430,565,814,135,75,2225,232,100326
HHS Region,hhs6,2019,36,1.84024,2.28679,794,501,645,806,144,110,2355,236,102983
HHS Region,hhs6,2019,37,1.97188,2.19653,782,519,681,843,162,107,2413,253,109855
HHS Region,hhs6,2019,38,1.81368,2.25839,755,533,701,791,168,119,2366,237,104765
HHS Region,hhs6,2019,39,2.01778,2.52166,969,594,782,982,188,117,2850,261,113021
HHS Region,hhs6,2019,40,2.1699,2.75404,1110,672,891,1249,219,140,3390,310,123092
HHS Region,hhs6,2019,41,2.54586,2.99283,1184,739,967,1327,228,155,3633,307,121390
HHS Region,hhs6,2019,42,2.65452,3.25201,1193,863,1123,1488,260,151,3955,311,121617
HHS Region,hhs6,2019,43,3.18499,3.76264,1392,980,1235,1801,255,185,4613,313,122600
HHS Region,hhs6,2019,44,3.72909,4.5353,1616,1157,1489,2151,332,207,5463,315,120455
HHS Region,hhs6,2019,45,4.6946,5.70521,2087,1458,1826,3119,368,222,7254,316,127147
HHS Region,hhs6,2019,46,5.0121,6.55245,2346,1739,2135,3491,396,243,8215,306,125373
HHS Region,hhs6,2019,47,6.33439,7.75275,2752,2136,2651,4632,515,325,10360,309,133630
HHS Region,hhs6,2019,48,6.9234,7.93788,2625,2018,2536,3147,518,315,8623,309,108631
HHS Region,hhs6,2019,49,5.82737,6.43615,2059,2237,2835,2839,598,349,8082,305,125572
HHS Region,hhs6,2019,50,7.71245,7.03105,2022,1883,2371,3209,488,326,7928,283,112757
HHS Region,hhs6,2019,51,10.1455,8.36808,2226,2045,2570,3774,525,340,8910,276,106476
HHS Region,hhs6,2019,52,13.4026,11.1767,3032,3068,3897,4164,829,570,11663,274,104351
HHS Region,hhs6,2020,1,9.9767,9.30903,2391,3434,4504,2796,1070,746,10437,297,112117
HHS Region,hhs6,2020,2,8.8427,8.00533,1868,3282,4361,2933,1079,576,9738,308,121644
HHS Region,hhs6,2020,3,9.68527,8.53734,2107,3098,4053,3774,955,528,10462,305,122544
HHS Region,hhs6,2020,4,9.90765,8.98818,2301,3125,4105,4318,980,515,11239,309,125042
HHS Region,hhs6,2020,5,10.7181,10.0185,2532,3629,4800,5178,1171,611,13121,310,130968
HHS Region,hhs6,2020,6,10.3581,10.0762,2381,3339,4424,4700,1085,536,12041,309,119500
HHS Region,hhs6,2020,7,9.43383,9.241,2169,3321,4427,4310,1106,540,11446,304,123861
HHS Region,hhs6,2020,8,8.72394,8.65883,2078,3178,4248,3870,1070,602,10798,305,124705
HHS Region,hhs6,2020,9,8.02554,8.28455,2092,2962,3976,3406,1014,546,10020,298,120948
HHS Region,hhs6,2020,10,7.83313,7.95579,1851,3105,4141,3267,1036,638,9897,295,124400
HHS Region,hhs6,2020,11,7.19349,8.5134,1844,3228,4420,3087,1192,692,10043,292,117967
HHS Region,hhs6,2020,12,8.26102,9.69873,1371,3539,4926,2299,1387,772,9368,280,96590
HHS Region,hhs6,2020,13,5.73706,8.24912,726,2409,3469,1087,1060,669,5951,277,72141
HHS Region,hhs6,2020,14,4.18184,6.03839,340,1448,2177,585,729,506,3608,268,59751
HHS Region,hhs6,2020,15,3.18427,4.20003,211,950,1394,437,444,381,2423,274,57690
HHS Region,hhs6,2020,16,2.321,3.14473,160,685,1003,338,318,237,1738,270,55267
HHS Region,hhs6,2020,17,2.15912,2.76411,164,652,927,291,275,208,1590,263,57523
HHS Region,hhs6,2020,18,1.61184,2.12958,127,493,721,242,228,186,1276,253,59918
HHS Region,hhs6,2020,19,1.37436,1.86658,118,453,660,240,207,151,1169,262,62628
HHS Region,hhs6,2020,20,1.2668,1.66136,118,410,612,201,202,165,1096,257,65970
HHS Region,hhs6,2020,21,1.19876,1.42818,143,425,632,217,207,142,1134,289,79402
HHS Region,hhs6,2020,22,1.18095,1.30376,118,355,546,226,191,145,1035,283,79386
HHS Region,hhs6,2020,23,1.26748,1.34976,133,399,584,269,185,134,1120,283,82978
HHS Region,hhs6,2020,24,1.38634,1.4198,146,375,585,309,210,126,1166,268,82124
HHS Region,hhs6,2020,25,1.42496,1.39371,150,501,691,309,190,132,1282,279,91985
HHS Region,hhs6,2020,26,1.83728,1.88137,177,714,970,427,256,161,1735,273,92220
HHS Region,hhs6,2020,27,2.07459,2.12099,240,715,1007,458,292,204,1909,265,90005
HHS Region,hhs6,2020,28,2.00083,2.44046,211,946,1339,513,393,257,2320,276,95064
HHS Region,hhs6,2020,29,1.92467,2.3459,231,853,1226,475,373,246,2178,274,92843
HHS Region,hhs6,2020,30,1.73339,2.12778,233,760,1076,379,316,227,1915,272,90000
HHS Region,hhs6,2020,31,1.42439,1.90907,210,614,875,350,261,222,1657,277,86796
HHS Region,hhs6,2020,32,1.33664,1.7192,188,565,811,340,246,204,1543,277,89751
HHS Region,hhs6,2020,33,1.1835,1.59112,203,472,695,300,223,196,1394,276,87611
HHS Region,hhs6,2020,34,1.15044,1.58831,196,405,586,328,181,142,1252,219,78826
HHS Region,hhs6,2020,35,0.956204,1.36566,167,301,454,292,153,123,1036,256,75861
HHS Region,hhs6,2020,36,0.989411,1.31978,176,321,456,241,135,123,996,210,75467
HHS Region,hhs6,2020,37,1.45933,1.59322,233,410,594,345,184,132,1304,229,81847
HHS Region,hhs6,2020,38,1.26725,1.5062,266,312,474,294,162,118,1152,212,76484
HHS Region,hhs6,2020,39,1.28846,1.40464,299,435,621,463,186,158,1541,246,109708
HHS Region,hhs6,2020,40,1.39122,1.59284,339,538,769,561,231,166,1835,270,115203
HHS Region,hhs6,2020,41,1.39116,1.21259,236,474,699,474,225,164,1573,298,129722
HHS Region,hhs6,2020,42,1.4039,1.23561,254,495,708,440,213,152,1554,284,125768
HHS Region,hhs6,2020,43,1.43045,1.2519,266,500,702,414,202,162,1544,292,123333
HHS Region,hhs6,2020,44,1.5459,1.38957,268,552,806,475,254,156,1705,307,122700
HHS Region,hhs6,2020,45,1.76758,1.57529,302,710,975,612,265,203,2092,310,132801
HHS Region,hhs6,2020,46,1.82809,1.61343,299,727,1023,609,296,249,2180,294,135116
HHS Region,hhs6,2020,47,1.83325,1.68253,312,749,1081,545,332,219,2157,286,128200
HHS Region,hhs6,2020,48,1.76842,1.53421,215,603,906,453,303,196,1770,291,115369
HHS Region,hhs6,2020,49,1.7108,1.54126,266,639,905,453,266,198,1822,287,118215
HHS Region,hhs6,2020,50,1.722,1.5825,342,789,1160,551,371,284,2337,296,147678
HHS Region,hhs6,2020,51,1.58884,1.39647,255,614,883,428,269,217,1783,278,127679
HHS Region,hhs6,2020,52,1.68946,1.49881,263,667,1000,378,333,257,1898,288,126634
HHS Region,hhs6,2020,53,1.87446,1.60969,277,631,924,403,293,263,1867,275,115985
HHS Region,hhs6,2021,1,1.66393,1.48707,251,654,1015,442,361,233,1941,291,130525
HHS Region,hhs6,2021,2,1.33198,1.21039,237,452,640,353,188,158,1388,273,114674
HHS Region,hhs6,2021,3,1.61094,1.38302,251,549,880,419,331,180,1730,292,125089
HHS Region,hhs6,2021,4,1.37726,1.19468,231,465,661,372,196,135,1399,287,117102
HHS Region,hhs6,2021,5,1.99544,1.52323,294,640,904,569,264,125,1892,288,124210
HHS Region,hhs6,2021,6,1.37693,1.02061,180,218,323,252,105,70,825,240,80834
HHS Region,hhs6,2021,7,1.75181,0.970358,128,194,285,148,91,60,621,252,63997
HHS Region,hhs6,2021,8,0.973959,0.868196,214,296,427,293,131,97,1031,271,118752
HHS Region,hhs6,2021,9,0.780637,0.717669,189,238,343,260,105,70,862,285,120111
HHS Region,hhs6,2021,10,0.897687,0.830914,253,245,340,273,95,70,936,269,112647
HHS Region,hhs6,2021,11,0.940055,0.887421,281,266,392,277,126,66,1016,279,114489
HHS Region,hhs6,2021,12,0.958458,0.880259,253,279,402,297,123,58,1010,277,114739
HHS Region,hhs6,2021,13,1.01429,0.946403,316,277,382,417,105,61,1176,280,124260
HHS Region,hhs6,2021,14,1.22722,1.10424,419,354,496,484,142,65,1464,277,132580
HHS Region,hhs6,2021,15,1.19484,1.07751,407,399,518,453,119,57,1435,277,133177
HHS Region,hhs6,2021,16,1.26929,1.0928,408,314,418,461,104,71,1358,264,124268
HHS Region,hhs6,2021,17,1.32157,1.28287,598,390,519,561,129,81,1759,276,137114
HHS Region,hhs6,2021,18,1.2854,1.22538,594,352,472,503,120,60,1629,266,132938
HHS Region,hhs6,2021,19,1.40054,1.34858,739,355,488,483,133,76,1786,275,132436
HHS Region,hhs6,2021,20,1.54252,1.43292,869,332,457,435,125,95,1856,260,129526
HHS Region,hhs6,2021,21,1.41275,1.39399,781,348,473,447,125,88,1789,255,128337
HHS Region,hhs6,2021,22,1.45764,1.43393,888,318,433,415,115,81,1817,263,126715
HHS Region,hhs6,2021,23,1.44316,1.38692,886,298,406,361,108,95,1748,244,126035
HHS Region,hhs6,2021,24,1.51972,1.42797,984,277,370,376,93,77,1807,240,126543
HHS Region,hhs6,2021,25,1.54465,1.41863,978,289,398,340,109,75,1791,241,126249
HHS Region,hhs6,2021,26,1.48402,1.45123,987,278,377,368,99,62,1794,240,123619
HHS Region,hhs6,2021,27,1.71193,1.6363,1053,420,553,491,133,96,2193,254,134022
HHS Region,hhs6,2021,28,1.88812,1.84979,1129,542,726,563,184,128,2546,251,137637
HHS Region,hhs6,2021,29,2.25937,2.20037,1300,762,1003,712,241,167,3182,256,144612
HHS Region,hhs6,2021,30,2.35564,2.2449,1206,813,1084,783,271,281,3354,250,149405
HHS Region,hhs6,2021,31,2.42871,2.29329,1050,935,1282,796,347,208,3336,253,145468
HHS Region,hhs6,2021,32,2.33115,2.26065,1054,895,1210,951,315,201,3416,256,151107
HHS Region,hhs6,2021,33,2.52588,2.34662,1002,793,1074,1122,281,202,3400,249,144889
HHS Region,hhs6,2021,34,2.88679,2.61266,1109,783,1044,1451,261,180,3784,248,144833
HHS Region,hhs6,2021,35,2.89162,2.53392,1083,712,947,1280,235,145,3455,250,136350
HHS Region,hhs6,2021,36,2.67216,2.21864,871,633,827,991,194,157,2846,236,128277
HHS Region,hhs6,2021,37,2.29782,1.94113,842,509,687,889,178,133,2551,247,131418
HHS Region,hhs6,2021,38,1.939,1.73325,724,462,644,775,182,100,2243,248,129410
HHS Region,hhs6,2021,39,1.90128,1.72538,738,412,581,818,169,114,2251,254,130464
HHS Region,hhs6,2021,40,2.11625,1.90972,923,520,701,928,181,135,2687,283,140701
HHS Region,hhs6,2021,41,1.99984,1.80464,770,528,697,888,169,136,2491,278,138033
HHS Region,hhs6,2021,42,1.96955,1.78574,812,520,714,824,194,146,2496,286,139774
HHS Region,hhs6,2021,43,2.00623,1.82169,837,447,611,830,164,149,2427,266,133228
HHS Region,hhs6,2021,44,2.246,2.12869,954,531,756,1114,225,161,2985,283,140227
HHS Region,hhs6,2021,45,2.37255,2.29043,1146,705,972,1243,267,224,3585,286,156521
HHS Region,hhs6,2021,46,2.98342,2.65459,1208,681,919,1505,238,203,3835,281,144467
HHS Region,hhs6,2021,47,2.8733,2.70901,1252,698,978,1056,280,206,3492,279,128903
HHS Region,hhs6,2021,48,2.49388,2.67996,1192,868,1215,1353,347,247,4007,286,149517
HHS Region,hhs6,2021,49,2.90293,2.81376,1309,824,1159,1636,335,262,4366,286,155166
HHS Region,hhs6,2021,50,3.47703,3.23303,1285,979,1315,1730,336,249,4579,281,141632
HHS Region,hhs6,2021,51,3.78298,3.85159,1515,1386,1804,1754,418,321,5394,285,140046
HHS Region,hhs6,2021,52,4.98007,4.71947,2242,2786,3755,2428,969,620,9045,273,191653
HHS Region,hhs6,2022,1,5.59244,5.05158,1611,2653,3543,2811,890,487,8452,277,167314
HHS Region,hhs6,2022,2,5.00773,4.52082,1247,2140,2886,2634,746,508,7275,277,160922
HHS Region,hhs6,2022,3,4.43849,3.97977,1010,1689,2297,1819,608,446,5572,281,140008
HHS Region,hhs6,2022,4,3.03339,2.79151,781,1026,1469,1153,443,317,3720,277,133261
HHS Region,hhs6,2022,5,2.38378,2.1258,532,596,858,866,262,197,2453,274,115392
HHS Region,hhs6,2022,6,2.05496,1.8013,525,500,711,812,211,185,2233,278,123966
HHS Region,hhs6,2022,7,2.3412,2.03003,661,470,635,1071,165,119,2486,278,122461
HHS Region,hhs6,2022,8,2.27325,1.98472,671,491,657,1142,166,146,2616,276,131807
HHS Region,hhs6,2022,9,2.86186,2.38459,690,614,814,1438,200,136,3078,279,129079
HHS Region,hhs6,2022,10,3.10672,2.69714,827,656,886,1734,230,155,3602,277,133549
HHS Region,hhs6,2022,11,3.025,2.7266,953,855,1155,1599,300,222,3929,277,144099
HHS Region,hhs6,2022,12,2.83768,2.5792,863,733,994,1478,261,195,3530,282,136864
HHS Region,hhs6,2022,13,2.71524,2.48873,833,694,929,1555,235,206,3523,277,141558
HHS Region,hhs6,2022,14,2.491,2.45088,924,715,929,1603,214,188,3644,287,148681
HHS Region,hhs6,2022,15,2.42369,2.48203,920,754,1042,1629,288,248,3839,282,154672
HHS Region,hhs6,2022,16,2.28719,2.35128,919,719,947,1534,228,209,3609,282,153491
HHS Region,hhs6,2022,17,2.29219,2.38326,1217,953,1299,1790,346,291,4597,285,192887
HHS Region,hhs6,2022,18,2.26665,2.41405,842,740,993,1456,253,220,3511,280,145440
HHS Region,hhs6,2022,19,2.27264,2.32949,1279,895,1187,1659,292,333,4458,276,191372
HHS Region,hhs6,2022,20,2.14932,2.17473,1023,771,1031,1287,260,264,3605,266,165768
HHS Region,hhs6,2022,21,1.95274,2.02091,1284,795,1052,1312,257,231,3879,261,191943
HHS Region,hhs6,2022,22,2.19606,2.05505,970,716,978,930,262,225,3103,259,150994
HHS Region,hhs6,2022,23,2.11822,2.00024,881,680,983,802,303,197,2863,257,143133
HHS Region,hhs6,2022,24,2.13661,1.96924,907,686,966,702,280,237,2812,257,142796
HHS Region,hhs6,2022,25,1.91273,1.71994,798,787,1091,729,304,273,2891,272,168087
HHS Region,hhs6,2022,26,2.08644,1.86363,808,670,941,611,271,244,2604,250,139727
HHS Region,hhs6,2022,27,2.28017,1.95959,775,774,1129,743,355,274,2921,266,149062
HHS Region,hhs6,2022,28,2.0452,1.82561,731,775,1080,664,305,237,2712,251,148553
HHS Region,hhs6,2022,29,2.10646,1.8433,709,765,1036,704,271,244,2693,250,146097
HHS Region,hhs6,2022,30,2.07839,1.76258,699,652,917,616,265,228,2460,247,139568
HHS Region,hhs6,2022,31,1.68686,1.51534,607,563,813,518,250,203,2141,253,141288
HHS Region,hhs6,2022,32,1.62291,1.52082,561,581,787,625,206,189,2162,251,142160
HHS Region,hhs6,2022,33,1.95673,1.78713,760,549,773,1018,224,161,2712,245,151752
HHS Region,hhs6,2022,34,2.81628,2.44556,1098,667,866,1593,199,205,3762,248,153830
HHS Region,hhs6,2022,35,3.30921,2.72435,1223,767,999,1794,232,164,4180,245,153431
HHS Region,hhs6,2022,36,3.21725,2.60252,1381,657,880,1448,223,171,3880,252,149086
HHS Region,hhs6,2022,37,3.07902,2.48297,1302,608,826,1463,218,177,3768,251,151754
HHS Region,hhs6,2022,38,3.7253,2.92773,1726,545,746,1908,201,128,4508,248,153976
HHS Region,hhs6,2022,39,3.64418,3.01113,1729,559,757,1884,198,175,4545,253,150940
HHS Region,hhs6,2022,40,3.92228,3.27717,1724,673,916,2214,243,193,5047,263,154005
HHS Region,hhs6,2022,41,4.52846,3.82619,2006,885,1255,2714,370,245,6220,270,162564
HHS Region,hhs6,2022,42,5.04861,4.29422,2072,1068,1489,3178,421,255,6994,266,162870
HHS Region,hhs6,2022,43,6.57387,5.74665,2715,1533,2056,4736,523,340,9847,268,171352
HHS Region,hhs6,2022,44,7.46723,6.71292,3097,1824,2468,5788,644,412,11765,267,175259
HHS Region,hhs6,2022,45,8.3698,6.91783,3020,1812,2638,5021,826,478,11157,269,161279
HHS Region,hhs6,2022,46,8.65742,7.2466,2655,1804,2482,4543,678,558,10238,258,141280
HHS Region,hhs6,2022,47,8.72204,8.45468,3357,3067,4228,4939,1161,940,13464,268,159249
HHS Region,hhs6,2022,48,8.03877,8.11396,3248,3541,4871,5164,1330,1148,14431,264,177854
HHS Region,hhs6,2022,49,7.90492,8.11402,2763,3105,4382,5507,1277,1071,13723,259,169127
HHS Region,hhs6,2022,50,7.16369,7.5697,2662,2682,3743,4797,1061,828,12030,260,158923
HHS Region,hhs6,2022,51,6.67387,6.97282,2092,2383,3382,3021,999,896,9391,256,134680
HHS Region,hhs6,2022,52,6.33709,6.25749,2209,3052,4320,2401,1268,1246,10176,252,162621
HHS Region,hhs6,2023,1,4.96587,4.68267,1383,2082,3135,1881,1053,805,7204,264,153844
HHS Region,hhs6,2023,2,3.75259,3.39657,1157,1388,2055,1514,667,525,5251,264,154597
HHS Region,hhs6,2023,3,3.42256,3.08931,1021,1136,1626,1515,490,423,4585,248,148415
HHS Region,hhs6,2023,4,3.70169,3.25381,1007,1053,1496,1595,443,333,4431,246,136179
HHS Region,hhs6,2023,5,3.16017,2.84292,993,946,1268,1356,322,279,3896,243,137042
HHS Region,hhs6,2023,6,3.04066,2.80877,996,973,1387,1559,414,343,4285,249,152558
HHS Region,hhs6,2023,7,2.92535,2.6426,1037,838,1189,1350,351,300,3876,247,146674
HHS Region,hhs6,2023,8,2.71271,2.50972,914,841,1242,1431,401,330,3917,252,156073
HHS Region,hhs6,2023,9,2.75133,2.52464,988,819,1189,1518,370,306,4001,265,158478
HHS Region,hhs6,2023,10,2.68354,2.44441,1016,786,1128,1411,342,296,3851,267,157543
HHS Region,hhs6,2023,11,2.3325,2.2779,890,798,1086,1138,288,287,3401,266,149304
HHS Region,hhs6,2023,12,2.21217,2.15242,857,766,1045,1057,279,263,3222,248,149692
HHS Region,hhs6,2023,13,2.27809,2.16176,805,787,1078,1210,291,290,3383,249,156493
HHS Region,hhs6,2023,14,2.33443,2.13137,835,730,1018,1132,288,226,3211,250,150654
HHS Region,hhs6,2023,15,2.28709,2.07947,870,712,983,1156,271,265,3274,250,157444
HHS Region,hhs6,2023,16,2.34276,2.06621,824,695,966,1283,271,218,3291,263,159277
HHS Region,hhs6,2023,17,2.28899,2.08878,848,702,973,1258,271,223,3302,263,158083
HHS Region,hhs6,2023,18,2.49856,2.17946,827,685,931,1359,246,237,3354,261,153891
HHS Region,hhs6,2023,19,2.19318,1.89282,796,586,805,1187,219,187,2975,260,157173
HHS Region,hhs6,2023,20,2.22375,1.80979,689,547,748,990,201,178,2605,261,143939
HHS Region,hhs6,2023,21,2.14453,1.62858,559,459,598,745,139,145,2047,240,125692
HHS Region,hhs6,2023,22,1.90977,1.62282,642,604,792,816,188,118,2368,254,145919
HHS Region,hhs6,2023,23,1.28743,1.18106,467,419,541,539,122,120,1667,250,141144
HHS Region,hhs6,2023,24,1.34261,1.15543,430,444,590,457,146,123,1600,251,138476
HHS Region,hhs6,2023,25,1.15562,1.01567,368,377,534,451,157,114,1467,249,144436
HHS Region,hhs6,2023,26,1.26393,1.02356,410,377,500,474,123,103,1487,249,145277
HHS Region,hhs6,2023,27,1.19416,0.996671,362,387,520,395,133,109,1386,249,139063
HHS Region,hhs6,2023,28,1.23386,1.03564,364,426,568,420,142,126,1478,250,142713
HHS Region,hhs6,2023,29,1.09263,0.974201,377,365,512,419,147,116,1424,249,146171
HHS Region,hhs6,2023,30,1.19759,1.03899,409,401,555,396,154,108,1468,245,141291
HHS Region,hhs6,2023,31,1.35734,1.08928,418,451,604,388,153,122,1532,247,140643
HHS Region,hhs6,2023,32,1.46102,1.29152,320,541,745,576,204,176,1817,232,140687
HHS Region,hhs6,2023,33,1.7849,1.5497,387,569,753,827,184,139,2106,228,135897
HHS Region,hhs6,2023,34,2.26527,2.00735,596,708,951,1377,243,164,3088,232,153835
HHS Region,hhs6,2023,35,3.26193,2.792,716,947,1247,1940,300,230,4133,244,148030
HHS Region,hhs6,2023,36,3.27047,2.61078,752,791,1060,1445,269,257,3514,239,134596
HHS Region,hhs6,2023,37,2.72582,2.34471,715,808,1092,1422,284,226,3455,248,147353
HHS Region,hhs6,2023,38,2.1524,2.04592,647,742,995,1202,253,225,3069,247,150006
HHS Region,hhs6,2023,39,2.43043,2.22686,732,772,1036,1345,264,207,3320,250,149089
HHS Region,hhs6,2023,40,2.96845,2.57674,877,845,1113,1620,268,254,3864,257,149957
HHS Region,hhs6,2023,41,3.01509,2.61529,962,888,1208,1524,320,270,3964,255,151570
HHS Region,hhs6,2023,42,3.50292,3.0924,1155,1030,1388,1906,358,312,4761,259,153958
HHS Region,hhs6,2023,43,3.75354,3.31803,1286,1138,1495,2142,357,330,5253,263,158317
HHS Region,hhs6,2023,44,4.16146,3.899,1314,1167,1530,2489,363,320,5653,261,144986
HHS Region,hhs6,2023,45,5.12307,4.85608,1924,1549,2075,3345,526,425,7769,262,159985
HHS Region,hhs6,2023,46,5.68855,5.39081,2024,1721,2252,3744,531,413,8433,252,156433
HHS Region,hhs6,2023,47,5.9659,5.73742,1993,1885,2576,2831,691,529,7929,267,138198
HHS Region,hhs6,2023,48,5.63983,5.76279,1853,2362,3170,3075,808,575,8673,245,150500
HHS Region,hhs6,2023,49,6.07051,6.40347,1971,2338,3207,4071,869,590,9839,244,153651
HHS Region,hhs6,2023,50,7.11576,7.90647,2392,2877,3934,5382,1057,742,12450,263,157466
HHS Region,hhs6,2023,51,8.2941,9.63656,2873,3886,5248,5970,1362,1065,15156,244,157276
HHS Region,hhs6,2023,52,7.77249,9.54618,2563,4094,5645,3754,1551,2342,14304,252,149840
HHS Region,hhs6,2024,1,7.36716,8.18297,2362,4099,5674,3317,1575,1295,12648,264,154565
HHS Region,hhs6,2024,2,5.67615,6.3103,1621,2824,3844,2925,1020,774,9164,254,145223
HHS Region,hhs6,2024,3,5.99755,5.87072,1601,2268,3074,2792,806,579,8046,262,137053
HHS Region,hhs6,2024,4,6.78314,6.32724,1692,2847,3786,3986,939,663,10127,273,160054
HHS Region,hhs6,2024,5,7.75475,6.93424,2006,2848,3765,4906,917,662,11339,269,163522
HHS Region,hhs6,2024,6,7.03665,6.64153,1935,2951,3849,4513,898,660,10957,272,164977
HHS Region,hhs6,2024,7,6.18286,6.06948,1690,2637,3437,3736,800,612,9475,267,156109
HHS Region,hhs6,2024,8,5.62229,5.58323,1647,2451,3254,3451,803,625,8977,270,160785
HHS Region,hhs6,2024,9,4.8813,4.9925,1613,2111,2815,3220,704,544,8192,270,164086
HHS Region,hhs6,2024,10,4.59458,4.57335,1488,1701,2279,2833,578,419,7019,269,153476
HHS Region,hhs6,2024,11,4.30048,4.19348,1359,1449,1940,2071,491,390,5760,260,137356
HHS Region,hhs6,2024,12,3.44709,3.61226,1234,1408,1863,1881,455,428,5406,265,149657
HHS Region,hhs6,2024,13,3.3403,3.31185,1184,1289,1733,1705,444,377,4999,268,150943
HHS Region,hhs6,2024,14,2.99283,2.93002,1084,1100,1513,1505,413,331,4433,261,151296
HHS Region,hhs6,2024,15,3.03666,2.88214,1070,1097,1509,1607,412,343,4529,260,157140
HHS Region,hhs6,2024,16,2.67669,2.49947,1008,896,1270,1451,374,291,4020,263,160834
HHS Region,hhs6,2024,17,2.5943,2.43285,936,910,1213,1346,303,251,3746,261,153976
HHS Region,hhs6,2024,18,2.56249,2.41131,966,857,1178,1429,321,272,3845,263,159457
HHS Region,hhs6,2024,19,2.50847,2.28919,909,876,1174,1357,298,251,3691,263,161236
HHS Region,hhs6,2024,20,2.36616,2.18267,831,772,1058,1143,286,257,3289,242,150687
HHS Region,hhs6,2024,21,2.36158,2.15017,823,832,1209,967,377,239,3238,239,150593
HHS Region,hhs6,2024,22,2.20221,1.96677,754,736,1002,882,266,253,2891,241,146992
HHS Region,hhs6,2024,23,1.84052,1.59496,567,600,830,733,230,242,2372,241,148718
HHS Region,hhs6,2024,24,1.91149,1.55127,484,591,835,683,244,193,2195,240,141497
HHS Region,hhs6,2024,25,1.72322,1.47064,433,599,798,599,199,229,2059,240,140007
HHS Region,hhs6,2024,26,1.71962,1.43276,391,637,857,598,220,190,2036,235,142103
HHS Region,hhs6,2024,27,1.38139,1.33841,413,491,693,484,202,209,1799,236,134413
HHS Region,hhs6,2024,28,1.84804,1.56453,471,716,1003,591,287,220,2285,250,146050
HHS Region,hhs6,2024,29,1.9343,1.5797,422,756,1007,568,251,237,2234,241,141419
HHS Region,hhs6,2024,30,2.14847,1.69725,442,772,1057,591,285,272,2362,243,139166
HHS Region,hhs6,2024,31,2.09273,1.74923,459,783,1067,630,284,276,2432,233,139033
HHS Region,hhs6,2024,32,2.09452,1.83148,453,799,1115,658,316,266,2492,234,136065
HHS Region,hhs6,2024,33,1.95709,1.72702,477,764,1042,799,278,233,2551,249,147711
HHS Region,hhs6,2024,34,2.5142,2.26923,716,804,1096,1349,292,247,3408,248,150183
HHS Region,hhs6,2024,35,3.21711,2.66845,800,924,1202,1717,278,235,3954,243,148176
HHS Region,hhs6,2024,36,2.69289,2.3383,769,770,1039,1229,269,204,3241,241,138605
HHS Region,hhs6,2024,37,2.62713,2.14676,713,783,1071,1124,288,242,3150,246,146733
HHS Region,hhs6,2024,38,2.35766,1.97938,702,734,1004,1108,270,199,3013,248,152219
HHS Region,hhs6,2024,39,2.19249,1.87742,677,584,812,954,228,170,2613,242,139180
HHS Region,hhs6,2024,40,2.17716,1.9129,658,630,808,1072,178,151,2689,253,140572
HHS Region,hhs6,2024,41,2.24314,1.93957,733,596,792,1071,196,142,2738,253,141165
HHS Region,hhs6,2024,42,2.14256,1.97165,734,665,875,1015,210,155,2779,254,140948
HHS Region,hhs6,2024,43,2.27193,2.06561,742,636,853,1241,217,173,3009,255,145671
HHS Region,hhs6,2024,44,2.45152,2.24563,812,729,941,1193,212,179,3125,254,139159
HHS Region,hhs6,2024,45,2.56867,2.47733,1046,693,932,1256,239,178,3412,253,137729
HHS Region,hhs6,2024,46,3.17814,2.87523,1257,844,1170,1508,326,217,4152,254,144406
HHS Region,hhs6,2024,47,3.41741,3.19534,1347,1004,1285,1751,281,221,4604,254,144085
HHS Region,hhs6,2024,48,3.69207,3.69097,1486,1106,1479,1425,373,292,4682,253,126850
HHS Region,hhs6,2024,49,3.6056,3.85385,1348,1376,1819,1765,443,329,5261,251,136513
HHS Region,hhs6,2024,50,4.38606,4.71265,1694,1516,2033,2525,517,450,6702,252,142213
HHS Region,hhs6,2024,51,5.86942,6.77149,2478,2397,3089,3648,692,660,9875,251,145832
HHS Region,hhs6,2024,52,7.68463,9.33048,3269,3398,4610,3781,1212,1118,12778,248,136949
HHS Region,hhs6,2025,1,6.69361,7.66529,2416,2936,4102,2529,1166,1146,10193,250,132976
HHS Region,hhs6,2025,2,5.65787,5.91683,1512,2064,2930,1903,866,651,6996,246,118239
HHS Region,hhs6,2025,3,6.04577,6.45123,1773,2375,3318,2877,943,740,8708,250,134982
HHS Region,hhs6,2025,4,8.16387,8.31158,2034,2757,3790,3717,1033,805,10346,252,124477
HHS Region,hhs6,2025,5,10.2722,9.03108,2391,3522,4959,5284,1437,1212,13846,253,153315
HHS Region,hhs6,2025,6,8.66758,8.16933,2288,3006,4236,4568,1230,1133,12225,252,149645
HHS Region,hhs6,2025,7,6.23912,6.38124,1645,2195,3042,2895,847,830,8412,253,131824
HHS Region,hhs6,2025,8,5.43816,5.61398,1481,1824,2606,2383,782,657,7127,249,126951
HHS Region,hhs6,2025,9,4.87639,4.91453,1435,1850,2651,2498,801,667,7251,251,147542
HHS Region,hhs6,2025,10,4.33175,4.53101,1333,1575,2266,2113,691,591,6303,251,139108
HHS Region,hhs6,2025,11,3.63752,3.74749,1158,1293,1891,1511,598,547,5107,248,136278
HHS Region,hhs6,2025,12,3.16021,3.11969,1009,1054,1448,1344,394,421,4222,247,135334
HHS Region,hhs6,2025,13,2.78595,2.93069,958,954,1331,1315,377,326,3930,248,134098
HHS Region,hhs6,2025,14,2.47165,2.42321,786,768,1081,1063,313,299,3229,249,133253
HHS Region,hhs6,2025,15,2.50516,2.31205,813,720,983,1064,263,204,3064,248,132523
HHS Region,hhs6,2025,16,2.47863,2.31511,839,669,923,996,254,230,2988,247,129065
HHS Region,hhs6,2025,17,2.45027,2.1566,851,688,922,951,234,242,2966,246,137531
HHS Region,hhs6,2025,18,2.19069,1.99794,712,582,801,876,219,195,2584,244,129333
HHS Region,hhs6,2025,19,2.02462,1.81312,693,571,763,805,192,130,2391,244,131872
HHS Region,hhs6,2025,20,2.10074,1.77575,674,547,746,797,199,157,2374,243,133690
HHS Region,hhs6,2025,21,1.9397,1.69799,631,503,677,661,174,162,2131,241,125501
HHS Region,hhs6,2025,22,1.87546,1.64126,673,508,697,559,189,167,2096,241,127707
HHS Region,hhs6,2025,23,1.55942,1.41192,494,474,633,468,159,152,1747,241,123732
HHS Region,hhs6,2025,24,1.29305,1.16534,430,379,513,348,134,113,1404,240,120480
HHS Region,hhs6,2025,25,1.23717,1.05184,332,372,515,338,143,121,1306,243,124163
HHS Region,hhs6,2025,26,1.02931,0.891785,276,313,435,293,122,117,1121,242,125703
HHS Region,hhs6,2025,27,1.00014,0.89697,256,308,416,271,108,91,1034,241,115277
HHS Region,hhs6,2025,28,1.42247,0.770681,147,186,267,179,81,53,646,209,83822
HHS Region,hhs6,2025,29,1.07181,0.76173,127,217,296,195,79,78,696,212,91371
HHS Region,hhs6,2025,30,0.941368,0.860141,232,344,472,284,128,104,1092,242,126956
HHS Region,hhs6,2025,31,1.03052,0.886631,259,359,482,277,123,106,1124,245,126772
HHS Region,hhs6,2025,32,1.13493,1.04458,251,422,559,338,137,127,1275,242,122059
HHS Region,hhs6,2025,33,1.32069,1.23745,306,488,649,459,161,119,1533,242,123884
HHS Region,hhs6,2025,34,1.83438,1.67667,477,606,771,911,165,132,2291,245,136640
HHS Region,hhs6,2025,35,2.79854,2.34192,597,681,857,1224,176,149,2827,243,120713
HHS Region,hhs6,2025,36,2.32175,2.02611,538,729,970,937,241,190,2635,222,130052
HHS Region,hhs6,2025,37,2.15895,1.90156,499,669,923,875,254,188,2485,226,130682
HHS Region,hhs6,2025,38,1.93811,1.72249,480,588,801,765,213,177,2223,224,129057
HHS Region,hhs6,2025,39,2.24982,1.50618,329,339,455,584,116,122,1490,207,98926
HHS Region,hhs6,2025,40,1.91598,1.80753,513,481,642,829,161,145,2129,211,117785
HHS Region,hhs6,2025,41,1.86158,1.82364,522,507,671,765,164,145,2103,209,115319
HHS Region,hhs6,2025,42,1.86862,1.85377,563,500,688,761,188,118,2130,209,114901
HHS Region,hhs6,2025,43,1.71112,1.76749,614,534,707,784,173,134,2239,229,126677
HHS Region,hhs6,2025,44,1.73779,1.91155,581,547,712,889,165,120,2302,229,120426
HHS Region,hhs6,2025,45,2.16319,2.49711,733,691,906,1227,215,158,3024,229,121100
HHS Region,hhs6,2025,46,2.71129,2.96276,768,722,926,1245,204,149,3088,189,104227
HHS Region,hhs7,2010,1,1.80300307618277,1.78479931682323,133,96,133,123,37,29,418,118,23420
HHS Region,hhs7,2010,2,1.12252816582133,1.17943845624611,113,66,99,119,33,29,360,124,30523
HHS Region,hhs7,2010,3,1.58443436333508,1.52303961196443,169,79,116,160,37,26,471,127,30925
HHS Region,hhs7,2010,4,1.40700700030398,1.46581960161472,155,85,113,157,28,18,443,122,30222
HHS Region,hhs7,2010,5,1.93462510771177,2.09826785219826,231,116,159,254,43,38,682,125,32503
HHS Region,hhs7,2010,6,2.09190755631448,2.15030340749961,234,119,159,257,40,41,691,124,32135
HHS Region,hhs7,2010,7,2.16435890841532,2.15351812366738,197,123,173,305,50,32,707,124,32830
HHS Region,hhs7,2010,8,1.70587177041901,1.91441109769387,197,115,159,257,44,37,650,127,33953
HHS Region,hhs7,2010,9,2.25341541722215,2.34298331697743,187,123,181,361,58,35,764,125,32608
HHS Region,hhs7,2010,10,1.5908768286039,1.72298693454557,154,81,125,237,44,26,542,121,31457
HHS Region,hhs7,2010,11,1.96924425843794,1.92971336009578,146,97,131,230,34,41,548,122,28398
HHS Region,hhs7,2010,12,1.41759265925776,1.26997955969574,86,78,112,138,34,43,379,119,29843
HHS Region,hhs7,2010,13,1.20007731648777,1.16074316311496,86,71,99,102,28,36,323,115,27827
HHS Region,hhs7,2010,14,1.02274199258018,0.997028722350611,75,73,99,111,26,17,302,117,30290
HHS Region,hhs7,2010,15,0.863461429851082,0.857340066116903,82,49,60,74,11,20,236,106,27527
HHS Region,hhs7,2010,16,0.745363245049984,0.72867232166212,50,32,50,76,18,19,195,101,26761
HHS Region,hhs7,2010,17,0.770604368083026,0.823585581284316,56,41,63,70,22,18,207,99,25134
HHS Region,hhs7,2010,18,0.582312093809288,0.682079549510251,37,42,52,63,10,20,172,96,25217
HHS Region,hhs7,2010,19,1.2175842588833,1.00881577751522,62,53,78,69,25,13,222,91,22006
HHS Region,hhs7,2010,20,0.683712870361948,0.77930770701855,49,42,50,46,8,18,163,90,20916
HHS Region,hhs7,2010,21,0.956677596890669,0.815824765310684,49,24,35,53,11,9,146,80,17896
HHS Region,hhs7,2010,22,0.524188842793345,0.566518141311267,16,16,24,34,8,15,89,76,15710
HHS Region,hhs7,2010,23,0.450604586911616,0.580758794687485,43,24,32,37,8,10,122,89,21007
HHS Region,hhs7,2010,24,0.386901398516231,0.455673130474406,30,16,21,29,5,10,90,88,19751
HHS Region,hhs7,2010,25,0.443387131317524,0.502229283042074,29,18,30,33,12,6,98,85,19513
HHS Region,hhs7,2010,26,0.445185121085869,0.454959053685168,22,13,18,33,5,7,80,82,17584
HHS Region,hhs7,2010,27,0.38425600303273,0.459742302341056,22,15,22,26,7,6,76,83,16531
HHS Region,hhs7,2010,28,0.450680063658733,0.483939265622164,34,10,17,27,7,2,80,76,16531
HHS Region,hhs7,2010,29,0.330178527994481,0.405945913676795,25,9,15,27,6,1,68,74,16751
HHS Region,hhs7,2010,30,1.21122602462755,0.641470180305132,34,18,23,48,5,6,111,72,17304
HHS Region,hhs7,2010,31,0.36233230003662,0.346109473144469,16,12,16,20,4,2,54,68,15602
HHS Region,hhs7,2010,32,0.505694610820131,0.380879832412874,16,15,19,23,4,2,60,65,15753
HHS Region,hhs7,2010,33,0.428593101680244,0.296908656924958,12,15,18,20,3,1,51,65,17177
HHS Region,hhs7,2010,34,0.470618085075006,0.467419731790106,24,10,14,41,4,5,84,61,17971
HHS Region,hhs7,2010,35,0.534042143110225,0.528158201805564,19,19,22,45,3,0,86,59,16283
HHS Region,hhs7,2010,36,0.639604707067268,0.655052264808362,25,17,20,43,3,6,94,56,14350
HHS Region,hhs7,2010,37,0.610826961125829,0.603844662345576,35,22,25,46,3,3,109,60,18051
HHS Region,hhs7,2010,38,0.984455591648581,0.753432980921133,20,34,43,53,9,8,124,60,16458
HHS Region,hhs7,2010,39,0.94470341005671,0.854894412047783,42,29,37,69,8,3,151,61,17663
HHS Region,hhs7,2010,40,0.991063,0.93958,58,48,65,78,17,15,216,92,22989
HHS Region,hhs7,2010,41,1.08027,0.988418,54,44,59,100,15,14,227,91,22966
HHS Region,hhs7,2010,42,1.06182,1.01452,74,46,66,81,20,20,241,95,23755
HHS Region,hhs7,2010,43,0.845718,0.784242,56,53,70,78,17,9,213,98,27160
HHS Region,hhs7,2010,44,0.742364,0.667116,44,47,61,65,14,8,178,98,26682
HHS Region,hhs7,2010,45,1.17186,1.11553,94,50,64,123,14,25,306,100,27431
HHS Region,hhs7,2010,46,1.07974,1.00709,65,61,81,108,20,16,270,100,26810
HHS Region,hhs7,2010,47,1.00558,0.99356,47,39,52,52,13,11,162,96,16305
HHS Region,hhs7,2010,48,1.39302,1.33174,99,70,100,103,30,21,323,97,24254
HHS Region,hhs7,2010,49,1.3103,1.25906,86,62,80,111,18,41,318,100,25257
HHS Region,hhs7,2010,50,1.55739,1.45739,103,68,96,127,28,36,362,98,24839
HHS Region,hhs7,2010,51,1.98246,1.74216,106,80,101,97,21,31,335,99,19229
HHS Region,hhs7,2010,52,2.28887,2.2279,114,82,121,100,39,40,375,94,16832
HHS Region,hhs7,2011,1,1.67952,1.66817,119,84,114,124,30,32,389,99,23319
HHS Region,hhs7,2011,2,1.74762,1.64076,98,69,111,140,42,31,380,98,23160
HHS Region,hhs7,2011,3,1.95837,1.92172,135,103,135,192,32,27,489,100,25446
HHS Region,hhs7,2011,4,3.27881,3.21918,176,160,204,461,44,37,878,99,27274
HHS Region,hhs7,2011,5,4.31794,4.04619,188,132,174,472,42,28,862,96,21304
HHS Region,hhs7,2011,6,3.68418,3.51263,201,167,212,504,45,26,943,95,26846
HHS Region,hhs7,2011,7,4.52672,4.29399,256,202,256,642,54,32,1186,96,27620
HHS Region,hhs7,2011,8,4.67032,4.41171,308,231,287,627,56,54,1276,98,28923
HHS Region,hhs7,2011,9,3.73408,3.6887,235,184,241,537,57,43,1056,98,28628
HHS Region,hhs7,2011,10,3.46795,3.32065,202,157,207,387,50,42,838,95,25236
HHS Region,hhs7,2011,11,2.28107,2.20245,134,121,158,184,37,24,500,90,22702
HHS Region,hhs7,2011,12,1.74696,1.7106,103,83,110,123,27,17,353,86,20636
HHS Region,hhs7,2011,13,1.39176,1.37669,72,55,69,103,14,13,257,84,18668
HHS Region,hhs7,2011,14,1.21802,1.13805,64,41,51,97,10,18,230,86,20210
HHS Region,hhs7,2011,15,1.04518,0.975513,47,33,47,92,14,10,196,83,20092
HHS Region,hhs7,2011,16,0.790359,0.757343,46,28,41,48,13,13,148,83,19542
HHS Region,hhs7,2011,17,0.645403,0.654554,38,26,39,34,13,5,116,76,17722
HHS Region,hhs7,2011,18,0.473599,0.488315,26,19,26,29,7,3,84,75,17202
HHS Region,hhs7,2011,19,0.558647,0.540941,41,12,19,28,7,7,95,74,17562
HHS Region,hhs7,2011,20,0.537655,0.58281,36,9,17,31,8,7,91,76,15614
HHS Region,hhs7,2011,21,0.541853,0.586581,18,16,20,26,4,9,73,62,12445
HHS Region,hhs7,2011,22,0.181779,0.269804,11,2,4,7,2,3,25,65,9266
HHS Region,hhs7,2011,23,0.1855,0.262097,16,5,7,2,2,1,26,58,9920
HHS Region,hhs7,2011,24,0.0603154,0.0879894,3,1,3,2,2,0,8,56,9092
HHS Region,hhs7,2011,25,0.241549,0.271893,13,1,3,6,2,2,24,54,8827
HHS Region,hhs7,2011,26,0.0788898,0.084406,2,2,3,3,1,0,8,57,9478
HHS Region,hhs7,2011,27,0.128025,0.122055,2,1,2,4,1,2,10,57,8193
HHS Region,hhs7,2011,28,0.0756533,0.0830134,2,4,4,2,0,0,8,56,9637
HHS Region,hhs7,2011,29,0.135862,0.209059,2,7,10,5,3,1,18,56,8610
HHS Region,hhs7,2011,30,0.122922,0.204874,10,3,6,3,3,0,19,57,9274
HHS Region,hhs7,2011,31,0.123973,0.137655,4,0,1,4,1,2,11,51,7991
HHS Region,hhs7,2011,32,0.0966253,0.13197,4,3,3,4,0,1,12,55,9093
HHS Region,hhs7,2011,33,0.0735469,0.0869282,4,0,3,1,3,0,8,51,9203
HHS Region,hhs7,2011,34,0.105808,0.153002,5,3,4,6,1,2,17,55,11111
HHS Region,hhs7,2011,35,0.237367,0.279122,12,5,5,12,0,1,30,54,10748
HHS Region,hhs7,2011,36,0.485177,0.592965,20,13,16,22,3,1,59,54,9950
HHS Region,hhs7,2011,37,0.872045,0.90462,24,15,24,43,9,12,103,56,11386
HHS Region,hhs7,2011,38,0.448749,0.488273,26,6,11,13,5,6,56,55,11469
HHS Region,hhs7,2011,39,0.490696,0.586386,27,10,12,29,2,1,69,56,11767
HHS Region,hhs7,2011,40,0.890842,0.882539,61,42,59,90,17,13,223,97,25268
HHS Region,hhs7,2011,41,0.851874,0.824058,63,42,55,82,13,11,211,99,25605
HHS Region,hhs7,2011,42,0.761474,0.736383,54,34,49,70,15,11,184,99,24987
HHS Region,hhs7,2011,43,0.961229,0.983802,69,61,85,106,24,20,280,102,28461
HHS Region,hhs7,2011,44,1.14083,1.08856,68,64,93,129,29,13,303,104,27835
HHS Region,hhs7,2011,45,0.90938,0.897603,72,47,64,102,17,17,255,104,28409
HHS Region,hhs7,2011,46,0.839903,0.78681,63,48,67,77,19,13,220,102,27961
HHS Region,hhs7,2011,47,0.862174,0.847761,49,33,46,56,13,15,166,104,19581
HHS Region,hhs7,2011,48,1.03336,0.972036,77,62,93,85,31,21,276,105,28394
HHS Region,hhs7,2011,49,0.821731,0.803122,53,48,64,83,16,12,212,106,26397
HHS Region,hhs7,2011,50,1.4333,1.43405,93,68,99,114,31,27,333,99,23221
HHS Region,hhs7,2011,51,1.41392,1.3659,73,48,75,93,27,28,269,102,19694
HHS Region,hhs7,2011,52,1.89373,1.86163,112,70,107,85,37,38,342,100,18371
HHS Region,hhs7,2012,1,1.47953,1.37576,93,55,86,92,31,42,313,102,22751
HHS Region,hhs7,2012,2,1.49896,1.3979,128,82,112,87,30,37,364,104,26039
HHS Region,hhs7,2012,3,1.60103,1.57727,127,75,110,139,35,31,407,103,25804
HHS Region,hhs7,2012,4,1.75629,1.60643,128,85,122,178,37,36,464,106,28884
HHS Region,hhs7,2012,5,2.59091,2.31062,187,98,138,297,40,21,643,104,27828
HHS Region,hhs7,2012,6,2.81845,2.63334,217,122,166,315,44,49,747,102,28367
HHS Region,hhs7,2012,7,3.1466,2.945,239,150,212,334,62,54,839,104,28489
HHS Region,hhs7,2012,8,3.03559,3.01694,231,152,208,312,56,56,807,98,26749
HHS Region,hhs7,2012,9,3.4431,3.38514,238,185,250,368,65,61,917,95,27089
HHS Region,hhs7,2012,10,3.12669,3.18703,236,129,187,361,58,75,859,98,26953
HHS Region,hhs7,2012,11,2.64834,2.69423,187,127,171,276,44,45,679,100,25202
HHS Region,hhs7,2012,12,1.69387,1.69354,100,79,120,141,41,35,396,96,23383
HHS Region,hhs7,2012,13,1.209,1.22104,74,50,74,102,24,23,273,95,22358
HHS Region,hhs7,2012,14,0.886149,0.930704,62,33,50,86,17,13,211,91,22671
HHS Region,hhs7,2012,15,0.790334,0.748573,49,34,48,60,14,20,177,91,23645
HHS Region,hhs7,2012,16,0.751913,0.711544,47,41,55,54,14,9,165,86,23189
HHS Region,hhs7,2012,17,0.692067,0.649082,42,29,44,64,15,7,157,87,24188
HHS Region,hhs7,2012,18,0.837067,0.666356,40,28,41,50,13,12,143,78,21460
HHS Region,hhs7,2012,19,0.664338,0.575122,31,17,22,30,5,14,97,73,16866
HHS Region,hhs7,2012,20,0.517189,0.510746,31,6,10,29,4,7,77,70,15076
HHS Region,hhs7,2012,21,0.440619,0.490726,20,7,13,17,6,9,59,58,12023
HHS Region,hhs7,2012,22,0.274068,0.275716,8,6,8,7,2,3,26,56,9430
HHS Region,hhs7,2012,23,0.0857011,0.0787247,2,3,3,1,0,2,8,48,10162
HHS Region,hhs7,2012,24,0.0813149,0.0899191,4,1,2,3,1,0,9,51,10009
HHS Region,hhs7,2012,25,0.0474986,0.0518027,1,2,3,1,1,0,5,48,9652
HHS Region,hhs7,2012,26,0.0886178,0.0787608,1,1,3,2,2,0,6,48,7618
HHS Region,hhs7,2012,27,0.174976,0.211218,5,2,6,5,4,2,18,51,8522
HHS Region,hhs7,2012,28,0.170595,0.145335,1,4,6,8,2,0,15,48,10321
HHS Region,hhs7,2012,29,0.132304,0.136206,2,2,3,5,1,1,11,48,8076
HHS Region,hhs7,2012,30,0.134456,0.175549,4,1,2,7,1,1,14,47,7975
HHS Region,hhs7,2012,31,0.17458,0.248919,5,5,8,5,3,1,19,46,7633
HHS Region,hhs7,2012,32,0.113721,0.129608,1,3,4,4,1,0,9,42,6944
HHS Region,hhs7,2012,33,0.150156,0.16989,3,2,3,7,1,0,13,43,7652
HHS Region,hhs7,2012,34,0.39313,0.563969,19,4,6,22,2,7,54,43,9575
HHS Region,hhs7,2012,35,0.478097,0.548022,16,10,13,28,3,2,59,48,10766
HHS Region,hhs7,2012,36,0.660782,0.710649,17,13,18,26,5,6,67,45,9428
HHS Region,hhs7,2012,37,0.912734,0.835092,26,15,22,35,7,8,91,46,10897
HHS Region,hhs7,2012,38,0.761901,0.703118,24,13,20,24,7,8,76,48,10809
HHS Region,hhs7,2012,39,0.963943,0.895795,26,13,20,40,7,12,98,48,10940
HHS Region,hhs7,2012,40,1.09049,1.10339,73,57,77,81,20,23,254,85,23020
HHS Region,hhs7,2012,41,1.06337,1.12241,68,57,66,97,9,24,255,88,22719
HHS Region,hhs7,2012,42,1.35229,1.41499,101,54,77,128,23,17,323,88,22827
HHS Region,hhs7,2012,43,1.32045,1.31458,84,47,82,103,35,16,285,86,21680
HHS Region,hhs7,2012,44,1.49968,1.61112,113,60,85,158,25,22,378,88,23462
HHS Region,hhs7,2012,45,1.5617,1.54314,105,66,89,126,23,20,340,92,22033
HHS Region,hhs7,2012,46,1.963,1.8545,115,72,97,163,25,40,415,94,22378
HHS Region,hhs7,2012,47,2.31375,2.13466,119,56,77,127,21,34,357,96,16724
HHS Region,hhs7,2012,48,2.17001,2.03447,132,96,131,206,35,41,510,96,25068
HHS Region,hhs7,2012,49,2.31408,2.23927,146,98,134,268,36,33,581,98,25946
HHS Region,hhs7,2012,50,2.79395,2.69846,167,120,161,307,41,35,670,96,24829
HHS Region,hhs7,2012,51,4.08107,4.32918,222,175,247,359,72,40,868,94,20050
HHS Region,hhs7,2012,52,6.71975,6.89419,286,231,379,321,148,119,1105,98,16028
HHS Region,hhs7,2013,1,5.80882,6.18247,282,311,465,293,154,133,1173,99,18973
HHS Region,hhs7,2013,2,5.06625,5.52516,313,328,471,432,143,107,1323,97,23945
HHS Region,hhs7,2013,3,5.21627,5.703,334,287,403,595,116,112,1444,98,25320
HHS Region,hhs7,2013,4,5.34475,5.71792,342,266,372,564,106,115,1393,98,24362
HHS Region,hhs7,2013,5,5.16544,5.60388,300,211,315,569,104,98,1282,97,22877
HHS Region,hhs7,2013,6,4.34939,4.76438,240,199,306,476,107,79,1101,94,23109
HHS Region,hhs7,2013,7,3.42581,3.67367,190,148,222,342,74,57,811,94,22076
HHS Region,hhs7,2013,8,3.06399,3.26561,148,124,180,234,56,60,622,91,19047
HHS Region,hhs7,2013,9,2.37917,2.51853,111,93,142,166,49,60,479,87,19019
HHS Region,hhs7,2013,10,2.26166,2.23793,99,111,158,157,47,42,456,86,20376
HHS Region,hhs7,2013,11,1.90794,1.89974,70,88,118,130,30,42,360,84,18950
HHS Region,hhs7,2013,12,1.51602,1.65729,73,71,97,65,26,42,277,84,16714
HHS Region,hhs7,2013,13,1.50791,1.42633,53,69,89,76,20,27,245,81,17177
HHS Region,hhs7,2013,14,1.1312,1.08834,46,47,65,55,18,30,196,77,18009
HHS Region,hhs7,2013,15,1.02376,1.02141,52,31,49,56,18,20,177,74,17329
HHS Region,hhs7,2013,16,0.926927,0.844123,43,29,36,56,7,13,148,76,17533
HHS Region,hhs7,2013,17,0.949618,0.945938,30,36,51,68,15,16,165,74,17443
HHS Region,hhs7,2013,18,0.840615,0.807375,41,23,27,53,4,20,141,74,17464
HHS Region,hhs7,2013,19,0.769543,0.70701,29,22,38,39,16,12,118,71,16690
HHS Region,hhs7,2013,20,0.603697,0.585987,24,18,21,32,3,15,92,68,15700
HHS Region,hhs7,2013,21,0.729762,0.814359,40,18,23,24,5,11,98,62,12034
HHS Region,hhs7,2013,22,0.770442,0.739223,26,15,20,24,5,13,83,61,11228
HHS Region,hhs7,2013,23,0.184536,0.210993,8,3,7,3,4,2,20,60,9479
HHS Region,hhs7,2013,24,0.169888,0.177561,3,4,5,3,1,5,16,57,9011
HHS Region,hhs7,2013,25,0.257195,0.251457,8,0,4,8,4,2,22,54,8749
HHS Region,hhs7,2013,26,0.123,0.140318,5,2,3,4,1,0,12,56,8552
HHS Region,hhs7,2013,27,0.100862,0.122063,1,1,2,2,1,3,8,51,6554
HHS Region,hhs7,2013,28,0.104753,0.0978953,4,1,1,3,0,0,8,52,8172
HHS Region,hhs7,2013,29,0.131559,0.145406,2,0,0,8,0,1,11,49,7565
HHS Region,hhs7,2013,30,0.13277,0.123625,5,0,0,5,0,0,10,47,8089
HHS Region,hhs7,2013,31,0.124041,0.118782,1,3,5,2,2,0,8,47,6735
HHS Region,hhs7,2013,32,0.706188,0.862417,20,13,19,19,6,6,64,43,7421
HHS Region,hhs7,2013,33,0.470713,0.660899,16,8,14,18,6,7,55,44,8322
HHS Region,hhs7,2013,34,0.46699,0.55889,17,7,8,25,1,4,54,45,9662
HHS Region,hhs7,2013,35,0.199123,0.221361,5,4,4,9,0,2,20,42,9035
HHS Region,hhs7,2013,36,0.703354,0.78457,15,13,21,31,8,5,72,44,9177
HHS Region,hhs7,2013,37,0.859606,0.919693,25,16,24,35,8,13,97,44,10547
HHS Region,hhs7,2013,38,0.760087,0.825253,24,18,27,26,9,3,80,41,9694
HHS Region,hhs7,2013,39,0.878809,0.357187,50,18,29,50,11,14,143,46,40035
HHS Region,hhs7,2013,40,0.649922,0.339711,48,39,56,71,17,7,182,90,53575
HHS Region,hhs7,2013,41,0.848308,0.443926,66,44,60,89,16,21,236,91,53162
HHS Region,hhs7,2013,42,0.708172,0.398099,48,47,63,93,16,13,217,96,54509
HHS Region,hhs7,2013,43,0.912239,0.491462,61,66,92,107,26,16,276,93,56159
HHS Region,hhs7,2013,44,0.796841,0.501769,82,49,67,98,18,21,268,90,53411
HHS Region,hhs7,2013,45,0.893907,0.527024,74,73,92,113,19,11,290,92,55026
HHS Region,hhs7,2013,46,0.864878,0.468759,57,55,68,107,13,11,243,92,51839
HHS Region,hhs7,2013,47,1.03842,0.580976,64,67,85,120,18,21,290,91,49916
HHS Region,hhs7,2013,48,1.121,0.569211,55,71,91,63,20,11,220,92,38650
HHS Region,hhs7,2013,49,1.2566,0.656758,70,88,111,145,23,16,342,95,52074
HHS Region,hhs7,2013,50,1.52616,0.802976,71,108,146,162,38,16,395,94,49192
HHS Region,hhs7,2013,51,2.80787,1.35933,125,191,235,259,44,21,640,94,47082
HHS Region,hhs7,2013,52,4.4809,2.30112,173,238,329,213,91,31,746,93,32419
HHS Region,hhs7,2014,1,4.06436,2.09829,167,296,371,236,75,50,824,93,39270
HHS Region,hhs7,2014,2,3.04754,1.69006,170,252,329,240,77,39,778,93,46034
HHS Region,hhs7,2014,3,3.06195,1.81746,210,235,320,334,85,50,914,93,50290
HHS Region,hhs7,2014,4,2.95351,1.71393,173,218,305,334,87,33,845,94,49302
HHS Region,hhs7,2014,5,2.75317,1.67764,156,203,250,351,47,30,787,91,46911
HHS Region,hhs7,2014,6,2.0535,1.15321,127,132,172,197,40,33,529,91,45872
HHS Region,hhs7,2014,7,1.59839,0.966601,121,124,171,158,47,20,470,93,48624
HHS Region,hhs7,2014,8,1.38378,0.891492,90,110,138,154,28,32,414,90,46439
HHS Region,hhs7,2014,9,1.29389,0.75502,90,95,121,148,26,26,385,87,50992
HHS Region,hhs7,2014,10,1.09709,0.625914,93,62,80,107,18,28,308,89,49208
HHS Region,hhs7,2014,11,1.36946,0.734178,91,84,114,126,30,22,353,82,48081
HHS Region,hhs7,2014,12,0.989103,0.586841,80,65,92,65,27,18,255,86,43453
HHS Region,hhs7,2014,13,0.834714,0.403899,51,40,58,64,18,23,196,86,48527
HHS Region,hhs7,2014,14,0.988517,0.495124,57,56,81,74,25,18,230,79,46453
HHS Region,hhs7,2014,15,0.650163,0.396323,52,38,53,70,15,13,188,79,47436
HHS Region,hhs7,2014,16,0.623494,0.359968,46,41,55,54,14,12,167,77,46393
HHS Region,hhs7,2014,17,0.664668,0.387939,48,39,49,64,10,15,176,75,45368
HHS Region,hhs7,2014,18,0.526637,0.312087,40,29,44,53,15,7,144,72,46141
HHS Region,hhs7,2014,19,0.643012,0.320752,49,22,26,58,4,9,142,67,44271
HHS Region,hhs7,2014,20,0.47847,0.265668,28,25,34,37,9,11,110,64,41405
HHS Region,hhs7,2014,21,0.503571,0.248299,22,30,39,33,9,6,100,62,40274
HHS Region,hhs7,2014,22,0.509952,0.306662,36,23,31,32,8,10,109,59,35544
HHS Region,hhs7,2014,23,0.25283,0.159655,16,18,21,18,3,2,57,53,35702
HHS Region,hhs7,2014,24,0.154496,0.148945,25,9,11,14,2,4,54,55,36255
HHS Region,hhs7,2014,25,0.216845,0.200832,23,12,19,20,7,7,69,51,34357
HHS Region,hhs7,2014,26,0.148706,0.114723,8,5,11,15,6,5,39,48,33995
HHS Region,hhs7,2014,27,0.225714,0.157596,11,8,13,20,5,1,45,49,28554
HHS Region,hhs7,2014,28,0.136949,0.146885,27,7,9,12,2,3,51,50,34721
HHS Region,hhs7,2014,29,0.213722,0.155745,11,7,12,24,5,5,52,52,33388
HHS Region,hhs7,2014,30,0.217949,0.155628,18,14,19,11,5,4,52,51,33413
HHS Region,hhs7,2014,31,0.313622,0.166681,19,11,11,25,0,2,57,52,34197
HHS Region,hhs7,2014,32,0.325167,0.171125,19,5,8,28,3,2,57,49,33309
HHS Region,hhs7,2014,33,0.222623,0.276663,1,3,8,11,5,0,20,44,7229
HHS Region,hhs7,2014,34,0.238344,0.154141,21,11,14,20,3,3,58,47,37628
HHS Region,hhs7,2014,35,0.277064,0.206523,30,3,6,43,3,3,82,46,39705
HHS Region,hhs7,2014,36,0.289342,0.347996,5,7,11,8,4,1,25,36,7184
HHS Region,hhs7,2014,37,0.639136,0.315514,29,32,34,55,2,5,123,44,38984
HHS Region,hhs7,2014,38,0.546197,0.354837,42,11,21,64,10,6,133,42,37482
HHS Region,hhs7,2014,39,0.488454,0.276683,28,16,22,57,6,6,113,44,40841
HHS Region,hhs7,2014,40,0.697022,0.437619,50,43,58,98,15,14,220,84,50272
HHS Region,hhs7,2014,41,0.855509,0.536455,57,56,74,124,18,14,269,84,50144
HHS Region,hhs7,2014,42,0.969308,0.56031,53,72,95,129,23,15,292,83,52114
HHS Region,hhs7,2014,43,0.904469,0.55867,68,56,83,130,27,8,289,86,51730
HHS Region,hhs7,2014,44,0.708,0.471052,54,36,49,113,13,11,227,83,48190
HHS Region,hhs7,2014,45,0.771349,0.502444,48,59,72,124,13,12,256,84,50951
HHS Region,hhs7,2014,46,1.09371,0.582536,63,62,84,143,22,7,297,87,50984
HHS Region,hhs7,2014,47,1.02392,0.647857,75,58,78,163,20,8,324,84,50011
HHS Region,hhs7,2014,48,1.84161,1.00656,79,88,111,166,23,17,373,86,37057
HHS Region,hhs7,2014,49,1.78968,0.970964,92,122,163,243,41,26,524,85,53967
HHS Region,hhs7,2014,50,3.69204,2.0656,170,222,288,577,66,69,1104,86,53447
HHS Region,hhs7,2014,51,4.88784,2.52241,223,282,386,667,104,83,1359,83,53877
HHS Region,hhs7,2014,52,6.37908,3.2928,218,286,419,417,133,143,1197,86,36352
HHS Region,hhs7,2014,53,5.80073,3.0148,275,319,442,326,123,171,1214,87,40268
HHS Region,hhs7,2015,1,4.49153,4.72868,147,288,380,278,92,110,915,81,19350
HHS Region,hhs7,2015,2,3.5907,4.01302,145,183,257,355,74,69,826,78,20583
HHS Region,hhs7,2015,3,4.18716,4.95617,180,170,238,426,68,55,899,77,18139
HHS Region,hhs7,2015,4,4.15542,4.92245,163,180,269,430,89,106,968,78,19665
HHS Region,hhs7,2015,5,3.24206,3.85041,153,158,229,319,71,99,800,81,20777
HHS Region,hhs7,2015,6,2.67652,3.08221,141,153,217,226,64,53,637,76,20667
HHS Region,hhs7,2015,7,2.386,2.74801,123,125,176,210,51,32,541,75,19687
HHS Region,hhs7,2015,8,2.40328,2.70847,134,140,180,227,40,30,571,77,21082
HHS Region,hhs7,2015,9,2.29133,2.72157,132,122,179,219,57,47,577,76,21201
HHS Region,hhs7,2015,10,2.44562,2.94771,92,102,149,195,47,55,491,75,16657
HHS Region,hhs7,2015,11,2.13252,2.38305,65,105,153,106,48,27,351,75,14729
HHS Region,hhs7,2015,12,1.87386,2.0536,57,89,116,114,27,31,318,73,15485
HHS Region,hhs7,2015,13,1.79584,1.93347,56,92,130,128,38,33,347,73,17947
HHS Region,hhs7,2015,14,1.44629,1.58184,61,71,106,107,35,20,294,71,18586
HHS Region,hhs7,2015,15,1.1344,1.24484,43,61,88,85,27,16,232,70,18637
HHS Region,hhs7,2015,16,1.07016,1.16601,49,50,66,69,16,10,194,69,16638
HHS Region,hhs7,2015,17,1.06369,1.25084,31,61,71,89,10,14,205,62,16389
HHS Region,hhs7,2015,18,0.817134,0.8753,32,34,48,57,14,5,142,62,16223
HHS Region,hhs7,2015,19,0.844882,0.93889,25,30,40,44,10,5,114,52,12142
HHS Region,hhs7,2015,20,0.614542,0.665779,25,21,28,26,7,6,85,54,12767
HHS Region,hhs7,2015,21,0.253158,0.347102,12,6,7,6,1,5,30,49,8643
HHS Region,hhs7,2015,22,0.251815,0.326008,7,4,4,8,0,8,27,47,8282
HHS Region,hhs7,2015,23,0.212758,0.308818,4,9,13,7,4,3,27,44,8743
HHS Region,hhs7,2015,24,0.229008,0.305568,6,7,12,5,5,4,27,45,8836
HHS Region,hhs7,2015,25,0.382385,0.470561,12,11,17,6,6,6,41,45,8713
HHS Region,hhs7,2015,26,0.298164,0.310278,4,7,10,7,3,3,24,45,7735
HHS Region,hhs7,2015,27,0.115022,0.167304,2,6,8,3,2,1,14,44,8368
HHS Region,hhs7,2015,28,0.290084,0.303693,3,5,10,9,5,3,25,45,8232
HHS Region,hhs7,2015,29,0.228075,0.256004,2,8,10,7,2,2,21,44,8203
HHS Region,hhs7,2015,30,0.213522,0.290874,2,6,9,9,3,4,24,44,8251
HHS Region,hhs7,2015,31,0.280848,0.297427,4,6,9,4,3,6,23,43,7733
HHS Region,hhs7,2015,32,0.116262,0.145879,2,3,7,2,4,1,12,42,8226
HHS Region,hhs7,2015,33,0.283492,0.289519,4,12,17,8,5,1,30,43,10362
HHS Region,hhs7,2015,34,0.212095,0.263397,5,4,5,16,1,3,29,44,11010
HHS Region,hhs7,2015,35,0.180017,0.208914,4,6,11,5,5,4,24,44,11488
HHS Region,hhs7,2015,36,0.315453,0.318506,7,8,13,7,5,2,29,40,9105
HHS Region,hhs7,2015,37,0.526178,0.617538,13,18,24,21,6,2,60,42,9716
HHS Region,hhs7,2015,38,0.684635,0.802603,12,20,32,23,12,7,74,40,9220
HHS Region,hhs7,2015,39,1.02699,1.09902,22,19,28,37,9,11,98,41,8917
HHS Region,hhs7,2015,40,0.873934,0.957817,46,46,61,77,15,14,198,77,20672
HHS Region,hhs7,2015,41,0.887407,0.927315,43,50,68,74,18,19,204,77,21999
HHS Region,hhs7,2015,42,1.12273,1.12114,63,57,77,89,20,22,251,78,22388
HHS Region,hhs7,2015,43,0.854524,0.926501,45,55,79,70,24,15,209,82,22558
HHS Region,hhs7,2015,44,1.15375,1.22368,65,72,102,89,30,20,276,79,22555
HHS Region,hhs7,2015,45,1.20878,1.26729,78,67,89,107,22,10,284,81,22410
HHS Region,hhs7,2015,46,1.05016,1.15463,63,64,82,91,18,19,255,80,22085
HHS Region,hhs7,2015,47,1.31092,1.43597,48,63,81,66,18,13,208,78,14485
HHS Region,hhs7,2015,48,0.95359,1.05228,49,53,76,85,23,12,222,78,21097
HHS Region,hhs7,2015,49,0.912263,1.02175,54,51,66,72,15,18,210,80,20553
HHS Region,hhs7,2015,50,1.19874,1.25181,59,63,83,90,20,10,242,81,19332
HHS Region,hhs7,2015,51,1.39056,1.40241,51,49,69,51,20,12,183,80,13049
HHS Region,hhs7,2015,52,1.55082,1.54091,40,60,78,52,18,24,194,79,12590
HHS Region,hhs7,2016,1,1.41906,1.42283,62,83,117,55,34,21,255,74,17922
HHS Region,hhs7,2016,2,1.1452,1.14412,37,58,84,78,26,19,218,78,19054
HHS Region,hhs7,2016,3,1.15409,1.179,66,41,53,93,12,13,225,79,19084
HHS Region,hhs7,2016,4,1.175,1.2446,54,66,88,114,22,12,268,81,21533
HHS Region,hhs7,2016,5,1.12489,1.29184,69,59,74,98,15,11,252,74,19507
HHS Region,hhs7,2016,6,1.50883,1.55898,87,75,110,127,35,8,332,80,21296
HHS Region,hhs7,2016,7,1.81036,1.91185,102,95,128,164,33,22,416,78,21759
HHS Region,hhs7,2016,8,1.8449,1.95496,98,104,147,176,43,20,441,76,22558
HHS Region,hhs7,2016,9,2.40642,2.51827,118,131,181,209,50,33,541,77,21483
HHS Region,hhs7,2016,10,2.50362,2.72519,126,127,187,239,60,31,583,77,21393
HHS Region,hhs7,2016,11,1.99971,2.18219,106,114,148,130,34,17,401,76,18376
HHS Region,hhs7,2016,12,2.05839,2.19942,80,114,150,160,36,28,418,72,19005
HHS Region,hhs7,2016,13,2.09375,2.12925,90,88,132,156,44,21,399,73,18739
HHS Region,hhs7,2016,14,1.54483,1.74506,61,69,95,163,26,19,338,70,19369
HHS Region,hhs7,2016,15,1.39301,1.54365,58,81,117,122,36,19,316,73,20471
HHS Region,hhs7,2016,16,1.20827,1.26975,44,59,75,125,16,18,262,71,20634
HHS Region,hhs7,2016,17,0.986163,1.04524,35,51,67,90,16,9,201,70,19230
HHS Region,hhs7,2016,18,0.908619,0.962876,38,41,57,71,16,14,180,69,18694
HHS Region,hhs7,2016,19,0.704888,0.800274,28,38,49,56,11,7,140,66,17494
HHS Region,hhs7,2016,20,0.59335,0.620655,12,22,30,27,8,6,75,62,12084
HHS Region,hhs7,2016,21,0.32297,0.39173,4,11,15,15,4,2,36,45,9190
HHS Region,hhs7,2016,22,0.395716,0.397562,15,5,8,4,3,3,30,46,7546
HHS Region,hhs7,2016,23,0.527908,0.527496,10,10,17,9,7,4,40,42,7583
HHS Region,hhs7,2016,24,0.309099,0.2577,3,4,6,10,2,2,21,42,8149
HHS Region,hhs7,2016,25,0.306155,0.342195,6,8,11,7,3,2,26,40,7598
HHS Region,hhs7,2016,26,0.294126,0.345837,5,11,14,5,3,2,26,41,7518
HHS Region,hhs7,2016,27,0.373576,0.37464,8,5,9,6,4,3,26,42,6940
HHS Region,hhs7,2016,28,0.266904,0.264584,6,4,8,5,4,2,21,43,7937
HHS Region,hhs7,2016,29,0.162856,0.159314,4,6,7,1,1,1,13,41,8160
HHS Region,hhs7,2016,30,0.325119,0.233243,5,4,6,8,2,0,19,42,8146
HHS Region,hhs7,2016,31,0.222125,0.275862,5,5,5,11,0,1,22,41,7975
HHS Region,hhs7,2016,32,0.279177,0.271605,2,7,12,8,5,0,22,39,8100
HHS Region,hhs7,2016,33,0.141758,0.170919,2,4,6,5,2,1,14,37,8191
HHS Region,hhs7,2016,34,0.283671,0.267994,3,7,8,16,1,1,28,40,10448
HHS Region,hhs7,2016,35,0.29973,0.327133,5,13,21,8,8,1,35,42,10699
HHS Region,hhs7,2016,36,0.428906,0.428671,10,11,14,17,3,2,43,42,10031
HHS Region,hhs7,2016,37,0.273509,0.291751,13,6,10,9,4,1,33,42,11311
HHS Region,hhs7,2016,38,0.360435,0.349181,6,8,13,19,5,1,39,39,11169
HHS Region,hhs7,2016,39,0.286907,0.316397,2,3,6,22,3,4,34,40,10746
HHS Region,hhs7,2016,40,0.600404,0.651,26,29,44,52,15,19,141,72,21659
HHS Region,hhs7,2016,41,0.694833,0.719224,27,40,58,58,18,12,155,75,21551
HHS Region,hhs7,2016,42,0.77907,0.866598,31,52,79,72,27,11,193,77,22271
HHS Region,hhs7,2016,43,0.692503,0.691776,28,52,68,52,16,14,162,79,23418
HHS Region,hhs7,2016,44,0.842297,0.856978,28,51,71,79,20,15,193,77,22521
HHS Region,hhs7,2016,45,0.915289,0.908094,45,51,60,92,9,10,207,78,22795
HHS Region,hhs7,2016,46,0.969142,0.986947,43,47,66,97,19,11,217,75,21987
HHS Region,hhs7,2016,47,1.42912,1.57276,55,50,70,75,20,18,218,76,13861
HHS Region,hhs7,2016,48,1.38821,1.37507,63,68,94,127,26,38,322,79,23417
HHS Region,hhs7,2016,49,1.26835,1.27062,70,60,72,100,12,13,255,74,20069
HHS Region,hhs7,2016,50,1.26776,1.27988,62,63,94,91,31,18,265,73,20705
HHS Region,hhs7,2016,51,1.75768,1.86084,71,75,110,103,35,19,303,73,16283
HHS Region,hhs7,2016,52,2.69374,2.646,100,120,177,90,57,24,391,73,14777
HHS Region,hhs7,2017,1,2.90667,2.86315,121,137,187,127,50,42,477,74,16660
HHS Region,hhs7,2017,2,2.75581,2.86255,109,144,206,175,62,39,529,74,18480
HHS Region,hhs7,2017,3,3.46528,3.76017,127,188,258,337,70,45,767,71,20398
HHS Region,hhs7,2017,4,4.56991,4.65791,138,178,256,563,78,54,1011,71,21705
HHS Region,hhs7,2017,5,5.52653,5.94077,173,227,332,721,105,78,1304,70,21950
HHS Region,hhs7,2017,6,6.35948,6.9993,198,329,468,830,139,113,1609,71,22988
HHS Region,hhs7,2017,7,4.91892,5.39353,192,247,362,528,115,96,1178,69,21841
HHS Region,hhs7,2017,8,4.04323,4.47199,146,225,303,438,78,87,974,71,21780
HHS Region,hhs7,2017,9,2.82773,3.138,97,152,214,334,62,49,694,72,22116
HHS Region,hhs7,2017,10,2.76664,3.07111,104,131,170,309,39,35,618,68,20123
HHS Region,hhs7,2017,11,2.39066,2.86025,97,135,188,211,53,30,526,70,18390
HHS Region,hhs7,2017,12,2.04061,2.20377,65,126,170,157,44,38,430,69,19512
HHS Region,hhs7,2017,13,1.69023,1.76761,71,73,106,140,33,30,347,66,19631
HHS Region,hhs7,2017,14,1.36816,1.48155,53,67,83,151,16,23,310,68,20924
HHS Region,hhs7,2017,15,0.972039,1.06921,38,48,64,92,16,13,207,64,19360
HHS Region,hhs7,2017,16,0.852059,0.933038,32,53,66,76,13,7,181,65,19399
HHS Region,hhs7,2017,17,0.760244,0.836993,24,36,47,83,11,8,162,62,19355
HHS Region,hhs7,2017,18,0.746471,0.793696,18,44,50,67,6,4,139,60,17513
HHS Region,hhs7,2017,19,0.439723,0.498352,14,17,23,26,6,2,65,57,13043
HHS Region,hhs7,2017,20,0.305088,0.316706,6,8,10,14,2,2,32,53,10104
HHS Region,hhs7,2017,21,0.159971,0.209309,0,8,8,11,0,2,21,51,10033
HHS Region,hhs7,2017,22,0.222973,0.250744,4,6,6,6,0,0,16,43,6381
HHS Region,hhs7,2017,23,0.170425,0.161005,3,3,3,10,0,4,20,42,12422
HHS Region,hhs7,2017,24,0.204266,0.237563,3,3,4,8,1,2,17,38,7156
HHS Region,hhs7,2017,25,0.100721,0.149762,2,1,2,5,1,2,11,40,7345
HHS Region,hhs7,2017,26,0.264192,0.29098,3,8,10,4,2,4,21,40,7217
HHS Region,hhs7,2017,27,0.191394,0.224486,2,4,6,3,2,2,13,39,5791
HHS Region,hhs7,2017,28,0.0792569,0.081092,0,3,4,2,1,0,6,39,7399
HHS Region,hhs7,2017,29,0.0831066,0.123035,0,1,3,4,2,2,9,40,7315
HHS Region,hhs7,2017,30,0.186993,0.288973,2,3,3,14,0,0,19,38,6575
HHS Region,hhs7,2017,31,0.174172,0.305577,2,7,9,6,2,3,20,39,6545
HHS Region,hhs7,2017,32,0.115888,0.202869,3,1,4,5,3,2,14,37,6901
HHS Region,hhs7,2017,33,0.112074,0.153218,1,2,6,4,4,1,12,38,7832
HHS Region,hhs7,2017,34,0.233776,0.255428,4,4,6,12,2,2,24,40,9396
HHS Region,hhs7,2017,35,0.142496,0.136943,2,3,5,3,2,3,13,37,9493
HHS Region,hhs7,2017,36,0.396513,0.323625,1,3,6,16,3,3,26,36,8034
HHS Region,hhs7,2017,37,0.27963,0.247721,3,9,11,8,2,3,25,36,10092
HHS Region,hhs7,2017,38,0.535088,0.535077,9,11,15,22,4,8,54,36,10092
HHS Region,hhs7,2017,39,0.54052,0.508388,13,6,13,15,7,9,50,35,9835
HHS Region,hhs7,2017,40,0.625799,0.859623,65,33,46,88,13,7,206,110,23964
HHS Region,hhs7,2017,41,0.700961,0.946268,64,37,57,93,20,16,230,113,24306
HHS Region,hhs7,2017,42,0.832588,1.1854,107,55,75,115,20,17,314,112,26489
HHS Region,hhs7,2017,43,0.943455,1.28195,113,53,75,134,22,18,340,110,26522
HHS Region,hhs7,2017,44,1.16063,1.42252,132,76,98,165,22,25,420,113,29525
HHS Region,hhs7,2017,45,1.25143,1.48451,112,64,89,150,25,19,370,113,24924
HHS Region,hhs7,2017,46,1.40765,1.74539,172,97,128,180,31,17,497,113,28475
HHS Region,hhs7,2017,47,1.72814,2.25138,186,81,113,156,32,34,489,114,21720
HHS Region,hhs7,2017,48,1.47504,1.7391,148,85,111,179,26,43,481,111,27658
HHS Region,hhs7,2017,49,2.05556,2.15962,167,118,159,252,41,33,611,116,28292
HHS Region,hhs7,2017,50,2.75354,3.0159,204,157,213,327,56,68,812,114,26924
HHS Region,hhs7,2017,51,4.32304,4.44507,281,273,366,362,93,94,1103,110,24814
HHS Region,hhs7,2017,52,7.25157,6.33974,361,243,375,304,132,108,1148,112,18108
HHS Region,hhs7,2018,1,7.62744,6.46121,308,308,463,371,155,118,1260,108,19501
HHS Region,hhs7,2018,2,6.72613,5.64174,287,267,404,477,137,123,1291,109,22883
HHS Region,hhs7,2018,3,8.3421,6.9476,373,344,499,728,155,113,1713,110,24656
HHS Region,hhs7,2018,4,8.86645,8.1628,424,385,564,1026,179,128,2142,107,26241
HHS Region,hhs7,2018,5,8.80663,8.55831,501,474,736,1258,262,152,2647,109,30929
HHS Region,hhs7,2018,6,8.74478,9.08866,459,504,717,1232,213,164,2572,109,28299
HHS Region,hhs7,2018,7,7.79645,8.26291,424,487,708,1143,221,150,2425,107,29348
HHS Region,hhs7,2018,8,5.61847,6.20359,329,349,535,730,186,127,1721,106,27742
HHS Region,hhs7,2018,9,4.01667,4.79997,240,272,405,515,133,107,1267,103,26396
HHS Region,hhs7,2018,10,3.59271,4.55589,223,225,328,454,103,86,1091,105,23947
HHS Region,hhs7,2018,11,2.49904,3.62285,167,152,243,282,91,78,770,106,21254
HHS Region,hhs7,2018,12,2.73415,3.05193,143,118,171,233,53,73,620,99,20315
HHS Region,hhs7,2018,13,1.97997,2.62269,125,113,161,212,48,53,551,101,21009
HHS Region,hhs7,2018,14,1.73584,2.30708,104,109,144,171,35,48,467,97,20242
HHS Region,hhs7,2018,15,1.29236,1.66341,98,63,86,113,23,35,332,96,19959
HHS Region,hhs7,2018,16,0.875072,1.27155,75,36,56,96,20,9,236,95,18560
HHS Region,hhs7,2018,17,0.959192,1.37487,77,48,71,86,23,22,256,92,18620
HHS Region,hhs7,2018,18,0.485035,0.89904,58,21,39,58,18,6,161,91,17908
HHS Region,hhs7,2018,19,0.525801,0.858762,53,19,31,53,12,13,150,91,17467
HHS Region,hhs7,2018,20,0.614223,0.976624,47,24,33,60,9,15,155,89,15871
HHS Region,hhs7,2018,21,0.669485,1.29224,63,25,34,56,9,8,161,82,12459
HHS Region,hhs7,2018,22,0.552918,1.18458,73,9,11,46,2,4,134,79,11312
HHS Region,hhs7,2018,23,0.411285,0.862895,41,17,22,43,5,2,108,75,12516
HHS Region,hhs7,2018,24,0.36296,0.747872,49,11,13,22,2,3,87,74,11633
HHS Region,hhs7,2018,25,0.164442,0.220712,9,6,8,5,2,3,25,75,11327
HHS Region,hhs7,2018,26,0.390854,0.388753,10,7,12,16,5,5,43,73,11061
HHS Region,hhs7,2018,27,0.248292,0.90809,53,7,9,33,2,4,99,71,10902
HHS Region,hhs7,2018,28,0.174719,0.568659,31,5,6,23,1,1,61,71,10727
HHS Region,hhs7,2018,29,0.226168,0.648703,36,7,9,28,2,5,78,69,12024
HHS Region,hhs7,2018,30,0.13167,0.359066,18,2,8,14,6,0,40,70,11140
HHS Region,hhs7,2018,31,0.155556,0.358423,17,2,6,16,4,0,39,68,10881
HHS Region,hhs7,2018,32,0.277188,0.69181,41,7,9,40,2,3,93,74,13443
HHS Region,hhs7,2018,33,0.248476,0.488021,20,8,11,29,3,6,66,76,13524
HHS Region,hhs7,2018,34,0.371052,1.0242,83,13,17,69,4,2,171,74,16696
HHS Region,hhs7,2018,35,0.456272,1.02697,89,14,20,68,6,2,179,76,17430
HHS Region,hhs7,2018,36,0.701872,1.25551,86,20,25,90,5,4,205,77,16328
HHS Region,hhs7,2018,37,0.549544,0.897038,54,19,22,73,3,10,159,77,17725
HHS Region,hhs7,2018,38,0.521293,0.722043,47,17,21,52,4,5,125,77,17312
HHS Region,hhs7,2018,39,0.455528,0.738814,46,18,22,51,4,6,125,79,16919
HHS Region,hhs7,2018,40,0.809146,0.91534,77,41,55,114,14,19,265,117,28951
HHS Region,hhs7,2018,41,0.883625,1.13681,110,57,76,164,19,28,378,120,33251
HHS Region,hhs7,2018,42,0.864705,0.89369,58,55,73,102,18,16,249,88,27862
HHS Region,hhs7,2018,43,1.08692,1.26004,122,80,107,188,27,24,441,119,34999
HHS Region,hhs7,2018,44,1.29658,1.34824,129,61,96,197,35,23,445,121,33006
HHS Region,hhs7,2018,45,1.26966,1.3874,144,68,88,198,20,24,454,121,32723
HHS Region,hhs7,2018,46,0.963909,1.34178,137,57,83,188,26,22,430,122,32047
HHS Region,hhs7,2018,47,1.40643,1.73623,149,67,101,169,34,29,448,124,25803
HHS Region,hhs7,2018,48,1.37924,1.57026,158,68,108,191,40,33,490,120,31205
HHS Region,hhs7,2018,49,1.42108,1.42719,150,77,113,180,36,30,473,121,33142
HHS Region,hhs7,2018,50,2.01181,2.05154,209,84,116,294,32,37,656,123,31976
HHS Region,hhs7,2018,51,2.38016,2.74606,305,110,153,314,43,60,832,121,30298
HHS Region,hhs7,2018,52,4.34515,4.95115,459,177,279,443,102,91,1272,122,25691
HHS Region,hhs7,2019,1,3.22125,4.09036,474,206,308,296,102,99,1177,122,28775
HHS Region,hhs7,2019,2,2.54642,3.46206,401,217,299,345,82,98,1143,123,33015
HHS Region,hhs7,2019,3,3.18698,4.21963,470,228,332,595,104,67,1464,124,34695
HHS Region,hhs7,2019,4,3.25411,4.1253,423,211,309,528,98,82,1342,122,32531
HHS Region,hhs7,2019,5,4.03294,4.29784,439,197,289,600,92,85,1413,121,32877
HHS Region,hhs7,2019,6,4.03202,4.29401,451,202,290,639,88,70,1450,120,33768
HHS Region,hhs7,2019,7,4.41464,4.63366,458,250,369,698,119,94,1619,120,34940
HHS Region,hhs7,2019,8,5.26389,5.0838,462,273,383,810,110,80,1735,120,34128
HHS Region,hhs7,2019,9,4.85796,4.6458,409,247,372,740,125,91,1612,120,34698
HHS Region,hhs7,2019,10,5.11223,4.87623,360,227,320,739,93,86,1505,115,30864
HHS Region,hhs7,2019,11,5.70521,4.53146,405,286,416,551,130,115,1487,118,32815
HHS Region,hhs7,2019,12,4.82292,3.58224,268,226,328,445,102,119,1160,118,32382
HHS Region,hhs7,2019,13,3.76015,2.86355,259,161,244,291,83,87,881,115,30766
HHS Region,hhs7,2019,14,2.23979,2.04803,216,119,170,239,51,53,678,115,33105
HHS Region,hhs7,2019,15,1.85818,1.66436,171,83,131,202,48,38,542,112,32565
HHS Region,hhs7,2019,16,1.14131,1.27773,145,59,98,125,39,38,406,109,31775
HHS Region,hhs7,2019,17,0.992699,1.07838,136,43,68,106,25,33,343,110,31807
HHS Region,hhs7,2019,18,0.890895,0.945023,102,49,69,92,20,22,285,106,30158
HHS Region,hhs7,2019,19,0.755468,0.962983,100,41,60,98,19,24,282,106,29284
HHS Region,hhs7,2019,20,0.718554,0.877522,62,60,83,90,23,22,257,104,29287
HHS Region,hhs7,2019,21,0.723845,0.959066,89,39,56,65,17,25,235,93,24503
HHS Region,hhs7,2019,22,0.563432,0.878742,85,27,46,62,19,16,209,91,23784
HHS Region,hhs7,2019,23,0.534964,0.79033,58,40,63,48,23,18,187,86,23661
HHS Region,hhs7,2019,24,0.395491,0.775848,56,30,50,56,20,22,184,87,23716
HHS Region,hhs7,2019,25,0.34226,0.666273,43,35,46,53,11,16,158,87,23714
HHS Region,hhs7,2019,26,0.363781,0.604128,41,27,41,54,14,8,144,86,23836
HHS Region,hhs7,2019,27,0.280448,0.564946,49,22,27,39,5,11,126,86,22303
HHS Region,hhs7,2019,28,0.348708,0.50145,44,18,23,43,5,11,121,86,24130
HHS Region,hhs7,2019,29,0.323568,0.654143,41,36,52,48,16,15,156,86,23848
HHS Region,hhs7,2019,30,0.305277,0.571379,39,20,32,48,12,13,132,85,23102
HHS Region,hhs7,2019,31,0.291007,0.52418,39,21,31,43,10,11,124,87,23656
HHS Region,hhs7,2019,32,0.312979,0.52588,43,19,30,49,11,5,127,87,24150
HHS Region,hhs7,2019,33,0.273889,0.499449,48,16,29,39,13,11,127,87,25428
HHS Region,hhs7,2019,34,0.401812,0.666047,54,27,38,73,11,14,179,87,26875
HHS Region,hhs7,2019,35,0.520838,0.823075,74,37,45,94,8,15,228,88,27701
HHS Region,hhs7,2019,36,0.629462,0.818704,57,35,49,89,14,13,208,89,25406
HHS Region,hhs7,2019,37,0.727508,0.86942,65,57,76,107,19,12,260,91,29905
HHS Region,hhs7,2019,38,0.645669,0.830787,76,50,69,78,19,19,242,91,29129
HHS Region,hhs7,2019,39,1.0433,0.986991,96,47,65,107,18,15,283,88,28673
HHS Region,hhs7,2019,40,0.795417,1.07769,109,72,97,166,25,16,388,130,36003
HHS Region,hhs7,2019,41,0.841062,1.26418,129,73,105,189,32,26,449,132,35517
HHS Region,hhs7,2019,42,1.01154,1.45795,174,93,119,237,26,23,553,130,37930
HHS Region,hhs7,2019,43,1.11924,1.49074,174,87,124,242,37,30,570,132,38236
HHS Region,hhs7,2019,44,1.22561,1.52824,176,83,123,212,40,32,543,132,35531
HHS Region,hhs7,2019,45,1.21619,1.60508,180,107,142,246,35,34,602,132,37506
HHS Region,hhs7,2019,46,1.6625,1.92297,257,109,156,261,47,30,704,132,36610
HHS Region,hhs7,2019,47,1.50983,2.02349,307,93,130,315,37,32,784,132,38745
HHS Region,hhs7,2019,48,1.72343,3.1061,402,130,195,261,65,51,909,130,29265
HHS Region,hhs7,2019,49,1.84867,2.82039,405,223,293,351,70,43,1092,133,38718
HHS Region,hhs7,2019,50,2.18788,3.6229,452,273,358,502,85,53,1365,133,37677
HHS Region,hhs7,2019,51,2.84278,4.56831,455,301,392,687,91,65,1599,132,35002
HHS Region,hhs7,2019,52,5.61966,8.11367,677,525,678,870,153,102,2327,129,28680
HHS Region,hhs7,2020,1,4.81526,6.87198,616,598,785,613,187,146,2160,130,31432
HHS Region,hhs7,2020,2,3.57077,5.4539,457,528,714,566,186,114,1851,129,33939
HHS Region,hhs7,2020,3,5.2512,5.50954,443,404,516,790,112,87,1836,129,33324
HHS Region,hhs7,2020,4,6.07977,5.44054,412,411,536,848,125,62,1858,129,34151
HHS Region,hhs7,2020,5,6.87522,6.0623,430,418,562,1097,144,81,2170,128,35795
HHS Region,hhs7,2020,6,7.25331,6.5115,456,471,598,1231,127,107,2392,129,36735
HHS Region,hhs7,2020,7,6.36516,6.44061,437,497,685,1039,188,124,2285,128,35478
HHS Region,hhs7,2020,8,5.90277,5.99862,449,481,663,942,182,113,2167,129,36125
HHS Region,hhs7,2020,9,6.73512,5.57875,396,388,573,767,185,121,1857,127,33287
HHS Region,hhs7,2020,10,6.99512,5.3969,411,395,544,798,149,133,1886,126,34946
HHS Region,hhs7,2020,11,6.46503,5.66614,394,492,671,635,179,119,1819,123,32103
HHS Region,hhs7,2020,12,5.8964,6.11463,328,531,725,368,194,95,1516,120,24793
HHS Region,hhs7,2020,13,3.68978,4.34694,144,318,454,185,136,75,858,117,19738
HHS Region,hhs7,2020,14,1.94668,3.07701,48,216,314,102,98,69,533,118,17322
HHS Region,hhs7,2020,15,1.36285,2.15369,26,152,216,59,64,44,345,117,16019
HHS Region,hhs7,2020,16,0.968735,1.55695,33,108,144,44,36,29,250,115,16057
HHS Region,hhs7,2020,17,0.791039,1.4023,11,103,146,48,43,39,244,115,17400
HHS Region,hhs7,2020,18,0.965962,1.16659,25,87,119,44,32,30,218,116,18687
HHS Region,hhs7,2020,19,0.545341,0.89944,8,76,109,29,33,26,172,114,19123
HHS Region,hhs7,2020,20,0.502082,0.863549,15,67,111,34,44,11,171,113,19802
HHS Region,hhs7,2020,21,0.361431,0.696468,13,59,81,26,22,21,141,110,20245
HHS Region,hhs7,2020,22,0.416552,0.746643,11,55,80,21,25,22,134,112,17947
HHS Region,hhs7,2020,23,0.398923,0.665937,16,59,78,27,19,19,140,110,21023
HHS Region,hhs7,2020,24,0.341946,0.539071,13,42,61,24,19,19,117,107,21704
HHS Region,hhs7,2020,25,0.633427,0.639378,37,119,165,69,46,35,306,154,47859
HHS Region,hhs7,2020,26,0.79455,0.691078,27,138,184,86,46,38,335,156,48475
HHS Region,hhs7,2020,27,0.910638,0.86644,38,153,223,106,70,38,405,152,46743
HHS Region,hhs7,2020,28,1.0088,1.02019,62,209,283,120,74,56,521,154,51069
HHS Region,hhs7,2020,29,0.940556,1.01715,54,205,265,118,60,34,471,153,46306
HHS Region,hhs7,2020,30,0.935383,0.953131,50,177,246,129,69,47,472,154,49521
HHS Region,hhs7,2020,31,0.894021,0.952958,54,176,239,119,63,44,456,153,47851
HHS Region,hhs7,2020,32,0.92324,0.98487,66,172,240,127,68,50,483,153,49042
HHS Region,hhs7,2020,33,0.872167,0.918882,49,177,238,123,61,49,459,154,49952
HHS Region,hhs7,2020,34,0.898628,0.815792,56,123,176,131,53,42,405,151,49645
HHS Region,hhs7,2020,35,3.18223,2.01136,66,162,222,711,60,46,1045,152,51955
HHS Region,hhs7,2020,36,2.06382,1.4199,57,148,208,430,60,51,746,161,52539
HHS Region,hhs7,2020,37,1.51802,1.20733,97,154,211,265,57,48,621,161,51436
HHS Region,hhs7,2020,38,1.23131,1.08196,69,176,248,213,72,37,567,156,52405
HHS Region,hhs7,2020,39,1.30958,1.14839,62,185,266,216,81,57,601,158,52334
HHS Region,hhs7,2020,40,1.31512,1.22563,75,175,258,225,83,63,621,161,50668
HHS Region,hhs7,2020,41,1.46076,1.33866,71,220,320,248,100,92,731,161,54607
HHS Region,hhs7,2020,42,1.25785,1.15261,79,170,246,186,76,63,574,162,49800
HHS Region,hhs7,2020,43,1.33667,1.21874,78,191,286,192,95,59,615,163,50462
HHS Region,hhs7,2020,44,1.53537,1.37252,69,213,289,246,76,82,686,165,49981
HHS Region,hhs7,2020,45,2.3376,1.78692,109,256,391,383,135,94,977,164,54675
HHS Region,hhs7,2020,46,1.38065,1.43463,99,264,388,174,124,114,775,162,54021
HHS Region,hhs7,2020,47,1.50836,1.4817,95,249,370,195,121,105,765,165,51630
HHS Region,hhs7,2020,48,1.34732,1.4148,81,206,320,146,114,93,640,166,45236
HHS Region,hhs7,2020,49,1.32584,1.3338,88,216,314,182,98,69,653,167,48958
HHS Region,hhs7,2020,50,1.16939,1.18435,70,204,307,140,103,72,589,165,49732
HHS Region,hhs7,2020,51,1.20362,1.14789,77,174,270,139,96,65,551,164,48001
HHS Region,hhs7,2020,52,1.15431,1.22751,84,158,254,116,96,74,528,162,43014
HHS Region,hhs7,2020,53,1.10591,1.19905,86,156,251,121,95,70,528,159,44035
HHS Region,hhs7,2021,1,0.871118,0.943829,61,159,238,105,79,69,473,161,50115
HHS Region,hhs7,2021,2,0.855028,0.907989,77,131,190,110,59,50,427,160,47027
HHS Region,hhs7,2021,3,0.814733,0.905534,81,127,204,119,77,38,442,161,48811
HHS Region,hhs7,2021,4,0.82263,0.89272,74,129,189,117,60,26,406,158,45479
HHS Region,hhs7,2021,5,0.753854,0.80011,70,111,150,142,39,45,407,161,50868
HHS Region,hhs7,2021,6,0.711584,0.68979,79,76,118,92,42,28,317,160,45956
HHS Region,hhs7,2021,7,0.647496,0.669714,59,96,128,80,32,26,293,161,43750
HHS Region,hhs7,2021,8,0.572165,0.592595,76,80,117,89,37,29,311,161,52481
HHS Region,hhs7,2021,9,0.586642,0.631064,82,87,125,95,38,31,333,160,52768
HHS Region,hhs7,2021,10,0.59954,0.628397,72,88,123,116,35,22,333,160,52992
HHS Region,hhs7,2021,11,0.585662,0.651782,93,82,116,103,34,17,329,159,50477
HHS Region,hhs7,2021,12,0.649579,0.704608,116,98,125,116,27,19,376,156,53363
HHS Region,hhs7,2021,13,0.700575,0.809214,133,106,159,122,53,23,437,156,54003
HHS Region,hhs7,2021,14,0.693971,0.791233,115,124,171,138,47,28,452,156,57126
HHS Region,hhs7,2021,15,0.702128,0.756807,116,105,144,143,39,22,425,155,56157
HHS Region,hhs7,2021,16,0.749742,0.845379,135,122,166,149,44,29,479,158,56661
HHS Region,hhs7,2021,17,0.774519,0.837349,145,125,171,150,46,24,490,157,58518
HHS Region,hhs7,2021,18,0.781992,0.883383,164,101,154,144,53,25,487,154,55129
HHS Region,hhs7,2021,19,0.87598,0.973218,184,128,168,143,40,29,524,153,53842
HHS Region,hhs7,2021,20,0.912463,1.07042,237,119,162,168,43,29,596,153,55679
HHS Region,hhs7,2021,21,0.873351,0.999095,233,86,121,120,35,23,497,152,49745
HHS Region,hhs7,2021,22,1.18514,1.44223,361,88,120,162,32,36,679,150,47080
HHS Region,hhs7,2021,23,1.04983,1.1936,334,115,156,151,41,33,674,149,56468
HHS Region,hhs7,2021,24,1.17585,1.32573,346,136,184,174,48,38,742,148,55969
HHS Region,hhs7,2021,25,1.15989,1.29335,321,118,184,171,66,36,712,147,55051
HHS Region,hhs7,2021,26,1.13288,1.2617,257,109,159,148,50,28,592,148,46921
HHS Region,hhs7,2021,27,1.23342,1.40318,270,195,288,178,93,52,788,148,56158
HHS Region,hhs7,2021,28,1.35015,1.61739,368,224,298,215,74,50,931,148,57562
HHS Region,hhs7,2021,29,1.42786,1.66902,366,259,334,184,75,51,935,147,56021
HHS Region,hhs7,2021,30,1.49314,1.79251,415,241,339,215,98,67,1036,145,57796
HHS Region,hhs7,2021,31,1.59291,1.83132,444,267,377,196,110,60,1077,146,58810
HHS Region,hhs7,2021,32,1.49741,1.76762,381,249,351,260,102,51,1043,146,59006
HHS Region,hhs7,2021,33,1.48662,1.78783,375,266,355,248,89,62,1040,146,58171
HHS Region,hhs7,2021,34,1.59246,1.8727,392,244,332,323,88,54,1101,148,58792
HHS Region,hhs7,2021,35,1.80412,2.06561,425,221,308,453,87,69,1255,149,60757
HHS Region,hhs7,2021,36,1.90087,2.18472,409,270,361,458,91,77,1305,149,59733
HHS Region,hhs7,2021,37,1.8432,1.90688,378,241,351,406,110,54,1189,151,62353
HHS Region,hhs7,2021,38,1.71403,1.80974,340,224,325,355,101,44,1064,149,58793
HHS Region,hhs7,2021,39,1.67882,1.7863,305,203,274,334,71,62,975,150,54582
HHS Region,hhs7,2021,40,1.65544,1.70489,336,261,359,386,98,75,1156,173,67805
HHS Region,hhs7,2021,41,1.62257,1.66434,327,236,312,363,76,61,1063,166,63869
HHS Region,hhs7,2021,42,1.46861,1.59069,353,172,255,302,83,59,969,165,60917
HHS Region,hhs7,2021,43,1.49764,1.58416,337,205,285,311,80,75,1008,172,63630
HHS Region,hhs7,2021,44,1.61901,1.63192,330,222,312,379,90,63,1084,172,66425
HHS Region,hhs7,2021,45,1.71534,1.74371,337,265,364,425,99,63,1189,171,68188
HHS Region,hhs7,2021,46,1.72775,1.80866,342,246,351,452,105,95,1240,171,68559
HHS Region,hhs7,2021,47,2.09483,2.08401,419,226,341,348,115,108,1216,171,58349
HHS Region,hhs7,2021,48,2.30102,2.37164,445,413,602,554,189,151,1752,173,73873
HHS Region,hhs7,2021,49,2.65249,2.52955,415,406,571,658,165,128,1772,171,70052
HHS Region,hhs7,2021,50,3.41354,3.25698,450,333,485,834,152,105,1874,161,57538
HHS Region,hhs7,2021,51,3.65768,3.59308,550,470,653,753,183,148,2104,168,58557
HHS Region,hhs7,2021,52,4.26646,4.31664,666,903,1232,793,329,228,2919,167,67622
HHS Region,hhs7,2022,1,3.72579,3.71083,444,829,1143,714,314,243,2544,169,68556
HHS Region,hhs7,2022,2,3.70419,3.74141,404,819,1090,852,271,190,2536,171,67782
HHS Region,hhs7,2022,3,3.20565,3.36857,344,677,932,652,255,156,2084,167,61866
HHS Region,hhs7,2022,4,2.50166,2.45387,252,460,676,440,216,116,1484,169,60476
HHS Region,hhs7,2022,5,2.36712,2.18217,228,285,416,371,131,99,1114,164,51050
HHS Region,hhs7,2022,6,1.81269,1.72407,192,188,287,321,99,88,888,158,51506
HHS Region,hhs7,2022,7,1.56419,1.61103,203,149,219,315,70,66,803,159,49844
HHS Region,hhs7,2022,8,1.66685,1.68622,193,170,231,358,61,50,832,159,49341
HHS Region,hhs7,2022,9,1.84798,1.86907,235,196,276,410,80,78,999,158,53449
HHS Region,hhs7,2022,10,1.78379,1.87156,227,186,246,409,60,66,948,159,50653
HHS Region,hhs7,2022,11,2.18199,2.01816,244,227,333,385,106,76,1038,155,51433
HHS Region,hhs7,2022,12,1.77092,1.82439,253,182,251,392,69,77,973,154,53333
HHS Region,hhs7,2022,13,1.77036,1.88587,248,207,273,405,66,76,1002,152,53132
HHS Region,hhs7,2022,14,1.72523,1.80905,254,170,238,416,68,64,972,152,53730
HHS Region,hhs7,2022,15,1.65492,1.73712,231,167,226,398,59,63,918,151,52846
HHS Region,hhs7,2022,16,1.62708,1.74041,267,163,222,375,59,82,946,150,54355
HHS Region,hhs7,2022,17,1.45036,1.55807,246,165,229,326,64,67,868,150,55710
HHS Region,hhs7,2022,18,1.3919,1.47999,222,165,214,306,49,43,785,141,53041
HHS Region,hhs7,2022,19,1.2687,1.35507,236,121,187,291,66,44,758,147,55938
HHS Region,hhs7,2022,20,1.29018,1.371,258,157,217,245,60,42,762,149,55580
HHS Region,hhs7,2022,21,1.20665,1.25061,209,143,204,204,61,49,666,141,53254
HHS Region,hhs7,2022,22,1.21053,1.31258,277,135,183,183,48,62,705,140,53711
HHS Region,hhs7,2022,23,1.05524,1.10997,194,121,178,169,57,55,596,141,53695
HHS Region,hhs7,2022,24,1.06367,1.07172,178,132,182,151,50,70,581,140,54212
HHS Region,hhs7,2022,25,1.01016,1.08026,173,132,190,147,58,76,586,139,54246
HHS Region,hhs7,2022,26,0.953365,1.03089,176,126,180,143,54,62,561,139,54419
HHS Region,hhs7,2022,27,1.10775,1.15328,188,160,214,147,54,84,633,139,54887
HHS Region,hhs7,2022,28,1.02939,1.14802,173,178,242,150,64,65,630,135,54877
HHS Region,hhs7,2022,29,1.03838,1.12615,184,168,231,137,63,77,629,138,55854
HHS Region,hhs7,2022,30,1.14375,1.24403,186,195,255,135,60,78,654,137,52571
HHS Region,hhs7,2022,31,1.03083,1.1212,217,146,196,143,50,55,611,138,54495
HHS Region,hhs7,2022,32,0.957645,1.03018,192,147,194,123,47,59,568,138,55136
HHS Region,hhs7,2022,33,0.978238,1.13949,210,142,191,170,49,55,626,138,54937
HHS Region,hhs7,2022,34,0.980217,1.17106,216,134,180,238,46,43,677,139,57811
HHS Region,hhs7,2022,35,1.24217,1.41949,275,149,213,302,64,50,840,138,59176
HHS Region,hhs7,2022,36,1.3377,1.55525,317,166,208,347,42,47,919,138,59090
HHS Region,hhs7,2022,37,1.16213,1.34906,290,151,203,260,52,52,805,139,59671
HHS Region,hhs7,2022,38,1.08855,1.26018,295,123,176,245,53,42,758,149,60150
HHS Region,hhs7,2022,39,1.31733,1.56452,424,129,183,304,54,46,957,151,61169
HHS Region,hhs7,2022,40,1.78389,2.00685,460,186,269,411,83,61,1201,166,59845
HHS Region,hhs7,2022,41,1.89426,2.13443,467,198,292,424,94,111,1294,163,60625
HHS Region,hhs7,2022,42,1.93023,2.15905,604,210,277,541,67,91,1513,176,70077
HHS Region,hhs7,2022,43,2.26723,2.52448,711,295,427,622,132,104,1864,177,73837
HHS Region,hhs7,2022,44,2.90767,3.23812,828,373,516,909,143,130,2383,177,73592
HHS Region,hhs7,2022,45,3.22814,3.58544,848,428,599,1078,171,125,2650,178,73910
HHS Region,hhs7,2022,46,3.91194,4.39773,842,538,762,1488,224,157,3249,177,73879
HHS Region,hhs7,2022,47,6.76288,7.3322,1351,935,1312,2034,377,329,5026,177,68547
HHS Region,hhs7,2022,48,6.27292,6.79505,1228,1236,1765,1894,529,473,5360,174,78881
HHS Region,hhs7,2022,49,6.53623,7.38838,1115,1327,1834,2343,507,460,5752,175,77852
HHS Region,hhs7,2022,50,6.63557,7.16542,963,1160,1649,2114,489,401,5127,175,71552
HHS Region,hhs7,2022,51,6.23699,6.2097,746,874,1249,1236,375,380,3611,177,58151
HHS Region,hhs7,2022,52,4.61233,4.76959,660,809,1174,713,365,408,2955,175,61955
HHS Region,hhs7,2023,1,3.07497,3.05367,393,572,828,482,256,273,1976,177,64709
HHS Region,hhs7,2023,2,2.2184,2.20949,252,395,579,418,184,170,1419,176,64223
HHS Region,hhs7,2023,3,1.83389,1.86983,218,327,457,386,130,112,1173,175,62733
HHS Region,hhs7,2023,4,1.83974,1.92058,226,327,447,465,120,89,1227,175,63887
HHS Region,hhs7,2023,5,1.72275,1.81318,241,285,387,401,102,98,1127,174,62156
HHS Region,hhs7,2023,6,1.71037,1.81689,273,301,423,431,122,99,1226,176,67478
HHS Region,hhs7,2023,7,1.89186,1.9606,307,261,379,478,118,92,1256,175,64062
HHS Region,hhs7,2023,8,1.59399,1.7492,270,260,376,419,116,89,1154,174,65973
HHS Region,hhs7,2023,9,1.70473,1.80403,300,277,388,421,111,103,1212,175,67183
HHS Region,hhs7,2023,10,1.81532,1.96196,343,282,401,448,119,116,1308,174,66668
HHS Region,hhs7,2023,11,1.81361,1.95984,343,235,368,355,133,108,1174,175,59903
HHS Region,hhs7,2023,12,1.5984,1.73226,289,254,360,372,106,108,1129,176,65175
HHS Region,hhs7,2023,13,1.49435,1.63954,289,226,336,367,110,105,1097,173,66909
HHS Region,hhs7,2023,14,1.29918,1.45876,253,203,298,317,95,90,958,173,65672
HHS Region,hhs7,2023,15,1.2667,1.32916,241,186,253,330,67,71,895,174,67336
HHS Region,hhs7,2023,16,1.17385,1.2583,241,159,216,295,57,55,807,169,64134
HHS Region,hhs7,2023,17,1.26192,1.42278,253,195,249,354,54,46,902,170,63397
HHS Region,hhs7,2023,18,1.18359,1.31756,243,169,231,322,62,54,850,169,64513
HHS Region,hhs7,2023,19,1.01726,1.14841,217,134,185,282,51,56,740,169,64437
HHS Region,hhs7,2023,20,0.91938,1.02596,179,105,147,261,42,49,636,170,61991
HHS Region,hhs7,2023,21,0.991795,1.09887,211,154,199,225,45,54,689,170,62701
HHS Region,hhs7,2023,22,0.952696,1.01561,183,132,180,199,48,56,618,168,60850
HHS Region,hhs7,2023,23,0.71492,0.742471,160,95,137,129,42,38,464,165,62494
HHS Region,hhs7,2023,24,0.725208,0.811255,165,97,135,149,38,40,489,166,60277
HHS Region,hhs7,2023,25,0.628807,0.710584,118,104,144,138,40,36,436,166,61358
HHS Region,hhs7,2023,26,0.514689,0.583048,104,86,120,108,34,25,357,164,61230
HHS Region,hhs7,2023,27,0.564349,0.636243,98,69,111,132,42,24,365,164,57368
HHS Region,hhs7,2023,28,0.5977,0.656187,107,98,141,130,43,24,402,163,61263
HHS Region,hhs7,2023,29,0.563793,0.604852,97,92,135,100,43,38,370,166,61172
HHS Region,hhs7,2023,30,0.657104,0.697727,118,99,132,142,33,39,431,165,61772
HHS Region,hhs7,2023,31,0.63964,0.625104,110,86,120,99,34,46,375,162,59990
HHS Region,hhs7,2023,32,0.713766,0.724041,95,93,133,123,40,45,396,153,54693
HHS Region,hhs7,2023,33,0.714167,0.734435,111,120,176,131,56,47,465,164,63314
HHS Region,hhs7,2023,34,0.734138,0.776699,130,130,174,165,44,43,512,163,65920
HHS Region,hhs7,2023,35,0.989255,1.07226,148,175,227,302,52,52,729,163,67987
HHS Region,hhs7,2023,36,1.29969,1.37708,213,212,281,362,69,67,923,166,67026
HHS Region,hhs7,2023,37,1.04415,1.15427,174,194,253,277,59,68,772,165,66882
HHS Region,hhs7,2023,38,1.07422,1.11282,180,188,247,264,59,63,754,166,67756
HHS Region,hhs7,2023,39,0.976805,1.06736,193,154,203,258,49,73,727,165,68112
HHS Region,hhs7,2023,40,1.12104,1.20701,191,204,280,285,76,55,811,183,67191
HHS Region,hhs7,2023,41,1.33873,1.37756,236,185,270,348,85,100,954,183,69253
HHS Region,hhs7,2023,42,1.25563,1.34193,227,172,277,324,105,90,918,183,68409
HHS Region,hhs7,2023,43,1.41302,1.53773,262,227,323,376,96,103,1064,184,69193
HHS Region,hhs7,2023,44,1.41715,1.53542,249,232,345,336,113,94,1024,184,66692
HHS Region,hhs7,2023,45,1.63729,1.78235,340,287,403,426,116,108,1277,184,71647
HHS Region,hhs7,2023,46,1.91697,1.91557,360,293,420,495,127,128,1403,184,73242
HHS Region,hhs7,2023,47,2.21,2.21085,445,249,352,422,103,112,1331,185,60203
HHS Region,hhs7,2023,48,2.26464,2.34822,428,419,576,544,157,155,1703,183,72523
HHS Region,hhs7,2023,49,2.39344,2.52669,477,391,601,591,210,158,1827,183,72308
HHS Region,hhs7,2023,50,2.92075,3.01675,590,468,640,794,172,162,2186,185,72462
HHS Region,hhs7,2023,51,3.09671,3.24567,604,532,744,703,212,215,2266,184,69816
HHS Region,hhs7,2023,52,3.45193,3.75119,705,569,859,570,290,268,2402,183,64033
HHS Region,hhs7,2024,1,3.21738,3.38955,578,645,909,560,264,240,2287,183,67472
HHS Region,hhs7,2024,2,2.81221,2.94615,381,524,737,497,213,162,1777,181,60316
HHS Region,hhs7,2024,3,2.29971,2.46338,337,431,590,432,159,111,1470,184,59674
HHS Region,hhs7,2024,4,2.44348,2.57395,363,468,637,648,169,108,1756,183,68222
HHS Region,hhs7,2024,5,3.17124,3.26426,406,528,722,1025,194,158,2311,184,70797
HHS Region,hhs7,2024,6,3.51501,3.72338,475,670,858,1227,188,152,2712,182,72837
HHS Region,hhs7,2024,7,3.75935,3.90932,458,705,902,1218,197,162,2740,182,70089
HHS Region,hhs7,2024,8,4.37182,4.55114,561,812,1066,1459,254,225,3311,182,72751
HHS Region,hhs7,2024,9,4.35621,4.84758,522,890,1135,1315,245,229,3201,170,66033
HHS Region,hhs7,2024,10,3.7825,4.06918,491,709,964,1264,255,222,2941,179,72275
HHS Region,hhs7,2024,11,3.44459,3.62252,514,631,822,893,191,202,2431,181,67108
HHS Region,hhs7,2024,12,2.56608,2.77956,390,526,706,647,180,166,1909,180,68680
HHS Region,hhs7,2024,13,2.53533,2.75443,327,477,633,632,156,155,1747,179,63425
HHS Region,hhs7,2024,14,2.25694,2.39985,338,428,582,547,154,145,1612,181,67171
HHS Region,hhs7,2024,15,1.80197,1.99785,339,327,442,500,115,112,1393,179,69725
HHS Region,hhs7,2024,16,1.66701,1.79362,271,309,408,477,99,100,1256,178,70026
HHS Region,hhs7,2024,17,1.41845,1.6056,280,223,310,409,87,89,1088,178,67763
HHS Region,hhs7,2024,18,1.06807,1.22077,249,145,213,262,68,71,795,179,65123
HHS Region,hhs7,2024,19,0.951573,1.11447,218,167,226,233,59,50,727,176,65233
HHS Region,hhs7,2024,20,1.06621,1.16581,201,132,194,254,62,51,700,176,60044
HHS Region,hhs7,2024,21,0.967279,1.11303,185,124,189,194,65,57,625,165,56153
HHS Region,hhs7,2024,22,0.937827,1.05046,184,117,154,157,37,54,549,160,52263
HHS Region,hhs7,2024,23,0.814568,0.837765,117,94,125,150,31,57,449,159,53595
HHS Region,hhs7,2024,24,0.672049,0.781832,106,97,143,136,46,45,430,159,54999
HHS Region,hhs7,2024,25,0.608931,0.695704,116,83,106,99,23,51,372,160,53471
HHS Region,hhs7,2024,26,0.513556,0.606807,87,90,120,80,30,43,330,158,54383
HHS Region,hhs7,2024,27,0.659599,0.714673,90,96,144,104,48,31,369,158,51632
HHS Region,hhs7,2024,28,0.619087,0.712788,100,111,166,93,55,42,401,156,56258
HHS Region,hhs7,2024,29,0.670685,0.74109,93,106,145,117,39,54,409,155,55189
HHS Region,hhs7,2024,30,0.68997,0.793651,101,124,178,113,54,43,435,157,54810
HHS Region,hhs7,2024,31,0.810894,0.895598,98,142,197,133,55,65,493,154,55047
HHS Region,hhs7,2024,32,0.749983,0.817731,105,126,169,122,43,53,449,155,54908
HHS Region,hhs7,2024,33,0.760215,0.839778,107,114,165,140,51,56,468,156,55729
HHS Region,hhs7,2024,34,0.865515,0.962202,117,140,190,160,50,63,530,156,55082
HHS Region,hhs7,2024,35,0.976771,1.08223,161,145,188,223,43,50,622,156,57474
HHS Region,hhs7,2024,36,1.15192,1.29898,159,194,258,237,64,67,721,156,55505
HHS Region,hhs7,2024,37,1.07151,1.17285,141,148,212,249,64,68,670,156,57126
HHS Region,hhs7,2024,38,1.06817,1.17714,149,168,233,236,65,65,683,156,58022
HHS Region,hhs7,2024,39,1.06841,1.2091,148,172,225,227,53,71,671,150,55496
HHS Region,hhs7,2024,40,1.20242,1.33401,143,180,232,345,52,73,793,169,59445
HHS Region,hhs7,2024,41,1.28265,1.4878,187,194,261,374,67,74,896,169,60223
HHS Region,hhs7,2024,42,1.31479,1.4666,198,193,251,321,58,73,843,169,57480
HHS Region,hhs7,2024,43,1.32765,1.44522,182,197,273,356,76,78,889,170,61513
HHS Region,hhs7,2024,44,1.35334,1.4541,166,204,283,341,79,83,873,169,60037
HHS Region,hhs7,2024,45,1.33044,1.52708,184,216,300,356,84,66,906,168,59329
HHS Region,hhs7,2024,46,1.43928,1.59637,193,221,316,371,95,78,958,170,60011
HHS Region,hhs7,2024,47,1.53106,1.71084,203,241,336,415,95,66,1020,168,59620
HHS Region,hhs7,2024,48,1.85639,1.9878,242,233,309,377,76,92,1020,167,51313
HHS Region,hhs7,2024,49,2.05322,2.26769,263,339,481,477,142,129,1350,170,59532
HHS Region,hhs7,2024,50,2.31343,2.51292,286,346,505,602,159,139,1532,169,60965
HHS Region,hhs7,2024,51,3.37115,3.63565,505,492,698,855,206,176,2234,168,61447
HHS Region,hhs7,2024,52,5.15316,5.5673,719,873,1215,910,342,342,3186,166,57227
HHS Region,hhs7,2025,1,4.94596,5.4117,763,873,1235,701,362,417,3116,167,57579
HHS Region,hhs7,2025,2,3.6302,4.1345,525,558,861,561,303,238,2185,168,52848
HHS Region,hhs7,2025,3,3.51745,3.80873,443,546,776,720,230,214,2153,167,56528
HHS Region,hhs7,2025,4,4.47544,4.83672,532,701,1007,874,306,250,2663,170,55058
HHS Region,hhs7,2025,5,6.33249,6.58132,762,998,1454,1504,456,372,4092,168,62176
HHS Region,hhs7,2025,6,7.07523,7.29977,836,1108,1549,1644,441,427,4456,167,61043
HHS Region,hhs7,2025,7,6.75228,7.0401,793,1000,1496,1336,496,378,4003,167,56860
HHS Region,hhs7,2025,8,4.89771,5.19557,536,768,1139,759,371,309,2743,168,52795
HHS Region,hhs7,2025,9,3.666,3.84735,399,600,906,578,306,346,2229,167,57936
HHS Region,hhs7,2025,10,2.92437,3.10325,330,490,713,447,223,258,1748,168,56328
HHS Region,hhs7,2025,11,2.34109,2.4402,275,371,547,397,176,202,1421,167,58233
HHS Region,hhs7,2025,12,1.96428,2.06644,253,277,426,256,149,166,1101,168,53280
HHS Region,hhs7,2025,13,1.49213,1.62077,189,246,372,243,126,116,920,167,56763
HHS Region,hhs7,2025,14,1.29896,1.38037,138,217,304,233,87,83,758,168,54913
HHS Region,hhs7,2025,15,1.24112,1.37273,138,174,259,248,85,64,709,166,51649
HHS Region,hhs7,2025,16,1.22301,1.38773,173,181,247,229,66,81,730,166,52604
HHS Region,hhs7,2025,17,1.06948,1.23717,152,156,224,202,68,68,646,165,52216
HHS Region,hhs7,2025,18,1.07774,1.16306,143,145,214,191,69,63,611,164,52534
HHS Region,hhs7,2025,19,1.0022,1.13179,160,130,196,178,66,65,599,164,52925
HHS Region,hhs7,2025,20,0.961918,1.0879,153,137,194,201,57,41,589,164,54141
HHS Region,hhs7,2025,21,0.880358,0.978728,139,118,175,130,57,52,496,161,50678
HHS Region,hhs7,2025,22,0.857804,0.921533,123,120,162,115,42,39,439,157,47638
HHS Region,hhs7,2025,23,0.665674,0.743326,88,106,144,92,38,36,360,156,48431
HHS Region,hhs7,2025,24,0.493215,0.582628,72,67,106,73,39,32,283,155,48573
HHS Region,hhs7,2025,25,0.530248,0.57006,75,70,105,67,35,22,269,152,47188
HHS Region,hhs7,2025,26,0.495712,0.58168,63,76,109,71,33,30,273,152,46933
HHS Region,hhs7,2025,27,0.448726,0.494915,62,59,84,59,25,31,236,152,47685
HHS Region,hhs7,2025,28,0.458537,0.483468,75,81,100,51,19,22,248,150,51296
HHS Region,hhs7,2025,29,0.455638,0.477155,61,54,83,72,29,22,238,152,49879
HHS Region,hhs7,2025,30,0.447221,0.477512,71,74,94,62,20,19,246,152,51517
HHS Region,hhs7,2025,31,0.439498,0.504606,57,68,98,75,30,22,252,151,49940
HHS Region,hhs7,2025,32,0.434736,0.523702,65,75,102,70,27,34,271,152,51747
HHS Region,hhs7,2025,33,0.577566,0.64445,76,100,145,77,45,41,339,152,52603
HHS Region,hhs7,2025,34,0.63079,0.759187,89,104,149,145,45,24,407,152,53610
HHS Region,hhs7,2025,35,0.869332,1.00194,105,142,186,209,44,43,543,153,54195
HHS Region,hhs7,2025,36,0.987483,1.12955,131,184,234,184,50,48,597,153,52853
HHS Region,hhs7,2025,37,1.01819,1.17068,120,205,267,194,62,71,652,152,55694
HHS Region,hhs7,2025,38,0.941303,1.03819,116,176,231,171,55,48,566,153,54518
HHS Region,hhs7,2025,39,0.868059,0.982974,135,151,196,156,45,43,530,154,53918
HHS Region,hhs7,2025,40,0.870648,0.9773,140,139,187,201,48,36,564,167,57710
HHS Region,hhs7,2025,41,0.987205,1.09179,152,156,199,202,43,49,602,167,55139
HHS Region,hhs7,2025,42,0.987192,1.107,159,164,218,204,54,50,631,168,57001
HHS Region,hhs7,2025,43,1.06879,1.20537,185,158,200,224,42,56,665,164,55170
HHS Region,hhs7,2025,44,1.00455,1.14981,165,159,194,201,35,55,615,162,53487
HHS Region,hhs7,2025,45,1.17046,1.31285,177,178,238,243,60,64,722,164,54995
HHS Region,hhs7,2025,46,1.24274,1.407,173,191,250,264,59,62,749,159,53234
HHS Region,hhs8,2010,1,0.941782114488605,0.975827224093521,183,150,205,162,55,41,591,135,60564
HHS Region,hhs8,2010,2,0.711873825796036,0.769776332404989,110,111,168,132,57,35,445,134,57809
HHS Region,hhs8,2010,3,1.05285589704994,1.15854067466971,260,151,204,196,53,31,691,137,59644
HHS Region,hhs8,2010,4,1.28619877763959,1.36137278179492,305,159,304,241,145,33,883,137,64861
HHS Region,hhs8,2010,5,1.25377862871695,1.20407776795859,307,121,167,270,46,19,763,132,63368
HHS Region,hhs8,2010,6,1.1134048428888,1.22598721382022,305,132,181,260,49,46,792,131,64601
HHS Region,hhs8,2010,7,1.10285718069692,1.14369813461948,229,118,163,228,45,25,645,114,56396
HHS Region,hhs8,2010,8,1.28187293580944,1.2932963393896,323,145,214,281,69,49,867,131,67038
HHS Region,hhs8,2010,9,1.11446692498954,1.10463111928292,257,119,177,289,58,46,769,132,69616
HHS Region,hhs8,2010,10,1.03303063802581,1.10499715900595,254,132,190,241,58,54,739,133,66878
HHS Region,hhs8,2010,11,0.949060095490471,0.993491483187698,214,115,160,176,45,56,606,131,60997
HHS Region,hhs8,2010,12,0.845689973463094,0.968960420430284,234,119,162,151,43,43,590,132,60890
HHS Region,hhs8,2010,13,0.822982407771647,0.939422826934743,185,98,152,168,54,37,542,132,57695
HHS Region,hhs8,2010,14,0.746085842078468,0.82697847822403,159,94,136,152,42,41,488,133,59010
HHS Region,hhs8,2010,15,0.681803620482339,0.764718734768652,170,96,132,128,36,25,455,133,59499
HHS Region,hhs8,2010,16,0.796174899740078,0.950267159884916,220,101,147,165,46,46,578,134,60825
HHS Region,hhs8,2010,17,0.701022663992128,0.814499074808353,202,72,108,144,36,39,493,133,60528
HHS Region,hhs8,2010,18,0.563336790334242,0.656432521838011,118,68,86,143,18,34,381,130,58041
HHS Region,hhs8,2010,19,0.629227255604651,0.718822223435424,143,70,96,125,26,31,395,125,54951
HHS Region,hhs8,2010,20,0.59253040093785,0.723846196567747,170,56,85,103,29,33,391,124,54017
HHS Region,hhs8,2010,21,0.536054427611945,0.603770719018778,134,61,72,83,11,29,318,117,52669
HHS Region,hhs8,2010,22,0.536396758962389,0.639624874806519,108,49,78,63,29,32,281,109,43932
HHS Region,hhs8,2010,23,0.377245848041845,0.394052648683783,86,28,40,56,12,12,194,107,49232
HHS Region,hhs8,2010,24,0.294360348658772,0.328366273874099,76,26,34,44,8,4,158,109,48117
HHS Region,hhs8,2010,25,0.314605813176168,0.338634973346151,77,25,38,33,13,7,155,108,45772
HHS Region,hhs8,2010,26,0.306336642293156,0.274603596421295,53,26,34,33,8,4,124,106,45156
HHS Region,hhs8,2010,27,0.353049880690467,0.334118004404283,61,24,33,33,9,5,132,108,39507
HHS Region,hhs8,2010,28,0.313188602798895,0.353442432458604,74,28,37,32,9,3,146,95,41308
HHS Region,hhs8,2010,29,0.229780579721116,0.240007177784756,53,16,21,31,5,2,107,103,44582
HHS Region,hhs8,2010,30,0.289597687435931,0.292945611200862,48,37,47,36,10,5,136,104,46425
HHS Region,hhs8,2010,31,0.220117272086786,0.231519761865388,44,17,25,26,8,3,98,99,42329
HHS Region,hhs8,2010,32,0.253455896404815,0.269511256058341,43,23,36,33,13,7,119,100,44154
HHS Region,hhs8,2010,33,0.261040038175385,0.285481239804241,52,24,34,47,10,7,140,113,49040
HHS Region,hhs8,2010,34,0.295709580457495,0.320589885389116,76,23,30,50,7,4,160,110,49908
HHS Region,hhs8,2010,35,0.413172904505435,0.466270912034539,78,33,44,88,11,6,216,89,46325
HHS Region,hhs8,2010,36,0.595825691023213,0.608741024175715,126,15,25,89,10,5,245,89,40247
HHS Region,hhs8,2010,37,0.540881814589086,0.557997242330231,96,41,50,99,9,14,259,87,46416
HHS Region,hhs8,2010,38,0.522486080851167,0.560610634352495,105,56,76,66,20,13,260,83,46378
HHS Region,hhs8,2010,39,0.492163016954617,0.536017188736854,86,35,51,89,16,11,237,86,44215
HHS Region,hhs8,2010,40,0.659316,0.688494,82,58,93,120,35,20,315,99,45752
HHS Region,hhs8,2010,41,0.540524,0.579103,55,62,80,110,18,12,257,102,44379
HHS Region,hhs8,2010,42,0.620904,0.631963,58,79,111,106,32,16,291,105,46047
HHS Region,hhs8,2010,43,0.72754,0.705801,77,59,92,126,33,11,306,99,43355
HHS Region,hhs8,2010,44,0.754633,0.771847,84,71,98,153,27,19,354,108,45864
HHS Region,hhs8,2010,45,0.653131,0.663631,66,62,91,117,29,16,290,97,43699
HHS Region,hhs8,2010,46,0.720076,0.728806,78,73,90,141,17,9,318,92,43633
HHS Region,hhs8,2010,47,0.719671,0.709284,63,53,76,83,23,14,236,105,33273
HHS Region,hhs8,2010,48,0.749755,0.74877,81,74,113,129,39,21,344,103,45942
HHS Region,hhs8,2010,49,0.803936,0.764202,71,70,106,142,36,20,339,103,44360
HHS Region,hhs8,2010,50,0.820845,0.795665,67,83,116,120,33,23,326,98,40972
HHS Region,hhs8,2010,51,0.892953,1.00549,93,50,78,110,28,21,302,92,30035
HHS Region,hhs8,2010,52,0.985023,1.11879,102,78,119,95,41,16,332,87,29675
HHS Region,hhs8,2011,1,0.724956,0.8338,79,87,126,132,39,20,357,87,42816
HHS Region,hhs8,2011,2,1.35589,1.13397,83,103,139,166,36,21,409,81,36068
HHS Region,hhs8,2011,3,1.44967,1.53432,144,144,194,265,50,24,627,93,40865
HHS Region,hhs8,2011,4,1.53869,1.83981,148,185,250,355,65,28,781,88,42450
HHS Region,hhs8,2011,5,2.2115,2.36038,179,213,278,480,65,30,967,88,40968
HHS Region,hhs8,2011,6,2.5188,2.66764,235,272,353,621,81,29,1238,93,46408
HHS Region,hhs8,2011,7,2.65461,2.85394,240,253,329,661,76,44,1274,89,44640
HHS Region,hhs8,2011,8,2.51181,2.76227,226,231,317,572,86,48,1163,87,42103
HHS Region,hhs8,2011,9,2.24292,2.53269,205,242,348,500,106,51,1104,84,43590
HHS Region,hhs8,2011,10,2.13623,2.21799,231,232,316,413,84,42,1002,91,45176
HHS Region,hhs8,2011,11,1.697,1.74848,198,167,226,346,59,45,815,89,46612
HHS Region,hhs8,2011,12,1.39708,1.43239,157,144,204,294,60,21,676,91,47194
HHS Region,hhs8,2011,13,1.10508,1.17928,160,95,139,173,44,26,498,86,42229
HHS Region,hhs8,2011,14,0.82457,0.880982,103,79,103,138,24,17,361,79,40977
HHS Region,hhs8,2011,15,0.79173,0.777068,97,60,87,129,27,18,331,85,42596
HHS Region,hhs8,2011,16,0.63713,0.669308,78,37,61,122,24,11,272,83,40639
HHS Region,hhs8,2011,17,0.586726,0.634069,69,50,76,100,26,8,253,79,39901
HHS Region,hhs8,2011,18,0.508552,0.535572,55,48,64,90,16,6,215,80,40144
HHS Region,hhs8,2011,19,0.453815,0.488882,61,29,38,80,9,7,186,80,38046
HHS Region,hhs8,2011,20,0.467729,0.503634,55,30,44,80,14,6,185,76,36733
HHS Region,hhs8,2011,21,0.394367,0.438336,56,30,37,54,7,8,155,69,35361
HHS Region,hhs8,2011,22,0.367483,0.413696,42,28,41,34,13,6,123,71,29732
HHS Region,hhs8,2011,23,0.324692,0.366576,41,23,35,38,12,8,122,67,33281
HHS Region,hhs8,2011,24,0.30131,0.342274,50,28,36,29,8,1,116,66,33891
HHS Region,hhs8,2011,25,0.240923,0.274871,32,16,23,27,7,6,88,67,32015
HHS Region,hhs8,2011,26,0.255479,0.25692,19,18,25,38,7,2,84,65,32695
HHS Region,hhs8,2011,27,0.371284,0.392749,25,20,31,38,11,10,104,65,26480
HHS Region,hhs8,2011,28,0.216589,0.26369,29,15,27,26,12,4,86,62,32614
HHS Region,hhs8,2011,29,0.315589,0.357375,40,30,36,33,6,1,110,58,30780
HHS Region,hhs8,2011,30,0.274777,0.331337,37,22,26,34,4,7,104,60,31388
HHS Region,hhs8,2011,31,0.298386,0.358311,40,23,33,44,10,9,126,68,35165
HHS Region,hhs8,2011,32,0.280377,0.301981,30,24,30,44,6,5,109,66,36095
HHS Region,hhs8,2011,33,0.287781,0.315543,26,25,34,50,9,6,116,68,36762
HHS Region,hhs8,2011,34,0.31778,0.339322,25,32,40,51,8,13,129,70,38017
HHS Region,hhs8,2011,35,0.445527,0.474237,52,43,51,69,8,6,178,70,37534
HHS Region,hhs8,2011,36,0.472375,0.509518,29,37,42,84,5,8,163,70,31991
HHS Region,hhs8,2011,37,0.466093,0.50322,38,50,63,88,13,4,193,71,38353
HHS Region,hhs8,2011,38,0.647739,0.666742,48,80,104,123,24,19,294,87,44095
HHS Region,hhs8,2011,39,0.63518,0.656622,66,73,100,113,27,13,292,85,44470
HHS Region,hhs8,2011,40,0.986923,0.977837,128,119,148,197,29,26,499,111,51031
HHS Region,hhs8,2011,41,0.826278,0.933935,145,121,160,203,39,20,528,124,56535
HHS Region,hhs8,2011,42,0.807497,0.89475,162,100,135,203,35,15,515,127,57558
HHS Region,hhs8,2011,43,0.856544,0.947307,172,107,153,201,46,11,537,125,56687
HHS Region,hhs8,2011,44,0.934151,1.07279,168,123,163,240,40,21,592,127,55183
HHS Region,hhs8,2011,45,0.963464,1.08719,191,118,151,246,33,12,600,126,55188
HHS Region,hhs8,2011,46,1.01435,1.09205,190,129,174,237,45,16,617,124,56499
HHS Region,hhs8,2011,47,1.05816,1.26577,193,138,176,187,38,24,580,128,45822
HHS Region,hhs8,2011,48,0.93762,1.01964,138,141,192,212,51,25,567,124,55608
HHS Region,hhs8,2011,49,0.918249,1.01001,138,110,144,248,34,17,547,125,54158
HHS Region,hhs8,2011,50,0.992111,1.10145,167,131,173,244,42,25,609,124,55291
HHS Region,hhs8,2011,51,1.02736,1.13762,157,139,190,197,51,22,566,123,49753
HHS Region,hhs8,2011,52,1.10691,1.28329,173,164,212,181,48,30,596,119,46443
HHS Region,hhs8,2012,1,1.05437,1.2171,191,159,218,195,59,29,633,121,52009
HHS Region,hhs8,2012,2,1.09694,1.21964,205,172,230,242,58,23,700,124,57394
HHS Region,hhs8,2012,3,1.13381,1.24528,224,135,172,260,37,24,680,124,54606
HHS Region,hhs8,2012,4,1.28828,1.42262,251,172,230,321,58,25,827,123,58132
HHS Region,hhs8,2012,5,1.49922,1.72396,348,176,232,378,56,31,989,123,57368
HHS Region,hhs8,2012,6,1.5567,1.76032,323,206,278,389,72,20,1010,119,57376
HHS Region,hhs8,2012,7,1.63854,1.88531,336,225,301,407,76,37,1081,122,57338
HHS Region,hhs8,2012,8,1.85078,2.08359,352,258,336,463,78,31,1182,119,56729
HHS Region,hhs8,2012,9,1.69812,1.91625,328,274,359,482,85,46,1215,120,63405
HHS Region,hhs8,2012,10,1.79065,1.99211,260,282,379,492,97,40,1171,119,58782
HHS Region,hhs8,2012,11,2.20177,2.37195,319,328,428,517,100,60,1324,115,55819
HHS Region,hhs8,2012,12,1.59029,1.69449,234,232,305,362,73,39,940,116,55474
HHS Region,hhs8,2012,13,1.46089,1.65784,212,193,263,344,70,39,858,112,51754
HHS Region,hhs8,2012,14,1.20787,1.35865,169,162,225,263,63,37,694,118,51080
HHS Region,hhs8,2012,15,1.11695,1.24602,142,175,218,242,43,39,641,114,51444
HHS Region,hhs8,2012,16,0.945417,1.06281,135,131,180,223,49,28,566,114,53255
HHS Region,hhs8,2012,17,0.937586,1.07675,121,119,169,242,50,31,563,114,52287
HHS Region,hhs8,2012,18,0.908343,0.973474,113,97,123,189,26,22,447,98,45918
HHS Region,hhs8,2012,19,0.771157,0.897228,105,95,118,209,23,17,449,109,50043
HHS Region,hhs8,2012,20,0.80287,0.909072,108,100,134,180,34,19,441,107,48511
HHS Region,hhs8,2012,21,0.601032,0.746932,106,84,104,149,20,11,370,104,49536
HHS Region,hhs8,2012,22,0.812736,1.0767,133,112,137,194,25,20,484,107,44952
HHS Region,hhs8,2012,23,0.665369,0.833048,94,98,133,147,35,15,389,104,46696
HHS Region,hhs8,2012,24,0.592723,0.780926,90,85,105,127,20,17,339,90,43410
HHS Region,hhs8,2012,25,0.564215,0.744743,98,65,90,120,25,9,317,87,42565
HHS Region,hhs8,2012,26,0.490352,0.654332,70,63,84,100,21,13,267,84,40805
HHS Region,hhs8,2012,27,0.450704,0.623526,64,52,69,93,17,12,238,87,38170
HHS Region,hhs8,2012,28,0.449177,0.558289,65,57,71,96,14,4,236,86,42272
HHS Region,hhs8,2012,29,0.46789,0.576245,84,53,63,90,10,5,242,81,41996
HHS Region,hhs8,2012,30,0.51303,0.650765,73,53,77,107,24,9,266,78,40875
HHS Region,hhs8,2012,31,0.504355,0.586074,66,69,81,96,12,9,252,84,42998
HHS Region,hhs8,2012,32,0.444484,0.529969,64,51,63,83,12,16,226,82,42644
HHS Region,hhs8,2012,33,0.53001,0.646742,97,54,75,102,21,11,285,85,44067
HHS Region,hhs8,2012,34,0.530968,0.606116,70,74,88,99,14,10,267,82,44051
HHS Region,hhs8,2012,35,0.578547,0.694615,70,78,93,135,15,14,312,81,44917
HHS Region,hhs8,2012,36,0.729418,0.958986,85,89,117,173,28,8,383,83,39938
HHS Region,hhs8,2012,37,0.678428,0.902219,82,102,121,190,19,14,407,83,45111
HHS Region,hhs8,2012,38,0.579878,0.705231,91,68,85,144,17,11,331,85,46935
HHS Region,hhs8,2012,39,0.712934,0.850367,76,77,110,171,33,22,379,80,44569
HHS Region,hhs8,2012,40,0.777279,0.828528,97,93,120,181,27,23,421,116,50813
HHS Region,hhs8,2012,41,0.796538,0.852966,112,70,108,202,38,15,437,118,51233
HHS Region,hhs8,2012,42,0.805817,0.882557,114,109,147,160,38,25,446,118,50535
HHS Region,hhs8,2012,43,0.72746,0.810727,125,73,97,169,24,25,416,118,51312
HHS Region,hhs8,2012,44,0.922182,1.03978,121,115,154,231,39,23,529,116,50876
HHS Region,hhs8,2012,45,0.93274,1.00709,137,119,157,209,38,20,523,115,51932
HHS Region,hhs8,2012,46,1.02407,1.09685,146,145,178,238,33,20,582,119,53061
HHS Region,hhs8,2012,47,1.41876,1.58199,178,129,166,288,37,20,652,112,41214
HHS Region,hhs8,2012,48,1.32822,1.51131,191,194,265,371,71,37,864,121,57169
HHS Region,hhs8,2012,49,1.68848,1.90585,238,218,300,441,82,42,1021,118,53572
HHS Region,hhs8,2012,50,2.42542,2.56104,276,269,374,547,105,48,1245,102,48613
HHS Region,hhs8,2012,51,3.18065,3.47322,395,356,502,841,146,106,1844,111,53092
HHS Region,hhs8,2012,52,4.09753,4.81578,513,520,692,721,172,113,2039,111,42340
HHS Region,hhs8,2013,1,3.74481,4.32719,553,608,826,626,218,138,2143,113,49524
HHS Region,hhs8,2013,2,3.85313,4.17969,490,698,1015,812,317,156,2473,118,59167
HHS Region,hhs8,2013,3,4.13787,4.36192,521,689,956,927,267,113,2517,122,57704
HHS Region,hhs8,2013,4,3.97647,4.17891,497,565,763,880,198,135,2275,116,54440
HHS Region,hhs8,2013,5,3.44291,3.63424,462,494,676,815,182,97,2050,113,56408
HHS Region,hhs8,2013,6,2.97312,3.1364,424,371,551,732,180,98,1805,112,57550
HHS Region,hhs8,2013,7,2.63255,2.66645,371,338,490,560,152,52,1473,115,55242
HHS Region,hhs8,2013,8,2.17155,2.32335,363,296,388,463,92,71,1285,116,55308
HHS Region,hhs8,2013,9,2.10319,2.06768,278,267,370,404,103,68,1120,110,54167
HHS Region,hhs8,2013,10,1.79868,1.7701,233,228,313,380,85,54,980,111,55364
HHS Region,hhs8,2013,11,1.75337,1.7017,223,214,288,357,74,46,914,108,53711
HHS Region,hhs8,2013,12,1.21262,1.27715,151,184,248,283,64,20,702,116,54966
HHS Region,hhs8,2013,13,1.24913,1.2228,162,137,193,246,56,38,639,115,52257
HHS Region,hhs8,2013,14,1.16801,1.19105,169,166,222,176,56,31,598,111,50208
HHS Region,hhs8,2013,15,1.01314,1.00945,114,124,166,197,42,25,502,112,49730
HHS Region,hhs8,2013,16,1.01639,0.926832,100,117,152,191,35,21,464,113,50063
HHS Region,hhs8,2013,17,1.00657,0.934198,122,110,133,209,23,17,481,111,51488
HHS Region,hhs8,2013,18,1.00405,0.958751,120,116,163,195,47,18,496,109,51734
HHS Region,hhs8,2013,19,0.929267,0.896292,120,103,139,184,36,9,452,107,50430
HHS Region,hhs8,2013,20,0.738568,0.771248,106,72,97,176,25,15,394,105,51086
HHS Region,hhs8,2013,21,0.784251,0.819707,109,78,105,162,27,13,389,103,47456
HHS Region,hhs8,2013,22,0.802426,0.913889,123,84,113,147,29,17,400,103,43769
HHS Region,hhs8,2013,23,0.731714,0.743305,103,72,108,115,36,24,350,101,47087
HHS Region,hhs8,2013,24,0.681907,0.715249,103,97,115,101,18,15,334,103,46697
HHS Region,hhs8,2013,25,0.655891,0.719679,80,75,95,115,20,15,305,84,42380
HHS Region,hhs8,2013,26,0.617954,0.649455,81,70,91,98,21,13,283,86,43575
HHS Region,hhs8,2013,27,0.561213,0.586407,63,53,72,75,19,7,217,85,37005
HHS Region,hhs8,2013,28,0.499137,0.566875,63,63,82,87,19,12,244,82,43043
HHS Region,hhs8,2013,29,0.573639,0.609074,58,71,91,82,20,14,245,79,40225
HHS Region,hhs8,2013,30,0.718513,0.748588,69,88,116,113,28,20,318,80,42480
HHS Region,hhs8,2013,31,0.508805,0.582397,55,76,104,92,28,6,257,82,44128
HHS Region,hhs8,2013,32,0.507189,0.661562,66,83,107,87,24,7,267,74,40359
HHS Region,hhs8,2013,33,0.465935,0.572875,50,70,87,76,17,11,224,75,39101
HHS Region,hhs8,2013,34,0.443358,0.54438,49,63,87,82,24,5,223,74,40964
HHS Region,hhs8,2013,35,0.748055,0.97704,24,42,55,73,13,8,160,51,16376
HHS Region,hhs8,2013,36,0.694425,0.795122,72,62,89,114,27,8,283,73,35592
HHS Region,hhs8,2013,37,0.355212,0.431088,36,33,47,46,14,9,138,44,32012
HHS Region,hhs8,2013,38,0.387416,0.455958,55,21,31,65,10,6,157,56,34433
HHS Region,hhs8,2013,39,0.591698,0.649766,67,43,65,111,22,11,254,69,39091
HHS Region,hhs8,2013,40,0.687334,0.760655,111,74,102,178,28,17,408,119,53638
HHS Region,hhs8,2013,41,0.735041,0.849184,133,101,147,194,46,18,492,121,57938
HHS Region,hhs8,2013,42,0.644746,0.72014,111,93,116,149,23,15,391,118,54295
HHS Region,hhs8,2013,43,0.811668,0.907251,143,89,120,245,31,30,538,123,59300
HHS Region,hhs8,2013,44,0.71632,0.9095,198,151,204,230,53,15,647,114,71138
HHS Region,hhs8,2013,45,0.753484,0.942172,204,157,223,250,66,20,697,120,73978
HHS Region,hhs8,2013,46,0.706757,0.870961,172,135,168,234,33,23,597,118,68545
HHS Region,hhs8,2013,47,0.953634,1.27163,273,218,301,353,83,26,953,119,74943
HHS Region,hhs8,2013,48,0.995917,1.35856,288,203,260,302,57,44,894,120,65805
HHS Region,hhs8,2013,49,1.52746,1.64348,186,250,307,330,57,37,860,119,52328
HHS Region,hhs8,2013,50,1.60235,1.7326,197,248,326,413,78,31,967,119,55812
HHS Region,hhs8,2013,51,2.00255,2.27853,352,502,670,661,168,48,1731,112,75970
HHS Region,hhs8,2013,52,3.6625,3.84198,378,521,696,547,175,79,1700,116,44248
HHS Region,hhs8,2014,1,2.96215,3.01586,331,534,728,333,194,89,1481,117,49107
HHS Region,hhs8,2014,2,2.56638,2.66115,310,488,681,488,193,96,1575,120,59185
HHS Region,hhs8,2014,3,2.25814,2.37225,296,403,569,439,166,85,1389,120,58552
HHS Region,hhs8,2014,4,2.09262,2.22662,294,353,469,421,116,65,1249,120,56094
HHS Region,hhs8,2014,5,1.78441,1.93347,255,279,391,387,112,47,1080,119,55858
HHS Region,hhs8,2014,6,1.76779,1.8639,258,247,359,391,112,26,1034,120,55475
HHS Region,hhs8,2014,7,1.50211,1.65271,225,226,307,347,81,43,922,118,55787
HHS Region,hhs8,2014,8,1.50934,1.63533,260,198,289,342,91,37,928,120,56747
HHS Region,hhs8,2014,9,1.2317,1.36813,226,167,220,333,53,34,813,119,59424
HHS Region,hhs8,2014,10,1.37325,1.43353,206,165,220,307,55,27,760,105,53016
HHS Region,hhs8,2014,11,1.12482,1.23264,203,124,171,295,47,41,710,119,57600
HHS Region,hhs8,2014,12,0.995314,1.12442,196,133,165,268,32,16,645,117,57363
HHS Region,hhs8,2014,13,0.906605,1.01688,160,129,175,218,46,18,571,116,56152
HHS Region,hhs8,2014,14,0.937978,1.07236,138,128,164,254,36,19,575,114,53620
HHS Region,hhs8,2014,15,0.903504,1.00132,128,115,167,223,52,27,545,108,54428
HHS Region,hhs8,2014,16,0.795865,0.879096,99,106,140,209,34,14,462,111,52554
HHS Region,hhs8,2014,17,1.04149,1.04438,104,125,167,224,42,19,514,100,49216
HHS Region,hhs8,2014,18,0.792352,0.884706,129,106,132,193,26,17,471,110,53238
HHS Region,hhs8,2014,19,0.629662,1.18838,100,82,97,186,15,15,398,104,33491
HHS Region,hhs8,2014,20,0.656589,1.11401,107,76,92,174,16,15,388,105,34829
HHS Region,hhs8,2014,21,0.620827,1.14727,114,76,105,152,29,15,386,104,33645
HHS Region,hhs8,2014,22,0.553812,1.0792,109,70,83,115,13,15,322,98,29837
HHS Region,hhs8,2014,23,0.313055,0.269644,18,6,10,19,4,3,50,70,18543
HHS Region,hhs8,2014,24,0.578178,0.82613,80,57,68,104,11,7,259,98,31351
HHS Region,hhs8,2014,25,0.41578,0.345817,18,8,11,14,3,4,47,56,13591
HHS Region,hhs8,2014,26,0.601304,0.735812,73,50,64,82,14,11,230,95,31258
HHS Region,hhs8,2014,27,0.653074,0.777698,52,63,72,81,9,2,207,95,26617
HHS Region,hhs8,2014,28,0.398048,0.612701,34,47,57,95,10,3,189,95,30847
HHS Region,hhs8,2014,29,0.413482,0.535452,44,31,34,69,3,6,153,94,28574
HHS Region,hhs8,2014,30,0.468005,0.78165,56,60,75,93,15,5,229,93,29297
HHS Region,hhs8,2014,31,0.423257,0.577555,31,45,53,84,8,6,174,93,30127
HHS Region,hhs8,2014,32,0.443939,0.612153,38,48,59,88,11,5,190,94,31038
HHS Region,hhs8,2014,33,0.580092,0.713694,65,46,57,93,11,9,224,93,31386
HHS Region,hhs8,2014,34,0.539453,0.697644,45,52,62,104,10,4,215,91,30818
HHS Region,hhs8,2014,35,0.620358,0.750741,47,52,61,123,9,2,233,89,31036
HHS Region,hhs8,2014,36,0.488969,0.422439,20,10,14,33,4,1,68,62,16097
HHS Region,hhs8,2014,37,0.73186,1.08184,67,76,96,172,20,10,345,91,31890
HHS Region,hhs8,2014,38,0.614969,0.930008,63,61,77,138,16,11,289,91,31075
HHS Region,hhs8,2014,39,0.580802,0.91572,51,64,86,134,22,4,275,90,30031
HHS Region,hhs8,2014,40,0.635856,0.813397,76,49,68,154,19,8,306,119,37620
HHS Region,hhs8,2014,41,0.654219,0.866615,57,87,110,148,23,12,327,115,37733
HHS Region,hhs8,2014,42,0.696669,0.899389,65,85,104,180,19,10,359,115,39916
HHS Region,hhs8,2014,43,0.77018,1.06212,80,91,114,173,23,10,377,112,35495
HHS Region,hhs8,2014,44,0.766405,0.988313,82,94,119,153,25,13,367,115,37134
HHS Region,hhs8,2014,45,0.796432,1.05155,82,81,102,180,21,6,370,112,35186
HHS Region,hhs8,2014,46,0.788175,1.1976,94,97,118,216,21,14,442,115,36907
HHS Region,hhs8,2014,47,0.746717,1.24731,98,84,110,239,26,16,463,114,37120
HHS Region,hhs8,2014,48,0.988785,1.66688,122,104,133,250,29,20,525,117,31496
HHS Region,hhs8,2014,49,1.3198,1.73401,165,145,197,286,52,18,666,117,38408
HHS Region,hhs8,2014,50,1.83396,2.32996,193,201,261,427,60,34,915,117,39271
HHS Region,hhs8,2014,51,2.41592,2.96143,230,236,317,529,81,51,1127,113,38056
HHS Region,hhs8,2014,52,3.78394,4.45417,281,331,446,563,115,105,1395,116,31319
HHS Region,hhs8,2014,53,4.39019,4.51964,397,407,555,464,148,128,1544,115,34162
HHS Region,hhs8,2015,1,3.40459,3.45328,349,336,489,502,153,113,1453,119,42076
HHS Region,hhs8,2015,2,3.34664,3.57125,328,340,453,594,113,80,1455,122,40742
HHS Region,hhs8,2015,3,3.18808,3.5052,368,288,408,531,120,69,1376,116,39256
HHS Region,hhs8,2015,4,3.0139,3.11153,385,218,335,501,117,64,1285,116,41298
HHS Region,hhs8,2015,5,2.78426,2.92228,367,225,301,498,76,44,1210,117,41406
HHS Region,hhs8,2015,6,2.07342,2.40853,348,177,243,366,66,39,996,115,41353
HHS Region,hhs8,2015,7,1.98697,2.19352,317,174,233,328,59,29,907,117,41349
HHS Region,hhs8,2015,8,1.52456,1.84385,266,152,207,306,55,32,811,119,43984
HHS Region,hhs8,2015,9,1.51156,1.92025,248,165,212,310,47,26,796,117,41453
HHS Region,hhs8,2015,10,1.45321,1.66078,191,134,188,275,54,18,672,111,40463
HHS Region,hhs8,2015,11,1.51712,1.66002,186,133,176,283,43,29,674,110,40602
HHS Region,hhs8,2015,12,1.15826,1.47985,149,133,177,250,44,28,604,109,40815
HHS Region,hhs8,2015,13,1.23205,1.56734,162,132,182,223,50,20,587,109,37452
HHS Region,hhs8,2015,14,0.978757,1.37806,134,116,152,189,36,18,493,108,35775
HHS Region,hhs8,2015,15,1.00095,1.18968,108,85,118,193,33,28,447,109,37573
HHS Region,hhs8,2015,16,0.942319,1.39856,121,119,169,211,50,25,526,108,37610
HHS Region,hhs8,2015,17,0.841189,1.1661,136,119,148,195,29,13,492,107,42192
HHS Region,hhs8,2015,18,0.872971,1.19617,107,97,125,165,28,13,410,105,34276
HHS Region,hhs8,2015,19,0.678153,0.909508,71,49,77,153,28,16,317,108,34854
HHS Region,hhs8,2015,20,0.555634,0.903685,73,70,92,132,22,10,307,101,33972
HHS Region,hhs8,2015,21,0.601928,1.04232,89,64,89,133,25,23,334,102,32044
HHS Region,hhs8,2015,22,0.538466,0.875831,78,65,86,108,21,10,282,98,32198
HHS Region,hhs8,2015,23,0.455005,0.719776,67,38,51,93,13,10,221,95,30704
HHS Region,hhs8,2015,24,0.417339,0.646371,34,57,71,86,14,9,200,94,30942
HHS Region,hhs8,2015,25,0.514233,0.77497,64,43,64,100,21,14,242,94,31227
HHS Region,hhs8,2015,26,0.394859,0.63176,42,56,65,69,9,8,184,95,29125
HHS Region,hhs8,2015,27,0.375766,0.540996,41,35,46,76,11,4,167,91,30869
HHS Region,hhs8,2015,28,0.344472,0.514701,32,39,49,74,10,5,160,92,31086
HHS Region,hhs8,2015,29,0.517255,0.727467,52,47,61,93,14,12,218,92,29967
HHS Region,hhs8,2015,30,0.469566,0.585759,42,52,60,84,8,6,192,88,32778
HHS Region,hhs8,2015,31,0.486867,0.656586,32,52,66,94,14,6,198,90,30156
HHS Region,hhs8,2015,32,0.40949,0.609589,43,42,54,73,12,8,178,87,29200
HHS Region,hhs8,2015,33,0.388013,0.462325,29,27,39,61,12,12,141,85,30498
HHS Region,hhs8,2015,34,0.563506,0.647044,34,49,64,100,15,6,204,87,31528
HHS Region,hhs8,2015,35,0.480913,0.656336,32,46,57,108,11,8,205,87,31234
HHS Region,hhs8,2015,36,0.457087,0.640483,42,48,61,80,13,6,189,87,29509
HHS Region,hhs8,2015,37,0.468133,0.566169,19,47,58,80,11,6,163,72,28790
HHS Region,hhs8,2015,38,0.622192,0.865917,45,61,79,124,18,10,258,70,29795
HHS Region,hhs8,2015,39,0.497322,0.779347,39,52,69,109,17,7,224,73,28742
HHS Region,hhs8,2015,40,0.655949,0.842218,81,71,97,156,26,12,346,121,41082
HHS Region,hhs8,2015,41,0.672674,0.820126,76,68,105,138,37,22,341,125,41579
HHS Region,hhs8,2015,42,0.688796,0.880592,87,91,110,138,19,15,350,122,39746
HHS Region,hhs8,2015,43,0.612608,0.84857,83,84,106,143,22,17,349,123,41128
HHS Region,hhs8,2015,44,0.721433,1.12098,99,114,141,196,27,21,457,121,40768
HHS Region,hhs8,2015,45,0.744407,1.11605,124,93,128,190,35,15,457,120,40948
HHS Region,hhs8,2015,46,0.776688,1.05763,122,107,132,171,25,9,434,119,41035
HHS Region,hhs8,2015,47,0.997922,1.50242,149,86,125,197,39,19,490,120,32614
HHS Region,hhs8,2015,48,0.725679,1.01152,114,82,121,171,39,19,425,121,42016
HHS Region,hhs8,2015,49,0.891982,1.1021,134,89,121,186,32,24,465,121,42192
HHS Region,hhs8,2015,50,0.895779,1.31136,166,83,114,208,31,26,514,119,39196
HHS Region,hhs8,2015,51,1.15229,1.58047,142,123,164,170,41,27,503,119,31826
HHS Region,hhs8,2015,52,1.49666,1.77308,181,148,203,176,55,39,599,119,33783
HHS Region,hhs8,2016,1,1.11457,1.30388,146,112,158,200,46,26,530,118,40648
HHS Region,hhs8,2016,2,1.1948,1.56855,187,145,195,227,50,31,640,118,40802
HHS Region,hhs8,2016,3,1.223,1.65321,199,135,176,244,41,26,645,121,39015
HHS Region,hhs8,2016,4,1.27726,1.81098,214,171,218,310,47,22,764,118,42187
HHS Region,hhs8,2016,5,1.56575,2.09199,237,167,232,340,65,42,851,119,40679
HHS Region,hhs8,2016,6,1.82146,2.51104,312,227,310,419,83,39,1080,117,43010
HHS Region,hhs8,2016,7,2.15404,2.9459,304,303,403,459,100,63,1229,119,41719
HHS Region,hhs8,2016,8,2.17828,2.98559,367,348,464,504,116,41,1376,118,46088
HHS Region,hhs8,2016,9,2.03079,2.56915,275,277,363,450,86,47,1135,114,44178
HHS Region,hhs8,2016,10,2.14672,2.75184,260,339,463,447,124,56,1226,116,44552
HHS Region,hhs8,2016,11,2.16058,2.67517,248,329,457,424,128,58,1187,119,44371
HHS Region,hhs8,2016,12,1.85893,2.11283,164,186,247,297,61,41,749,110,35450
HHS Region,hhs8,2016,13,1.75981,2.17524,186,247,349,332,102,62,929,116,42708
HHS Region,hhs8,2016,14,1.64976,2.01403,142,231,329,294,98,56,821,111,40764
HHS Region,hhs8,2016,15,1.29508,1.5042,121,138,214,237,76,40,612,110,40686
HHS Region,hhs8,2016,16,1.14872,1.18927,95,114,149,175,35,27,446,109,37502
HHS Region,hhs8,2016,17,0.983857,1.15645,75,115,155,208,40,24,462,111,39950
HHS Region,hhs8,2016,18,0.967427,1.20176,100,133,167,180,34,21,468,106,38943
HHS Region,hhs8,2016,19,0.818413,1.00559,82,121,159,154,38,15,410,107,40772
HHS Region,hhs8,2016,20,0.73938,0.965314,91,66,90,136,24,10,327,98,33875
HHS Region,hhs8,2016,21,0.73781,1.0595,59,79,110,141,31,13,323,84,30486
HHS Region,hhs8,2016,22,0.724162,1.22647,77,82,95,126,13,20,318,88,25928
HHS Region,hhs8,2016,23,0.568101,0.692886,85,55,80,69,25,13,247,95,35648
HHS Region,hhs8,2016,24,0.540166,0.717589,56,69,86,105,17,9,256,92,35675
HHS Region,hhs8,2016,25,0.464534,0.662876,58,51,69,69,18,1,197,86,29719
HHS Region,hhs8,2016,26,0.477685,0.676116,55,45,62,99,17,12,228,89,33722
HHS Region,hhs8,2016,27,0.451657,0.706769,55,60,77,82,17,11,225,90,31835
HHS Region,hhs8,2016,28,0.417195,0.686433,56,72,87,110,15,10,263,94,38314
HHS Region,hhs8,2016,29,0.43248,0.615684,52,56,65,85,9,7,209,89,33946
HHS Region,hhs8,2016,30,0.35978,0.635222,60,57,74,81,17,6,221,89,34791
HHS Region,hhs8,2016,31,0.331639,0.463017,30,51,61,60,10,9,160,91,34556
HHS Region,hhs8,2016,32,0.389203,0.603995,40,67,80,91,13,7,218,91,36093
HHS Region,hhs8,2016,33,0.379123,0.624591,32,66,83,89,17,6,210,88,33622
HHS Region,hhs8,2016,34,0.564038,0.656658,44,55,71,107,16,5,227,91,34569
HHS Region,hhs8,2016,35,0.831985,0.757052,45,48,64,159,16,6,274,90,36193
HHS Region,hhs8,2016,36,0.637444,0.778687,50,49,69,129,20,6,254,88,32619
HHS Region,hhs8,2016,37,0.842631,0.8481,71,74,86,128,12,17,302,83,35609
HHS Region,hhs8,2016,38,0.784745,0.826925,72,53,69,141,16,18,300,89,36279
HHS Region,hhs8,2016,39,0.53557,0.60728,49,38,47,66,9,4,166,88,27335
HHS Region,hhs8,2016,40,0.774099,0.878377,70,98,113,159,15,16,358,112,40757
HHS Region,hhs8,2016,41,0.911285,0.811834,74,78,104,159,26,17,354,118,43605
HHS Region,hhs8,2016,42,0.932084,0.872622,101,76,106,137,30,11,355,116,40682
HHS Region,hhs8,2016,43,0.831681,0.813271,107,77,95,157,18,18,377,122,46356
HHS Region,hhs8,2016,44,0.506499,0.697171,78,71,90,132,19,9,309,122,44322
HHS Region,hhs8,2016,45,0.746585,0.918751,101,92,115,173,23,26,415,122,45170
HHS Region,hhs8,2016,46,0.903373,0.932093,104,95,116,189,21,15,424,121,45489
HHS Region,hhs8,2016,47,0.7899,1.01375,115,77,92,157,15,20,384,118,37879
HHS Region,hhs8,2016,48,1.26446,1.12139,124,106,135,234,29,28,521,119,46460
HHS Region,hhs8,2016,49,1.14529,1.14724,135,107,145,203,38,29,512,120,44629
HHS Region,hhs8,2016,50,1.29771,1.41439,152,96,136,227,40,18,533,118,37684
HHS Region,hhs8,2016,51,2.0834,2.15634,179,111,158,317,47,29,683,107,31674
HHS Region,hhs8,2016,52,1.45497,2.40127,169,144,196,199,52,41,605,103,25195
HHS Region,hhs8,2017,1,2.25932,2.32095,194,159,228,228,69,61,711,113,30634
HHS Region,hhs8,2017,2,1.90851,2.24742,229,153,219,285,66,48,781,115,34751
HHS Region,hhs8,2017,3,2.2668,2.40874,200,129,201,328,72,45,774,110,32133
HHS Region,hhs8,2017,4,2.07104,2.39309,233,151,221,395,70,57,906,108,37859
HHS Region,hhs8,2017,5,2.27632,2.56296,282,163,264,494,101,55,1095,112,42724
HHS Region,hhs8,2017,6,2.29134,2.79243,290,186,295,555,109,62,1202,114,43045
HHS Region,hhs8,2017,7,2.72703,2.39633,234,148,209,444,61,52,939,112,39185
HHS Region,hhs8,2017,8,1.62675,2.05675,219,145,223,295,78,64,801,111,38945
HHS Region,hhs8,2017,9,1.458,1.40827,138,79,132,234,53,41,545,110,38700
HHS Region,hhs8,2017,10,1.441,1.4555,158,100,157,213,57,31,559,108,38406
HHS Region,hhs8,2017,11,1.13172,1.27263,132,65,118,193,53,33,476,105,37403
HHS Region,hhs8,2017,12,1.34752,1.18558,119,68,97,194,29,31,441,109,37197
HHS Region,hhs8,2017,13,1.13431,1.06118,105,73,100,157,27,39,401,107,37788
HHS Region,hhs8,2017,14,1.11224,0.956435,86,48,74,148,26,29,337,104,35235
HHS Region,hhs8,2017,15,0.834582,0.843247,83,58,82,117,24,15,297,100,35221
HHS Region,hhs8,2017,16,0.855133,0.746269,65,58,85,111,27,13,274,100,36716
HHS Region,hhs8,2017,17,0.975584,0.862368,73,47,62,117,15,46,298,100,34556
HHS Region,hhs8,2017,18,1.02515,0.82706,50,39,59,128,20,19,256,100,30953
HHS Region,hhs8,2017,19,0.576129,0.616859,59,33,49,92,16,15,215,100,34854
HHS Region,hhs8,2017,20,0.758802,0.565395,33,31,45,62,14,11,151,97,26707
HHS Region,hhs8,2017,21,0.907504,0.691373,36,29,44,73,15,8,161,85,23287
HHS Region,hhs8,2017,22,0.593665,0.496968,26,19,33,37,14,4,100,88,20122
HHS Region,hhs8,2017,23,0.390797,0.392875,30,26,39,45,13,4,118,80,30035
HHS Region,hhs8,2017,24,0.202737,0.337688,22,14,21,39,7,2,84,79,24875
HHS Region,hhs8,2017,25,0.490319,0.385654,27,19,29,50,10,4,110,80,28523
HHS Region,hhs8,2017,26,0.328928,0.299593,23,14,20,41,6,5,89,81,29707
HHS Region,hhs8,2017,27,0.321013,0.32618,18,9,15,38,6,5,76,77,23300
HHS Region,hhs8,2017,28,0.339631,0.355406,29,18,25,33,7,8,95,72,26730
HHS Region,hhs8,2017,29,0.22517,0.284537,18,9,12,45,3,3,78,77,27413
HHS Region,hhs8,2017,30,0.191863,0.272688,22,11,16,35,5,2,75,77,27504
HHS Region,hhs8,2017,31,0.33984,0.299064,28,12,17,37,5,3,85,77,28422
HHS Region,hhs8,2017,32,0.359646,0.301723,25,12,20,38,8,3,86,73,28503
HHS Region,hhs8,2017,33,0.326402,0.310198,27,10,17,41,7,3,88,73,28369
HHS Region,hhs8,2017,34,0.419146,0.35655,25,16,25,48,9,3,101,75,28327
HHS Region,hhs8,2017,35,0.714684,0.496722,37,20,27,75,7,8,147,76,29594
HHS Region,hhs8,2017,36,0.800955,0.523935,31,28,40,63,12,5,139,76,26530
HHS Region,hhs8,2017,37,0.331921,0.370492,67,36,58,107,22,16,248,115,66938
HHS Region,hhs8,2017,38,0.427048,0.312246,39,27,46,82,19,10,177,121,56686
HHS Region,hhs8,2017,39,0.518725,0.392526,55,70,111,105,41,29,300,117,76428
HHS Region,hhs8,2017,40,0.473124,0.520749,95,69,108,132,39,18,353,156,67787
HHS Region,hhs8,2017,41,0.559737,0.635018,116,78,109,155,31,36,416,148,65510
HHS Region,hhs8,2017,42,0.56036,0.640767,126,77,114,159,37,29,428,147,66795
HHS Region,hhs8,2017,43,0.697744,0.922142,138,92,155,177,63,40,510,151,55306
HHS Region,hhs8,2017,44,0.696275,0.770991,154,97,143,200,46,32,529,151,68613
HHS Region,hhs8,2017,45,0.772473,0.842063,159,106,165,220,59,38,582,146,69116
HHS Region,hhs8,2017,46,0.842594,1.02627,196,132,189,247,57,50,682,149,66454
HHS Region,hhs8,2017,47,0.935706,0.985543,166,105,162,160,57,41,529,151,53676
HHS Region,hhs8,2017,48,0.949127,1.04322,160,143,213,268,70,65,706,148,67675
HHS Region,hhs8,2017,49,1.13022,1.10996,209,138,224,281,86,58,772,146,69552
HHS Region,hhs8,2017,50,1.32612,1.38448,210,177,236,325,59,66,837,147,60456
HHS Region,hhs8,2017,51,1.93549,2.0561,247,247,377,415,130,114,1153,146,56077
HHS Region,hhs8,2017,52,2.42647,2.75077,275,279,455,330,176,117,1177,150,42788
HHS Region,hhs8,2018,1,2.55038,2.79374,302,318,531,365,213,163,1361,148,48716
HHS Region,hhs8,2018,2,2.61857,2.72158,345,377,614,497,237,173,1629,136,59855
HHS Region,hhs8,2018,3,2.76747,3.06153,392,360,582,628,222,157,1759,142,57455
HHS Region,hhs8,2018,4,2.82465,3.21036,432,392,634,707,242,158,1931,140,60149
HHS Region,hhs8,2018,5,3.24954,3.69274,512,454,697,929,243,170,2308,146,62501
HHS Region,hhs8,2018,6,3.18167,3.37316,552,454,728,996,274,180,2456,152,72810
HHS Region,hhs8,2018,7,3.02627,3.23721,652,660,973,1201,313,204,3030,153,93599
HHS Region,hhs8,2018,8,2.93967,3.16784,528,538,823,983,285,164,2498,153,78855
HHS Region,hhs8,2018,9,2.16326,2.04894,405,490,731,689,241,161,1986,151,96928
HHS Region,hhs8,2018,10,1.89284,2.00431,332,335,546,629,211,130,1637,150,81674
HHS Region,hhs8,2018,11,1.60878,1.77348,310,282,433,516,151,113,1372,148,77362
HHS Region,hhs8,2018,12,1.2732,1.36816,234,215,350,423,135,81,1088,150,79523
HHS Region,hhs8,2018,13,1.08504,1.36143,177,142,224,242,82,65,708,128,52004
HHS Region,hhs8,2018,14,1.12627,1.16769,206,211,310,331,99,53,900,140,77075
HHS Region,hhs8,2018,15,0.842282,1.08371,132,101,151,231,50,37,551,124,50844
HHS Region,hhs8,2018,16,0.68162,0.715568,117,125,172,221,47,28,538,140,75185
HHS Region,hhs8,2018,17,0.786336,0.863819,155,171,226,259,55,41,681,139,78836
HHS Region,hhs8,2018,18,0.643685,0.809339,151,163,215,232,52,26,624,138,77100
HHS Region,hhs8,2018,19,0.496602,0.612448,136,117,157,205,40,32,530,136,86538
HHS Region,hhs8,2018,20,0.544957,0.716095,131,108,149,236,41,24,540,138,75409
HHS Region,hhs8,2018,21,0.549032,0.640433,107,110,149,177,39,31,464,133,72451
HHS Region,hhs8,2018,22,0.714392,0.956365,119,124,159,176,35,33,487,134,50922
HHS Region,hhs8,2018,23,0.427188,0.572556,115,86,121,153,35,26,415,131,72482
HHS Region,hhs8,2018,24,0.313905,0.340423,44,26,39,56,13,2,141,105,41419
HHS Region,hhs8,2018,25,0.35226,0.416782,48,56,76,82,20,19,225,129,53985
HHS Region,hhs8,2018,26,0.288182,0.269043,95,37,66,67,29,15,243,132,90320
HHS Region,hhs8,2018,27,0.221924,0.131967,25,20,29,41,9,7,102,131,77292
HHS Region,hhs8,2018,28,0.250119,0.235145,76,49,65,73,16,12,226,132,96111
HHS Region,hhs8,2018,29,0.206937,0.206768,60,39,53,73,14,13,199,132,96243
HHS Region,hhs8,2018,30,0.163283,0.13996,41,16,24,43,8,8,116,132,82881
HHS Region,hhs8,2018,31,0.197282,0.197992,52,45,63,57,18,14,186,130,93943
HHS Region,hhs8,2018,32,0.250558,0.336535,61,62,84,99,22,17,261,133,77555
HHS Region,hhs8,2018,33,0.255081,0.331233,67,51,74,109,23,17,267,140,80608
HHS Region,hhs8,2018,34,0.321643,0.384969,28,26,38,59,12,9,134,84,34808
HHS Region,hhs8,2018,35,0.34631,0.377094,58,61,86,148,25,15,307,137,81412
HHS Region,hhs8,2018,36,0.527411,0.609064,101,122,164,226,42,24,515,139,84556
HHS Region,hhs8,2018,37,0.388545,0.463904,87,99,131,176,32,19,413,138,89027
HHS Region,hhs8,2018,38,0.638062,0.844881,114,114,142,209,28,24,489,134,57878
HHS Region,hhs8,2018,39,0.568779,0.318417,86,104,137,189,33,17,429,135,134729
HHS Region,hhs8,2018,40,1.53406,1.48459,293,376,521,460,145,118,1392,219,93763
HHS Region,hhs8,2018,41,1.59296,1.56229,335,311,447,493,136,134,1409,225,90188
HHS Region,hhs8,2018,42,1.7847,1.70502,402,429,564,514,135,139,1619,225,94955
HHS Region,hhs8,2018,43,1.72335,1.63405,372,371,538,497,167,135,1542,228,94367
HHS Region,hhs8,2018,44,1.84374,1.76906,368,396,575,535,179,168,1646,229,93044
HHS Region,hhs8,2018,45,2.03272,1.92495,448,426,592,632,166,146,1818,230,94444
HHS Region,hhs8,2018,46,2.17481,1.95832,433,423,598,573,175,129,1733,227,88494
HHS Region,hhs8,2018,47,2.37747,2.27284,503,409,578,574,169,142,1797,226,79064
HHS Region,hhs8,2018,48,2.51482,2.37002,555,573,840,688,267,198,2281,228,96244
HHS Region,hhs8,2018,49,2.69049,2.52857,572,558,844,755,286,201,2372,225,93808
HHS Region,hhs8,2018,50,3.26893,3.1239,666,696,1006,957,310,212,2841,225,90944
HHS Region,hhs8,2018,51,3.92155,3.74153,859,929,1325,1072,396,283,3539,225,94587
HHS Region,hhs8,2018,52,5.37214,5.31075,1042,1058,1537,973,479,330,3882,206,73097
HHS Region,hhs8,2019,1,4.42326,4.3668,796,1044,1535,857,491,364,3552,207,81341
HHS Region,hhs8,2019,2,3.83922,3.61656,807,962,1488,886,526,359,3540,215,97883
HHS Region,hhs8,2019,3,3.68283,3.51841,769,816,1187,950,371,296,3202,218,91007
HHS Region,hhs8,2019,4,3.88763,3.70311,985,820,1150,1100,330,251,3486,223,94137
HHS Region,hhs8,2019,5,4.57775,4.29563,1157,896,1293,1504,397,279,4233,220,98542
HHS Region,hhs8,2019,6,4.96749,4.66016,1089,991,1419,1815,428,277,4600,223,98709
HHS Region,hhs8,2019,7,5.56349,5.17733,1124,1036,1500,2049,464,334,5007,219,96710
HHS Region,hhs8,2019,8,5.86631,5.42237,1144,1183,1661,2072,478,393,5270,222,97190
HHS Region,hhs8,2019,9,5.58335,5.20771,1053,1123,1647,2125,524,405,5230,223,100428
HHS Region,hhs8,2019,10,5.69172,5.37219,1129,1104,1577,2143,473,423,5272,218,98135
HHS Region,hhs8,2019,11,4.99913,4.71288,985,950,1377,1654,427,411,4427,220,93934
HHS Region,hhs8,2019,12,3.89435,3.60932,786,806,1172,1186,366,346,3490,220,96694
HHS Region,hhs8,2019,13,3.11083,2.92227,688,596,888,852,292,281,2709,217,92702
HHS Region,hhs8,2019,14,2.98252,2.73046,610,566,838,750,272,235,2433,216,89106
HHS Region,hhs8,2019,15,2.35014,2.23123,445,507,715,586,208,186,1932,219,86589
HHS Region,hhs8,2019,16,2.34954,2.21857,500,463,663,619,200,178,1960,215,88345
HHS Region,hhs8,2019,17,2.06094,1.96192,430,437,621,538,184,176,1765,212,89963
HHS Region,hhs8,2019,18,2.16572,2.041,434,398,604,624,206,168,1830,215,89662
HHS Region,hhs8,2019,19,1.99228,1.89679,418,362,547,586,185,146,1697,210,89467
HHS Region,hhs8,2019,20,1.98367,1.87153,400,383,553,553,170,144,1650,209,88163
HHS Region,hhs8,2019,21,1.94391,1.84082,350,356,539,509,183,197,1595,208,86646
HHS Region,hhs8,2019,22,1.90342,1.93099,289,324,454,390,130,153,1286,180,66598
HHS Region,hhs8,2019,23,1.75419,1.67981,314,394,554,385,160,176,1429,204,85069
HHS Region,hhs8,2019,24,1.37314,1.32108,238,277,417,334,140,138,1127,201,85309
HHS Region,hhs8,2019,25,1.21754,1.16976,190,274,385,287,111,120,982,203,83949
HHS Region,hhs8,2019,26,1.13164,1.08955,181,242,354,287,112,108,930,204,85356
HHS Region,hhs8,2019,27,1.0087,0.948696,143,179,264,215,85,89,711,204,74945
HHS Region,hhs8,2019,28,0.871618,0.866415,140,171,256,230,85,82,708,204,81716
HHS Region,hhs8,2019,29,0.888526,0.839552,142,175,257,237,82,93,729,205,86832
HHS Region,hhs8,2019,30,0.829494,0.772308,123,183,271,228,88,48,670,205,86753
HHS Region,hhs8,2019,31,0.831885,0.792135,144,193,270,214,77,69,697,203,87990
HHS Region,hhs8,2019,32,0.848467,0.791285,142,182,250,225,68,68,685,205,86568
HHS Region,hhs8,2019,33,0.906684,0.852796,156,181,274,261,93,63,754,203,88415
HHS Region,hhs8,2019,34,1.05052,1.05044,159,220,289,340,69,75,863,203,82156
HHS Region,hhs8,2019,35,1.37627,1.32959,238,250,337,511,87,90,1176,203,88448
HHS Region,hhs8,2019,36,1.58485,1.52867,281,288,399,475,111,94,1249,202,81705
HHS Region,hhs8,2019,37,1.64784,1.57136,262,310,460,560,150,112,1394,202,88713
HHS Region,hhs8,2019,38,1.6371,1.68434,265,366,507,462,141,111,1345,190,79853
HHS Region,hhs8,2019,39,1.62821,1.567,300,353,497,467,144,130,1394,198,88960
HHS Region,hhs8,2019,40,1.80463,1.6438,325,369,501,525,132,113,1464,223,89062
HHS Region,hhs8,2019,41,1.76108,1.59722,332,380,542,511,162,120,1505,229,94226
HHS Region,hhs8,2019,42,1.88607,1.68532,427,416,583,513,167,132,1655,232,98201
HHS Region,hhs8,2019,43,1.97889,1.78045,402,430,596,554,166,164,1716,231,96380
HHS Region,hhs8,2019,44,2.03455,1.80528,382,398,567,485,169,131,1565,232,86690
HHS Region,hhs8,2019,45,2.1253,1.90747,511,392,538,603,146,122,1774,227,93003
HHS Region,hhs8,2019,46,2.35069,2.21242,496,416,593,662,177,140,1891,229,85472
HHS Region,hhs8,2019,47,2.56644,2.42857,603,468,639,777,171,150,2169,229,89312
HHS Region,hhs8,2019,48,3.19706,3.00249,684,469,627,682,158,130,2123,228,70708
HHS Region,hhs8,2019,49,2.97176,2.79153,676,567,777,790,210,159,2402,230,86046
HHS Region,hhs8,2019,50,3.61906,3.36109,651,658,887,1055,229,200,2793,224,83098
HHS Region,hhs8,2019,51,4.42455,4.09924,893,793,1041,1368,248,232,3534,223,86211
HHS Region,hhs8,2019,52,6.28773,5.98877,1062,1217,1618,1673,401,328,4681,229,78163
HHS Region,hhs8,2020,1,5.83864,5.48711,1054,1176,1610,1200,434,367,4231,227,77108
HHS Region,hhs8,2020,2,5.23596,4.98351,959,1229,1626,1378,397,373,4336,229,87007
HHS Region,hhs8,2020,3,5.60527,5.35556,1030,1165,1562,1718,397,342,4652,224,86863
HHS Region,hhs8,2020,4,6.54822,6.26776,1279,1409,1889,2091,480,320,5579,223,89011
HHS Region,hhs8,2020,5,6.83833,6.6024,1320,1470,2001,2432,531,363,6116,225,92633
HHS Region,hhs8,2020,6,6.70421,6.40925,1209,1474,1999,2179,525,348,5735,226,89480
HHS Region,hhs8,2020,7,5.8663,5.58942,1059,1184,1666,1750,482,357,4832,222,86449
HHS Region,hhs8,2020,8,5.46079,5.30094,1032,1144,1583,1543,439,332,4490,226,84702
HHS Region,hhs8,2020,9,5.00611,4.84397,909,1168,1654,1436,486,324,4323,225,89245
HHS Region,hhs8,2020,10,5.24926,5.1527,896,1284,1772,1448,488,387,4503,212,87391
HHS Region,hhs8,2020,11,6.31744,6.10299,852,1656,2303,1650,647,379,5184,216,84942
HHS Region,hhs8,2020,12,6.24082,5.9081,537,1321,1785,830,464,317,3469,216,58716
HHS Region,hhs8,2020,13,4.00125,3.75555,238,732,1007,376,275,190,1811,209,48222
HHS Region,hhs8,2020,14,2.94861,2.73623,130,493,725,241,232,115,1211,211,44258
HHS Region,hhs8,2020,15,2.07065,1.99117,72,342,495,182,153,85,834,210,41885
HHS Region,hhs8,2020,16,1.38097,1.29186,51,258,355,94,97,64,564,202,43658
HHS Region,hhs8,2020,17,1.2289,1.19278,47,227,316,113,89,66,542,202,45440
HHS Region,hhs8,2020,18,0.874218,0.849841,36,163,233,87,70,49,405,206,47656
HHS Region,hhs8,2020,19,0.779768,0.781795,40,132,204,92,72,45,381,204,48734
HHS Region,hhs8,2020,20,0.717194,0.700842,37,131,181,91,50,44,353,205,50368
HHS Region,hhs8,2020,21,0.616911,0.637956,33,137,189,87,52,32,341,203,53452
HHS Region,hhs8,2020,22,0.631438,0.657281,38,130,178,88,48,41,345,202,52489
HHS Region,hhs8,2020,23,0.495492,0.530742,30,122,157,88,35,33,308,200,58032
HHS Region,hhs8,2020,24,0.487957,0.522418,36,107,152,86,45,35,309,200,59148
HHS Region,hhs8,2020,25,0.508205,0.544296,42,112,160,96,48,31,329,201,60445
HHS Region,hhs8,2020,26,0.553101,0.595525,45,131,194,92,63,40,371,200,62298
HHS Region,hhs8,2020,27,0.634462,0.671529,50,121,179,127,58,39,395,196,58821
HHS Region,hhs8,2020,28,0.673645,0.714768,50,163,225,147,62,54,476,196,66595
HHS Region,hhs8,2020,29,0.59127,0.621816,57,153,207,108,54,54,426,195,68509
HHS Region,hhs8,2020,30,0.606051,0.646428,68,142,196,133,54,31,428,195,66210
HHS Region,hhs8,2020,31,0.582996,0.602633,49,148,196,133,48,29,407,195,67537
HHS Region,hhs8,2020,32,0.553467,0.572948,70,125,174,104,49,42,390,196,68069
HHS Region,hhs8,2020,33,0.675481,0.619902,58,112,155,90,43,39,342,177,55170
HHS Region,hhs8,2020,34,0.569747,0.555924,57,126,165,101,39,29,352,196,63318
HHS Region,hhs8,2020,35,0.544509,0.539947,68,99,137,107,38,42,354,197,65562
HHS Region,hhs8,2020,36,0.655732,0.667871,62,126,166,162,40,50,440,194,65881
HHS Region,hhs8,2020,37,0.758378,0.762338,86,136,187,160,51,29,462,195,60603
HHS Region,hhs8,2020,38,0.786434,0.772112,106,160,207,207,47,53,573,194,74212
HHS Region,hhs8,2020,39,0.939166,0.905227,131,191,261,239,70,57,688,192,76003
HHS Region,hhs8,2020,40,0.916333,0.85791,123,201,275,196,74,55,649,207,75649
HHS Region,hhs8,2020,41,1.1112,1.06043,134,237,351,255,114,94,834,207,78647
HHS Region,hhs8,2020,42,1.00682,0.948617,118,238,325,188,87,77,708,207,74635
HHS Region,hhs8,2020,43,1.11741,1.05693,116,247,348,223,101,92,779,206,73704
HHS Region,hhs8,2020,44,1.3096,1.23213,138,286,400,256,114,104,898,205,72882
HHS Region,hhs8,2020,45,1.31036,1.19614,108,272,415,271,143,98,892,208,74573
HHS Region,hhs8,2020,46,1.2671,1.22424,134,283,421,233,138,89,877,207,71636
HHS Region,hhs8,2020,47,1.18217,1.12724,126,255,379,181,124,88,774,203,68663
HHS Region,hhs8,2020,48,1.0338,1.00631,82,183,284,127,101,62,555,206,55152
HHS Region,hhs8,2020,49,0.967478,0.930104,74,207,308,151,101,73,606,205,65154
HHS Region,hhs8,2020,50,0.900589,0.892033,88,178,273,139,95,80,580,210,65020
HHS Region,hhs8,2020,51,0.832191,0.81076,79,176,251,127,75,56,513,208,63274
HHS Region,hhs8,2020,52,0.839125,0.850647,69,134,207,106,73,61,443,206,52078
HHS Region,hhs8,2020,53,0.818356,0.825309,89,150,227,93,77,41,450,205,54525
HHS Region,hhs8,2021,1,0.754408,0.739411,72,172,237,122,65,59,490,203,66269
HHS Region,hhs8,2021,2,0.737846,0.72051,74,151,216,135,65,38,463,203,64260
HHS Region,hhs8,2021,3,0.841715,0.802105,74,174,240,139,66,47,500,201,62336
HHS Region,hhs8,2021,4,0.719553,0.700915,94,159,210,145,51,49,498,220,71050
HHS Region,hhs8,2021,5,0.704848,0.670523,98,144,193,143,49,39,473,219,70542
HHS Region,hhs8,2021,6,0.793464,0.764537,122,133,191,184,58,48,545,220,71285
HHS Region,hhs8,2021,7,0.765921,0.754188,104,134,195,168,61,44,511,219,67755
HHS Region,hhs8,2021,8,0.684421,0.665097,102,124,167,155,43,42,466,218,70065
HHS Region,hhs8,2021,9,0.632967,0.60707,94,123,167,155,44,36,452,221,74456
HHS Region,hhs8,2021,10,0.781284,0.742822,126,151,203,177,52,44,550,218,74042
HHS Region,hhs8,2021,11,0.67929,0.656299,106,113,165,153,52,28,452,218,68871
HHS Region,hhs8,2021,12,0.640571,0.622776,104,115,162,142,47,40,448,218,71936
HHS Region,hhs8,2021,13,0.754523,0.717144,145,138,203,159,65,27,534,221,74462
HHS Region,hhs8,2021,14,0.786861,0.759223,133,171,236,161,65,39,569,217,74945
HHS Region,hhs8,2021,15,0.761533,0.729993,131,161,231,169,70,35,566,216,77535
HHS Region,hhs8,2021,16,0.81154,0.796657,155,156,210,200,54,47,612,214,76821
HHS Region,hhs8,2021,17,0.906463,0.905733,188,175,247,240,72,41,716,215,79052
HHS Region,hhs8,2021,18,0.900041,0.898363,192,165,234,230,69,36,692,213,77029
HHS Region,hhs8,2021,19,0.975321,0.981383,236,136,210,246,74,46,738,212,75200
HHS Region,hhs8,2021,20,0.9988,0.989391,256,145,204,245,59,56,761,212,76916
HHS Region,hhs8,2021,21,0.970701,0.954867,265,164,217,214,53,43,739,211,77393
HHS Region,hhs8,2021,22,1.12843,1.10499,302,164,222,233,58,49,806,212,72942
HHS Region,hhs8,2021,23,1.11446,1.0389,312,149,224,226,75,51,813,212,78256
HHS Region,hhs8,2021,24,1.00629,0.98274,312,145,206,228,61,46,792,213,80591
HHS Region,hhs8,2021,25,1.09249,1.07199,362,155,219,199,64,59,839,211,78266
HHS Region,hhs8,2021,26,1.09506,1.0817,323,168,242,228,74,60,853,212,78857
HHS Region,hhs8,2021,27,1.08439,1.05821,270,172,219,264,47,53,806,209,76166
HHS Region,hhs8,2021,28,1.12505,1.10784,295,207,274,270,67,63,902,211,81420
HHS Region,hhs8,2021,29,1.26972,1.22221,331,229,322,295,93,48,996,210,81492
HHS Region,hhs8,2021,30,1.2057,1.18449,306,248,336,269,88,78,989,209,83496
HHS Region,hhs8,2021,31,1.15133,1.11384,257,225,311,285,86,73,926,210,83136
HHS Region,hhs8,2021,32,1.24175,1.2079,299,273,362,288,89,73,1022,208,84610
HHS Region,hhs8,2021,33,1.4382,1.41166,339,291,407,384,116,92,1222,208,86565
HHS Region,hhs8,2021,34,1.84405,1.80009,398,341,472,634,131,97,1601,209,88940
HHS Region,hhs8,2021,35,2.11115,2.03177,474,354,480,721,126,108,1783,208,87756
HHS Region,hhs8,2021,36,2.11461,2.06999,475,373,497,606,124,109,1687,208,81498
HHS Region,hhs8,2021,37,1.92391,1.87931,483,313,428,616,115,112,1639,209,87213
HHS Region,hhs8,2021,38,1.93435,1.84173,456,321,451,526,130,107,1540,207,83617
HHS Region,hhs8,2021,39,1.97578,1.94484,558,321,462,560,141,99,1679,207,86331
HHS Region,hhs8,2021,40,1.95754,1.9359,523,309,453,603,144,146,1725,212,89106
HHS Region,hhs8,2021,41,2.16223,2.10763,565,354,511,574,157,166,1816,213,86163
HHS Region,hhs8,2021,42,2.14467,2.06635,550,358,527,538,169,137,1752,211,84787
HHS Region,hhs8,2021,43,2.1568,2.1108,591,355,516,576,161,123,1806,210,85560
HHS Region,hhs8,2021,44,2.43099,2.38304,621,392,595,705,203,142,2063,212,86570
HHS Region,hhs8,2021,45,2.40949,2.36366,641,397,549,747,152,133,2070,209,87576
HHS Region,hhs8,2021,46,2.54251,2.50319,697,420,598,720,178,146,2161,212,86330
HHS Region,hhs8,2021,47,2.53689,2.48331,688,334,476,532,142,127,1823,212,73410
HHS Region,hhs8,2021,48,2.32351,2.305,593,476,661,616,185,154,2024,211,87809
HHS Region,hhs8,2021,49,2.46571,2.44494,583,471,647,691,176,144,2065,212,84460
HHS Region,hhs8,2021,50,2.78382,2.74331,633,471,646,868,175,159,2306,212,84059
HHS Region,hhs8,2021,51,3.4663,3.38441,648,633,837,865,204,159,2509,210,74134
HHS Region,hhs8,2021,52,4.21511,4.12114,746,930,1251,947,321,273,3217,210,78061
HHS Region,hhs8,2022,1,3.57716,3.44271,607,977,1360,913,383,279,3159,212,91759
HHS Region,hhs8,2022,2,3.09312,2.93169,537,731,1025,798,294,222,2582,211,88072
HHS Region,hhs8,2022,3,2.59801,2.45059,423,591,841,570,250,187,2021,211,82470
HHS Region,hhs8,2022,4,1.99113,1.84719,319,359,537,452,178,139,1447,211,78335
HHS Region,hhs8,2022,5,1.51658,1.45628,296,246,350,354,104,88,1088,207,74711
HHS Region,hhs8,2022,6,1.4928,1.39542,304,231,338,375,107,78,1095,212,78471
HHS Region,hhs8,2022,7,1.56523,1.49503,341,225,308,428,83,89,1166,212,77992
HHS Region,hhs8,2022,8,1.73715,1.64233,387,237,308,486,71,83,1264,213,76964
HHS Region,hhs8,2022,9,1.93322,1.84422,441,278,376,601,98,82,1500,211,81335
HHS Region,hhs8,2022,10,2.21881,2.16627,464,314,432,700,118,92,1688,211,77922
HHS Region,hhs8,2022,11,2.38663,2.37522,472,396,524,813,128,114,1923,212,80961
HHS Region,hhs8,2022,12,2.57856,2.56986,522,412,567,779,155,147,2015,211,78409
HHS Region,hhs8,2022,13,2.46263,2.46388,500,446,585,770,139,154,2009,208,81538
HHS Region,hhs8,2022,14,2.50894,2.52774,520,431,584,795,153,181,2080,210,82287
HHS Region,hhs8,2022,15,2.5552,2.63737,457,490,649,897,159,165,2168,210,82203
HHS Region,hhs8,2022,16,2.89139,3.04265,507,586,782,1041,196,187,2517,211,82724
HHS Region,hhs8,2022,17,2.74645,2.88373,515,559,735,960,176,220,2430,209,84266
HHS Region,hhs8,2022,18,2.88032,3.04365,500,552,744,1034,192,237,2515,204,82631
HHS Region,hhs8,2022,19,2.63419,2.81521,506,536,731,899,195,210,2346,208,83333
HHS Region,hhs8,2022,20,2.52712,2.62135,456,536,720,822,184,194,2192,210,83621
HHS Region,hhs8,2022,21,2.39443,2.43654,416,478,673,685,195,209,1983,209,81386
HHS Region,hhs8,2022,22,2.2185,2.23585,399,444,599,503,155,194,1695,207,75810
HHS Region,hhs8,2022,23,1.828,1.79378,337,358,529,406,171,182,1454,206,81058
HHS Region,hhs8,2022,24,1.45874,1.44367,271,304,468,295,164,146,1180,205,81736
HHS Region,hhs8,2022,25,1.26475,1.24957,227,265,383,275,118,139,1024,206,81948
HHS Region,hhs8,2022,26,1.09205,1.09622,173,185,269,166,84,103,711,159,64859
HHS Region,hhs8,2022,27,1.20403,1.15573,186,237,337,256,100,121,900,208,77873
HHS Region,hhs8,2022,28,1.03493,1.00231,172,210,316,243,106,122,853,208,85103
HHS Region,hhs8,2022,29,1.04053,0.997395,195,244,326,234,82,91,846,207,84821
HHS Region,hhs8,2022,30,1.06355,0.99717,180,220,295,260,75,100,835,207,83737
HHS Region,hhs8,2022,31,0.969521,0.928632,152,194,280,242,86,95,769,205,82810
HHS Region,hhs8,2022,32,0.975325,0.923472,172,210,286,248,76,78,784,206,84897
HHS Region,hhs8,2022,33,1.02872,0.985319,191,208,286,301,78,67,845,209,85759
HHS Region,hhs8,2022,34,1.52774,1.49998,253,288,383,581,95,83,1300,206,86668
HHS Region,hhs8,2022,35,1.70705,1.71423,293,329,434,702,105,93,1522,205,88786
HHS Region,hhs8,2022,36,1.63798,1.60866,257,304,392,555,88,92,1296,205,80564
HHS Region,hhs8,2022,37,1.6157,1.60896,298,275,389,574,114,116,1377,207,85583
HHS Region,hhs8,2022,38,1.64924,1.62701,342,260,364,534,104,131,1371,207,84265
HHS Region,hhs8,2022,39,1.75232,1.76263,373,292,418,579,126,126,1496,205,84873
HHS Region,hhs8,2022,40,1.84773,1.71544,393,239,312,485,73,65,1255,196,73159
HHS Region,hhs8,2022,41,1.93483,1.83236,409,249,318,498,69,67,1292,201,70510
HHS Region,hhs8,2022,42,2.28449,2.34853,767,373,541,734,168,148,2190,237,93250
HHS Region,hhs8,2022,43,2.78287,2.88726,1002,441,626,925,185,183,2736,237,94761
HHS Region,hhs8,2022,44,3.61069,3.76992,1240,566,785,1361,219,239,3625,234,96156
HHS Region,hhs8,2022,45,4.74801,4.94611,1637,747,1049,1898,302,244,4828,236,97612
HHS Region,hhs8,2022,46,5.82993,6.14,1865,954,1350,2553,396,365,6133,237,99886
HHS Region,hhs8,2022,47,7.19358,7.43384,1959,1265,1742,2436,477,529,6666,237,89671
HHS Region,hhs8,2022,48,6.89375,7.15259,2045,1569,2213,2525,644,619,7402,234,103487
HHS Region,hhs8,2022,49,7.3092,7.23794,1796,1409,1972,2873,563,558,7199,233,99462
HHS Region,hhs8,2022,50,7.75034,7.83475,1656,1594,2198,3179,604,570,7603,235,97042
HHS Region,hhs8,2022,51,7.23879,7.27134,1453,1424,2009,2361,585,556,6379,233,87728
HHS Region,hhs8,2022,52,5.8642,5.8776,1164,1162,1735,1385,573,593,4877,234,82976
HHS Region,hhs8,2023,1,4.03598,4.05581,824,912,1347,939,435,393,3503,235,86370
HHS Region,hhs8,2023,2,2.76904,2.72251,558,586,838,793,252,266,2455,235,90174
HHS Region,hhs8,2023,3,2.97693,2.49141,528,425,620,632,195,170,1950,225,78269
HHS Region,hhs8,2023,4,2.58228,2.51848,501,366,546,693,180,158,1898,234,75363
HHS Region,hhs8,2023,5,2.7317,2.72222,632,507,703,899,196,163,2397,235,88053
HHS Region,hhs8,2023,6,2.65803,2.70743,676,493,684,939,191,180,2479,231,91563
HHS Region,hhs8,2023,7,2.82233,2.78695,656,487,698,915,211,186,2455,231,88089
HHS Region,hhs8,2023,8,2.73292,2.75392,709,475,646,835,171,157,2347,231,85224
HHS Region,hhs8,2023,9,2.4561,2.51034,703,454,664,800,210,158,2325,230,92617
HHS Region,hhs8,2023,10,2.51152,2.55305,697,444,622,868,178,171,2358,230,92360
HHS Region,hhs8,2023,11,2.4812,2.55087,691,439,615,840,176,163,2309,228,90518
HHS Region,hhs8,2023,12,2.47451,2.53237,714,424,582,818,158,182,2296,227,90666
HHS Region,hhs8,2023,13,2.25381,2.27959,610,433,585,654,152,152,2001,226,87779
HHS Region,hhs8,2023,14,2.16514,2.21547,578,382,535,669,153,178,1960,228,88469
HHS Region,hhs8,2023,15,2.13737,2.18601,573,366,516,738,150,161,1988,227,90942
HHS Region,hhs8,2023,16,2.04067,2.08,522,406,542,675,136,144,1883,226,90529
HHS Region,hhs8,2023,17,2.04424,2.0798,531,336,470,732,134,133,1866,225,89720
HHS Region,hhs8,2023,18,1.93414,1.98474,530,308,441,705,133,153,1829,226,92153
HHS Region,hhs8,2023,19,1.85786,1.91085,482,291,414,720,123,118,1734,225,90745
HHS Region,hhs8,2023,20,1.74355,1.79759,442,284,389,663,105,123,1617,224,89954
HHS Region,hhs8,2023,21,1.57259,1.59756,410,271,378,548,107,112,1448,225,90638
HHS Region,hhs8,2023,22,1.4803,1.52187,334,243,340,476,97,96,1246,216,81873
HHS Region,hhs8,2023,23,1.26557,1.28997,324,234,333,359,99,82,1098,222,85118
HHS Region,hhs8,2023,24,1.16612,1.1912,293,200,297,344,97,83,1017,225,85376
HHS Region,hhs8,2023,25,1.01281,1.042,228,193,270,287,77,104,889,224,85317
HHS Region,hhs8,2023,26,0.868994,0.888498,199,166,226,241,60,82,748,215,84187
HHS Region,hhs8,2023,27,0.918319,0.933951,202,153,213,232,60,75,722,222,77306
HHS Region,hhs8,2023,28,0.789019,0.806414,179,155,210,227,55,82,698,222,86556
HHS Region,hhs8,2023,29,0.755943,0.751666,164,141,208,213,67,77,662,223,88071
HHS Region,hhs8,2023,30,0.784244,0.757679,159,162,226,201,64,80,666,222,87900
HHS Region,hhs8,2023,31,0.720703,0.711715,162,150,207,201,57,49,619,221,86973
HHS Region,hhs8,2023,32,0.819308,0.825033,169,181,248,223,67,79,719,221,87148
HHS Region,hhs8,2023,33,0.889906,0.897263,195,183,261,265,78,79,800,220,89160
HHS Region,hhs8,2023,34,1.15319,1.18147,247,223,323,395,100,99,1064,222,90057
HHS Region,hhs8,2023,35,1.29375,1.33033,316,257,355,459,98,98,1228,222,92308
HHS Region,hhs8,2023,36,1.51832,1.529,322,309,416,448,107,114,1300,216,85023
HHS Region,hhs8,2023,37,1.49665,1.46506,297,291,392,481,101,131,1301,217,88802
HHS Region,hhs8,2023,38,1.77565,1.67041,383,279,415,561,136,165,1524,223,91235
HHS Region,hhs8,2023,39,1.61546,1.65995,344,324,465,540,141,154,1503,226,90545
HHS Region,hhs8,2023,40,1.65418,1.69962,393,282,424,528,142,119,1464,231,86137
HHS Region,hhs8,2023,41,1.81837,1.85547,424,329,477,575,148,159,1635,231,88118
HHS Region,hhs8,2023,42,2.07912,2.10836,557,379,552,628,173,160,1897,234,89975
HHS Region,hhs8,2023,43,2.06137,2.11236,509,396,575,646,179,165,1895,234,89710
HHS Region,hhs8,2023,44,2.39167,2.46005,549,441,641,821,200,161,2172,232,88291
HHS Region,hhs8,2023,45,2.86871,2.94156,709,550,776,1025,226,197,2707,233,92026
HHS Region,hhs8,2023,46,3.40594,3.51798,836,711,973,1307,262,234,3350,233,95225
HHS Region,hhs8,2023,47,3.85687,3.94899,881,682,935,1059,253,225,3100,235,78501
HHS Region,hhs8,2023,48,3.7156,3.8436,934,900,1288,1182,388,297,3701,233,96290
HHS Region,hhs8,2023,49,4.27063,4.4222,998,926,1305,1567,379,318,4188,233,94704
HHS Region,hhs8,2023,50,5.04373,5.19438,1208,1109,1507,1904,398,346,4965,234,95584
HHS Region,hhs8,2023,51,5.92434,6.06754,1363,1464,1929,2074,465,441,5807,230,95706
HHS Region,hhs8,2023,52,6.7767,6.90217,1447,1510,2083,1700,573,530,5760,227,83452
HHS Region,hhs8,2024,1,5.57955,5.65534,1254,1417,1944,1406,527,497,5101,235,90198
HHS Region,hhs8,2024,2,4.59337,4.66615,959,1148,1575,1307,427,410,4251,233,91103
HHS Region,hhs8,2024,3,4.13968,4.24828,751,933,1262,1211,329,255,3479,230,81892
HHS Region,hhs8,2024,4,4.14292,4.21859,869,1001,1364,1472,363,273,3978,235,94297
HHS Region,hhs8,2024,5,4.12676,4.17911,934,943,1261,1503,318,277,3975,236,95116
HHS Region,hhs8,2024,6,4.10223,4.13849,895,920,1215,1586,295,233,3929,237,94938
HHS Region,hhs8,2024,7,3.87231,3.93001,869,823,1072,1488,249,232,3661,237,93155
HHS Region,hhs8,2024,8,3.63492,3.69644,834,765,1019,1300,254,275,3428,237,92738
HHS Region,hhs8,2024,9,3.26407,3.32533,799,686,923,1184,237,211,3117,235,93735
HHS Region,hhs8,2024,10,3.34414,3.36842,778,702,941,1175,239,252,3146,234,93397
HHS Region,hhs8,2024,11,3.23733,3.20956,721,625,835,1050,210,217,2823,236,87956
HHS Region,hhs8,2024,12,2.72778,2.71544,684,565,733,852,168,185,2454,234,90372
HHS Region,hhs8,2024,13,2.5403,2.48076,634,482,687,668,205,187,2176,234,87715
HHS Region,hhs8,2024,14,2.36238,2.37967,564,504,657,659,153,202,2082,234,87491
HHS Region,hhs8,2024,15,2.38727,2.31063,619,440,616,698,176,162,2095,232,90668
HHS Region,hhs8,2024,16,2.17507,2.18647,606,383,523,678,140,165,1972,232,90191
HHS Region,hhs8,2024,17,2.01891,2.0675,593,333,458,639,125,141,1831,230,88561
HHS Region,hhs8,2024,18,2.01831,2.08734,582,371,521,619,150,165,1887,231,90402
HHS Region,hhs8,2024,19,1.86799,1.94233,530,349,483,581,134,175,1769,230,91076
HHS Region,hhs8,2024,20,1.7329,1.78554,478,293,437,538,144,182,1635,230,91569
HHS Region,hhs8,2024,21,1.62499,1.65121,411,297,451,477,154,153,1492,231,90358
HHS Region,hhs8,2024,22,1.62056,1.61679,397,285,429,405,144,136,1367,224,84550
HHS Region,hhs8,2024,23,1.40552,1.39065,274,270,397,321,127,127,1119,212,80466
HHS Region,hhs8,2024,24,1.03517,1.05599,237,217,319,227,102,141,924,225,87501
HHS Region,hhs8,2024,25,1.0063,1.04843,213,232,328,211,96,127,879,224,83840
HHS Region,hhs8,2024,26,0.944071,0.965017,191,216,313,215,97,116,835,221,86527
HHS Region,hhs8,2024,27,0.910949,0.917593,181,194,261,197,67,88,727,226,79229
HHS Region,hhs8,2024,28,0.939221,0.960396,188,244,336,203,92,114,841,223,87568
HHS Region,hhs8,2024,29,0.835106,0.868446,162,186,257,220,71,130,769,224,88549
HHS Region,hhs8,2024,30,0.880572,0.909856,180,205,282,198,77,118,778,219,85508
HHS Region,hhs8,2024,31,0.888841,0.906655,183,209,304,213,95,95,795,224,87685
HHS Region,hhs8,2024,32,0.852218,0.876994,166,199,282,231,83,95,774,224,88256
HHS Region,hhs8,2024,33,0.912895,0.954203,197,209,297,237,88,107,838,223,87822
HHS Region,hhs8,2024,34,1.10077,1.15414,227,246,351,373,105,96,1047,224,90717
HHS Region,hhs8,2024,35,1.39734,1.47777,294,255,364,540,109,130,1328,223,89865
HHS Region,hhs8,2024,36,1.43163,1.48376,271,308,412,460,104,114,1257,223,84717
HHS Region,hhs8,2024,37,1.33564,1.40764,285,292,407,462,115,137,1291,224,91714
HHS Region,hhs8,2024,38,1.31131,1.34987,245,276,406,443,130,125,1219,222,90305
HHS Region,hhs8,2024,39,1.24877,1.31336,280,266,384,413,118,111,1188,222,90455
HHS Region,hhs8,2024,40,1.22001,1.23272,292,253,359,442,106,159,1252,241,101564
HHS Region,hhs8,2024,41,1.36685,1.35744,318,294,427,502,133,130,1377,242,101441
HHS Region,hhs8,2024,42,1.1952,1.28009,270,288,412,413,124,135,1230,242,96087
HHS Region,hhs8,2024,43,1.39968,1.4076,331,322,462,513,140,135,1441,242,102373
HHS Region,hhs8,2024,44,1.49618,1.50556,348,323,449,538,126,147,1482,241,98435
HHS Region,hhs8,2024,45,1.678,1.66453,390,380,503,599,123,145,1637,237,98346
HHS Region,hhs8,2024,46,1.70465,1.69769,410,416,563,647,147,131,1751,242,103140
HHS Region,hhs8,2024,47,1.95904,1.94798,535,439,611,707,172,154,2007,237,103030
HHS Region,hhs8,2024,48,2.04351,2.08333,429,443,603,596,160,158,1786,241,85728
HHS Region,hhs8,2024,49,2.21475,2.24968,541,566,798,769,232,215,2323,241,103259
HHS Region,hhs8,2024,50,2.53545,2.53544,613,606,827,938,221,237,2615,240,103138
HHS Region,hhs8,2024,51,3.56044,3.59025,860,894,1256,1406,362,320,3842,241,107012
HHS Region,hhs8,2024,52,5.56439,5.69494,1217,1271,1752,1672,481,523,5164,240,90677
HHS Region,hhs8,2025,1,5.1495,5.29341,1159,1410,2010,1361,600,600,5130,242,96913
HHS Region,hhs8,2025,2,4.24371,4.35262,1039,1272,1772,1293,500,472,4576,240,105132
HHS Region,hhs8,2025,3,4.27358,4.43767,1071,1101,1551,1642,450,407,4671,240,105258
HHS Region,hhs8,2025,4,4.9277,5.09114,1156,1160,1609,1810,449,422,4997,240,98151
HHS Region,hhs8,2025,5,4.96306,5.15019,1181,1270,1790,2105,520,493,5569,240,108132
HHS Region,hhs8,2025,6,5.29713,5.43129,1374,1253,1798,2175,545,546,5893,240,108501
HHS Region,hhs8,2025,7,4.96396,5.04784,1259,1165,1677,1812,512,491,5239,241,103787
HHS Region,hhs8,2025,8,4.41206,4.43174,1058,1020,1466,1541,446,445,4510,240,101766
HHS Region,hhs8,2025,9,3.80216,3.81209,1060,941,1344,1295,403,416,4115,240,107946
HHS Region,hhs8,2025,10,3.32588,3.35316,864,762,1137,1148,375,369,3518,240,104916
HHS Region,hhs8,2025,11,2.94459,2.97201,744,690,1000,1033,310,341,3118,240,104912
HHS Region,hhs8,2025,12,2.41562,2.42145,628,519,748,827,229,226,2429,238,100312
HHS Region,hhs8,2025,13,2.23077,2.20903,608,549,754,658,205,227,2247,239,101719
HHS Region,hhs8,2025,14,2.04784,2.01188,492,410,611,670,201,209,1982,239,98515
HHS Region,hhs8,2025,15,1.93728,1.94519,506,415,589,684,174,202,1981,235,101841
HHS Region,hhs8,2025,16,1.84989,1.84574,458,376,548,695,172,161,1862,236,100881
HHS Region,hhs8,2025,17,1.80257,1.78831,436,395,533,646,138,180,1795,235,100374
HHS Region,hhs8,2025,18,1.85477,1.77727,491,330,460,649,130,166,1766,236,99366
HHS Region,hhs8,2025,19,1.78392,1.7284,440,385,526,604,141,157,1727,237,99919
HHS Region,hhs8,2025,20,1.67868,1.66452,380,354,489,640,135,160,1669,237,100269
HHS Region,hhs8,2025,21,1.53175,1.49604,338,285,419,569,134,135,1461,236,97658
HHS Region,hhs8,2025,22,1.3752,1.3541,272,277,366,449,89,136,1223,235,90318
HHS Region,hhs8,2025,23,1.15508,1.2034,274,223,313,246,90,126,959,193,79691
HHS Region,hhs8,2025,24,1.05543,1.02001,254,252,356,266,104,102,978,234,95881
HHS Region,hhs8,2025,25,0.973123,0.909931,207,217,306,258,89,95,866,232,95172
HHS Region,hhs8,2025,26,0.798973,0.762314,181,179,253,223,74,67,724,233,94974
HHS Region,hhs8,2025,27,0.782134,0.707717,140,183,229,191,46,68,628,233,88736
HHS Region,hhs8,2025,28,0.761365,0.712907,149,183,257,219,74,84,709,233,99452
HHS Region,hhs8,2025,29,0.671287,0.613899,147,164,225,172,61,56,600,232,97736
HHS Region,hhs8,2025,30,0.749612,0.693506,154,159,220,212,61,76,662,233,95457
HHS Region,hhs8,2025,31,0.622902,0.584783,122,162,224,171,62,49,566,231,96788
HHS Region,hhs8,2025,32,0.706961,0.675324,150,173,242,200,69,69,661,232,97879
HHS Region,hhs8,2025,33,0.712732,0.71677,167,181,250,203,69,91,711,232,99195
HHS Region,hhs8,2025,34,0.952473,0.925797,182,236,326,335,90,88,931,231,100562
HHS Region,hhs8,2025,35,1.06075,1.17549,212,223,301,389,78,74,976,185,83029
HHS Region,hhs8,2025,36,1.25991,1.27318,254,255,349,486,94,89,1178,228,92524
HHS Region,hhs8,2025,37,1.10743,1.25999,281,276,374,398,98,142,1195,231,94842
HHS Region,hhs8,2025,38,1.013,1.11692,218,245,336,359,91,124,1037,229,92845
HHS Region,hhs8,2025,39,0.922304,1.04356,222,219,314,341,95,103,980,229,93909
HHS Region,hhs8,2025,40,1.0426,1.16018,279,241,329,378,88,104,1090,236,93951
HHS Region,hhs8,2025,41,1.0932,1.19862,267,281,375,384,94,106,1132,236,94442
HHS Region,hhs8,2025,42,1.03868,1.13264,305,225,310,345,85,102,1062,235,93763
HHS Region,hhs8,2025,43,1.23532,1.32725,369,275,366,391,91,120,1246,235,93878
HHS Region,hhs8,2025,44,1.27541,1.33306,347,229,349,434,120,112,1242,236,93169
HHS Region,hhs8,2025,45,1.52362,1.6184,377,315,433,589,118,126,1525,236,94229
HHS Region,hhs8,2025,46,1.73827,1.88238,443,348,493,729,145,140,1805,236,95889
HHS Region,hhs9,2010,1,3.09412100910712,2.19392177859365,472,410,631,426,221,192,1721,243,78444
HHS Region,hhs9,2010,2,2.96672536437887,1.90762620837809,463,366,585,575,219,153,1776,254,93100
HHS Region,hhs9,2010,3,2.83756560304446,1.96504651769411,473,312,475,511,163,123,1582,257,80507
HHS Region,hhs9,2010,4,3.2962536060647,2.19537319198249,617,347,556,730,209,143,2046,255,93196
HHS Region,hhs9,2010,5,3.32422253179503,2.26795904665995,675,356,548,773,192,166,2162,250,95328
HHS Region,hhs9,2010,6,3.85538204701637,2.62607129912191,702,368,610,770,242,164,2246,236,85527
HHS Region,hhs9,2010,7,2.52973520449986,1.91321547177183,657,242,326,517,84,67,1567,245,81904
HHS Region,hhs9,2010,8,3.44476776616941,2.536411040187,627,390,665,818,275,147,2257,241,88984
HHS Region,hhs9,2010,9,3.40978443649277,2.38281075777173,575,409,645,722,236,195,2137,242,89684
HHS Region,hhs9,2010,10,3.14839307782645,2.21588808453291,476,349,552,659,203,171,1858,234,83849
HHS Region,hhs9,2010,11,3.27749142410558,2.26469870386784,476,338,545,585,207,157,1763,232,77847
HHS Region,hhs9,2010,12,2.75007724599975,1.94836506757373,393,294,465,489,171,148,1495,235,76731
HHS Region,hhs9,2010,13,3.03478906633485,2.11189893326907,495,328,480,557,152,133,1665,226,78839
HHS Region,hhs9,2010,14,2.27792651624886,1.63979848866499,425,239,379,401,140,97,1302,221,79400
HHS Region,hhs9,2010,15,2.10763869463626,1.7041573143359,427,273,411,459,138,100,1397,227,81976
HHS Region,hhs9,2010,16,1.93454842507115,1.53728684143548,358,208,342,405,134,103,1208,220,78580
HHS Region,hhs9,2010,17,2.02860330647915,1.58680381334671,384,240,383,404,143,94,1265,220,79720
HHS Region,hhs9,2010,18,1.88506559417112,1.41251012338621,360,225,343,391,118,92,1186,224,83964
HHS Region,hhs9,2010,19,2.0620602689596,1.64048865619546,389,261,384,406,123,90,1269,220,77355
HHS Region,hhs9,2010,20,2.08041668702626,1.49358951380674,355,252,390,415,138,90,1250,217,83691
HHS Region,hhs9,2010,21,2.23124163038208,1.40595230273964,298,215,369,313,154,90,1070,203,76105
HHS Region,hhs9,2010,22,2.6638494586149,1.85467479674797,252,236,397,262,161,111,1022,176,55104
HHS Region,hhs9,2010,23,2.17439423741374,1.33290144951008,230,185,280,231,95,82,823,172,61745
HHS Region,hhs9,2010,24,2.30316880171105,1.28281067542182,204,176,279,206,103,69,758,170,59089
HHS Region,hhs9,2010,25,2.31779322029223,1.28638466839497,236,137,246,245,109,57,784,172,60946
HHS Region,hhs9,2010,26,1.98961106343669,1.17382786109985,197,148,247,167,99,84,695,168,59208
HHS Region,hhs9,2010,27,2.07308885374003,1.19760479041916,189,142,212,190,70,65,656,171,54776
HHS Region,hhs9,2010,28,1.95519609934169,1.01944410581495,171,146,237,183,91,78,669,164,65624
HHS Region,hhs9,2010,29,1.93416651170255,1.23919431077801,122,127,219,196,92,45,582,156,46966
HHS Region,hhs9,2010,30,2.07854672090095,1.26763768775603,124,113,210,168,97,55,557,151,43940
HHS Region,hhs9,2010,31,1.96895852189001,1.34882450574616,186,152,228,177,76,51,642,155,47597
HHS Region,hhs9,2010,32,1.99169772074094,1.24838193027491,139,117,202,181,85,47,569,148,45579
HHS Region,hhs9,2010,33,1.94915306477865,1.49143497009983,139,147,239,207,92,41,626,145,41973
HHS Region,hhs9,2010,34,1.20122832923245,0.909739975586725,97,85,117,157,32,24,395,147,43419
HHS Region,hhs9,2010,35,1.71333093108736,1.38030995651689,144,141,221,209,80,45,619,137,44845
HHS Region,hhs9,2010,36,1.5181011945887,1.00889270076288,144,80,108,171,28,24,447,142,44306
HHS Region,hhs9,2010,37,2.00122294019282,1.37262519192704,180,130,226,279,96,57,742,142,54057
HHS Region,hhs9,2010,38,2.36168890152011,1.89056002344881,292,194,317,355,123,68,1032,126,54587
HHS Region,hhs9,2010,39,2.25232148682429,1.7553983618764,249,186,297,333,111,64,943,140,53720
HHS Region,hhs9,2010,40,1.73524,1.42154,255,224,324,352,100,68,999,209,70276
HHS Region,hhs9,2010,41,1.91822,1.58614,304,192,303,467,111,70,1144,223,72125
HHS Region,hhs9,2010,42,1.98148,1.64201,288,253,360,463,107,80,1191,231,72533
HHS Region,hhs9,2010,43,1.77791,1.57914,318,202,327,442,125,80,1167,234,73901
HHS Region,hhs9,2010,44,2.27503,1.91872,371,292,427,553,135,79,1430,239,74529
HHS Region,hhs9,2010,45,2.34478,1.79015,335,255,374,442,119,88,1239,231,69212
HHS Region,hhs9,2010,46,2.52885,2.16156,439,295,444,626,149,112,1621,238,74992
HHS Region,hhs9,2010,47,2.83317,2.23447,426,264,395,469,131,117,1407,240,62968
HHS Region,hhs9,2010,48,2.44015,2.2227,535,308,469,568,161,97,1669,243,75089
HHS Region,hhs9,2010,49,2.92539,2.77862,597,326,551,729,225,148,2025,241,72878
HHS Region,hhs9,2010,50,3.43547,3.14365,749,326,538,702,212,150,2139,233,68042
HHS Region,hhs9,2010,51,4.16915,3.50819,788,346,511,563,165,163,2025,234,57722
HHS Region,hhs9,2010,52,4.16749,3.2349,762,353,567,432,214,155,1916,249,59229
HHS Region,hhs9,2011,1,3.23196,2.78966,696,432,679,672,247,190,2237,256,80189
HHS Region,hhs9,2011,2,3.4291,2.98214,696,470,729,837,259,198,2460,256,82491
HHS Region,hhs9,2011,3,3.76368,3.41842,741,436,730,1000,294,178,2649,253,77492
HHS Region,hhs9,2011,4,4.22906,3.63208,936,550,854,1392,304,182,3364,255,92619
HHS Region,hhs9,2011,5,4.04219,3.66519,886,541,782,1424,241,175,3267,259,89136
HHS Region,hhs9,2011,6,4.52405,3.9732,896,644,917,1605,273,175,3593,265,90431
HHS Region,hhs9,2011,7,4.6947,4.07985,845,671,967,1685,296,190,3687,259,90371
HHS Region,hhs9,2011,8,4.72162,3.91641,818,572,860,1432,288,196,3306,256,84414
HHS Region,hhs9,2011,9,4.53929,3.88142,757,588,855,1291,267,187,3090,253,79610
HHS Region,hhs9,2011,10,4.21272,3.47631,785,511,785,1221,274,185,2976,254,85608
HHS Region,hhs9,2011,11,3.92503,3.2061,768,458,679,939,221,159,2545,251,79380
HHS Region,hhs9,2011,12,2.99716,2.56864,563,340,514,691,174,133,1901,242,74008
HHS Region,hhs9,2011,13,2.84696,2.34831,550,339,529,703,190,128,1910,247,81335
HHS Region,hhs9,2011,14,2.39777,2.03859,496,264,427,613,163,88,1624,237,79663
HHS Region,hhs9,2011,15,2.29387,1.92534,417,255,419,517,164,103,1456,232,75623
HHS Region,hhs9,2011,16,2.13977,2.00916,441,236,357,480,121,121,1399,225,69631
HHS Region,hhs9,2011,17,2.07516,1.62738,414,255,383,426,128,99,1322,229,81235
HHS Region,hhs9,2011,18,1.93387,1.71312,344,228,360,363,132,129,1196,222,69814
HHS Region,hhs9,2011,19,1.86598,1.63397,303,207,334,367,127,92,1096,219,67076
HHS Region,hhs9,2011,20,1.82117,1.41593,248,169,266,309,97,84,907,220,64057
HHS Region,hhs9,2011,21,1.80521,1.30175,183,148,263,265,115,83,794,198,60995
HHS Region,hhs9,2011,22,2.15327,1.513,189,156,257,228,101,73,747,195,49372
HHS Region,hhs9,2011,23,1.91803,1.4076,165,165,287,239,122,78,769,187,54632
HHS Region,hhs9,2011,24,1.56212,1.14337,149,153,229,162,76,70,610,188,53351
HHS Region,hhs9,2011,25,1.47918,1.08355,153,132,215,170,83,54,592,187,54635
HHS Region,hhs9,2011,26,1.43733,1.04852,128,108,201,178,93,60,567,179,54076
HHS Region,hhs9,2011,27,1.46441,1.04917,128,123,166,128,43,57,479,181,45655
HHS Region,hhs9,2011,28,1.38325,1.00646,103,114,206,169,92,55,533,182,52958
HHS Region,hhs9,2011,29,1.23902,0.87552,93,94,162,132,68,63,450,175,51398
HHS Region,hhs9,2011,30,1.16745,0.835699,103,100,153,118,53,50,424,174,50736
HHS Region,hhs9,2011,31,0.523629,0.478304,68,46,64,77,18,13,222,169,46414
HHS Region,hhs9,2011,32,1.13543,0.760802,84,92,157,124,65,37,402,176,52839
HHS Region,hhs9,2011,33,1.01117,0.767137,91,90,138,147,48,44,420,176,54749
HHS Region,hhs9,2011,34,1.18488,0.944788,110,95,160,204,65,51,525,177,55568
HHS Region,hhs9,2011,35,1.28169,1.00375,104,91,167,233,76,53,557,174,55492
HHS Region,hhs9,2011,36,1.36204,0.948786,112,82,119,201,37,28,460,173,48483
HHS Region,hhs9,2011,37,1.4992,1.06466,131,123,199,225,76,47,602,170,56544
HHS Region,hhs9,2011,38,1.48556,1.0502,130,120,192,223,72,59,604,168,57513
HHS Region,hhs9,2011,39,1.57733,1.14972,160,131,211,242,80,54,667,169,58014
HHS Region,hhs9,2011,40,1.54554,1.07548,203,156,243,361,87,70,877,207,81545
HHS Region,hhs9,2011,41,1.73834,1.10306,253,190,296,370,106,81,1000,214,90657
HHS Region,hhs9,2011,42,2.00711,1.33366,290,194,289,481,95,87,1147,211,86004
HHS Region,hhs9,2011,43,1.95815,1.37707,294,210,324,501,114,77,1196,215,86851
HHS Region,hhs9,2011,44,2.15899,1.65471,343,216,357,525,141,87,1312,218,79289
HHS Region,hhs9,2011,45,1.89203,1.41883,336,210,277,474,67,103,1190,224,83872
HHS Region,hhs9,2011,46,2.27028,1.63053,367,263,412,559,149,129,1467,219,89971
HHS Region,hhs9,2011,47,2.20507,1.58924,295,187,296,305,109,92,988,221,62168
HHS Region,hhs9,2011,48,1.53376,1.21534,305,161,227,404,66,45,981,220,80718
HHS Region,hhs9,2011,49,2.33479,1.72412,300,270,436,447,166,124,1307,221,75807
HHS Region,hhs9,2011,50,2.56613,1.74486,374,246,396,460,150,149,1379,224,79032
HHS Region,hhs9,2011,51,3.05014,2.00734,373,229,392,336,163,129,1230,216,61275
HHS Region,hhs9,2011,52,3.68816,2.29171,314,227,394,287,167,152,1147,209,50050
HHS Region,hhs9,2012,1,2.99636,2.08619,326,257,446,329,189,190,1291,211,61883
HHS Region,hhs9,2012,2,2.50573,1.80512,345,270,453,416,183,143,1357,214,75175
HHS Region,hhs9,2012,3,2.36802,1.72792,361,284,453,459,169,73,1346,217,77897
HHS Region,hhs9,2012,4,3.01277,2.1895,462,284,458,656,174,143,1719,213,78511
HHS Region,hhs9,2012,5,3.34077,2.52326,577,306,514,727,208,143,1961,217,77717
HHS Region,hhs9,2012,6,2.93438,2.34969,560,336,500,714,164,139,1913,214,81415
HHS Region,hhs9,2012,7,3.17132,2.41887,618,369,557,740,188,158,2073,218,85701
HHS Region,hhs9,2012,8,3.65957,2.62229,501,370,565,782,195,188,2036,212,77642
HHS Region,hhs9,2012,9,3.14123,2.42962,505,394,608,721,214,196,2030,214,83552
HHS Region,hhs9,2012,10,2.49756,2.11346,412,286,402,638,116,81,1533,211,72535
HHS Region,hhs9,2012,11,2.81932,2.25308,457,333,492,767,159,77,1793,217,79580
HHS Region,hhs9,2012,12,2.62173,2.3335,439,308,448,654,140,96,1637,207,70152
HHS Region,hhs9,2012,13,3.43265,2.74544,448,453,686,772,233,169,2075,214,75580
HHS Region,hhs9,2012,14,2.70898,2.31861,424,383,573,603,190,179,1779,204,76727
HHS Region,hhs9,2012,15,2.5828,2.05104,295,290,452,502,162,147,1396,201,68063
HHS Region,hhs9,2012,16,1.98471,1.64862,256,247,377,452,130,42,1127,197,68360
HHS Region,hhs9,2012,17,1.93868,1.70026,260,276,444,482,168,118,1304,192,76694
HHS Region,hhs9,2012,18,2.12065,1.96518,244,301,449,512,148,110,1315,183,66915
HHS Region,hhs9,2012,19,1.98364,1.92667,267,239,385,496,146,130,1278,173,66332
HHS Region,hhs9,2012,20,1.85652,1.70532,235,265,410,428,145,110,1183,169,69371
HHS Region,hhs9,2012,21,2.01055,1.92886,236,247,378,437,131,116,1167,162,60502
HHS Region,hhs9,2012,22,2.00256,1.90249,236,211,339,303,128,103,981,159,51564
HHS Region,hhs9,2012,23,1.74623,1.38828,178,215,326,262,111,124,890,162,64108
HHS Region,hhs9,2012,24,1.60525,1.4099,165,178,292,233,114,106,796,156,56458
HHS Region,hhs9,2012,25,1.76841,1.36483,218,181,292,251,111,94,855,160,62645
HHS Region,hhs9,2012,26,1.61544,1.16124,169,149,258,190,109,90,707,153,60883
HHS Region,hhs9,2012,27,1.64586,1.20838,162,126,209,162,83,81,614,151,50812
HHS Region,hhs9,2012,28,1.53079,1.02838,129,119,201,191,82,73,594,141,57761
HHS Region,hhs9,2012,29,1.44495,1.05879,135,143,224,182,81,85,626,142,59124
HHS Region,hhs9,2012,30,1.46148,1.14417,161,145,223,188,78,96,668,143,58383
HHS Region,hhs9,2012,31,1.57996,1.3421,153,152,260,205,108,92,710,143,52902
HHS Region,hhs9,2012,32,1.50621,1.44536,168,160,258,222,98,107,755,138,52236
HHS Region,hhs9,2012,33,1.0733,1.18978,136,114,169,173,55,51,529,134,44462
HHS Region,hhs9,2012,34,1.71304,1.51192,180,175,275,253,100,108,816,137,53971
HHS Region,hhs9,2012,35,1.85131,1.62973,203,192,313,348,121,89,953,139,58476
HHS Region,hhs9,2012,36,2.06204,1.72887,169,177,278,335,101,93,875,139,50611
HHS Region,hhs9,2012,37,2.02747,1.71971,189,191,301,369,110,179,1038,140,60359
HHS Region,hhs9,2012,38,2.12102,1.68687,220,195,306,417,111,91,1034,137,61297
HHS Region,hhs9,2012,39,2.09178,1.70813,198,213,318,362,105,110,988,127,57841
HHS Region,hhs9,2012,40,1.81284,1.38434,279,206,344,416,138,103,1142,210,82494
HHS Region,hhs9,2012,41,1.94226,1.45988,261,213,341,452,128,113,1167,211,79938
HHS Region,hhs9,2012,42,2.04103,1.52359,301,238,394,498,156,117,1310,217,85981
HHS Region,hhs9,2012,43,2.0413,1.56764,292,236,369,491,133,115,1267,209,80822
HHS Region,hhs9,2012,44,2.12848,1.5903,300,262,389,509,127,99,1297,206,81557
HHS Region,hhs9,2012,45,2.22183,1.6709,366,253,386,556,133,105,1413,209,84565
HHS Region,hhs9,2012,46,2.21239,1.73387,329,213,368,534,155,133,1364,211,78668
HHS Region,hhs9,2012,47,2.40647,1.84221,287,181,312,385,131,124,1108,209,60145
HHS Region,hhs9,2012,48,2.23494,1.73192,304,327,513,505,186,159,1481,214,85512
HHS Region,hhs9,2012,49,2.19283,1.76628,355,308,488,505,180,161,1509,215,85434
HHS Region,hhs9,2012,50,2.4589,2.03447,374,342,542,578,200,173,1667,215,81938
HHS Region,hhs9,2012,51,3.05562,2.54047,446,393,617,547,224,198,1808,197,71168
HHS Region,hhs9,2012,52,4.82703,3.27322,569,363,579,402,216,205,1755,190,53617
HHS Region,hhs9,2013,1,3.41933,2.9252,520,426,669,462,243,201,1852,209,63312
HHS Region,hhs9,2013,2,3.49033,3.09342,564,581,923,881,342,283,2651,212,85698
HHS Region,hhs9,2013,3,4.68634,4.08702,847,730,1088,1487,358,281,3703,214,90604
HHS Region,hhs9,2013,4,5.57853,5.07878,1042,805,1193,1718,388,292,4245,209,83583
HHS Region,hhs9,2013,5,5.49148,4.54742,913,698,1070,1735,372,283,4001,203,87984
HHS Region,hhs9,2013,6,4.98836,4.37169,844,550,808,1468,258,162,3282,195,75074
HHS Region,hhs9,2013,7,4.49215,4.01134,745,520,781,1239,261,164,2929,198,73018
HHS Region,hhs9,2013,8,3.81698,3.35383,620,438,636,934,198,139,2329,200,69443
HHS Region,hhs9,2013,9,3.47363,3.16366,509,317,522,914,205,142,2087,195,65968
HHS Region,hhs9,2013,10,3.60806,3.09417,474,339,519,886,180,125,2004,192,64767
HHS Region,hhs9,2013,11,3.14503,2.78746,423,285,434,738,149,100,1695,184,60808
HHS Region,hhs9,2013,12,2.89597,2.47738,337,236,373,590,137,88,1388,179,56027
HHS Region,hhs9,2013,13,2.61787,2.16443,337,213,332,473,119,54,1196,183,55257
HHS Region,hhs9,2013,14,2.23024,1.86174,250,192,297,413,105,62,1022,171,54895
HHS Region,hhs9,2013,15,1.8563,1.65607,279,166,257,412,91,65,1013,173,61169
HHS Region,hhs9,2013,16,1.68062,1.50482,199,147,221,378,74,54,852,165,56618
HHS Region,hhs9,2013,17,1.64367,1.4702,234,164,217,392,53,41,884,172,60128
HHS Region,hhs9,2013,18,1.61538,1.49527,207,161,244,361,83,45,857,167,57314
HHS Region,hhs9,2013,19,1.54832,1.37807,210,129,197,313,68,48,768,167,55730
HHS Region,hhs9,2013,20,1.61454,1.45881,221,141,220,296,79,39,776,155,53194
HHS Region,hhs9,2013,21,1.42814,1.26724,186,129,205,214,76,51,656,146,51766
HHS Region,hhs9,2013,22,1.41205,1.23819,177,92,150,198,58,37,562,153,45389
HHS Region,hhs9,2013,23,1.418,1.25603,200,116,172,193,56,63,628,152,49999
HHS Region,hhs9,2013,24,1.46578,1.29585,190,106,186,164,80,38,578,143,44604
HHS Region,hhs9,2013,25,1.42122,1.22815,186,109,185,159,76,35,565,145,46004
HHS Region,hhs9,2013,26,1.26664,1.08985,157,90,150,146,60,39,492,142,45144
HHS Region,hhs9,2013,27,1.24862,1.03274,127,87,127,102,40,38,394,144,38151
HHS Region,hhs9,2013,28,1.06856,0.923237,141,68,123,115,55,28,407,141,44084
HHS Region,hhs9,2013,29,1.12243,0.946372,123,80,122,136,42,33,414,137,43746
HHS Region,hhs9,2013,30,1.16379,1.00007,149,60,107,153,47,35,444,135,44397
HHS Region,hhs9,2013,31,1.08253,0.937861,105,83,129,139,46,33,406,129,43290
HHS Region,hhs9,2013,32,1.15876,0.99551,118,101,156,124,55,21,419,126,42089
HHS Region,hhs9,2013,33,1.10472,0.97883,122,86,130,147,44,31,430,123,43930
HHS Region,hhs9,2013,34,1.03191,0.849803,114,70,111,146,41,19,390,120,45893
HHS Region,hhs9,2013,35,1.36851,1.18966,114,86,137,255,51,31,537,119,45139
HHS Region,hhs9,2013,36,1.46948,1.2959,100,76,137,226,61,23,486,121,37503
HHS Region,hhs9,2013,37,1.51529,1.32095,132,91,153,279,62,19,583,122,44135
HHS Region,hhs9,2013,38,1.49047,1.34702,123,96,159,266,63,28,576,122,42761
HHS Region,hhs9,2013,39,1.70996,1.61056,157,101,150,308,49,29,644,124,39986
HHS Region,hhs9,2013,40,1.36535,1.11037,234,178,257,399,79,82,972,246,87538
HHS Region,hhs9,2013,41,1.60314,1.33749,309,192,312,468,120,103,1192,247,89122
HHS Region,hhs9,2013,42,1.60277,1.33103,337,197,300,419,103,84,1140,246,85648
HHS Region,hhs9,2013,43,1.59993,1.28281,316,207,327,417,120,94,1154,251,89959
HHS Region,hhs9,2013,44,1.80107,1.46095,316,241,391,491,150,104,1302,259,89120
HHS Region,hhs9,2013,45,2.06682,1.6793,355,274,418,627,144,124,1524,268,90752
HHS Region,hhs9,2013,46,2.0459,1.61715,401,225,359,521,134,100,1381,267,85397
HHS Region,hhs9,2013,47,1.9743,1.65793,411,263,417,552,154,104,1484,262,89509
HHS Region,hhs9,2013,48,2.34894,1.9494,341,251,380,386,129,115,1222,261,62686
HHS Region,hhs9,2013,49,2.13631,1.83676,441,273,432,610,159,138,1621,261,88253
HHS Region,hhs9,2013,50,2.51824,2.09016,458,328,500,681,172,134,1773,263,84826
HHS Region,hhs9,2013,51,2.94052,2.56776,516,505,757,645,252,209,2127,258,82835
HHS Region,hhs9,2013,52,4.53268,3.70459,602,531,779,571,248,209,2161,250,58333
HHS Region,hhs9,2014,1,4.56574,3.73771,649,700,1038,616,338,233,2536,257,67849
HHS Region,hhs9,2014,2,4.15641,3.45834,698,814,1267,877,453,287,3129,259,90477
HHS Region,hhs9,2014,3,4.19337,3.58346,653,831,1223,1082,392,340,3298,262,92034
HHS Region,hhs9,2014,4,4.64163,3.84931,764,732,1081,1235,349,253,3333,258,86587
HHS Region,hhs9,2014,5,4.0091,3.43975,644,735,1121,1217,386,244,3226,250,93786
HHS Region,hhs9,2014,6,3.61715,3.10237,609,567,903,1031,336,267,2810,255,90576
HHS Region,hhs9,2014,7,3.26964,2.72491,572,491,785,866,294,214,2437,249,89434
HHS Region,hhs9,2014,8,3.20835,2.49641,512,448,677,705,229,175,2069,243,82879
HHS Region,hhs9,2014,9,2.90276,2.36285,505,403,655,720,252,184,2064,239,87352
HHS Region,hhs9,2014,10,2.59216,2.10456,395,342,574,626,232,159,1754,232,83343
HHS Region,hhs9,2014,11,2.19768,1.84029,366,302,466,500,164,160,1492,226,81074
HHS Region,hhs9,2014,12,2.19878,1.8148,344,268,430,546,162,132,1452,229,80009
HHS Region,hhs9,2014,13,1.85634,1.51007,256,226,366,439,140,132,1193,227,79003
HHS Region,hhs9,2014,14,1.87645,1.53245,273,202,327,379,125,115,1094,222,71389
HHS Region,hhs9,2014,15,1.74535,1.50997,239,211,358,417,147,111,1125,216,74505
HHS Region,hhs9,2014,16,1.81881,1.58537,192,211,346,471,135,114,1123,210,70835
HHS Region,hhs9,2014,17,1.72456,1.42177,173,222,357,369,135,111,1010,201,71038
HHS Region,hhs9,2014,18,1.63584,1.46427,199,193,306,400,113,107,1012,195,69113
HHS Region,hhs9,2014,19,1.67282,1.47009,181,192,318,401,126,101,1001,192,68091
HHS Region,hhs9,2014,20,1.73996,1.51824,213,207,325,362,118,122,1022,187,67315
HHS Region,hhs9,2014,21,1.93795,1.54174,242,201,321,344,120,106,1013,181,65705
HHS Region,hhs9,2014,22,1.75837,1.47322,215,148,258,286,110,97,856,178,58104
HHS Region,hhs9,2014,23,1.692,1.37623,228,155,257,275,102,69,829,161,60237
HHS Region,hhs9,2014,24,1.66181,1.34124,198,159,254,267,95,77,796,162,59348
HHS Region,hhs9,2014,25,1.56216,1.17455,182,139,231,203,92,68,684,163,58235
HHS Region,hhs9,2014,26,1.57548,1.14896,182,162,274,196,112,65,717,172,62404
HHS Region,hhs9,2014,27,1.58372,1.17021,173,133,207,175,74,65,620,174,52982
HHS Region,hhs9,2014,28,1.32916,1.00013,140,126,214,179,88,86,619,179,61892
HHS Region,hhs9,2014,29,1.34247,1.03081,144,123,205,177,82,96,622,172,60341
HHS Region,hhs9,2014,30,1.16051,0.909137,114,130,208,137,78,83,542,172,59617
HHS Region,hhs9,2014,31,1.1291,0.839907,99,126,204,136,78,71,510,174,60721
HHS Region,hhs9,2014,32,0.96479,0.752706,98,107,166,120,59,61,445,171,59120
HHS Region,hhs9,2014,33,0.983098,0.778349,112,106,164,127,58,54,457,161,58714
HHS Region,hhs9,2014,34,1.07318,0.813008,107,99,154,177,55,67,505,156,62115
HHS Region,hhs9,2014,35,1.21635,1.00159,147,119,184,247,65,46,624,156,62301
HHS Region,hhs9,2014,36,1.45951,1.11671,134,106,160,267,54,57,618,156,55341
HHS Region,hhs9,2014,37,1.69385,1.26092,156,154,221,369,67,65,811,153,64318
HHS Region,hhs9,2014,38,1.72977,1.33987,151,158,240,396,82,80,867,154,64708
HHS Region,hhs9,2014,39,1.64848,1.32254,150,129,191,380,62,65,786,152,59431
HHS Region,hhs9,2014,40,1.79314,1.50153,310,220,330,577,110,112,1329,237,88510
HHS Region,hhs9,2014,41,1.86112,1.54926,335,225,343,599,118,103,1380,246,89075
HHS Region,hhs9,2014,42,1.75594,1.47919,335,236,345,556,109,129,1365,250,92280
HHS Region,hhs9,2014,43,1.71349,1.4221,330,264,371,557,107,86,1344,256,94508
HHS Region,hhs9,2014,44,1.75748,1.46802,356,191,302,525,111,120,1303,261,88759
HHS Region,hhs9,2014,45,2.06486,1.7121,414,236,359,720,123,98,1591,268,92927
HHS Region,hhs9,2014,46,2.07612,1.72713,413,208,294,604,86,111,1422,251,82333
HHS Region,hhs9,2014,47,2.24469,1.84994,455,281,424,725,143,116,1720,272,92976
HHS Region,hhs9,2014,48,2.5211,2.18369,399,248,365,526,117,108,1398,269,64020
HHS Region,hhs9,2014,49,2.25959,1.9515,439,327,521,717,194,133,1810,278,92749
HHS Region,hhs9,2014,50,2.43678,2.15188,464,315,499,766,184,167,1896,272,88109
HHS Region,hhs9,2014,51,2.79274,2.48083,544,357,551,767,194,176,2038,264,82150
HHS Region,hhs9,2014,52,4.26144,3.78475,559,326,537,619,211,198,1913,260,50545
HHS Region,hhs9,2014,53,4.70759,4.37336,632,516,828,694,312,303,2457,260,56181
HHS Region,hhs9,2015,1,4.04087,3.87245,692,711,1099,1133,388,401,3325,263,85863
HHS Region,hhs9,2015,2,4.46735,4.28829,778,728,1080,1361,352,426,3645,252,84999
HHS Region,hhs9,2015,3,5.00536,4.84553,858,695,1043,1569,348,368,3838,254,79207
HHS Region,hhs9,2015,4,5.00751,4.63337,917,654,1066,1789,412,394,4166,262,89913
HHS Region,hhs9,2015,5,4.44297,4.05371,821,586,900,1564,314,335,3620,248,89301
HHS Region,hhs9,2015,6,3.9262,3.63124,766,527,770,1175,243,279,2990,243,82341
HHS Region,hhs9,2015,7,3.43436,3.15139,631,411,621,980,210,227,2459,246,78029
HHS Region,hhs9,2015,8,3.08144,2.78503,533,415,655,952,240,240,2380,249,85457
HHS Region,hhs9,2015,9,2.96042,2.58492,537,397,594,879,197,177,2187,247,84606
HHS Region,hhs9,2015,10,3.00284,2.61581,616,347,528,894,181,210,2248,239,85939
HHS Region,hhs9,2015,11,2.727,2.32656,503,324,507,742,183,187,1939,232,83342
HHS Region,hhs9,2015,12,2.47226,2.02196,430,267,466,635,199,167,1698,238,83978
HHS Region,hhs9,2015,13,2.48584,2.11067,440,273,434,635,161,162,1671,237,79169
HHS Region,hhs9,2015,14,2.27183,1.94265,396,272,405,573,133,145,1519,234,78192
HHS Region,hhs9,2015,15,2.03777,1.77338,346,262,401,573,139,162,1482,237,83569
HHS Region,hhs9,2015,16,1.98383,1.69057,304,226,336,526,110,114,1280,211,75714
HHS Region,hhs9,2015,17,2.03221,1.75809,319,266,406,555,140,112,1392,218,79177
HHS Region,hhs9,2015,18,2.09669,1.79496,341,234,359,562,125,111,1373,216,76492
HHS Region,hhs9,2015,19,2.09063,1.72201,318,227,331,525,104,124,1298,217,75377
HHS Region,hhs9,2015,20,2.0089,1.75298,294,216,350,447,134,69,1160,213,66173
HHS Region,hhs9,2015,21,1.94064,1.62451,264,182,287,317,105,94,962,206,59218
HHS Region,hhs9,2015,22,1.97568,1.56221,243,191,309,344,118,110,1006,186,64396
HHS Region,hhs9,2015,23,1.70672,1.32401,157,182,292,260,110,109,818,187,61782
HHS Region,hhs9,2015,24,1.60863,1.20303,158,142,246,205,104,103,712,185,59184
HHS Region,hhs9,2015,25,1.41003,1.02646,117,146,234,188,88,70,609,181,59330
HHS Region,hhs9,2015,26,1.43039,1.06729,101,126,196,176,70,78,551,180,51626
HHS Region,hhs9,2015,27,1.28213,0.951459,122,116,199,165,83,84,570,181,59908
HHS Region,hhs9,2015,28,1.11639,0.857724,113,100,173,150,73,66,502,179,58527
HHS Region,hhs9,2015,29,0.96374,0.750853,83,106,169,121,63,67,440,177,58600
HHS Region,hhs9,2015,30,0.962723,0.789735,105,101,167,125,66,48,445,169,56348
HHS Region,hhs9,2015,31,0.957826,0.764991,93,97,154,126,57,60,433,173,56602
HHS Region,hhs9,2015,32,1.06719,0.850998,94,128,175,184,47,44,497,176,58402
HHS Region,hhs9,2015,33,1.08806,1.02862,107,131,189,206,58,81,583,174,56678
HHS Region,hhs9,2015,34,1.21307,1.11961,124,121,191,274,70,81,670,177,59842
HHS Region,hhs9,2015,35,1.1754,1.08698,89,124,184,294,60,55,622,165,57223
HHS Region,hhs9,2015,36,0.927354,0.916037,80,60,115,187,55,40,422,166,46068
HHS Region,hhs9,2015,37,1.30703,1.17753,124,119,190,336,71,81,731,178,62079
HHS Region,hhs9,2015,38,1.30231,1.22848,136,111,202,346,91,73,757,172,61621
HHS Region,hhs9,2015,39,1.17311,1.04313,112,91,132,285,41,58,587,160,56273
HHS Region,hhs9,2015,40,1.34537,1.23884,204,176,254,398,78,126,982,225,79268
HHS Region,hhs9,2015,41,1.48977,1.34225,227,189,290,445,101,140,1102,239,82101
HHS Region,hhs9,2015,42,1.43902,1.34442,229,201,309,499,108,124,1161,242,86357
HHS Region,hhs9,2015,43,1.58879,1.51958,250,219,331,502,112,154,1237,250,81404
HHS Region,hhs9,2015,44,1.70585,1.61488,280,209,322,592,113,150,1344,261,83226
HHS Region,hhs9,2015,45,1.73921,1.62788,318,210,323,526,113,169,1336,261,82070
HHS Region,hhs9,2015,46,1.98744,1.78616,373,237,364,676,127,171,1584,261,88682
HHS Region,hhs9,2015,47,2.2437,1.96048,305,233,319,393,86,138,1155,256,58914
HHS Region,hhs9,2015,48,2.00403,1.92103,369,293,450,623,157,197,1639,252,85319
HHS Region,hhs9,2015,49,2.0343,1.95267,341,252,423,638,171,197,1599,251,81888
HHS Region,hhs9,2015,50,2.13484,2.0329,421,264,418,465,154,189,1493,243,73442
HHS Region,hhs9,2015,51,2.80184,2.59693,418,228,386,352,158,195,1351,245,52023
HHS Region,hhs9,2015,52,3.04687,2.65453,407,260,420,368,160,190,1385,230,52175
HHS Region,hhs9,2016,1,2.42695,2.32445,462,389,611,577,222,261,1911,254,82213
HHS Region,hhs9,2016,2,2.40393,2.29848,415,332,504,726,172,227,1872,244,81445
HHS Region,hhs9,2016,3,2.64512,2.54335,479,323,491,765,168,223,1958,236,76985
HHS Region,hhs9,2016,4,2.82762,2.69943,522,412,668,941,256,235,2366,241,87648
HHS Region,hhs9,2016,5,3.24343,3.15159,592,404,634,1212,230,277,2715,242,86147
HHS Region,hhs9,2016,6,3.96877,3.93941,721,602,909,1550,307,323,3503,244,88922
HHS Region,hhs9,2016,7,4.3744,4.24647,667,570,891,1575,321,319,3452,227,81291
HHS Region,hhs9,2016,8,3.92775,3.93984,730,596,957,1457,361,356,3500,237,88836
HHS Region,hhs9,2016,9,3.84237,3.92602,674,631,977,1553,346,341,3545,245,90295
HHS Region,hhs9,2016,10,3.8018,3.72455,565,508,794,1252,286,287,2898,216,77808
HHS Region,hhs9,2016,11,3.33737,3.33765,451,511,830,963,319,309,2553,221,76491
HHS Region,hhs9,2016,12,3.00567,2.82285,414,417,671,839,254,247,2171,237,76908
HHS Region,hhs9,2016,13,2.78509,2.62003,356,324,512,696,188,209,1773,216,67671
HHS Region,hhs9,2016,14,2.2393,2.20425,290,345,530,743,185,222,1785,234,80980
HHS Region,hhs9,2016,15,2.0331,2.0348,268,280,444,693,164,204,1609,224,79074
HHS Region,hhs9,2016,16,1.76124,1.78807,256,244,379,614,135,160,1409,218,78800
HHS Region,hhs9,2016,17,1.74637,1.65094,241,212,350,545,138,152,1288,210,78016
HHS Region,hhs9,2016,18,1.79629,1.66324,215,226,330,535,104,133,1213,204,72930
HHS Region,hhs9,2016,19,1.52741,1.44423,216,206,299,389,93,128,1032,197,71457
HHS Region,hhs9,2016,20,1.49464,1.4201,212,188,281,329,93,131,953,190,67108
HHS Region,hhs9,2016,21,1.38824,1.20968,207,151,255,315,104,108,885,189,73160
HHS Region,hhs9,2016,22,1.31969,1.15929,166,148,236,233,88,78,713,193,61503
HHS Region,hhs9,2016,23,1.30581,1.17075,176,168,259,258,91,99,792,182,67649
HHS Region,hhs9,2016,24,1.21624,1.13069,194,153,245,196,92,105,740,187,65447
HHS Region,hhs9,2016,25,1.07191,0.890253,132,117,172,192,55,87,583,177,65487
HHS Region,hhs9,2016,26,1.14158,1.01078,130,120,186,185,66,83,584,169,57777
HHS Region,hhs9,2016,27,1.09858,0.930485,117,79,141,145,62,77,480,171,51586
HHS Region,hhs9,2016,28,0.960341,0.831977,122,96,141,162,45,81,506,174,60819
HHS Region,hhs9,2016,29,0.88295,0.806131,105,101,153,152,52,77,487,172,60412
HHS Region,hhs9,2016,30,0.798763,0.703896,104,72,126,141,54,65,436,175,61941
HHS Region,hhs9,2016,31,0.793163,0.705136,83,87,131,140,44,66,420,160,59563
HHS Region,hhs9,2016,32,0.777639,0.615061,97,71,102,118,31,40,357,141,58043
HHS Region,hhs9,2016,33,0.889385,0.709185,117,73,109,161,36,41,428,141,60351
HHS Region,hhs9,2016,34,0.960892,0.794936,128,86,129,200,43,34,491,137,61766
HHS Region,hhs9,2016,35,1.21347,1.03876,117,102,136,305,34,42,600,138,57761
HHS Region,hhs9,2016,36,1.21141,0.987106,137,81,116,240,35,36,529,133,53591
HHS Region,hhs9,2016,37,1.46895,1.17404,137,140,207,349,67,50,743,138,63286
HHS Region,hhs9,2016,38,1.53028,1.23638,152,137,212,361,75,49,774,137,62602
HHS Region,hhs9,2016,39,1.45655,1.21419,166,133,197,393,64,53,809,147,66629
HHS Region,hhs9,2016,40,1.2649,1.13983,238,230,330,433,100,108,1109,230,97295
HHS Region,hhs9,2016,41,1.27116,1.08131,239,197,305,458,108,123,1125,238,104040
HHS Region,hhs9,2016,42,1.38253,1.17596,264,209,344,515,135,127,1250,239,106296
HHS Region,hhs9,2016,43,1.44065,1.27548,270,208,346,513,138,138,1267,231,99335
HHS Region,hhs9,2016,44,1.52282,1.39656,314,208,318,550,110,122,1304,231,93372
HHS Region,hhs9,2016,45,1.61895,1.45214,335,219,356,586,137,121,1398,232,96272
HHS Region,hhs9,2016,46,1.6706,1.51483,352,245,385,677,140,153,1567,240,103444
HHS Region,hhs9,2016,47,1.9819,1.74891,322,250,379,473,129,132,1306,232,74675
HHS Region,hhs9,2016,48,1.8794,1.71045,365,322,510,652,188,168,1695,229,99097
HHS Region,hhs9,2016,49,2.03416,1.96066,420,332,559,698,227,203,1880,231,95886
HHS Region,hhs9,2016,50,2.31372,2.12355,470,369,590,784,221,213,2057,230,96866
HHS Region,hhs9,2016,51,2.75818,2.53852,555,371,624,680,253,276,2135,227,84104
HHS Region,hhs9,2016,52,3.30484,2.95641,604,432,748,609,316,351,2312,233,78203
HHS Region,hhs9,2017,1,3.07412,2.77747,613,509,849,645,340,367,2474,239,89074
HHS Region,hhs9,2017,2,2.83778,2.50848,508,501,828,778,327,318,2432,233,96951
HHS Region,hhs9,2017,3,2.68071,2.47549,503,441,720,818,279,279,2320,234,93719
HHS Region,hhs9,2017,4,2.9577,2.6038,581,465,750,1062,285,261,2654,234,101928
HHS Region,hhs9,2017,5,3.03987,2.73707,567,449,728,1136,279,275,2706,226,98865
HHS Region,hhs9,2017,6,2.64082,2.47009,463,379,627,1075,248,290,2455,222,99389
HHS Region,hhs9,2017,7,2.45805,2.24462,441,324,540,881,216,236,2098,212,93468
HHS Region,hhs9,2017,8,2.39562,2.21178,364,364,574,751,210,251,1940,211,87712
HHS Region,hhs9,2017,9,2.21248,2.14368,353,334,530,858,196,300,2041,215,95210
HHS Region,hhs9,2017,10,2.22164,2.07631,373,354,565,811,211,215,1964,214,94591
HHS Region,hhs9,2017,11,2.26591,2.07737,437,337,533,761,196,207,1938,213,93291
HHS Region,hhs9,2017,12,1.97718,1.84069,312,324,515,669,191,214,1710,203,92900
HHS Region,hhs9,2017,13,1.98112,1.85264,305,290,462,606,172,203,1576,199,85068
HHS Region,hhs9,2017,14,1.81326,1.73805,288,266,412,625,146,176,1501,200,86361
HHS Region,hhs9,2017,15,1.61855,1.52279,211,262,404,496,142,172,1283,195,84253
HHS Region,hhs9,2017,16,1.6697,1.58175,254,290,443,537,153,181,1415,200,89458
HHS Region,hhs9,2017,17,1.77963,1.64495,219,239,391,602,152,178,1390,194,84501
HHS Region,hhs9,2017,18,1.56937,1.55815,228,224,394,556,170,164,1342,186,86128
HHS Region,hhs9,2017,19,1.47835,1.42331,162,216,319,490,103,143,1114,181,78268
HHS Region,hhs9,2017,20,1.46965,1.46574,182,231,343,462,112,147,1134,180,77367
HHS Region,hhs9,2017,21,1.443,1.41635,169,221,354,441,133,177,1141,179,80559
HHS Region,hhs9,2017,22,1.42575,1.3656,183,176,289,298,113,135,905,167,66271
HHS Region,hhs9,2017,23,1.54938,1.39075,206,190,309,370,119,151,1036,171,74492
HHS Region,hhs9,2017,24,1.24856,1.15843,175,190,300,252,110,123,850,165,73375
HHS Region,hhs9,2017,25,1.17378,1.01207,138,172,257,226,85,111,732,160,72327
HHS Region,hhs9,2017,26,1.30807,1.10378,148,176,261,260,85,101,770,164,69760
HHS Region,hhs9,2017,27,1.22903,1.04449,109,145,245,157,100,95,606,161,58019
HHS Region,hhs9,2017,28,1.06617,0.924871,109,123,205,197,82,122,633,161,68442
HHS Region,hhs9,2017,29,1.04083,0.937545,93,138,236,205,98,116,650,157,69330
HHS Region,hhs9,2017,30,0.951545,0.879021,98,117,201,181,84,98,578,143,65755
HHS Region,hhs9,2017,31,0.892872,0.844228,104,156,215,194,59,94,607,153,71900
HHS Region,hhs9,2017,32,0.912778,0.822629,110,122,179,178,57,110,577,150,70141
HHS Region,hhs9,2017,33,1.012,0.938131,111,133,203,213,70,110,637,146,67901
HHS Region,hhs9,2017,34,1.26206,1.24832,156,165,260,456,95,119,991,158,79387
HHS Region,hhs9,2017,35,1.28077,1.23948,175,171,270,439,99,116,1000,159,80679
HHS Region,hhs9,2017,36,1.30647,1.1752,140,148,222,352,74,100,814,154,69265
HHS Region,hhs9,2017,37,1.57206,1.43102,186,193,285,493,92,129,1093,165,76379
HHS Region,hhs9,2017,38,1.47989,1.30317,148,184,257,396,73,116,917,151,70367
HHS Region,hhs9,2017,39,1.45307,1.23262,207,155,236,379,81,99,921,152,74719
HHS Region,hhs9,2017,40,1.76737,1.65434,269,267,414,555,147,158,1396,194,84384
HHS Region,hhs9,2017,41,1.55246,1.46569,253,233,357,477,124,150,1237,200,84397
HHS Region,hhs9,2017,42,1.58034,1.48926,250,266,418,571,152,130,1369,214,91925
HHS Region,hhs9,2017,43,1.72695,1.57316,310,272,457,548,185,159,1474,214,93697
HHS Region,hhs9,2017,44,2.01706,1.89993,273,311,484,680,173,181,1618,214,85161
HHS Region,hhs9,2017,45,1.92015,1.76795,280,255,418,624,163,174,1496,213,84618
HHS Region,hhs9,2017,46,2.02108,1.8786,305,307,503,657,196,223,1688,222,89854
HHS Region,hhs9,2017,47,2.17777,1.96093,305,251,388,443,137,157,1293,211,65938
HHS Region,hhs9,2017,48,2.15808,2.09336,346,394,619,653,225,270,1888,219,90190
HHS Region,hhs9,2017,49,2.596,2.42322,397,372,607,695,235,302,2001,214,82576
HHS Region,hhs9,2017,50,3.56156,3.49061,499,603,982,1105,379,431,3017,217,86432
HHS Region,hhs9,2017,51,4.73611,4.49038,630,722,1208,1214,486,580,3632,211,80884
HHS Region,hhs9,2017,52,6.93868,6.31455,705,997,1643,1125,646,886,4359,212,69031
HHS Region,hhs9,2018,1,6.53023,5.96884,587,983,1647,1044,664,1025,4303,213,72091
HHS Region,hhs9,2018,2,4.75624,4.47979,558,841,1460,1106,619,873,3997,212,89223
HHS Region,hhs9,2018,3,4.16472,4.03584,581,694,1192,1150,498,622,3545,221,87838
HHS Region,hhs9,2018,4,4.03733,3.85214,605,692,1170,1342,478,494,3611,219,93740
HHS Region,hhs9,2018,5,4.29233,4.09006,634,612,1055,1589,443,495,3773,210,92248
HHS Region,hhs9,2018,6,3.98843,3.92584,654,688,1057,1606,369,429,3746,216,95419
HHS Region,hhs9,2018,7,3.89016,3.80723,542,650,1071,1321,421,459,3393,209,89120
HHS Region,hhs9,2018,8,3.6801,3.56723,482,570,944,1110,374,408,2944,215,82529
HHS Region,hhs9,2018,9,3.65283,3.439,457,593,988,1167,395,404,3016,217,87700
HHS Region,hhs9,2018,10,3.43116,3.10509,386,474,821,1107,347,371,2685,208,86471
HHS Region,hhs9,2018,11,3.24312,2.9842,387,414,692,1080,278,373,2532,202,84847
HHS Region,hhs9,2018,12,2.96904,2.74783,351,441,733,917,292,321,2322,199,84503
HHS Region,hhs9,2018,13,2.74521,2.53941,320,414,656,672,242,285,1933,204,76120
HHS Region,hhs9,2018,14,2.4076,2.23276,288,360,595,668,235,271,1822,197,81603
HHS Region,hhs9,2018,15,1.97652,1.92423,263,365,550,579,185,249,1641,200,85281
HHS Region,hhs9,2018,16,1.96057,1.85119,230,311,484,584,173,202,1500,198,81029
HHS Region,hhs9,2018,17,2.00626,1.87457,220,288,454,687,166,193,1554,199,82899
HHS Region,hhs9,2018,18,1.97314,1.95797,213,267,436,561,169,194,1404,187,71707
HHS Region,hhs9,2018,19,1.84014,1.70971,223,274,412,532,138,188,1355,188,79253
HHS Region,hhs9,2018,20,1.65748,1.54446,189,248,380,416,132,171,1156,189,74848
HHS Region,hhs9,2018,21,1.72129,1.58925,197,238,388,365,150,174,1124,181,70725
HHS Region,hhs9,2018,22,1.64081,1.56764,178,212,359,331,147,147,1015,178,64747
HHS Region,hhs9,2018,23,1.33959,1.21884,145,228,333,257,105,127,862,174,70723
HHS Region,hhs9,2018,24,1.34841,1.20595,127,191,288,244,97,124,783,161,64928
HHS Region,hhs9,2018,25,1.62076,1.43861,161,199,323,285,124,130,899,167,62491
HHS Region,hhs9,2018,26,1.48215,1.27828,132,213,325,208,112,135,800,169,62584
HHS Region,hhs9,2018,27,1.18054,1.06943,110,141,212,187,71,121,630,171,58910
HHS Region,hhs9,2018,28,1.03092,0.977263,110,152,261,204,109,117,692,179,70810
HHS Region,hhs9,2018,29,0.94885,0.914405,84,135,223,177,88,87,571,170,62445
HHS Region,hhs9,2018,30,1.01667,0.97979,135,152,244,207,92,116,702,177,71648
HHS Region,hhs9,2018,31,0.939892,0.858679,86,120,221,178,101,98,583,162,67895
HHS Region,hhs9,2018,32,1.00877,0.957398,91,171,272,216,101,108,687,173,71757
HHS Region,hhs9,2018,33,0.995341,0.947238,81,148,228,249,80,98,656,162,69254
HHS Region,hhs9,2018,34,1.00818,1.07248,113,128,207,331,79,113,764,155,71237
HHS Region,hhs9,2018,35,1.14666,1.1151,132,128,205,357,77,114,808,152,72460
HHS Region,hhs9,2018,36,1.409,1.34941,135,198,288,390,90,97,910,154,67437
HHS Region,hhs9,2018,37,1.57658,1.47764,153,229,334,471,105,127,1085,160,73428
HHS Region,hhs9,2018,38,1.39619,1.32816,158,227,342,330,115,104,934,160,70323
HHS Region,hhs9,2018,39,1.39459,1.27584,164,195,306,317,111,72,859,135,67328
HHS Region,hhs9,2018,40,1.45424,1.31906,167,226,371,407,145,159,1104,199,83696
HHS Region,hhs9,2018,41,1.29363,1.22704,171,209,326,378,117,147,1022,204,83290
HHS Region,hhs9,2018,42,1.43563,1.35228,176,216,363,479,147,129,1147,201,84820
HHS Region,hhs9,2018,43,1.53394,1.39634,189,240,340,485,100,128,1142,201,81785
HHS Region,hhs9,2018,44,1.72756,1.6026,229,244,400,617,156,154,1400,209,87358
HHS Region,hhs9,2018,45,1.80271,1.66813,271,259,418,611,159,179,1479,215,88662
HHS Region,hhs9,2018,46,1.9863,1.80186,287,267,410,554,143,182,1433,212,79529
HHS Region,hhs9,2018,47,2.09952,2.03542,256,254,428,403,174,236,1323,211,64999
HHS Region,hhs9,2018,48,2.31126,2.17553,338,414,671,685,257,240,1934,213,88898
HHS Region,hhs9,2018,49,2.47222,2.30692,320,365,599,794,234,222,1935,210,83878
HHS Region,hhs9,2018,50,2.82815,2.69033,424,441,695,861,254,248,2228,213,82815
HHS Region,hhs9,2018,51,3.10327,3.08921,454,414,667,757,253,237,2115,199,68464
HHS Region,hhs9,2018,52,3.44337,3.57325,458,360,581,493,221,285,1817,195,50850
HHS Region,hhs9,2019,1,3.368,3.36628,394,423,730,405,307,344,1873,205,55640
HHS Region,hhs9,2019,2,3.2638,3.36977,434,590,984,733,394,408,2559,208,75940
HHS Region,hhs9,2019,3,2.93974,3.01154,455,525,849,712,324,353,2369,213,78664
HHS Region,hhs9,2019,4,2.93347,3.02124,481,407,716,804,309,273,2274,211,75267
HHS Region,hhs9,2019,5,3.30002,3.27402,503,539,873,1072,334,310,2758,214,84239
HHS Region,hhs9,2019,6,3.30947,3.30809,509,442,719,1103,277,286,2617,211,79109
HHS Region,hhs9,2019,7,3.67499,3.61674,494,465,756,1070,291,311,2631,200,72745
HHS Region,hhs9,2019,8,3.55026,3.60984,550,465,746,1080,281,353,2729,213,75599
HHS Region,hhs9,2019,9,3.67541,3.66926,542,561,855,1318,294,347,3062,210,83450
HHS Region,hhs9,2019,10,3.56668,3.54526,519,511,783,1264,272,303,2869,208,80925
HHS Region,hhs9,2019,11,3.39422,3.36663,449,480,766,1188,286,337,2740,207,81387
HHS Region,hhs9,2019,12,3.46097,3.43306,457,484,760,1132,276,382,2731,211,79550
HHS Region,hhs9,2019,13,2.99011,2.98475,392,433,679,946,246,290,2307,210,77293
HHS Region,hhs9,2019,14,2.95806,2.92378,376,414,667,878,253,288,2209,208,75553
HHS Region,hhs9,2019,15,2.51064,2.50629,339,340,544,783,204,297,1963,203,78323
HHS Region,hhs9,2019,16,2.30613,2.27333,305,350,553,654,203,216,1728,194,76012
HHS Region,hhs9,2019,17,2.12093,2.1435,284,307,504,641,197,227,1656,204,77257
HHS Region,hhs9,2019,18,1.77913,1.84036,254,222,346,507,124,192,1299,185,70584
HHS Region,hhs9,2019,19,1.82842,1.7863,207,224,332,527,108,188,1254,177,70201
HHS Region,hhs9,2019,20,1.75823,1.81844,228,222,359,452,137,219,1258,177,69180
HHS Region,hhs9,2019,21,1.66842,1.73167,200,229,355,384,126,207,1146,168,66179
HHS Region,hhs9,2019,22,1.76159,1.75048,194,232,339,342,107,178,1053,171,60155
HHS Region,hhs9,2019,23,1.58531,1.56557,202,211,307,316,96,147,972,165,62086
HHS Region,hhs9,2019,24,1.39549,1.34167,158,178,244,278,66,127,807,137,60149
HHS Region,hhs9,2019,25,1.23778,1.18238,168,138,202,241,64,83,694,140,58695
HHS Region,hhs9,2019,26,1.19824,1.15636,139,126,189,253,63,88,669,135,57854
HHS Region,hhs9,2019,27,0.963126,0.90776,91,79,131,177,52,60,459,138,50564
HHS Region,hhs9,2019,28,0.916058,0.881519,91,110,178,167,68,77,513,139,58195
HHS Region,hhs9,2019,29,0.880321,0.847576,87,101,172,170,71,57,486,137,57340
HHS Region,hhs9,2019,30,0.815166,0.761556,83,99,139,154,40,53,429,130,56332
HHS Region,hhs9,2019,31,0.759383,0.71222,67,93,124,160,31,48,399,133,56022
HHS Region,hhs9,2019,32,1.01734,1.01467,90,156,238,199,82,99,626,155,61695
HHS Region,hhs9,2019,33,0.903798,0.974052,103,140,201,194,61,118,616,152,63241
HHS Region,hhs9,2019,34,0.878278,0.897582,85,112,190,204,78,96,575,150,64061
HHS Region,hhs9,2019,35,1.09921,1.1189,109,128,205,301,77,135,750,153,67030
HHS Region,hhs9,2019,36,1.1733,1.21745,112,168,249,293,81,109,763,158,62672
HHS Region,hhs9,2019,37,1.16265,1.14853,121,141,217,340,76,121,799,162,69567
HHS Region,hhs9,2019,38,1.24399,1.24898,150,159,238,340,79,127,855,162,68456
HHS Region,hhs9,2019,39,1.24955,1.24832,173,156,218,357,62,79,827,138,66249
HHS Region,hhs9,2019,40,1.30845,1.28658,251,184,291,437,107,98,1077,197,83710
HHS Region,hhs9,2019,41,1.44476,1.40691,257,211,339,467,128,97,1160,196,82450
HHS Region,hhs9,2019,42,1.5789,1.55975,282,205,342,537,137,114,1275,201,81744
HHS Region,hhs9,2019,43,1.66955,1.63799,316,238,376,571,138,129,1392,201,84982
HHS Region,hhs9,2019,44,1.81318,1.79867,371,265,398,595,133,116,1480,201,82283
HHS Region,hhs9,2019,45,2.24992,2.29306,504,319,482,880,163,164,2030,208,88528
HHS Region,hhs9,2019,46,2.55298,2.65066,567,411,590,1096,179,160,2413,210,91034
HHS Region,hhs9,2019,47,2.49031,2.5722,585,442,625,1062,183,188,2460,209,95638
HHS Region,hhs9,2019,48,2.84557,3.02162,520,413,588,763,175,165,2036,206,67381
HHS Region,hhs9,2019,49,2.77241,2.79283,588,618,895,902,277,207,2592,210,92809
HHS Region,hhs9,2019,50,2.77256,2.76252,568,503,740,971,237,225,2504,208,90642
HHS Region,hhs9,2019,51,3.16129,3.08887,633,596,821,956,225,224,2634,204,85274
HHS Region,hhs9,2019,52,4.55167,4.29786,723,670,943,892,273,258,2816,206,65521
HHS Region,hhs9,2020,1,4.57652,4.01581,776,850,1227,748,377,358,3109,216,77419
HHS Region,hhs9,2020,2,3.81505,3.43575,641,873,1315,1153,442,401,3510,216,102161
HHS Region,hhs9,2020,3,4.10778,3.68497,679,868,1282,1453,414,353,3767,211,102226
HHS Region,hhs9,2020,4,4.66256,4.28347,828,923,1355,1764,432,397,4344,214,101413
HHS Region,hhs9,2020,5,4.69342,4.2542,896,906,1341,1975,435,393,4605,216,108246
HHS Region,hhs9,2020,6,4.74509,4.31329,971,992,1444,1880,452,397,4692,212,108780
HHS Region,hhs9,2020,7,4.41607,3.98221,803,793,1183,1699,390,345,4030,212,101200
HHS Region,hhs9,2020,8,4.29059,3.89565,778,867,1339,1350,472,432,3899,214,100086
HHS Region,hhs9,2020,9,3.90995,3.59507,660,876,1291,1402,415,373,3726,209,103642
HHS Region,hhs9,2020,10,3.63065,3.29714,651,741,1055,1209,314,301,3216,191,97539
HHS Region,hhs9,2020,11,3.92543,3.5846,584,847,1222,1082,375,320,3208,188,89494
HHS Region,hhs9,2020,12,4.48954,3.8064,375,706,1000,570,294,235,2180,182,57272
HHS Region,hhs9,2020,13,3.41735,3.04232,183,562,821,331,259,223,1558,180,51211
HHS Region,hhs9,2020,14,2.52985,2.34719,110,388,592,222,204,205,1129,176,48100
HHS Region,hhs9,2020,15,1.95384,1.78506,62,300,493,149,193,124,828,176,46385
HHS Region,hhs9,2020,16,1.5733,1.47703,56,219,363,158,144,141,718,180,48611
HHS Region,hhs9,2020,17,1.308,1.2199,35,200,335,137,135,110,617,174,50578
HHS Region,hhs9,2020,18,1.20968,1.16207,34,185,307,121,122,118,580,174,49911
HHS Region,hhs9,2020,19,1.07033,0.942094,27,194,314,117,120,95,553,176,58699
HHS Region,hhs9,2020,20,1.09102,1.03352,33,155,274,102,119,122,531,171,51378
HHS Region,hhs9,2020,21,1.04992,1.02422,35,174,298,135,124,105,573,170,55945
HHS Region,hhs9,2020,22,1.02077,0.988653,41,184,292,107,108,88,528,167,53406
HHS Region,hhs9,2020,23,0.864326,0.851229,21,167,273,92,106,119,505,169,59326
HHS Region,hhs9,2020,24,0.935881,0.949669,45,173,300,117,127,105,567,163,59705
HHS Region,hhs9,2020,25,1.05822,1.06714,27,247,376,156,129,99,658,157,61660
HHS Region,hhs9,2020,26,1.32949,1.30597,44,285,448,180,163,135,807,159,61793
HHS Region,hhs9,2020,27,1.51706,1.47261,45,321,490,178,169,135,848,155,57585
HHS Region,hhs9,2020,28,1.49775,1.40763,47,365,522,191,157,139,899,159,63866
HHS Region,hhs9,2020,29,1.42017,1.33694,47,365,536,172,171,85,840,158,62830
HHS Region,hhs9,2020,30,1.26308,1.22018,50,341,511,217,170,112,890,175,72940
HHS Region,hhs9,2020,31,1.27861,1.26273,48,320,439,229,119,127,843,158,66760
HHS Region,hhs9,2020,32,1.08147,1.07264,62,236,365,184,129,104,715,156,66658
HHS Region,hhs9,2020,33,0.885993,0.864703,57,211,342,149,131,83,631,168,72973
HHS Region,hhs9,2020,34,0.718788,0.707652,54,165,256,140,91,75,525,170,74189
HHS Region,hhs9,2020,35,0.727366,0.726728,51,169,263,136,94,84,534,167,73480
HHS Region,hhs9,2020,36,0.724591,0.720089,28,145,246,131,101,94,499,161,69297
HHS Region,hhs9,2020,37,0.762396,0.749053,40,169,255,145,86,74,514,160,68620
HHS Region,hhs9,2020,38,0.76231,0.746351,62,196,276,125,80,81,544,165,72888
HHS Region,hhs9,2020,39,0.814393,0.788667,67,188,276,150,88,81,574,159,72781
HHS Region,hhs9,2020,40,0.857704,0.842634,74,189,316,177,127,114,681,190,80818
HHS Region,hhs9,2020,41,1.0076,1.00521,81,281,435,246,154,137,899,201,89434
HHS Region,hhs9,2020,42,0.940977,0.924686,101,238,368,240,130,147,856,211,92572
HHS Region,hhs9,2020,43,0.967741,0.953251,97,283,426,214,143,150,887,211,93050
HHS Region,hhs9,2020,44,1.05508,1.03579,99,343,492,233,149,127,951,206,91814
HHS Region,hhs9,2020,45,1.24925,1.26222,130,353,543,363,190,182,1218,205,96497
HHS Region,hhs9,2020,46,1.46208,1.46265,118,383,591,307,208,193,1209,194,82658
HHS Region,hhs9,2020,47,1.45981,1.4635,139,501,776,325,275,233,1473,201,100649
HHS Region,hhs9,2020,48,1.80415,1.79803,114,547,809,321,262,231,1475,200,82034
HHS Region,hhs9,2020,49,1.66901,1.6818,137,602,909,370,307,294,1710,199,101677
HHS Region,hhs9,2020,50,1.78295,1.74995,108,632,959,359,327,250,1676,197,95774
HHS Region,hhs9,2020,51,1.86113,1.82577,106,584,935,302,351,289,1632,199,89387
HHS Region,hhs9,2020,52,2.08478,2.0508,92,494,815,250,321,260,1417,197,69095
HHS Region,hhs9,2020,53,1.99666,1.98257,84,522,879,244,357,256,1463,198,73793
HHS Region,hhs9,2021,1,1.7246,1.70226,70,550,901,254,351,259,1484,203,87178
HHS Region,hhs9,2021,2,1.53234,1.5074,82,444,727,232,283,232,1273,192,84450
HHS Region,hhs9,2021,3,1.26584,1.25429,88,359,591,193,232,173,1045,202,83314
HHS Region,hhs9,2021,4,1.10195,1.09396,73,244,449,208,205,167,897,200,81996
HHS Region,hhs9,2021,5,1.04357,1.03021,66,230,419,171,189,159,815,188,79110
HHS Region,hhs9,2021,6,0.847479,0.830293,77,199,344,151,145,122,694,200,83585
HHS Region,hhs9,2021,7,0.744968,0.725825,66,179,293,108,114,100,567,198,78118
HHS Region,hhs9,2021,8,0.79401,0.777562,91,190,297,166,107,90,644,193,82823
HHS Region,hhs9,2021,9,0.779476,0.756739,94,172,288,166,116,96,644,196,85102
HHS Region,hhs9,2021,10,0.714642,0.706922,81,177,279,143,102,108,611,197,86431
HHS Region,hhs9,2021,11,0.726729,0.723253,102,159,252,145,93,114,613,194,84756
HHS Region,hhs9,2021,12,0.821019,0.812278,109,165,280,163,115,117,669,186,82361
HHS Region,hhs9,2021,13,0.835056,0.802461,123,159,268,164,109,92,647,183,80627
HHS Region,hhs9,2021,14,0.836666,0.826908,90,206,336,184,130,101,711,186,85983
HHS Region,hhs9,2021,15,0.843582,0.834593,126,230,354,199,124,83,762,187,91302
HHS Region,hhs9,2021,16,0.842527,0.824811,139,184,287,211,103,101,738,183,89475
HHS Region,hhs9,2021,17,0.918646,0.895492,145,189,309,226,120,115,795,187,88778
HHS Region,hhs9,2021,18,0.976221,0.965603,135,198,307,271,109,98,811,174,83989
HHS Region,hhs9,2021,19,1.10913,1.09828,164,208,337,296,129,117,914,175,83221
HHS Region,hhs9,2021,20,1.06429,1.05816,172,201,320,258,119,102,852,170,80517
HHS Region,hhs9,2021,21,1.09357,1.06698,189,210,313,261,103,97,860,164,80601
HHS Region,hhs9,2021,22,1.01576,0.991525,180,193,287,228,94,83,778,173,78465
HHS Region,hhs9,2021,23,1.03761,1.04431,172,217,359,246,142,109,886,173,84841
HHS Region,hhs9,2021,24,1.07083,1.12004,216,234,372,263,138,102,953,169,85086
HHS Region,hhs9,2021,25,1.06801,1.07613,214,227,357,267,130,90,928,169,86235
HHS Region,hhs9,2021,26,1.1925,1.20711,246,262,397,287,135,126,1056,175,87482
HHS Region,hhs9,2021,27,1.23823,1.24593,238,278,430,275,152,137,1080,174,86682
HHS Region,hhs9,2021,28,1.47595,1.48319,305,361,534,349,173,145,1333,175,89874
HHS Region,hhs9,2021,29,1.50914,1.51884,324,407,562,359,155,133,1378,173,90727
HHS Region,hhs9,2021,30,1.76106,1.77234,378,428,680,409,252,166,1633,171,92138
HHS Region,hhs9,2021,31,2.05527,2.06838,390,594,838,460,244,228,1916,173,92633
HHS Region,hhs9,2021,32,2.05847,2.07628,383,550,813,530,263,212,1938,172,93340
HHS Region,hhs9,2021,33,2.35525,2.37338,443,592,916,617,324,195,2171,168,91473
HHS Region,hhs9,2021,34,2.29195,2.30661,472,525,753,733,228,177,2135,169,92560
HHS Region,hhs9,2021,35,2.55035,2.58347,508,538,816,870,278,204,2398,167,92821
HHS Region,hhs9,2021,36,2.22677,2.23475,474,466,698,669,232,141,1982,166,88690
HHS Region,hhs9,2021,37,2.02219,2.04188,473,428,674,565,246,168,1880,171,92072
HHS Region,hhs9,2021,38,1.8221,1.83737,396,371,541,578,170,156,1671,167,90945
HHS Region,hhs9,2021,39,1.65536,1.67446,423,349,512,521,163,141,1597,173,95374
HHS Region,hhs9,2021,40,1.63127,1.63059,735,497,749,777,252,192,2453,241,150436
HHS Region,hhs9,2021,41,1.61269,1.60848,740,484,692,635,208,163,2230,237,138640
HHS Region,hhs9,2021,42,1.68193,1.70319,786,526,770,717,244,203,2476,239,145374
HHS Region,hhs9,2021,43,1.73031,1.73067,796,532,808,694,276,233,2531,238,146244
HHS Region,hhs9,2021,44,1.76528,1.73215,803,488,743,769,255,210,2525,236,145773
HHS Region,hhs9,2021,45,1.84548,1.82195,893,514,745,757,231,277,2672,236,146656
HHS Region,hhs9,2021,46,1.77459,1.7577,867,491,755,780,264,224,2626,239,149400
HHS Region,hhs9,2021,47,2.17179,2.11355,953,528,738,726,210,235,2652,238,125476
HHS Region,hhs9,2021,48,2.02042,1.99017,962,634,914,834,280,261,2971,231,149284
HHS Region,hhs9,2021,49,2.02569,2.02074,928,639,944,725,305,266,2863,232,141681
HHS Region,hhs9,2021,50,2.14886,2.12629,918,618,923,829,305,262,2932,234,137893
HHS Region,hhs9,2021,51,2.98521,3.02517,1019,1097,1506,1031,409,334,3890,231,128588
HHS Region,hhs9,2021,52,4.11992,4.19584,1464,1812,2560,1313,748,578,5915,222,140973
HHS Region,hhs9,2022,1,3.9962,4.09147,1362,2236,3089,1492,853,609,6552,233,160138
HHS Region,hhs9,2022,2,3.37349,3.37132,1113,1584,2344,1123,760,594,5174,231,153471
HHS Region,hhs9,2022,3,2.51907,2.44194,814,986,1462,696,476,353,3325,235,136162
HHS Region,hhs9,2022,4,1.81418,1.77743,549,652,1033,529,381,354,2465,232,138683
HHS Region,hhs9,2022,5,1.45452,1.42941,476,469,761,451,292,215,1903,231,133132
HHS Region,hhs9,2022,6,1.23474,1.20255,439,380,592,438,212,175,1644,228,136709
HHS Region,hhs9,2022,7,1.13656,1.10587,442,306,477,414,171,160,1493,225,135007
HHS Region,hhs9,2022,8,1.1151,1.07052,446,304,440,366,136,149,1401,228,130871
HHS Region,hhs9,2022,9,1.11933,1.11535,549,293,418,472,125,120,1559,226,139777
HHS Region,hhs9,2022,10,1.14111,1.123,506,312,447,498,135,142,1593,231,141852
HHS Region,hhs9,2022,11,1.19563,1.19077,553,287,451,557,164,168,1729,229,145200
HHS Region,hhs9,2022,12,1.31867,1.31852,584,361,507,667,146,173,1931,233,146452
HHS Region,hhs9,2022,13,1.29724,1.31119,609,361,507,616,146,170,1902,232,145059
HHS Region,hhs9,2022,14,1.36093,1.35676,572,399,540,727,141,138,1977,229,145715
HHS Region,hhs9,2022,15,1.43653,1.45602,593,439,603,738,164,170,2104,232,144504
HHS Region,hhs9,2022,16,1.54918,1.57821,634,464,650,828,186,197,2309,233,146305
HHS Region,hhs9,2022,17,1.72395,1.74697,727,521,726,970,205,231,2654,229,151920
HHS Region,hhs9,2022,18,1.92065,1.95744,785,532,787,1089,255,234,2895,221,147897
HHS Region,hhs9,2022,19,2.117,2.13411,806,608,876,1196,268,256,3134,217,146853
HHS Region,hhs9,2022,20,2.35247,2.41862,1000,701,964,1365,263,296,3625,216,149879
HHS Region,hhs9,2022,21,2.33207,2.40002,1017,716,988,1264,272,324,3593,222,149707
HHS Region,hhs9,2022,22,2.45295,2.55441,1025,758,1056,1229,298,319,3629,221,142068
HHS Region,hhs9,2022,23,2.15372,2.23651,940,707,994,935,287,289,3158,212,141202
HHS Region,hhs9,2022,24,2.02826,2.09297,872,637,907,832,270,295,2906,214,138846
HHS Region,hhs9,2022,25,1.92974,1.98785,845,674,944,717,270,318,2824,221,142063
HHS Region,hhs9,2022,26,1.77844,1.8404,726,628,954,660,326,318,2658,222,144425
HHS Region,hhs9,2022,27,1.81232,1.8698,723,606,904,616,298,346,2589,221,138464
HHS Region,hhs9,2022,28,1.68272,1.73331,720,566,790,628,224,342,2480,219,143079
HHS Region,hhs9,2022,29,1.60213,1.64259,628,588,852,580,264,280,2340,220,142458
HHS Region,hhs9,2022,30,1.46219,1.51822,543,567,808,484,241,273,2108,220,138847
HHS Region,hhs9,2022,31,1.35676,1.38233,528,462,667,493,205,235,1923,222,139113
HHS Region,hhs9,2022,32,1.25313,1.29209,504,426,612,475,186,210,1801,220,139387
HHS Region,hhs9,2022,33,1.34992,1.36208,558,402,590,600,188,180,1928,215,141548
HHS Region,hhs9,2022,34,1.50029,1.55074,655,402,576,858,174,176,2265,218,146059
HHS Region,hhs9,2022,35,1.6653,1.75687,785,419,619,1026,200,176,2606,219,148332
HHS Region,hhs9,2022,36,1.64541,1.75396,824,432,593,960,161,171,2548,214,145271
HHS Region,hhs9,2022,37,1.57743,1.69643,819,418,570,980,152,191,2560,225,150905
HHS Region,hhs9,2022,38,1.70376,1.83081,961,441,637,1009,196,156,2763,224,150917
HHS Region,hhs9,2022,39,1.78759,1.86994,1082,443,606,1087,163,164,2939,239,157171
HHS Region,hhs9,2022,40,2.23194,2.43702,1856,2660,3709,2222,1049,1065,8852,346,363230
HHS Region,hhs9,2022,41,2.40634,2.59412,2080,2715,3841,2566,1126,1023,9510,349,366598
HHS Region,hhs9,2022,42,2.68133,2.86536,2419,2858,4079,3104,1221,1053,10655,346,371855
HHS Region,hhs9,2022,43,3.29105,3.53375,3065,3543,5062,3819,1519,1235,13181,346,373003
HHS Region,hhs9,2022,44,4.05298,4.20811,3482,4188,5973,4782,1785,1492,15729,349,373778
HHS Region,hhs9,2022,45,4.94527,5.05835,3990,4873,7008,6145,2135,1756,18899,350,373620
HHS Region,hhs9,2022,46,5.86756,5.89633,4715,6083,8654,7447,2571,2268,23084,347,391498
HHS Region,hhs9,2022,47,7.88031,7.96918,5088,6903,9867,7840,2964,2729,25524,344,320284
HHS Region,hhs9,2022,48,7.3893,7.35725,4494,9318,13507,7627,4189,3977,29605,342,402392
HHS Region,hhs9,2022,49,6.59329,6.53799,3388,7643,11214,6776,3571,3390,24768,333,378832
HHS Region,hhs9,2022,50,5.86015,5.88332,2831,7026,10334,5513,3308,2894,21572,340,366664
HHS Region,hhs9,2022,51,5.87892,5.95643,2666,6843,10002,4451,3159,2794,19913,329,334311
HHS Region,hhs9,2022,52,5.83493,5.93677,2577,6028,8991,3351,2963,2846,17765,338,299237
HHS Region,hhs9,2023,1,4.6917,4.80296,1639,5458,8356,2493,2898,2664,15152,340,315472
HHS Region,hhs9,2023,2,3.36091,3.5181,1275,4694,7091,2215,2397,2068,12649,342,359541
HHS Region,hhs9,2023,3,2.87076,3.03412,1185,3668,5379,1980,1711,1545,10089,342,332518
HHS Region,hhs9,2023,4,2.82572,2.97403,1310,3886,5797,2337,1911,1457,10901,340,366540
HHS Region,hhs9,2023,5,3.01083,3.13178,1439,4162,6101,2539,1939,1606,11685,344,373110
HHS Region,hhs9,2023,6,3.11992,3.25691,1580,4345,6270,2648,1925,1702,12200,342,374588
HHS Region,hhs9,2023,7,3.14064,3.24937,1418,4350,6383,2420,2033,1714,11935,333,367302
HHS Region,hhs9,2023,8,3.39043,3.48864,1591,3979,5893,2315,1914,1686,11485,340,329211
HHS Region,hhs9,2023,9,3.07104,3.16718,1337,4119,6139,2367,2020,1738,11581,329,365657
HHS Region,hhs9,2023,10,2.97748,3.09187,1342,4091,5960,2377,1869,1583,11262,331,364245
HHS Region,hhs9,2023,11,2.90336,3.00337,1388,3800,5591,2206,1791,1538,10723,324,357032
HHS Region,hhs9,2023,12,2.812,2.92275,1329,3863,5631,2321,1768,1484,10765,329,368317
HHS Region,hhs9,2023,13,2.90984,3.03519,1362,3868,5534,2220,1666,1464,10580,329,348578
HHS Region,hhs9,2023,14,2.73891,2.87243,1289,3541,5104,2017,1563,1413,9823,326,341975
HHS Region,hhs9,2023,15,2.64486,2.7558,1171,3485,5086,1961,1601,1457,9675,326,351078
HHS Region,hhs9,2023,16,2.51097,2.62273,981,3452,4997,1885,1545,1400,9263,327,353181
HHS Region,hhs9,2023,17,2.34873,2.45101,1050,3131,4461,2089,1330,1243,8843,325,360790
HHS Region,hhs9,2023,18,2.47768,2.5866,1231,3233,4611,2028,1378,1338,9208,323,355988
HHS Region,hhs9,2023,19,2.48833,2.60087,1255,3315,4622,2198,1307,1287,9362,320,359957
HHS Region,hhs9,2023,20,2.45791,2.57864,1310,3253,4594,2136,1341,1245,9285,321,360074
HHS Region,hhs9,2023,21,2.50694,2.61191,1274,3219,4469,2242,1250,1262,9247,317,354032
HHS Region,hhs9,2023,22,2.62778,2.76265,1213,2950,4151,2146,1201,1145,8655,317,313286
HHS Region,hhs9,2023,23,2.46332,2.58837,1179,3012,4307,1984,1295,1195,8665,308,334767
HHS Region,hhs9,2023,24,2.33125,2.47853,1091,2871,4049,1735,1178,1147,8022,312,323660
HHS Region,hhs9,2023,25,2.16856,2.26922,1046,2770,3879,1598,1109,1009,7532,314,331920
HHS Region,hhs9,2023,26,2.05263,2.16328,881,2604,3680,1484,1076,1038,7083,306,327419
HHS Region,hhs9,2023,27,2.00877,2.14233,833,2295,3252,1283,957,894,6262,313,292299
HHS Region,hhs9,2023,28,1.67544,1.84894,688,2169,3102,1087,933,853,5730,287,309908
HHS Region,hhs9,2023,29,1.57741,1.74159,654,2074,2965,1079,891,857,5555,301,318962
HHS Region,hhs9,2023,30,1.56236,1.71481,640,1948,2898,1052,950,854,5444,301,317469
HHS Region,hhs9,2023,31,1.58377,1.73794,661,1973,2918,1047,945,827,5453,301,313762
HHS Region,hhs9,2023,32,1.6486,1.79819,721,2069,3058,1035,989,892,5706,303,317319
HHS Region,hhs9,2023,33,1.70803,1.85639,804,2102,3067,1179,965,994,6044,301,325578
HHS Region,hhs9,2023,34,1.84477,2.04557,886,2376,3433,1389,1057,1025,6733,294,329150
HHS Region,hhs9,2023,35,1.98059,2.19661,1136,2419,3534,1807,1115,1119,7596,291,345805
HHS Region,hhs9,2023,36,2.15095,2.35078,1096,2457,3544,1656,1087,1116,7412,300,315300
HHS Region,hhs9,2023,37,2.05566,2.24856,1081,2615,3834,1810,1219,1174,7899,304,351292
HHS Region,hhs9,2023,38,2.09099,2.28111,1152,2557,3758,1737,1201,1191,7838,301,343604
HHS Region,hhs9,2023,39,2.12001,2.26971,1177,2638,3867,1764,1229,1129,7937,297,349693
HHS Region,hhs9,2023,40,2.62172,2.55008,1608,3226,4605,2526,1379,1397,10136,442,397478
HHS Region,hhs9,2023,41,2.52341,2.48454,1624,3524,5062,2387,1538,1556,10629,447,427805
HHS Region,hhs9,2023,42,2.93461,2.84425,1738,3586,5423,2702,1837,2526,12389,445,435581
HHS Region,hhs9,2023,43,3.09656,3.00825,1701,3894,5693,2891,1799,2811,13096,446,435336
HHS Region,hhs9,2023,44,3.51746,3.37616,1908,4319,6354,3187,2035,3008,14457,444,428208
HHS Region,hhs9,2023,45,3.89738,3.76041,2423,4721,6970,3652,2249,3363,16408,445,436335
HHS Region,hhs9,2023,46,4.25427,4.06204,2623,5374,7915,3869,2541,3660,18067,443,444777
HHS Region,hhs9,2023,47,4.69938,4.39675,2889,4440,6652,3497,2212,2942,15980,444,363450
HHS Region,hhs9,2023,48,5.01149,4.72421,3049,6368,9673,4031,3305,4436,21189,441,448519
HHS Region,hhs9,2023,49,5.31193,5.04506,3329,6538,9944,5106,3406,4356,22735,440,450639
HHS Region,hhs9,2023,50,5.9419,5.69568,3771,7549,11330,6156,3781,4638,25895,440,454643
HHS Region,hhs9,2023,51,6.91469,6.62327,4561,8632,13162,6750,4530,5449,29922,439,451771
HHS Region,hhs9,2023,52,7.2942,6.96917,4412,8275,12540,4893,4265,4867,26712,438,383288
HHS Region,hhs9,2024,1,6.45933,6.11535,3242,8195,12495,3807,4300,5103,24647,441,403035
HHS Region,hhs9,2024,2,5.11634,4.8897,2314,7509,11514,3715,4005,4806,22349,442,457063
HHS Region,hhs9,2024,3,4.79002,4.62942,2318,6236,9590,3890,3354,3865,19663,443,424740
HHS Region,hhs9,2024,4,4.18361,4.06466,2172,6110,9133,3929,3023,3423,18657,441,459005
HHS Region,hhs9,2024,5,4.01485,3.88127,2144,5867,8538,4023,2671,2982,17687,443,455701
HHS Region,hhs9,2024,6,3.79577,3.67328,1853,5613,7984,3760,2371,2571,16168,445,440151
HHS Region,hhs9,2024,7,3.98225,3.83501,2041,5830,8400,3994,2570,2552,16987,441,442945
HHS Region,hhs9,2024,8,4.17673,4.03606,2101,5686,8114,3906,2428,2423,16544,440,409905
HHS Region,hhs9,2024,9,3.79371,3.62589,1980,5764,8337,3753,2573,2439,16509,443,455309
HHS Region,hhs9,2024,10,3.60364,3.41722,1848,5452,7813,3429,2361,2248,15338,443,448845
HHS Region,hhs9,2024,11,3.59826,3.42848,2030,5425,7735,3426,2310,2143,15334,444,447254
HHS Region,hhs9,2024,12,3.51308,3.32745,2069,5262,7411,3363,2149,2121,14964,442,449714
HHS Region,hhs9,2024,13,3.38846,3.21578,1801,4992,7019,3016,2027,1998,13834,442,430191
HHS Region,hhs9,2024,14,3.38556,3.19042,1774,4779,6781,2840,2002,1943,13338,436,418064
HHS Region,hhs9,2024,15,3.28387,3.13157,1798,4746,6788,3011,2042,2007,13604,438,434414
HHS Region,hhs9,2024,16,2.98916,2.84974,1612,4376,6294,2843,1918,1792,12541,427,440076
HHS Region,hhs9,2024,17,3.1129,3.01243,1791,4467,6342,3224,1875,1900,13257,429,440076
HHS Region,hhs9,2024,18,3.01636,2.91045,1711,4347,6174,3202,1827,1762,12849,424,441478
HHS Region,hhs9,2024,19,3.00604,2.90627,1738,4360,6202,3102,1842,1820,12862,421,442560
HHS Region,hhs9,2024,20,3.03782,2.93271,1800,4461,6329,3084,1868,1825,13038,420,444572
HHS Region,hhs9,2024,21,2.99616,2.89014,1739,4291,6219,2880,1928,1850,12688,413,439010
HHS Region,hhs9,2024,22,3.12571,3.00662,1647,4081,5879,2684,1798,1786,11996,413,398986
HHS Region,hhs9,2024,23,2.69765,2.62163,1391,4037,5841,2198,1804,1840,11270,411,429885
HHS Region,hhs9,2024,24,2.53316,2.46592,1226,3659,5343,1963,1684,1699,10231,411,414896
HHS Region,hhs9,2024,25,2.42099,2.37284,1092,3594,5150,1834,1556,1731,9807,409,413302
HHS Region,hhs9,2024,26,2.24094,2.1915,965,3309,4844,1702,1535,1681,9192,413,419439
HHS Region,hhs9,2024,27,2.15596,2.07516,838,2752,4022,1505,1270,1441,7806,412,376163
HHS Region,hhs9,2024,28,1.96208,1.92095,859,2841,4312,1520,1471,1438,8129,412,423177
HHS Region,hhs9,2024,29,1.87254,1.83238,785,2585,3952,1414,1367,1435,7586,410,413996
HHS Region,hhs9,2024,30,1.85609,1.82886,762,2535,3821,1362,1286,1340,7285,407,398335
HHS Region,hhs9,2024,31,1.80758,1.75176,760,2551,3716,1279,1165,1384,7139,406,407534
HHS Region,hhs9,2024,32,1.78876,1.73541,789,2521,3680,1377,1159,1245,7091,409,408606
HHS Region,hhs9,2024,33,1.81129,1.80188,839,2514,3652,1569,1138,1259,7319,407,406186
HHS Region,hhs9,2024,34,1.95407,1.95175,973,2670,3831,1967,1161,1276,8047,406,412296
HHS Region,hhs9,2024,35,2.08305,2.07844,1085,2789,3986,2151,1197,1350,8572,406,412424
HHS Region,hhs9,2024,36,2.16103,2.1358,1100,2745,3924,2031,1179,1298,8353,407,391094
HHS Region,hhs9,2024,37,2.03096,2.00936,1023,2932,4228,1975,1296,1406,8632,407,429589
HHS Region,hhs9,2024,38,1.96498,1.94207,995,2667,3876,1874,1209,1406,8151,410,419706
HHS Region,hhs9,2024,39,2.0406,1.99353,966,2908,4181,1901,1273,1333,8381,407,420410
HHS Region,hhs9,2024,40,1.99442,1.95056,995,2969,4239,2132,1270,1466,8832,437,452794
HHS Region,hhs9,2024,41,2.06282,2.01627,1067,3025,4354,2091,1329,1458,8970,436,444881
HHS Region,hhs9,2024,42,2.0996,2.04679,1138,2982,4321,2122,1339,1520,9101,436,444648
HHS Region,hhs9,2024,43,2.32012,2.25128,1293,3315,4715,2560,1400,1491,10059,436,446813
HHS Region,hhs9,2024,44,2.52491,2.455,1362,3618,5214,2673,1596,1615,10864,434,442525
HHS Region,hhs9,2024,45,2.91652,2.84304,1537,4100,5939,3203,1839,1871,12550,431,441429
HHS Region,hhs9,2024,46,3.20617,3.14527,1854,4560,6634,3329,2074,2010,13827,432,439612
HHS Region,hhs9,2024,47,3.55377,3.45231,2053,5180,7442,3962,2262,2284,15741,431,455955
HHS Region,hhs9,2024,48,4.27233,4.17959,2630,4742,6861,3965,2119,2165,15621,431,373745
HHS Region,hhs9,2024,49,4.5385,4.36507,2769,6383,9298,4344,2915,3650,20061,431,459580
HHS Region,hhs9,2024,50,5.01736,4.82746,3123,6423,9428,5379,3005,3808,21738,430,450299
HHS Region,hhs9,2024,51,6.33928,6.06663,4503,8083,11675,7595,3592,4201,27974,428,461113
HHS Region,hhs9,2024,52,8.64684,8.28934,6086,9227,13385,7920,4158,4628,32019,428,386267
HHS Region,hhs9,2025,1,8.043,7.69828,5122,9929,14815,6102,4886,5565,31604,430,410533
HHS Region,hhs9,2025,2,6.44263,6.18757,3812,9824,14835,5616,5011,5329,29592,432,478249
HHS Region,hhs9,2025,3,5.90631,5.67744,3526,8308,12807,5986,4499,4621,26940,429,474510
HHS Region,hhs9,2025,4,6.62999,6.32644,4155,8582,12762,6973,4180,4091,27981,430,442287
HHS Region,hhs9,2025,5,6.58255,6.25147,3959,9334,13878,7362,4544,4571,29770,430,476208
HHS Region,hhs9,2025,6,6.39601,6.08419,3897,9155,13599,7390,4444,4332,29218,432,480228
HHS Region,hhs9,2025,7,5.54873,5.31739,3140,7932,11845,5960,3913,3719,24664,432,463837
HHS Region,hhs9,2025,8,5.3519,5.14502,2918,7268,10724,5463,3456,3292,22397,429,435314
HHS Region,hhs9,2025,9,4.4461,4.33654,2590,6643,9839,4847,3196,3352,20628,429,475679
HHS Region,hhs9,2025,10,3.92856,3.84871,2200,5736,8512,4277,2776,2703,17692,432,459686
HHS Region,hhs9,2025,11,3.85616,3.78859,2061,5606,8079,4159,2473,2509,16808,427,443648
HHS Region,hhs9,2025,12,3.62764,3.54567,2148,5185,7465,3850,2280,2288,15751,426,444232
HHS Region,hhs9,2025,13,3.4065,3.33644,2004,4753,6840,3729,2087,2141,14714,426,441009
HHS Region,hhs9,2025,14,3.21328,3.12334,1682,4473,6459,3290,1986,1893,13324,426,426594
HHS Region,hhs9,2025,15,3.13949,3.05697,1850,4430,6351,3294,1921,1967,13462,426,440370
HHS Region,hhs9,2025,16,2.87819,2.81831,1611,4159,5872,2882,1713,1820,12185,422,432352
HHS Region,hhs9,2025,17,2.88462,2.82111,1594,4106,5831,2866,1725,1891,12182,420,431816
HHS Region,hhs9,2025,18,2.77383,2.73467,1516,3998,5721,2782,1723,1871,11890,413,434788
HHS Region,hhs9,2025,19,2.76179,2.71606,1479,3997,5621,2858,1624,1824,11782,411,433790
HHS Region,hhs9,2025,20,2.64597,2.62895,1457,3805,5481,2652,1676,1746,11336,412,431199
HHS Region,hhs9,2025,21,2.57537,2.55813,1370,3617,5224,2580,1607,1760,10934,409,427422
HHS Region,hhs9,2025,22,2.62896,2.59476,1351,3307,4773,2326,1466,1599,10049,410,387280
HHS Region,hhs9,2025,23,2.33399,2.33164,1155,3319,4818,1984,1499,1710,9667,409,414601
HHS Region,hhs9,2025,24,2.16926,2.1638,1157,2944,4269,1657,1325,1477,8560,409,395600
HHS Region,hhs9,2025,25,2.03626,2.00914,946,2657,3950,1555,1293,1497,7948,411,395593
HHS Region,hhs9,2025,26,1.86955,1.87219,769,2570,3822,1439,1252,1426,7456,408,398251
HHS Region,hhs9,2025,27,1.7696,1.76818,657,2280,3330,1266,1050,1235,6488,411,366932
HHS Region,hhs9,2025,28,1.65744,1.6649,639,2428,3550,1307,1122,1264,6760,409,406031
HHS Region,hhs9,2025,29,1.62221,1.63639,535,2362,3502,1254,1140,1311,6602,408,403448
HHS Region,hhs9,2025,30,1.52101,1.54444,549,2234,3274,1091,1040,1176,6090,405,394318
HHS Region,hhs9,2025,31,1.59834,1.62135,598,2264,3265,1241,1001,1250,6354,405,391896
HHS Region,hhs9,2025,32,1.7263,1.74672,622,2389,3521,1384,1132,1281,6808,403,389760
HHS Region,hhs9,2025,33,1.79353,1.83172,737,2523,3685,1635,1162,1342,7399,405,403938
HHS Region,hhs9,2025,34,1.89804,1.94644,911,2673,3853,1825,1180,1329,7918,405,406793
HHS Region,hhs9,2025,35,2.07792,2.11238,992,2820,4114,2128,1294,1409,8643,405,409159
HHS Region,hhs9,2025,36,2.21147,2.23206,957,2709,3919,1980,1210,1430,8286,401,371227
HHS Region,hhs9,2025,37,2.08559,2.0868,929,2806,4107,2007,1301,1487,8530,401,408760
HHS Region,hhs9,2025,38,2.00848,2.00665,912,2781,3978,1928,1197,1408,8226,403,409936
HHS Region,hhs9,2025,39,2.02152,2.00246,933,2725,3874,2016,1149,1370,8193,405,409146
HHS Region,hhs9,2025,40,1.97552,1.96118,1017,2647,3770,1935,1123,1370,8092,416,412608
HHS Region,hhs9,2025,41,2.14259,2.11421,1054,2748,4012,1987,1264,1390,8443,417,399346
HHS Region,hhs9,2025,42,2.21659,2.15036,972,2877,4055,1974,1178,1301,8302,415,386075
HHS Region,hhs9,2025,43,2.38042,2.3228,1097,3016,4363,2247,1347,1481,9188,414,395557
HHS Region,hhs9,2025,44,2.53261,2.47562,1165,3136,4546,2434,1410,1555,9700,410,391821
HHS Region,hhs9,2025,45,2.76348,2.70224,1255,3509,5066,2873,1557,1593,10787,410,399187
HHS Region,hhs9,2025,46,2.838,2.77116,1216,3548,5123,2648,1575,1750,10737,395,387455
