REGION TYPE,REGION,YEAR,WEEK,% WEIGHTED ILI,%UNWEIGHTED ILI,AGE 0-4,AGE 25-49,AGE 25-64,AGE 5-24,AGE 50-64,AGE 65,ILITOTAL,NUM. OF PROVIDERS,TOTAL PATIENTS
HHS Region,hhs1,2002,1,1.09468956106466,1.1897640412097,31,,68.0,55,,25,179,71,15045
HHS Region,hhs1,2002,2,1.11743438266759,1.22868043087971,45,,83.0,67,,24,219,72,17824
HHS Region,hhs1,2002,3,1.2929236621555,1.29130715501555,50,,66.0,91,,13,220,70,17037
HHS Region,hhs1,2002,4,1.82990218790687,1.60523186682521,56,,99.0,125,,17,297,70,18502
HHS Region,hhs1,2002,5,2.69835793679443,2.56854399683262,87,,141.0,265,,26,519,71,20206
HHS Region,hhs1,2002,6,2.5092555605981,2.51097627152089,90,,165.0,232,,22,509,70,20271
HHS Region,hhs1,2002,7,2.51279087771722,2.86797942536499,117,,176.0,230,,29,552,67,19247
HHS Region,hhs1,2002,8,1.9667583722502,2.36261813090655,87,,135.0,155,,28,405,67,17142
HHS Region,hhs1,2002,9,1.42522680783198,1.70911339742509,58,,111.0,121,,14,304,65,17787
HHS Region,hhs1,2002,10,0.898280807126551,0.890174065884221,23,,60.0,62,,12,157,64,17637
HHS Region,hhs1,2002,11,0.755994977832214,0.76303518440017,27,,48.0,47,,4,126,63,16513
HHS Region,hhs1,2002,12,1.1824858828841,0.762650043106307,16,,44.0,47,,8,115,62,15079
HHS Region,hhs1,2002,13,0.709017182156619,0.652117768595041,18,,32.0,42,,9,101,58,15488
HHS Region,hhs1,2002,14,0.636121709243729,0.749436264756599,9,,29.0,68,,7,113,55,15078
HHS Region,hhs1,2002,15,0.571710787594054,0.533171357224809,9,,32.0,32,,6,79,57,14817
HHS Region,hhs1,2002,16,0.722517070410028,0.690189449961265,9,,42.0,40,,7,98,58,14199
HHS Region,hhs1,2002,17,0.470526301706068,0.363103135255918,13,,14.0,22,,3,52,56,14321
HHS Region,hhs1,2002,18,0.201944299282888,0.207055214723926,4,,8.0,13,,2,27,53,13040
HHS Region,hhs1,2002,19,0.232078849308046,0.215567018246208,9,,8.0,9,,2,28,51,12989
HHS Region,hhs1,2002,20,0.376306859532154,0.258872651356994,5,,9.0,13,,4,31,50,11975
HHS Region,hhs1,2002,40,0.784625976820465,0.7145859604876,9,,21.0,87,,2,119,74,16653
HHS Region,hhs1,2002,41,0.49541443952168,0.469154443485764,7,,30.0,46,,4,87,78,18544
HHS Region,hhs1,2002,42,0.405673313777526,0.405580791693705,16,,18.0,36,,5,75,82,18492
HHS Region,hhs1,2002,43,0.637873673540622,0.545316839182025,12,,31.0,60,,5,108,80,19805
HHS Region,hhs1,2002,44,0.603490613415937,0.560756777842793,22,,36.0,55,,2,115,82,20508
HHS Region,hhs1,2002,45,0.506613275482571,0.488515195640941,11,,31.0,55,,7,104,81,21289
HHS Region,hhs1,2002,46,0.452492438786266,0.425573072831028,7,,25.0,50,,6,88,82,20678
HHS Region,hhs1,2002,47,0.476842727373354,0.459746094770388,9,,35.0,38,,6,88,80,19141
HHS Region,hhs1,2002,48,0.741341629186246,0.664251207729469,23,,29.0,49,,9,110,84,16560
HHS Region,hhs1,2002,49,0.584765758528494,0.592108379517787,25,,29.0,64,,7,125,83,21111
HHS Region,hhs1,2002,50,0.610366408619821,0.5658364639859,27,,40.0,45,,10,122,86,21561
HHS Region,hhs1,2002,51,0.622122148895438,0.663216600512486,32,,42.0,47,,11,132,84,19903
HHS Region,hhs1,2002,52,0.799461795384923,0.710951526032316,30,,39.0,24,,6,99,85,13925
HHS Region,hhs1,2003,1,0.641820165246527,0.707350009645682,32,,48.0,27,,3,110,88,15551
HHS Region,hhs1,2003,2,0.470414372322308,0.554199715273541,17,,39.0,37,,16,109,86,19668
HHS Region,hhs1,2003,3,0.737875637093874,0.970328379551606,41,,63.0,67,,19,190,85,19581
HHS Region,hhs1,2003,4,1.10351895606231,1.14288869257951,22,,64.0,109,,12,207,83,18112
HHS Region,hhs1,2003,5,1.40250004951744,1.37654143963292,49,,62.0,165,,12,288,84,20922
HHS Region,hhs1,2003,6,1.86113967194766,2.16135554057957,52,,101.0,277,,19,449,81,20774
HHS Region,hhs1,2003,7,1.90303875115013,2.40860215053763,71,,120.0,294,,19,504,80,20925
HHS Region,hhs1,2003,8,2.05511675071066,2.28548284441359,55,,100.0,213,,27,395,78,17283
HHS Region,hhs1,2003,9,1.79090015224576,1.87995090929376,63,,66.0,193,,15,337,73,17926
HHS Region,hhs1,2003,10,1.4153673272248,1.52387934645999,32,,82.0,163,,14,291,75,19096
HHS Region,hhs1,2003,11,1.3540048654534,1.34354934441267,27,,84.0,121,,17,249,74,18533
HHS Region,hhs1,2003,12,0.693242327852174,0.763505710252791,14,,33.0,62,,10,119,70,15586
HHS Region,hhs1,2003,13,0.455794190436189,0.57381650346161,8,,36.0,38,,10,92,68,16033
HHS Region,hhs1,2003,14,0.527289401258783,0.481912227719591,7,,20.0,32,,16,75,66,15563
HHS Region,hhs1,2003,15,0.394418451366458,0.353781034809527,12,,20.0,21,,3,56,67,15829
HHS Region,hhs1,2003,16,0.331536685895907,0.37012987012987,13,,20.0,23,,1,57,62,15400
HHS Region,hhs1,2003,17,0.24969146575104,0.33211773899453,19,,12.0,19,,1,51,64,15356
HHS Region,hhs1,2003,18,0.363239186469343,0.323188796121734,3,,17.0,14,,14,48,60,14852
HHS Region,hhs1,2003,19,0.343458197343478,0.33731553056922,6,,7.0,16,,19,48,57,14230
HHS Region,hhs1,2003,20,0.199502435391722,0.233328315520096,5,,9.0,13,,4,31,53,13286
HHS Region,hhs1,2003,21,0.120849672745636,0.138563206139416,3,,6.0,3,,1,13,38,9382
HHS Region,hhs1,2003,22,0.110874766360829,0.150063488398938,0,,8.0,4,,1,13,38,8663
HHS Region,hhs1,2003,23,0.0463557864645716,0.0657548658600736,1,,1.0,2,,1,5,30,7604
HHS Region,hhs1,2003,24,0.161721559776743,0.0962067069818582,0,,5.0,1,,1,7,31,7276
HHS Region,hhs1,2003,25,0.279170423267236,0.244569126744353,5,,5.0,7,,0,17,29,6951
HHS Region,hhs1,2003,26,0.117382870081536,0.139392249790912,1,,6.0,0,,3,10,31,7174
HHS Region,hhs1,2003,27,0.149165169355794,0.107082759675692,0,,4.0,2,,1,7,32,6537
HHS Region,hhs1,2003,28,0.151358020158048,0.121599027207782,1,,4.0,1,,2,8,31,6579
HHS Region,hhs1,2003,29,0.144815069505042,0.106853915432758,1,,2.0,3,,1,7,30,6551
HHS Region,hhs1,2003,30,0.160461819772047,0.126422250316056,0,,4.0,3,,2,9,31,7119
HHS Region,hhs1,2003,31,0.17181106899736,0.124326564442603,1,,3.0,3,,2,9,32,7239
HHS Region,hhs1,2003,32,0.185561605918112,0.21291696238467,1,,9.0,4,,1,15,36,7045
HHS Region,hhs1,2003,33,0.14624764205706,0.121506682867558,0,,7.0,2,,0,9,32,7407
HHS Region,hhs1,2003,34,0.101355289772287,0.117524157743536,1,,4.0,1,,3,9,32,7658
HHS Region,hhs1,2003,35,0.558680155967951,0.257864878803507,5,,7.0,8,,0,20,33,7756
HHS Region,hhs1,2003,36,0.422583507134426,0.155323354984468,1,,5.0,4,,1,11,31,7082
HHS Region,hhs1,2003,37,0.067716015017363,0.06918500069185,0,,2.0,2,,1,5,29,7227
HHS Region,hhs1,2003,38,0.0694393548186348,0.0698714365567356,2,,1.0,2,,0,5,29,7156
HHS Region,hhs1,2003,39,0.593851839678289,0.412583806085611,3,,13.0,14,,2,32,32,7756
HHS Region,hhs1,2003,40,0.572030612466168,0.471078001752848,14,,27.0,40,,5,86,87,18256
HHS Region,hhs1,2003,41,0.449279315501387,0.4068584713746,6,,35.0,35,,8,84,88,20646
HHS Region,hhs1,2003,42,0.613789076908122,0.558282799114448,19,,32.0,60,,5,116,92,20778
HHS Region,hhs1,2003,43,0.6611699969981,0.567290840328383,32,,33.0,56,,2,123,87,21682
HHS Region,hhs1,2003,44,0.760914476984369,0.727020945127229,31,,38.0,74,,25,168,91,23108
HHS Region,hhs1,2003,45,0.877168047057028,0.79969044240939,24,,50.0,93,,19,186,94,23259
HHS Region,hhs1,2003,46,0.944298783752995,0.883776702047342,47,,62.0,73,,17,199,94,22517
HHS Region,hhs1,2003,47,1.35564653899035,1.21994499157129,43,,83.0,126,,23,275,96,22542
HHS Region,hhs1,2003,48,1.81205576330219,1.60679942924499,42,,83.0,97,,37,259,96,16119
HHS Region,hhs1,2003,49,2.36008356695771,2.26040872044004,97,,114.0,308,,44,563,100,24907
HHS Region,hhs1,2003,50,5.24669667426699,4.81165795985703,135,,172.0,851,,67,1225,104,25459
HHS Region,hhs1,2003,51,6.41498726218559,6.32986125753806,326,,288.0,785,,102,1501,107,23713
HHS Region,hhs1,2003,52,6.65924287950863,6.7184074885953,321,,277.0,426,,110,1134,104,16879
HHS Region,hhs1,2003,53,4.92806781617366,4.9810069017174,269,,310.0,273,,79,931,108,18691
HHS Region,hhs1,2004,1,3.13999332922054,3.08677667571054,175,,219.0,235,,65,694,110,22483
HHS Region,hhs1,2004,2,1.89527032861534,1.85185185185185,109,,139.0,147,,27,422,111,22788
HHS Region,hhs1,2004,3,1.42111002038546,1.42097586223121,74,,110.0,98,,20,302,106,21253
HHS Region,hhs1,2004,4,0.863052138387838,0.835574337303112,51,,42.0,76,,5,174,99,20824
HHS Region,hhs1,2004,5,0.641845279176048,0.647361138564934,37,,30.0,55,,9,131,99,20236
HHS Region,hhs1,2004,6,0.559535662434731,0.558041083369414,40,,25.0,44,,7,116,96,20787
HHS Region,hhs1,2004,7,0.546139379862828,0.533646405891456,29,,28.0,39,,4,100,94,18739
HHS Region,hhs1,2004,8,0.449425172583095,0.424891088043887,20,,21.0,36,,2,79,87,18593
HHS Region,hhs1,2004,9,0.406700959703389,0.341333911253183,20,,16.0,24,,3,63,88,18457
HHS Region,hhs1,2004,10,0.468584283357588,0.373244860477516,30,,11.0,19,,3,63,82,16879
HHS Region,hhs1,2004,11,0.370329887020557,0.355996498395098,14,,15.0,25,,7,61,77,17135
HHS Region,hhs1,2004,12,0.364549766155223,0.336998935792834,20,,14.0,18,,5,57,73,16914
HHS Region,hhs1,2004,13,0.375642911297006,0.320877063974865,13,,6.0,24,,5,48,67,14959
HHS Region,hhs1,2004,14,0.234203959276912,0.189274447949527,11,,4.0,13,,2,30,65,15850
HHS Region,hhs1,2004,15,0.229880220714794,0.215694981919685,7,,11.0,15,,1,34,65,15763
HHS Region,hhs1,2004,16,0.278676435742813,0.241515190034321,7,,10.0,19,,2,38,62,15734
HHS Region,hhs1,2004,17,0.196463307751947,0.164685665186882,10,,2.0,8,,3,23,59,13966
HHS Region,hhs1,2004,18,0.194602119589577,0.156483391421865,5,,6.0,8,,3,22,60,14059
HHS Region,hhs1,2004,19,0.255416735037201,0.221120853983988,13,,6.0,8,,2,29,59,13115
HHS Region,hhs1,2004,20,0.270333871367043,0.265209354657237,12,,8.0,9,,4,33,61,12443
HHS Region,hhs1,2004,21,0.135079022760117,0.121802679658953,3,,1.0,5,,2,11,49,9031
HHS Region,hhs1,2004,22,0.126671764232174,0.126935770500127,1,,3.0,6,,0,10,48,7878
HHS Region,hhs1,2004,23,0.110055449294629,0.105054278043656,2,,2.0,4,,1,9,49,8567
HHS Region,hhs1,2004,24,0.0692425229216421,0.0715051841258491,3,,2.0,1,,0,6,48,8391
HHS Region,hhs1,2004,25,0.106835188836285,0.0975134080936129,3,,3.0,2,,0,8,46,8204
HHS Region,hhs1,2004,26,0.0932210834011599,0.0777604976671851,0,,2.0,2,,2,6,47,7716
HHS Region,hhs1,2004,27,0.0819327047285406,0.0814553353244638,1,,3.0,2,,0,6,46,7366
HHS Region,hhs1,2004,28,0.0815108290131362,0.0755382097444291,1,,2.0,2,,1,6,46,7943
HHS Region,hhs1,2004,29,0.0464309108212227,0.0385802469135802,2,,1.0,0,,0,3,46,7776
HHS Region,hhs1,2004,30,0.0658768785267945,0.0549601538884309,0,,1.0,2,,1,4,44,7278
HHS Region,hhs1,2004,31,0.0848927347046211,0.0822481151473612,0,,3.0,3,,0,6,41,7295
HHS Region,hhs1,2004,32,0.126277380272234,0.118623962040332,3,,0.0,3,,2,8,40,6744
HHS Region,hhs1,2004,33,0.237788980038124,0.236313509255612,8,,3.0,7,,0,18,41,7617
HHS Region,hhs1,2004,34,0.119375317173182,0.121490280777538,1,,4.0,3,,1,9,42,7408
HHS Region,hhs1,2004,35,0.142688719681513,0.120758362516604,1,,2.0,6,,1,10,41,8281
HHS Region,hhs1,2004,36,0.19614435976095,0.169851380042463,3,,2.0,7,,0,12,32,7065
HHS Region,hhs1,2004,37,0.161301307298575,0.15315739868049,5,,2.0,6,,0,13,32,8488
HHS Region,hhs1,2004,38,0.168979861147794,0.136628990187554,1,,2.0,8,,0,11,33,8051
HHS Region,hhs1,2004,39,0.210513083115204,0.172690267669915,2,,6.0,6,,0,14,33,8107
HHS Region,hhs1,2004,40,0.339496021774076,0.345416124837451,15,,25.0,37,,8,85,101,24608
HHS Region,hhs1,2004,41,0.558476159019426,0.496102055279943,8,,34.0,61,,16,119,103,23987
HHS Region,hhs1,2004,42,0.417946495087773,0.408068089075434,14,,39.0,34,,18,105,105,25731
HHS Region,hhs1,2004,43,0.501124018179672,0.438418745164499,19,,47.0,41,,12,119,108,27143
HHS Region,hhs1,2004,44,0.524172511951381,0.507843751086994,30,,46.0,58,,12,146,115,28749
HHS Region,hhs1,2004,45,0.656801456697928,0.74699804523876,52,,54.0,86,,22,214,117,28648
HHS Region,hhs1,2004,46,0.47658263581381,0.520798997956358,19,,50.0,74,,15,158,119,30338
HHS Region,hhs1,2004,47,0.553285057226477,0.669124675679366,34,,39.0,60,,14,147,120,21969
HHS Region,hhs1,2004,48,0.825791516903471,0.822550539403334,29,,67.0,95,,69,260,126,31609
HHS Region,hhs1,2004,49,0.942094777235664,0.951109084394645,46,,70.0,134,,42,292,127,30701
HHS Region,hhs1,2004,50,1.02618069974722,1.03152844413982,49,,89.0,119,,44,301,123,29180
HHS Region,hhs1,2004,51,1.86160842096017,1.95447124977326,71,,141.0,152,,67,431,119,22052
HHS Region,hhs1,2004,52,2.26991177038087,2.83816974438279,80,,255.0,190,,99,624,121,21986
HHS Region,hhs1,2005,1,2.12313755984268,2.56720134768915,94,,309.0,198,,100,701,121,27306
HHS Region,hhs1,2005,2,1.78664629649742,2.24696009590683,87,,244.0,237,,88,656,124,29195
HHS Region,hhs1,2005,3,2.12901321377238,2.35807564787875,91,,237.0,285,,84,697,124,29558
HHS Region,hhs1,2005,4,1.95153782394081,2.25017423915569,102,,241.0,259,,76,678,123,30131
HHS Region,hhs1,2005,5,2.13153057656184,2.25233823248712,76,,227.0,326,,79,708,122,31434
HHS Region,hhs1,2005,6,2.43037343820416,2.45729991492703,85,,211.0,387,,68,751,118,30562
HHS Region,hhs1,2005,7,1.88065608044859,1.93511667615253,61,,200.0,285,,66,612,119,31626
HHS Region,hhs1,2005,8,1.51917313442978,1.62880411487355,55,,168.0,174,,59,456,117,27996
HHS Region,hhs1,2005,9,1.19107720266932,1.37365640371652,65,,157.0,123,,32,377,115,27445
HHS Region,hhs1,2005,10,0.898683115974629,1.1947806948593,47,,121.0,98,,38,304,111,25444
HHS Region,hhs1,2005,11,1.02891421609534,1.1079650375477,49,,95.0,96,,30,270,106,24369
HHS Region,hhs1,2005,12,0.73987535402285,0.833636841892275,34,,73.0,71,,28,206,100,24711
HHS Region,hhs1,2005,13,0.712583725815583,0.883912787271656,39,,85.0,83,,18,225,101,25455
HHS Region,hhs1,2005,14,0.566725834798362,0.707267491106217,29,,56.0,60,,22,167,93,23612
HHS Region,hhs1,2005,15,0.423807392977073,0.522397805929215,15,,52.0,39,,14,120,88,22971
HHS Region,hhs1,2005,16,0.367165242686277,0.486151375942197,21,,46.0,29,,13,109,90,22421
HHS Region,hhs1,2005,17,0.352148457828305,0.470453746042912,22,,37.0,35,,13,107,87,22744
HHS Region,hhs1,2005,18,0.288107853127017,0.442681914599281,12,,40.0,34,,10,96,85,21686
HHS Region,hhs1,2005,19,0.256113255285865,0.188232763256965,9,,6.0,16,,4,35,82,18594
HHS Region,hhs1,2005,20,0.282221536428319,0.193843984962406,10,,3.0,8,,12,33,77,17024
HHS Region,hhs1,2005,21,0.339427189264269,0.265866793919149,7,,9.0,16,,7,39,69,14669
HHS Region,hhs1,2005,22,0.330023332904419,0.164662084765178,10,,8.0,4,,1,23,64,13968
HHS Region,hhs1,2005,23,0.370060124243323,0.232697294062895,11,,8.0,12,,4,35,60,15041
HHS Region,hhs1,2005,24,0.276483364835553,0.180464696593729,4,,9.0,9,,2,24,57,13299
HHS Region,hhs1,2005,25,0.863142396790045,0.19047619047619,8,,4.0,11,,1,24,55,12600
HHS Region,hhs1,2005,26,0.293912890547533,0.181488203266788,13,,4.0,7,,0,24,58,13224
HHS Region,hhs1,2005,27,0.305546808485777,0.177424805677594,3,,11.0,7,,0,21,57,11836
HHS Region,hhs1,2005,28,0.286237530419098,0.243531202435312,12,,11.0,7,,2,32,56,13140
HHS Region,hhs1,2005,29,0.302662119056856,0.183530162783275,8,,9.0,5,,1,23,55,12532
HHS Region,hhs1,2005,30,0.236813681466057,0.166971455832074,5,,7.0,9,,0,21,55,12577
HHS Region,hhs1,2005,31,0.252492951579592,0.13826159093004,5,,5.0,5,,0,15,53,10849
HHS Region,hhs1,2005,32,0.592169711666922,0.16348217022581,3,,3.0,10,,0,16,51,9787
HHS Region,hhs1,2005,33,1.68786927455536,0.222995272500223,8,,2.0,14,,1,25,52,11211
HHS Region,hhs1,2005,34,0.531262379467768,0.193798449612403,8,,6.0,8,,0,22,52,11352
HHS Region,hhs1,2005,35,0.162052102814462,0.120254251846762,3,,8.0,3,,0,14,52,11642
HHS Region,hhs1,2005,36,0.399873523173282,0.213419839508281,4,,9.0,12,,0,25,53,11714
HHS Region,hhs1,2005,37,0.339013241065097,0.171976087134551,1,,7.0,9,,4,21,49,12211
HHS Region,hhs1,2005,38,0.523093660697537,0.227876946448918,7,,6.0,16,,1,30,52,13165
HHS Region,hhs1,2005,39,0.307703538298547,0.280201745256585,12,,11.0,10,,2,35,53,12491
HHS Region,hhs1,2005,40,0.641896193483284,0.651427679825246,34,,42.0,76,,15,167,105,25636
HHS Region,hhs1,2005,41,0.569113105568444,0.599792379560921,23,,55.0,66,,12,156,111,26009
HHS Region,hhs1,2005,42,0.713137755815194,0.731732104746096,35,,71.0,92,,18,216,111,29519
HHS Region,hhs1,2005,43,0.797597654942194,0.716468925625267,32,,63.0,103,,20,218,113,30427
HHS Region,hhs1,2005,44,0.704781086110048,0.681431005110733,43,,53.0,114,,14,224,118,32872
HHS Region,hhs1,2005,45,0.885654044720818,0.912690017830699,57,,88.0,133,,24,302,119,33089
HHS Region,hhs1,2005,46,0.9054343782907,0.886830715215352,73,,84.0,120,,16,293,118,33039
HHS Region,hhs1,2005,47,1.01245151380198,1.06911984087519,66,,76.0,92,,24,258,121,24132
HHS Region,hhs1,2005,48,0.835423753537285,0.83539603960396,56,,68.0,129,,17,270,120,32320
HHS Region,hhs1,2005,49,1.09396597029238,0.951864774228515,55,,78.0,128,,20,281,117,29521
HHS Region,hhs1,2005,50,0.995161318824489,0.938488576449912,84,,60.0,104,,19,267,117,28450
HHS Region,hhs1,2005,51,0.949622489962036,0.878794795708742,69,,53.0,86,,23,231,113,26286
HHS Region,hhs1,2005,52,1.34843247833736,1.35485064274484,93,,79.0,94,,27,293,112,21626
HHS Region,hhs1,2006,1,1.1263994682589,0.988379306066747,55,,77.0,72,,35,239,112,24181
HHS Region,hhs1,2006,2,0.988789493462896,0.976765899378748,53,,97.0,102,,20,272,113,27847
HHS Region,hhs1,2006,3,0.997630443791553,0.951317069655148,62,,74.0,111,,17,264,116,27751
HHS Region,hhs1,2006,4,1.22024653602387,1.15203469657439,70,,102.0,146,,22,340,117,29513
HHS Region,hhs1,2006,5,1.54337416866271,1.35830937865243,82,,93.0,230,,25,430,117,31657
HHS Region,hhs1,2006,6,1.67782296624596,1.56083373727581,82,,121.0,260,,20,483,112,30945
HHS Region,hhs1,2006,7,2.11486513372138,1.81842447699443,103,,107.0,314,,21,545,115,29971
HHS Region,hhs1,2006,8,2.11790210233673,1.91809227579057,90,,101.0,324,,40,555,115,28935
HHS Region,hhs1,2006,9,2.22035832458063,2.01353304427802,106,,132.0,346,,29,613,116,30444
HHS Region,hhs1,2006,10,2.25544538865369,2.04360126476951,98,,139.0,334,,43,614,110,30045
HHS Region,hhs1,2006,11,2.00757282397747,1.88713814584097,80,,140.0,258,,37,515,109,27290
HHS Region,hhs1,2006,12,1.77120078715101,1.73123314885767,64,,137.0,245,,42,488,108,28188
HHS Region,hhs1,2006,13,1.54476732736691,1.55884645362432,52,,111.0,266,,31,460,104,29509
HHS Region,hhs1,2006,14,1.47691330819715,1.4872743776839,58,,98.0,244,,26,426,101,28643
HHS Region,hhs1,2006,15,1.47145203237242,1.49846261627681,54,,103.0,206,,22,385,95,25693
HHS Region,hhs1,2006,16,1.09617343678005,1.16165269562997,25,,72.0,159,,17,273,89,23501
HHS Region,hhs1,2006,17,0.663808736919893,0.81702859600086,30,,51.0,99,,10,190,89,23255
HHS Region,hhs1,2006,18,0.556419128100383,0.735645361612687,25,,35.0,75,,19,154,83,20934
HHS Region,hhs1,2006,19,0.555114816673958,0.60038668973237,16,,36.0,53,,13,118,80,19654
HHS Region,hhs1,2006,20,0.3054113112229,0.257084095063985,12,,6.0,24,,3,45,80,17504
HHS Region,hhs1,2006,21,0.332538048954178,0.255314095713098,14,,6.0,21,,2,43,76,16842
HHS Region,hhs1,2006,22,0.400552154755459,0.28351264902588,17,,8.0,10,,4,39,71,13756
HHS Region,hhs1,2006,23,0.216022033860545,0.186430521339636,10,,8.0,10,,0,28,68,15019
HHS Region,hhs1,2006,24,0.262874696284729,0.230334333775389,4,,11.0,15,,3,33,67,14327
HHS Region,hhs1,2006,25,0.266647488811065,0.184961229280785,6,,8.0,10,,2,26,65,14057
HHS Region,hhs1,2006,26,0.31653880706505,0.220515550148278,6,,7.0,13,,3,29,59,13151
HHS Region,hhs1,2006,27,0.319045940355138,0.265076209410205,7,,8.0,14,,3,32,58,12072
HHS Region,hhs1,2006,28,0.199702360190119,0.191415740263565,2,,9.0,12,,3,26,59,13583
HHS Region,hhs1,2006,29,0.208760936543968,0.155884645362432,4,,3.0,13,,0,20,56,12830
HHS Region,hhs1,2006,30,0.265557939204988,0.167236792094261,4,,4.0,11,,3,22,57,13155
HHS Region,hhs1,2006,31,0.192713763849479,0.138594488830915,7,,4.0,5,,1,17,54,12266
HHS Region,hhs1,2006,32,0.276120822812092,0.201889687474764,4,,5.0,14,,2,25,53,12383
HHS Region,hhs1,2006,33,0.190974531096842,0.11951238945104,5,,4.0,4,,2,15,54,12551
HHS Region,hhs1,2006,34,0.185584843008726,0.15111747395212,2,,6.0,7,,4,19,53,12573
HHS Region,hhs1,2006,35,0.223346249660583,0.241369221767115,3,,3.0,25,,2,33,55,13672
HHS Region,hhs1,2006,36,0.148260222382357,0.150093808630394,6,,3.0,9,,2,20,52,13325
HHS Region,hhs1,2006,37,0.272287373160409,0.220850925625203,10,,2.0,21,,1,34,54,15395
HHS Region,hhs1,2006,38,0.124477940219565,0.121022282337866,2,,4.0,10,,1,17,51,14047
HHS Region,hhs1,2006,39,0.391884100789788,0.246011105644198,6,,4.0,23,,2,35,51,14227
HHS Region,hhs1,2006,40,0.402106722729686,0.507362072024126,25,,46.0,54,,18,143,115,28185
HHS Region,hhs1,2006,41,0.371548860009034,0.464245870371037,10,,52.0,58,,9,129,118,27787
HHS Region,hhs1,2006,42,0.553866239697843,0.591471364518078,25,,63.0,83,,15,186,122,31447
HHS Region,hhs1,2006,43,0.507175208331117,0.632198297446169,21,,71.0,89,,21,202,129,31952
HHS Region,hhs1,2006,44,0.680850850977126,0.724593183911575,36,,69.0,118,,13,236,128,32570
HHS Region,hhs1,2006,45,0.531848581748939,0.589554814218337,28,,74.0,92,,11,205,132,34772
HHS Region,hhs1,2006,46,0.598563666922274,0.719848949728581,26,,83.0,119,,16,244,129,33896
HHS Region,hhs1,2006,47,0.771447426974796,1.01902453055019,47,,82.0,93,,26,248,129,24337
HHS Region,hhs1,2006,48,0.691579463854256,0.697081158044613,30,,89.0,91,,25,235,130,33712
HHS Region,hhs1,2006,49,0.869531487875893,0.889589905362776,52,,77.0,123,,30,282,126,31700
HHS Region,hhs1,2006,50,1.06631666608783,1.04705315561265,50,,137.0,113,,26,326,125,31135
HHS Region,hhs1,2006,51,0.964736250885616,1.02912695097406,46,,97.0,96,,32,271,119,26333
HHS Region,hhs1,2006,52,1.59310009304032,1.65556426332288,91,,110.0,97,,40,338,115,20416
HHS Region,hhs1,2007,1,1.35885485633051,1.45003635188626,69,,142.0,114,,34,359,120,24758
HHS Region,hhs1,2007,2,1.07263323436985,1.09071655488881,56,,90.0,131,,32,309,117,28330
HHS Region,hhs1,2007,3,1.35598284035592,1.43895789154802,88,,101.0,162,,29,380,123,26408
HHS Region,hhs1,2007,4,0.935530418461057,1.00953998954522,66,,94.0,127,,22,309,122,30608
HHS Region,hhs1,2007,5,1.29454718362805,1.32477551536613,81,,122.0,195,,21,419,123,31628
HHS Region,hhs1,2007,6,1.70886081998711,1.66495901639344,96,,126.0,269,,29,520,124,31232
HHS Region,hhs1,2007,7,1.80820914759557,1.83445521118426,70,,144.0,250,,32,496,118,27038
HHS Region,hhs1,2007,8,1.78854719965587,1.82746189813328,79,,125.0,271,,37,512,121,28017
HHS Region,hhs1,2007,9,1.66031488589725,1.82340977628165,77,,142.0,267,,34,520,118,28518
HHS Region,hhs1,2007,10,1.43936311447721,1.64847004740698,52,,131.0,239,,37,459,117,27844
HHS Region,hhs1,2007,11,2.00441581156252,1.71534348004936,34,,160.0,193,,30,417,115,24310
HHS Region,hhs1,2007,12,1.55680470187399,1.4214383506483,38,,104.0,184,,27,353,114,24834
HHS Region,hhs1,2007,13,1.55956304867646,1.34369319599387,35,,104.0,205,,33,377,113,28057
HHS Region,hhs1,2007,14,1.282541192172,1.2636866684981,45,,86.0,141,,50,322,110,25481
HHS Region,hhs1,2007,15,1.08734280869904,1.15677569141786,33,,98.0,110,,43,284,102,24551
HHS Region,hhs1,2007,16,0.944557901963165,1.01253844334043,35,,72.0,79,,28,214,96,21135
HHS Region,hhs1,2007,17,0.627157244042387,0.767296133680037,21,,54.0,71,,34,180,94,23459
HHS Region,hhs1,2007,18,0.573971423346948,0.603010303404397,22,,43.0,36,,26,127,92,21061
HHS Region,hhs1,2007,19,0.42793727726554,0.498779581874138,21,,24.0,27,,22,94,86,18846
HHS Region,hhs1,2007,20,0.20928796386412,0.207830140987474,10,,4.0,21,,2,37,83,17803
HHS Region,hhs1,2007,21,0.202560820410781,0.200097016735387,5,,7.0,18,,3,33,80,16492
HHS Region,hhs1,2007,22,0.373541449484478,0.311289955204616,12,,10.0,14,,5,41,71,13171
HHS Region,hhs1,2007,23,0.360670333207888,0.191806045726561,6,,8.0,10,,1,25,69,13034
HHS Region,hhs1,2007,24,0.392083373709761,0.287545185672034,11,,5.0,13,,6,35,65,12172
HHS Region,hhs1,2007,25,0.558160475255065,0.334121098524978,9,,13.0,16,,3,41,64,12271
HHS Region,hhs1,2007,26,0.412046286053201,0.33452807646356,10,,20.0,7,,5,42,65,12555
HHS Region,hhs1,2007,27,0.556125858501838,0.313448917621706,14,,5.0,9,,4,32,60,10209
HHS Region,hhs1,2007,28,0.760774740595423,0.315215539274152,11,,7.0,9,,10,37,60,11738
HHS Region,hhs1,2007,29,0.417172890264977,0.26257834999153,8,,9.0,12,,2,31,61,11806
HHS Region,hhs1,2007,30,0.169600393185246,0.176973748893914,2,,8.0,4,,4,18,58,10171
HHS Region,hhs1,2007,31,0.448218368952426,0.182965876863965,2,,7.0,5,,6,20,59,10931
HHS Region,hhs1,2007,32,0.136980221043932,0.188121472722386,5,,5.0,7,,4,21,59,11163
HHS Region,hhs1,2007,33,0.292500108993733,0.227511375568778,4,,7.0,12,,3,26,60,11428
HHS Region,hhs1,2007,34,0.310451072289266,0.252586979548603,8,,11.0,9,,3,31,60,12273
HHS Region,hhs1,2007,35,0.362904902394771,0.24330900243309,6,,14.0,8,,4,32,61,13152
HHS Region,hhs1,2007,36,0.314986744839002,0.224458204334365,4,,9.0,14,,2,29,62,12920
HHS Region,hhs1,2007,37,0.267262488836831,0.22289766970618,4,,12.0,15,,2,33,63,14805
HHS Region,hhs1,2007,38,0.310882238460288,0.298321076730956,10,,12.0,16,,5,43,63,14414
HHS Region,hhs1,2007,39,0.488590172969309,0.397639815289892,10,,17.0,27,,8,62,64,15592
HHS Region,hhs1,2007,40,0.639187762818576,0.647285516518876,27,,52.0,67,,27,173,112,26727
HHS Region,hhs1,2007,41,0.654940865799181,0.738338932729119,21,,59.0,74,,35,189,114,25598
HHS Region,hhs1,2007,42,0.722342349621619,0.660410149461244,31,,46.0,90,,23,190,114,28770
HHS Region,hhs1,2007,43,0.944545493589789,0.837538186935777,29,,51.0,107,,57,244,114,29133
HHS Region,hhs1,2007,44,0.988922600859499,0.852097734583533,48,,48.0,131,,22,249,116,29222
HHS Region,hhs1,2007,45,0.906593246574561,0.806478599872837,40,,51.0,131,,19,241,114,29883
HHS Region,hhs1,2007,46,0.751595793226733,0.741502873767118,37,,51.0,93,,28,209,113,28186
HHS Region,hhs1,2007,47,1.01988688561185,1.12377503195569,37,,76.0,72,,26,211,113,18776
HHS Region,hhs1,2007,48,0.938472175759452,0.902715338967812,40,,62.0,128,,21,251,114,27805
HHS Region,hhs1,2007,49,1.00604802147112,1.0085490288776,53,,58.0,122,,23,256,110,25383
HHS Region,hhs1,2007,50,0.893557836046092,0.864923832158024,34,,63.0,99,,26,222,116,25667
HHS Region,hhs1,2007,51,0.939967804422696,0.885313679669243,42,,54.0,76,,25,197,111,22252
HHS Region,hhs1,2007,52,1.18507457614612,1.33209417596035,52,,75.0,56,,32,215,112,16140
HHS Region,hhs1,2008,1,1.55353453650773,1.33580502698871,60,,88.0,59,,38,245,110,18341
HHS Region,hhs1,2008,2,1.30912987688931,1.12635501355014,54,,82.0,84,,46,266,110,23616
HHS Region,hhs1,2008,3,1.21743712787155,0.987525987525988,45,,64.0,85,,34,228,112,23088
HHS Region,hhs1,2008,4,1.362789006996,1.21763801867833,49,,80.0,154,,26,309,110,25377
HHS Region,hhs1,2008,5,2.20173319670653,1.85205479452055,82,,115.0,279,,31,507,112,27375
HHS Region,hhs1,2008,6,3.13469712815671,3.05520577904434,94,,193.0,601,,34,922,114,30178
HHS Region,hhs1,2008,7,4.20399146059324,3.67078419708157,103,,267.0,628,,51,1049,111,28577
HHS Region,hhs1,2008,8,3.98496814460529,3.76959857667074,111,,319.0,522,,65,1017,110,26979
HHS Region,hhs1,2008,9,3.1772050067161,3.34150936689062,94,,326.0,458,,62,940,111,28131
HHS Region,hhs1,2008,10,2.93119028405836,3.08188496685182,89,,306.0,381,,84,860,106,27905
HHS Region,hhs1,2008,11,2.45089111212641,2.45635159542444,73,,246.0,230,,63,612,105,24915
HHS Region,hhs1,2008,12,1.91642369135616,2.18622765091167,40,,222.0,187,,45,494,99,22596
HHS Region,hhs1,2008,13,1.45962269260484,1.56665808223882,41,,134.0,139,,51,365,98,23298
HHS Region,hhs1,2008,14,1.21643617783892,1.32298897509187,35,,127.0,132,,30,324,97,24490
HHS Region,hhs1,2008,15,0.911753309636721,1.03620675751955,34,,96.0,94,,33,257,98,24802
HHS Region,hhs1,2008,16,0.797581164516891,0.822921154674709,23,,63.0,87,,18,191,96,23210
HHS Region,hhs1,2008,17,0.859879088462724,0.705128205128205,27,,50.0,74,,14,165,93,23400
HHS Region,hhs1,2008,18,0.525096072979085,0.559234073013601,13,,41.0,61,,10,125,92,22352
HHS Region,hhs1,2008,19,0.461101525652728,0.346287033474413,14,,18.0,38,,2,72,87,20792
HHS Region,hhs1,2008,20,0.346685384672156,0.260063319764812,11,,8.0,23,,4,46,79,17688
HHS Region,hhs1,2008,21,0.384382125356182,0.195809672997846,14,,5.0,11,,0,30,76,15321
HHS Region,hhs1,2008,22,0.467701398953312,0.20066889632107,14,,5.0,6,,2,27,69,13455
HHS Region,hhs1,2008,23,0.497808509594385,0.286091549295775,15,,8.0,15,,1,39,65,13632
HHS Region,hhs1,2008,24,0.316276034901182,0.197148923263573,11,,8.0,5,,2,26,62,13188
HHS Region,hhs1,2008,25,0.419145244715968,0.20734142220857,8,,12.0,6,,1,27,61,13022
HHS Region,hhs1,2008,26,0.56259895740548,0.190945978200334,11,,6.0,7,,0,24,59,12569
HHS Region,hhs1,2008,27,0.423334575024825,0.22544864279917,6,,7.0,11,,1,25,61,11089
HHS Region,hhs1,2008,28,0.297527990595585,0.219331417334745,7,,5.0,16,,1,29,60,13222
HHS Region,hhs1,2008,29,0.23499348356402,0.239493201483313,13,,8.0,10,,0,31,58,12944
HHS Region,hhs1,2008,30,0.585132059123029,0.236064575083765,14,,9.0,8,,0,31,59,13132
HHS Region,hhs1,2008,31,0.410196383927382,0.19485580670304,9,,7.0,9,,0,25,57,12830
HHS Region,hhs1,2008,32,0.178450397709039,0.14622398073284,1,,7.0,7,,2,17,56,11626
HHS Region,hhs1,2008,33,0.316312729258576,0.16135881104034,6,,3.0,9,,1,19,57,11775
HHS Region,hhs1,2008,34,0.307538442077088,0.236721408492381,7,,6.0,16,,3,32,58,13518
HHS Region,hhs1,2008,35,0.375332315658073,0.258249641319943,8,,12.0,15,,1,36,58,13940
HHS Region,hhs1,2008,36,0.303807990590617,0.254934809527278,10,,9.0,15,,1,35,61,13729
HHS Region,hhs1,2008,37,0.300515657964145,0.258604765716397,12,,8.0,20,,2,42,62,16241
HHS Region,hhs1,2008,38,0.326305342262527,0.266666666666667,19,,6.0,19,,1,45,62,16875
HHS Region,hhs1,2008,39,0.341255179582863,0.305188199389624,7,,9.0,27,,5,48,60,15728
HHS Region,hhs1,2008,40,0.45662204555905,0.455814483505213,29,,33.0,83,,15,160,122,35102
HHS Region,hhs1,2008,41,0.597599571127178,0.534608891389983,36,,46.0,101,,7,190,127,35540
HHS Region,hhs1,2008,42,0.446498365630492,0.401146131805158,22,,30.0,76,,12,140,125,34900
HHS Region,hhs1,2008,43,0.550386826224551,0.511423504921487,35,,55.0,91,,18,199,129,38911
HHS Region,hhs1,2008,44,0.629067536011261,0.606239437753159,50,,39.0,103,,34,226,131,37279
HHS Region,hhs1,2008,45,0.797353988141246,0.74292666511351,51,,108.0,110,,18,287,129,38631
HHS Region,hhs1,2008,46,0.791971153793607,0.714688734248636,46,,79.0,117,,24,266,126,37219
HHS Region,hhs1,2008,47,0.800609297693174,0.702458605117913,55,,41.0,128,,28,252,129,35874
HHS Region,hhs1,2008,48,0.82435885279644,0.746878715814506,44,,53.0,79,,25,201,123,26912
HHS Region,hhs1,2008,49,0.89121702711103,0.834958389409212,63,,77.0,144,,20,304,120,36409
HHS Region,hhs1,2008,50,0.896461260108245,0.820525017094271,50,,68.0,142,,16,276,122,33637
HHS Region,hhs1,2008,51,0.886262786666402,0.784370165149498,52,,55.0,77,,34,218,121,27793
HHS Region,hhs1,2008,52,1.0009552892193,1.02154909534458,57,,52.0,67,,25,201,120,19676
HHS Region,hhs1,2008,53,1.05426294170949,0.896860986547085,58,,53.0,53,,32,196,116,21854
HHS Region,hhs1,2009,1,0.628376227090082,0.730643033521632,44,,56.0,79,,37,216,116,29563
HHS Region,hhs1,2009,2,0.791178752610227,0.879438209621317,59,,84.0,100,,25,268,116,30474
HHS Region,hhs1,2009,3,1.33087785225248,1.13350125944584,77,,107.0,129,,29,342,117,30172
HHS Region,hhs1,2009,4,1.55860622682725,1.43191800878477,91,,133.0,250,,15,489,119,34150
HHS Region,hhs1,2009,5,3.55855786800027,2.86898482075573,142,,381.0,511,,32,1066,121,37156
HHS Region,hhs1,2009,6,3.89099550410212,3.40810248029732,132,,310.0,825,,26,1293,121,37939
HHS Region,hhs1,2009,7,3.01494220232588,2.99946286715857,111,,258.0,648,,44,1061,123,35373
HHS Region,hhs1,2009,8,2.74620641710106,2.60578201151972,130,,336.0,434,,41,941,122,36112
HHS Region,hhs1,2009,9,1.69173571447809,1.64565925506302,77,,166.0,301,,37,581,119,35305
HHS Region,hhs1,2009,10,1.44048177733395,1.42276422764228,72,,117.0,240,,33,462,118,32472
HHS Region,hhs1,2009,11,1.46483585402513,1.34325993980675,76,,102.0,211,,35,424,120,31565
HHS Region,hhs1,2009,12,0.971705687098049,1.00977101957174,70,,84.0,159,,27,340,114,33671
HHS Region,hhs1,2009,13,0.853484747603346,0.848526545120972,56,,76.0,143,,21,296,116,34884
HHS Region,hhs1,2009,14,0.685797167134837,0.658885542168675,44,,57.0,102,,7,210,112,31872
HHS Region,hhs1,2009,15,0.376907999029103,0.381666938509215,26,,24.0,59,,8,117,109,30655
HHS Region,hhs1,2009,16,0.54719791303708,0.473023437777857,26,,27.0,74,,6,133,106,28117
HHS Region,hhs1,2009,17,1.46203757741818,1.32212770318746,65,,156.0,152,,14,387,103,29271
HHS Region,hhs1,2009,18,1.09738107247962,1.08419754877076,43,,105.0,136,,15,299,97,27578
HHS Region,hhs1,2009,19,1.22785717576359,1.0375855685194,40,,74.0,119,,8,241,93,23227
HHS Region,hhs1,2009,20,0.648152321664424,0.715393466406524,24,,46.0,67,,6,143,85,19989
HHS Region,hhs1,2009,21,0.823620821489119,0.960506243290581,26,,49.0,85,,10,170,83,17699
HHS Region,hhs1,2009,22,1.37513926785393,1.51005894101028,58,,79.0,164,,9,310,83,20529
HHS Region,hhs1,2009,23,1.44932753274331,1.39404272389931,41,,74.0,154,,9,278,83,19942
HHS Region,hhs1,2009,24,1.84760041683856,1.28973751826288,58,,72.0,117,,9,256,83,19849
HHS Region,hhs1,2009,25,0.657668409055997,0.807102502017756,34,,48.0,61,,7,150,81,18585
HHS Region,hhs1,2009,26,0.79286551079462,0.897612351145952,37,,52.0,54,,7,150,81,16711
HHS Region,hhs1,2009,27,0.517830154386978,0.650483896557195,21,,45.0,53,,4,123,83,18909
HHS Region,hhs1,2009,28,0.410306960644089,0.485462233126272,23,,34.0,31,,5,93,79,19157
HHS Region,hhs1,2009,29,0.389721854840632,0.427573261028262,19,,30.0,25,,8,82,78,19178
HHS Region,hhs1,2009,30,0.315146353701527,0.385136967724437,20,,24.0,23,,4,71,79,18435
HHS Region,hhs1,2009,31,0.29390109510228,0.350148367952522,16,,16.0,21,,6,59,78,16850
HHS Region,hhs1,2009,32,0.196452182912811,0.267705037722073,7,,15.0,21,,1,44,74,16436
HHS Region,hhs1,2009,33,0.371015874400746,0.465896384644055,22,,23.0,25,,5,75,71,16098
HHS Region,hhs1,2009,34,0.619181082220384,0.533528611779475,47,,13.0,37,,5,102,80,19118
HHS Region,hhs1,2009,35,0.784916056812538,0.695685781921832,12,,30.0,97,,5,144,84,20699
HHS Region,hhs1,2009,36,0.883804816186015,0.875339571385451,14,,24.0,133,,3,174,85,19878
HHS Region,hhs1,2009,37,1.14757408245849,1.38597394368986,17,,26.0,302,,5,350,87,25253
HHS Region,hhs1,2009,38,1.46459705264808,1.7381974248927,22,,74.0,383,,7,486,89,27960
HHS Region,hhs1,2009,39,1.51308444364974,1.6186268829664,33,,62.0,347,,5,447,90,27616
HHS Region,hhs1,2009,40,1.6257040693448,1.63829420314848,77,111.0,147.0,421,36.0,20,665,133,40591
HHS Region,hhs1,2009,41,2.50680315612489,2.42389491242702,146,132.0,179.0,574,47.0,31,930,145,38368
HHS Region,hhs1,2009,42,4.46761422003981,4.51894693897142,169,194.0,250.0,1434,56.0,30,1883,146,41669
HHS Region,hhs1,2009,43,6.21050701821157,7.12847629372331,301,229.0,310.0,2581,81.0,30,3222,148,45199
HHS Region,hhs1,2009,44,9.6881200436163,9.82349869451697,524,313.0,412.0,3726,99.0,41,4703,152,47875
HHS Region,hhs1,2009,45,7.47055405687273,7.50345627257726,489,386.0,478.0,2366,92.0,32,3365,148,44846
HHS Region,hhs1,2009,46,4.90291073354828,4.96028282122905,397,291.0,399.0,1418,108.0,59,2273,155,45824
HHS Region,hhs1,2009,47,2.82780053421898,3.10359743349434,192,168.0,218.0,420,50.0,31,861,151,27742
HHS Region,hhs1,2009,48,1.96981869655883,1.93914827603463,156,126.0,183.0,414,57.0,22,775,152,39966
HHS Region,hhs1,2009,49,1.32414719111437,1.45912011378685,123,86.0,119.0,330,33.0,23,595,155,40778
HHS Region,hhs1,2009,50,1.10430830219631,1.20248254460822,130,69.0,95.0,190,26.0,19,434,138,36092
HHS Region,hhs1,2009,51,1.05806061762514,1.17580455515394,105,35.0,49.0,103,14.0,13,270,139,22963
HHS Region,hhs1,2009,52,1.12732981606892,1.12057749611785,93,45.0,69.0,84,24.0,21,267,135,23827
HHS Region,hhs1,2010,1,0.781851543996557,0.870992173693512,83,54.0,75.0,101,21.0,17,276,138,31688
HHS Region,hhs1,2010,2,0.632695585961501,0.708492869848352,84,39.0,58.0,79,19.0,14,235,143,33169
HHS Region,hhs1,2010,3,0.790783702207014,0.801984768059081,110,33.0,46.0,108,13.0,14,278,146,34664
HHS Region,hhs1,2010,4,0.783798864414654,0.808351177730193,80,34.0,52.0,159,18.0,11,302,143,37360
HHS Region,hhs1,2010,5,0.854759255767951,0.939017233100357,102,29.0,46.0,193,17.0,11,352,142,37486
HHS Region,hhs1,2010,6,0.800756828302453,0.916839567094712,83,44.0,74.0,153,30.0,17,327,142,35666
HHS Region,hhs1,2010,7,0.989387167468909,1.10330690621891,87,61.0,96.0,171,35.0,12,366,140,33173
HHS Region,hhs1,2010,8,0.81910555302019,0.811519062244639,74,41.0,52.0,146,11.0,16,288,137,35489
HHS Region,hhs1,2010,9,0.658078800681888,0.663340514797596,64,35.0,51.0,110,16.0,9,234,138,35276
HHS Region,hhs1,2010,10,0.76008623760335,0.67286409915892,68,26.0,34.0,113,8.0,13,228,138,33885
HHS Region,hhs1,2010,11,0.509446552025,0.560404225999081,53,27.0,44.0,81,17.0,5,183,135,32655
HHS Region,hhs1,2010,12,0.516423973844147,0.54297862560331,54,29.0,45.0,87,16.0,3,189,136,34808
HHS Region,hhs1,2010,13,0.573967915888988,0.575786808151453,45,21.0,32.0,106,11.0,8,191,135,33172
HHS Region,hhs1,2010,14,0.627147302227601,0.724469013674716,54,41.0,66.0,111,25.0,18,249,129,34370
HHS Region,hhs1,2010,15,0.480885886130161,0.488716400747449,46,20.0,37.0,82,17.0,5,170,128,34785
HHS Region,hhs1,2010,16,0.446048357068623,0.41994039555676,37,12.0,16.0,62,4.0,9,124,120,29528
HHS Region,hhs1,2010,17,0.403117751179232,0.377453447408153,35,11.0,20.0,60,9.0,5,120,113,31792
HHS Region,hhs1,2010,18,0.544570689443685,0.556227327690447,40,24.0,35.0,79,11.0,7,161,102,28945
HHS Region,hhs1,2010,19,0.381844940032214,0.401064507665205,38,16.0,28.0,35,12.0,6,107,95,26679
HHS Region,hhs1,2010,20,0.440723648885978,0.44827179426684,39,13.0,24.0,47,11.0,4,114,91,25431
HHS Region,hhs1,2010,21,0.498855362929491,0.494587910974176,40,16.0,20.0,51,4.0,11,122,90,24667
HHS Region,hhs1,2010,22,0.528898825609342,0.531013444808496,29,9.0,16.0,41,7.0,8,94,79,17702
HHS Region,hhs1,2010,23,0.44087937606723,0.475258596589321,38,15.0,19.0,39,4.0,6,102,83,21462
HHS Region,hhs1,2010,24,0.453755785911518,0.458144514715403,34,9.0,12.0,40,3.0,6,92,79,20081
HHS Region,hhs1,2010,25,0.434431812194491,0.441105186621425,29,12.0,22.0,32,10.0,8,91,79,20630
HHS Region,hhs1,2010,26,0.381214024843223,0.397664351152723,30,13.0,16.0,31,3.0,2,79,79,19866
HHS Region,hhs1,2010,27,0.446610913197843,0.490024501225061,31,10.0,13.0,35,3.0,5,84,77,17142
HHS Region,hhs1,2010,28,0.335783157120536,0.360109473279877,19,9.0,17.0,33,8.0,6,75,77,20827
HHS Region,hhs1,2010,29,0.389146721898565,0.426367730190668,35,10.0,15.0,35,5.0,4,89,79,20874
HHS Region,hhs1,2010,30,0.412654268431902,0.397744436612627,23,11.0,15.0,35,4.0,6,79,79,19862
HHS Region,hhs1,2010,31,0.356796464217753,0.41119721651115,23,11.0,23.0,30,12.0,2,78,77,18969
HHS Region,hhs1,2010,32,0.420547285788688,0.464593863276663,28,16.0,23.0,32,7.0,8,91,77,19587
HHS Region,hhs1,2010,33,0.324615183003329,0.369310793237971,22,9.0,15.0,28,6.0,6,71,75,19225
HHS Region,hhs1,2010,34,0.26672275485035,0.342789010879825,18,12.0,18.0,27,6.0,6,69,77,20129
HHS Region,hhs1,2010,35,0.240130688027999,0.273722627737226,16,9.0,18.0,18,9.0,5,57,80,20824
HHS Region,hhs1,2010,36,0.423525939390855,0.380453579722318,9,16.0,22.0,40,6.0,6,77,82,20239
HHS Region,hhs1,2010,37,0.404255999536257,0.417424367664077,25,20.0,30.0,36,10.0,10,101,80,24196
HHS Region,hhs1,2010,38,0.446417672242554,0.456331097972303,22,12.0,19.0,59,7.0,15,115,79,25201
HHS Region,hhs1,2010,39,0.357444738748708,0.376027291052876,24,23.0,29.0,34,6.0,10,97,83,25796
HHS Region,hhs1,2010,40,0.415796,0.495312,91,34.0,53.0,97,19.0,11,252,150,50877
HHS Region,hhs1,2010,41,0.58519,0.64887,106,45.0,60.0,127,15.0,14,307,151,47313
HHS Region,hhs1,2010,42,0.587396,0.623754,98,54.0,78.0,151,24.0,11,338,160,54188
HHS Region,hhs1,2010,43,0.572541,0.615456,104,50.0,75.0,144,25.0,22,345,165,56056
HHS Region,hhs1,2010,44,0.603793,0.643994,103,48.0,67.0,152,19.0,16,338,163,52485
HHS Region,hhs1,2010,45,0.556758,0.597641,99,49.0,75.0,119,26.0,9,302,165,50532
HHS Region,hhs1,2010,46,0.705164,0.71949,107,59.0,90.0,176,31.0,22,395,164,54900
HHS Region,hhs1,2010,47,0.820865,0.857945,107,58.0,86.0,99,28.0,29,321,159,37415
HHS Region,hhs1,2010,48,0.689018,0.753337,125,69.0,96.0,174,27.0,17,412,166,54690
HHS Region,hhs1,2010,49,0.760426,0.794859,138,53.0,83.0,183,30.0,19,423,161,53217
HHS Region,hhs1,2010,50,0.802437,0.832277,158,62.0,98.0,165,36.0,19,440,168,52867
HHS Region,hhs1,2010,51,1.01492,1.05532,139,61.0,100.0,140,39.0,26,405,163,38377
HHS Region,hhs1,2010,52,1.13074,1.24659,157,72.0,115.0,117,43.0,22,411,166,32970
HHS Region,hhs1,2011,1,0.959888,0.98727,164,108.0,151.0,161,43.0,32,508,166,51455
HHS Region,hhs1,2011,2,1.18688,1.20164,216,99.0,140.0,174,41.0,25,555,169,46187
HHS Region,hhs1,2011,3,1.20524,1.22017,177,98.0,144.0,218,46.0,29,568,171,46551
HHS Region,hhs1,2011,4,1.40872,1.48875,244,130.0,183.0,322,53.0,31,780,161,52393
HHS Region,hhs1,2011,5,1.87486,1.91724,236,157.0,196.0,464,39.0,33,929,171,48455
HHS Region,hhs1,2011,6,1.99294,2.0703,264,173.0,239.0,664,66.0,31,1198,167,57866
HHS Region,hhs1,2011,7,2.31154,2.40399,287,197.0,265.0,751,68.0,36,1339,166,55699
HHS Region,hhs1,2011,8,2.32248,2.47926,268,262.0,378.0,575,116.0,31,1252,167,50499
HHS Region,hhs1,2011,9,1.75247,1.87412,225,199.0,302.0,457,103.0,51,1035,165,55226
HHS Region,hhs1,2011,10,1.65827,1.81286,245,171.0,234.0,450,63.0,31,960,156,52955
HHS Region,hhs1,2011,11,1.36504,1.47429,220,138.0,186.0,314,48.0,36,756,159,51279
HHS Region,hhs1,2011,12,1.02294,1.16698,183,96.0,124.0,289,28.0,20,616,155,52786
HHS Region,hhs1,2011,13,1.11948,1.20439,203,75.0,122.0,327,47.0,31,683,164,56709
HHS Region,hhs1,2011,14,0.934313,1.05528,172,77.0,104.0,286,27.0,17,579,145,54867
HHS Region,hhs1,2011,15,0.834506,0.973051,174,61.0,93.0,211,32.0,21,499,141,51282
HHS Region,hhs1,2011,16,0.779753,0.885076,146,65.0,90.0,136,25.0,18,390,150,44064
HHS Region,hhs1,2011,17,0.675821,0.773922,129,47.0,84.0,132,37.0,23,368,140,47550
HHS Region,hhs1,2011,18,0.592222,0.708277,145,41.0,62.0,106,21.0,28,341,134,48145
HHS Region,hhs1,2011,19,0.515393,0.610837,114,30.0,53.0,93,23.0,26,286,128,46821
HHS Region,hhs1,2011,20,0.498389,0.61143,126,29.0,43.0,95,14.0,10,274,122,44813
HHS Region,hhs1,2011,21,0.555332,0.719706,126,29.0,41.0,112,12.0,15,294,112,40850
HHS Region,hhs1,2011,22,0.574262,0.727326,113,27.0,37.0,83,10.0,14,247,104,33960
HHS Region,hhs1,2011,23,0.505594,0.675241,128,35.0,55.0,97,20.0,14,294,100,43540
HHS Region,hhs1,2011,24,0.493534,0.659783,107,32.0,39.0,95,7.0,5,246,98,37285
HHS Region,hhs1,2011,25,0.461867,0.598802,102,14.0,26.0,72,12.0,14,214,96,35738
HHS Region,hhs1,2011,26,0.416608,0.554222,83,22.0,31.0,66,9.0,7,187,93,33741
HHS Region,hhs1,2011,27,0.46983,0.622089,61,28.0,43.0,69,15.0,10,183,93,29417
HHS Region,hhs1,2011,28,0.428519,0.557202,85,26.0,37.0,77,11.0,4,203,96,36432
HHS Region,hhs1,2011,29,0.437277,0.571728,83,28.0,43.0,69,15.0,12,207,95,36206
HHS Region,hhs1,2011,30,0.412251,0.531569,66,15.0,28.0,88,13.0,6,188,92,35367
HHS Region,hhs1,2011,31,0.378898,0.494274,76,19.0,32.0,68,13.0,7,183,91,37024
HHS Region,hhs1,2011,32,0.391519,0.51754,72,18.0,34.0,74,16.0,14,194,92,37485
HHS Region,hhs1,2011,33,0.43582,0.517199,79,20.0,28.0,79,8.0,3,189,90,36543
HHS Region,hhs1,2011,34,0.39558,0.48393,68,24.0,39.0,62,15.0,15,184,91,38022
HHS Region,hhs1,2011,35,0.411796,0.513254,67,26.0,35.0,71,9.0,9,182,98,35460
HHS Region,hhs1,2011,36,0.412723,0.485409,54,22.0,31.0,77,9.0,10,172,96,35434
HHS Region,hhs1,2011,37,0.441039,0.488908,69,25.0,38.0,101,13.0,6,214,99,43771
HHS Region,hhs1,2011,38,0.407422,0.485613,70,29.0,44.0,91,15.0,9,214,98,44068
HHS Region,hhs1,2011,39,0.507688,0.606545,84,39.0,61.0,114,22.0,14,273,101,45009
HHS Region,hhs1,2011,40,0.43974,0.540342,83,41.0,57.0,127,16.0,13,280,150,51819
HHS Region,hhs1,2011,41,0.689897,0.79863,126,49.0,67.0,194,18.0,14,401,155,50211
HHS Region,hhs1,2011,42,0.630234,0.67749,119,43.0,59.0,192,16.0,11,381,159,56237
HHS Region,hhs1,2011,43,0.676542,0.76934,126,53.0,80.0,211,27.0,15,432,158,56152
HHS Region,hhs1,2011,44,0.681778,0.802855,124,62.0,89.0,217,27.0,20,450,157,56050
HHS Region,hhs1,2011,45,0.722186,0.808917,140,64.0,96.0,223,32.0,12,471,162,58226
HHS Region,hhs1,2011,46,0.584198,0.655029,132,50.0,66.0,187,16.0,6,391,159,59692
HHS Region,hhs1,2011,47,0.671443,0.870899,110,52.0,72.0,142,20.0,11,335,154,38466
HHS Region,hhs1,2011,48,0.624269,0.741097,118,58.0,96.0,200,38.0,17,431,157,58157
HHS Region,hhs1,2011,49,0.628389,0.711952,138,38.0,66.0,156,28.0,17,377,152,52953
HHS Region,hhs1,2011,50,0.78979,0.837102,176,49.0,69.0,177,20.0,26,448,158,53518
HHS Region,hhs1,2011,51,0.86589,0.985005,190,55.0,85.0,151,30.0,22,448,161,45482
HHS Region,hhs1,2011,52,1.00526,1.17144,169,59.0,90.0,128,31.0,21,408,151,34829
HHS Region,hhs1,2012,1,0.910657,0.957277,191,57.0,83.0,123,26.0,22,419,161,43770
HHS Region,hhs1,2012,2,0.800414,0.929634,199,67.0,103.0,135,36.0,18,455,158,48944
HHS Region,hhs1,2012,3,0.838438,0.920258,196,68.0,86.0,139,18.0,12,433,157,47052
HHS Region,hhs1,2012,4,0.819739,0.898253,234,54.0,80.0,156,26.0,16,486,155,54105
HHS Region,hhs1,2012,5,0.771312,0.855044,225,40.0,74.0,154,34.0,15,468,155,54734
HHS Region,hhs1,2012,6,0.846266,0.871704,207,47.0,70.0,180,23.0,18,475,157,54491
HHS Region,hhs1,2012,7,0.902132,0.87018,206,52.0,80.0,181,28.0,13,480,160,55161
HHS Region,hhs1,2012,8,0.949344,0.998421,191,44.0,69.0,165,25.0,24,449,150,44971
HHS Region,hhs1,2012,9,0.803368,0.827726,171,49.0,71.0,156,22.0,19,417,148,50379
HHS Region,hhs1,2012,10,0.774284,0.747323,129,61.0,87.0,151,26.0,14,381,153,50982
HHS Region,hhs1,2012,11,0.858635,0.894648,139,53.0,80.0,165,27.0,22,406,152,45381
HHS Region,hhs1,2012,12,0.831097,0.956232,164,65.0,93.0,196,28.0,20,473,149,49465
HHS Region,hhs1,2012,13,0.621933,0.698455,114,46.0,65.0,158,19.0,21,358,147,51256
HHS Region,hhs1,2012,14,0.7515,0.87558,128,59.0,84.0,202,25.0,24,438,148,50024
HHS Region,hhs1,2012,15,0.857187,0.915038,150,56.0,85.0,202,29.0,19,456,146,49834
HHS Region,hhs1,2012,16,0.778564,0.895228,109,73.0,91.0,167,18.0,14,381,139,42559
HHS Region,hhs1,2012,17,0.57168,0.673809,110,39.0,62.0,131,23.0,19,322,135,47788
HHS Region,hhs1,2012,18,0.518703,0.570834,91,32.0,49.0,109,17.0,20,269,136,47124
HHS Region,hhs1,2012,19,0.608604,0.678371,113,32.0,43.0,133,11.0,12,301,132,44371
HHS Region,hhs1,2012,20,0.499494,0.578021,96,27.0,43.0,100,16.0,7,246,120,42559
HHS Region,hhs1,2012,21,0.580681,0.611673,102,25.0,42.0,88,17.0,21,253,114,41362
HHS Region,hhs1,2012,22,0.611205,0.635732,99,20.0,30.0,70,10.0,15,214,115,33662
HHS Region,hhs1,2012,23,0.44987,0.527921,84,29.0,42.0,70,13.0,10,206,112,39021
HHS Region,hhs1,2012,24,0.556763,0.5355,87,31.0,48.0,63,17.0,7,205,104,38282
HHS Region,hhs1,2012,25,0.511904,0.561564,115,21.0,31.0,61,10.0,9,216,104,38464
HHS Region,hhs1,2012,26,0.63164,0.605979,111,19.0,29.0,67,10.0,18,225,101,37130
HHS Region,hhs1,2012,27,0.600682,0.62116,75,25.0,35.0,65,10.0,10,185,101,29783
HHS Region,hhs1,2012,28,0.545703,0.599047,96,26.0,37.0,79,11.0,8,220,100,36725
HHS Region,hhs1,2012,29,0.529763,0.568293,94,19.0,33.0,64,14.0,12,203,99,35721
HHS Region,hhs1,2012,30,0.54242,0.517236,64,17.0,27.0,79,10.0,12,182,96,35187
HHS Region,hhs1,2012,31,0.423858,0.526118,83,24.0,31.0,59,7.0,9,182,98,34593
HHS Region,hhs1,2012,32,0.52453,0.568777,79,28.0,41.0,71,13.0,10,201,100,35339
HHS Region,hhs1,2012,33,0.477967,0.533743,66,22.0,33.0,78,11.0,14,191,96,35785
HHS Region,hhs1,2012,34,0.487765,0.447396,66,20.0,29.0,56,9.0,8,159,96,35539
HHS Region,hhs1,2012,35,0.435526,0.464037,72,28.0,45.0,58,17.0,7,182,102,39221
HHS Region,hhs1,2012,36,0.50659,0.552144,79,30.0,40.0,68,10.0,9,196,103,35498
HHS Region,hhs1,2012,37,0.49204,0.548687,99,20.0,34.0,88,14.0,12,233,102,42465
HHS Region,hhs1,2012,38,0.498207,0.526196,91,20.0,31.0,94,11.0,15,231,103,43900
HHS Region,hhs1,2012,39,0.522411,0.539281,94,29.0,45.0,86,16.0,11,236,102,43762
HHS Region,hhs1,2012,40,0.542445,0.584562,100,50.0,74.0,133,24.0,15,322,159,55084
HHS Region,hhs1,2012,41,0.56065,0.609454,108,30.0,59.0,113,29.0,15,295,158,48404
HHS Region,hhs1,2012,42,0.755333,0.77839,158,60.0,89.0,162,29.0,29,438,162,56270
HHS Region,hhs1,2012,43,0.575156,0.602171,111,48.0,68.0,143,20.0,12,334,161,55466
HHS Region,hhs1,2012,44,0.638644,0.649431,109,49.0,64.0,125,15.0,16,314,160,48350
HHS Region,hhs1,2012,45,0.630983,0.611815,115,44.0,64.0,149,20.0,9,337,166,55082
HHS Region,hhs1,2012,46,0.700343,0.686229,129,63.0,74.0,150,11.0,20,373,166,54355
HHS Region,hhs1,2012,47,0.845412,0.855871,140,47.0,64.0,104,17.0,17,325,165,37973
HHS Region,hhs1,2012,48,0.89633,0.904898,168,71.0,104.0,219,33.0,25,516,169,57023
HHS Region,hhs1,2012,49,1.24499,1.29219,243,77.0,109.0,354,32.0,28,734,167,56803
HHS Region,hhs1,2012,50,1.69905,1.84907,280,154.0,225.0,525,71.0,41,1071,171,57921
HHS Region,hhs1,2012,51,2.62753,2.78491,392,236.0,348.0,664,112.0,81,1485,169,53323
HHS Region,hhs1,2012,52,3.9292,4.14427,366,267.0,418.0,480,151.0,116,1380,163,33299
HHS Region,hhs1,2013,1,3.21719,3.10056,346,293.0,468.0,406,175.0,124,1344,171,43347
HHS Region,hhs1,2013,2,3.28461,3.06671,412,322.0,490.0,657,168.0,123,1682,168,54847
HHS Region,hhs1,2013,3,3.02114,2.81097,385,243.0,364.0,704,121.0,88,1541,169,54821
HHS Region,hhs1,2013,4,2.50428,2.44899,315,204.0,304.0,587,100.0,77,1283,177,52389
HHS Region,hhs1,2013,5,2.21254,2.17857,257,163.0,227.0,654,64.0,53,1191,168,54669
HHS Region,hhs1,2013,6,1.87401,1.87207,253,123.0,168.0,461,45.0,37,919,169,49090
HHS Region,hhs1,2013,7,1.5552,1.57151,227,124.0,181.0,360,57.0,33,801,168,50970
HHS Region,hhs1,2013,8,1.50586,1.42217,217,84.0,121.0,284,37.0,35,657,169,46197
HHS Region,hhs1,2013,9,1.32621,1.28255,203,80.0,134.0,290,54.0,31,658,165,51304
HHS Region,hhs1,2013,10,1.30083,1.25402,206,61.0,105.0,266,44.0,23,600,165,47846
HHS Region,hhs1,2013,11,1.18804,1.2122,189,72.0,107.0,277,35.0,21,594,166,49002
HHS Region,hhs1,2013,12,1.19612,1.13867,168,49.0,89.0,264,40.0,29,550,163,48302
HHS Region,hhs1,2013,13,1.18515,1.23215,176,75.0,101.0,315,26.0,24,616,160,49994
HHS Region,hhs1,2013,14,1.19767,1.26317,192,65.0,111.0,329,46.0,26,658,156,52091
HHS Region,hhs1,2013,15,1.24114,1.31268,216,64.0,103.0,338,39.0,21,678,152,51650
HHS Region,hhs1,2013,16,1.05995,1.07537,159,45.0,69.0,207,24.0,23,458,150,42590
HHS Region,hhs1,2013,17,0.783118,0.81103,142,42.0,61.0,168,19.0,19,390,144,48087
HHS Region,hhs1,2013,18,0.805735,0.809229,148,55.0,80.0,139,25.0,23,390,148,48194
HHS Region,hhs1,2013,19,0.690938,0.739415,131,34.0,56.0,135,22.0,21,343,141,46388
HHS Region,hhs1,2013,20,0.623383,0.639365,120,25.0,40.0,100,15.0,14,274,130,42855
HHS Region,hhs1,2013,21,0.595752,0.615812,96,31.0,50.0,83,19.0,19,248,118,40272
HHS Region,hhs1,2013,22,0.581825,0.63608,81,31.0,50.0,72,19.0,13,216,116,33958
HHS Region,hhs1,2013,23,0.408342,0.557038,92,32.0,42.0,62,10.0,19,215,105,38597
HHS Region,hhs1,2013,24,0.47561,0.646574,106,29.0,47.0,80,18.0,15,248,105,38356
HHS Region,hhs1,2013,25,0.391668,0.546372,91,16.0,34.0,62,18.0,10,197,103,36056
HHS Region,hhs1,2013,26,0.430542,0.56812,82,32.0,51.0,61,19.0,16,210,100,36964
HHS Region,hhs1,2013,27,0.430427,0.586668,66,18.0,31.0,66,13.0,11,174,97,29659
HHS Region,hhs1,2013,28,0.384096,0.518669,72,24.0,46.0,63,22.0,15,196,102,37789
HHS Region,hhs1,2013,29,0.388478,0.525148,88,23.0,37.0,55,14.0,7,187,100,35609
HHS Region,hhs1,2013,30,0.343594,0.452304,71,16.0,26.0,64,10.0,5,166,99,36701
HHS Region,hhs1,2013,31,0.343561,0.465079,74,28.0,41.0,49,13.0,8,172,99,36983
HHS Region,hhs1,2013,32,0.392263,0.531588,70,23.0,33.0,56,10.0,14,173,98,32544
HHS Region,hhs1,2013,33,0.335119,0.45286,74,23.0,30.0,48,7.0,8,160,98,35331
HHS Region,hhs1,2013,34,0.413557,0.449537,58,29.0,41.0,52,12.0,13,164,99,36482
HHS Region,hhs1,2013,35,0.333156,0.406107,66,28.0,35.0,48,7.0,13,162,100,39891
HHS Region,hhs1,2013,36,0.304002,0.345695,16,15.0,23.0,34,8.0,4,77,91,22274
HHS Region,hhs1,2013,37,0.338289,0.402783,54,23.0,38.0,64,15.0,9,165,104,40965
HHS Region,hhs1,2013,38,0.460903,0.473186,78,17.0,31.0,74,14.0,12,195,95,41210
HHS Region,hhs1,2013,39,0.98459,0.610641,64,24.0,42.0,143,18.0,16,265,97,43397
HHS Region,hhs1,2013,40,0.621395,0.615189,117,44.0,63.0,168,19.0,20,368,176,59819
HHS Region,hhs1,2013,41,0.654441,0.644258,126,39.0,54.0,195,15.0,16,391,180,60690
HHS Region,hhs1,2013,42,0.741983,0.734524,138,38.0,55.0,206,17.0,22,421,179,57316
HHS Region,hhs1,2013,43,0.80209,0.687364,164,33.0,51.0,163,18.0,13,391,171,56884
HHS Region,hhs1,2013,44,0.905562,0.722909,142,27.0,39.0,210,12.0,12,403,167,55747
HHS Region,hhs1,2013,45,0.955454,0.775028,128,44.0,71.0,210,27.0,25,434,166,55998
HHS Region,hhs1,2013,46,0.851659,0.794038,165,70.0,100.0,162,30.0,13,440,171,55413
HHS Region,hhs1,2013,47,0.692049,0.709011,145,42.0,70.0,153,28.0,17,385,160,54301
HHS Region,hhs1,2013,48,0.91993,0.932446,163,49.0,70.0,87,21.0,15,335,165,35927
HHS Region,hhs1,2013,49,0.825554,0.822261,153,65.0,94.0,161,29.0,32,440,162,53511
HHS Region,hhs1,2013,50,1.06768,1.03107,199,68.0,98.0,194,30.0,18,509,155,49366
HHS Region,hhs1,2013,51,1.1724,1.14087,221,83.0,113.0,167,30.0,26,527,157,46193
HHS Region,hhs1,2013,52,1.58812,1.73616,211,89.0,122.0,154,33.0,26,513,164,29548
HHS Region,hhs1,2014,1,1.60948,1.74458,214,111.0,147.0,118,36.0,30,509,158,29176
HHS Region,hhs1,2014,2,1.39198,1.42247,199,165.0,231.0,228,66.0,31,689,162,48437
HHS Region,hhs1,2014,3,1.67317,1.74284,260,185.0,254.0,313,69.0,34,861,158,49402
HHS Region,hhs1,2014,4,1.87667,1.87731,244,160.0,219.0,394,59.0,32,889,160,47355
HHS Region,hhs1,2014,5,2.03318,1.8238,251,155.0,217.0,504,62.0,32,1004,163,55050
HHS Region,hhs1,2014,6,2.24365,2.09386,259,149.0,208.0,527,59.0,42,1036,162,49478
HHS Region,hhs1,2014,7,1.75096,1.68162,215,137.0,184.0,445,47.0,24,868,165,51617
HHS Region,hhs1,2014,8,1.78771,1.5355,188,140.0,196.0,300,56.0,18,702,164,45718
HHS Region,hhs1,2014,9,1.51318,1.29378,191,102.0,163.0,284,61.0,34,672,155,51941
HHS Region,hhs1,2014,10,1.53377,1.30422,164,84.0,124.0,328,40.0,32,648,148,49685
HHS Region,hhs1,2014,11,1.35777,1.24036,188,92.0,126.0,207,34.0,24,545,153,43939
HHS Region,hhs1,2014,12,1.69082,1.38938,196,100.0,145.0,295,45.0,29,665,148,47863
HHS Region,hhs1,2014,13,1.59596,1.31223,165,93.0,146.0,294,53.0,45,650,143,49534
HHS Region,hhs1,2014,14,1.82481,1.60484,180,120.0,192.0,412,72.0,41,825,151,51407
HHS Region,hhs1,2014,15,1.96088,1.84231,201,131.0,198.0,518,67.0,59,976,157,52977
HHS Region,hhs1,2014,16,1.73466,1.56414,157,112.0,169.0,416,57.0,47,789,148,50443
HHS Region,hhs1,2014,17,1.55579,1.39936,145,108.0,167.0,277,59.0,40,629,151,44949
HHS Region,hhs1,2014,18,1.25236,1.04013,125,82.0,135.0,224,53.0,30,514,142,49417
HHS Region,hhs1,2014,19,1.29032,1.0388,122,78.0,124.0,220,46.0,24,490,136,47170
HHS Region,hhs1,2014,20,1.0337,0.902297,129,51.0,91.0,134,40.0,36,390,126,43223
HHS Region,hhs1,2014,21,0.513504,0.679552,116,37.0,64.0,89,27.0,20,289,111,42528
HHS Region,hhs1,2014,22,0.480187,0.657505,100,37.0,50.0,56,13.0,16,222,102,33764
HHS Region,hhs1,2014,23,0.549795,0.727748,114,37.0,54.0,91,17.0,14,273,99,37513
HHS Region,hhs1,2014,24,0.445091,0.608294,101,27.0,45.0,78,18.0,12,236,100,38797
HHS Region,hhs1,2014,25,0.440756,0.590406,90,25.0,37.0,83,12.0,14,224,100,37940
HHS Region,hhs1,2014,26,0.469904,0.644947,108,31.0,46.0,66,15.0,13,233,98,36127
HHS Region,hhs1,2014,27,0.702276,0.73407,97,24.0,37.0,64,13.0,18,216,94,29425
HHS Region,hhs1,2014,28,0.355917,0.483666,88,17.0,28.0,46,11.0,9,171,89,35355
HHS Region,hhs1,2014,29,0.401355,0.51498,85,22.0,32.0,58,10.0,6,181,93,35147
HHS Region,hhs1,2014,30,0.391262,0.530265,79,26.0,37.0,62,11.0,10,188,95,35454
HHS Region,hhs1,2014,31,0.533088,0.484108,73,28.0,36.0,44,8.0,15,168,93,34703
HHS Region,hhs1,2014,32,0.357373,0.480391,74,18.0,25.0,59,7.0,7,165,93,34347
HHS Region,hhs1,2014,33,0.39934,0.538777,67,25.0,38.0,61,13.0,14,180,96,33409
HHS Region,hhs1,2014,34,0.37084,0.496169,60,27.0,46.0,55,19.0,8,169,96,34061
HHS Region,hhs1,2014,35,0.378678,0.471923,61,28.0,39.0,52,11.0,16,168,95,35599
HHS Region,hhs1,2014,36,0.443777,0.542794,67,27.0,34.0,70,7.0,10,181,98,33346
HHS Region,hhs1,2014,37,0.453362,0.524449,81,22.0,36.0,77,14.0,10,204,97,38898
HHS Region,hhs1,2014,38,0.532114,0.603344,77,31.0,48.0,102,17.0,18,245,99,40607
HHS Region,hhs1,2014,39,0.594496,0.635506,95,29.0,44.0,92,15.0,17,248,99,39024
HHS Region,hhs1,2014,40,0.83061,0.681009,101,44.0,57.0,185,13.0,9,352,146,51688
HHS Region,hhs1,2014,41,0.911129,0.754363,109,37.0,61.0,199,24.0,17,386,150,51169
HHS Region,hhs1,2014,42,0.924083,0.779527,82,53.0,74.0,192,21.0,9,357,148,45797
HHS Region,hhs1,2014,43,0.785985,0.627508,84,47.0,67.0,165,20.0,14,330,153,52589
HHS Region,hhs1,2014,44,1.03529,0.809285,115,55.0,85.0,218,30.0,15,433,157,53504
HHS Region,hhs1,2014,45,1.17701,0.935551,145,54.0,78.0,262,24.0,19,504,161,53872
HHS Region,hhs1,2014,46,1.12824,0.880312,129,53.0,84.0,226,31.0,24,463,154,52595
HHS Region,hhs1,2014,47,1.00111,0.811084,148,64.0,91.0,174,27.0,12,425,154,52399
HHS Region,hhs1,2014,48,1.14027,1.00608,134,50.0,73.0,132,23.0,20,359,155,35683
HHS Region,hhs1,2014,49,1.10299,0.983363,152,79.0,113.0,249,34.0,28,542,161,55117
HHS Region,hhs1,2014,50,1.23213,1.15966,179,67.0,101.0,273,34.0,41,594,153,51222
HHS Region,hhs1,2014,51,1.31102,1.24935,211,79.0,114.0,259,35.0,41,625,153,50026
HHS Region,hhs1,2014,52,1.96586,1.98979,226,100.0,159.0,207,59.0,59,651,150,32717
HHS Region,hhs1,2014,53,1.89326,1.95961,243,115.0,189.0,179,74.0,77,688,149,35109
HHS Region,hhs1,2015,1,1.94392,1.9055,241,158.0,253.0,341,95.0,80,915,151,48019
HHS Region,hhs1,2015,2,2.61241,2.55973,308,215.0,325.0,584,110.0,89,1306,159,51021
HHS Region,hhs1,2015,3,3.93773,3.77874,460,247.0,385.0,953,138.0,125,1923,161,50890
HHS Region,hhs1,2015,4,3.59462,3.46639,322,189.0,290.0,887,101.0,58,1557,160,44917
HHS Region,hhs1,2015,5,3.55818,3.20075,284,191.0,306.0,809,115.0,64,1463,158,45708
HHS Region,hhs1,2015,6,3.26275,2.78569,267,149.0,247.0,694,98.0,63,1271,159,45626
HHS Region,hhs1,2015,7,2.93637,2.31584,210,117.0,203.0,492,86.0,68,973,154,42015
HHS Region,hhs1,2015,8,1.94445,1.66832,159,153.0,253.0,414,100.0,64,890,161,53347
HHS Region,hhs1,2015,9,1.76866,1.60692,201,107.0,167.0,383,60.0,46,797,147,49598
HHS Region,hhs1,2015,10,1.72719,1.54279,160,115.0,187.0,372,72.0,48,767,156,49715
HHS Region,hhs1,2015,11,1.51214,1.39572,204,116.0,195.0,249,79.0,47,695,154,49795
HHS Region,hhs1,2015,12,1.5203,1.38923,210,95.0,153.0,337,58.0,28,728,151,52403
HHS Region,hhs1,2015,13,1.58312,1.44504,198,109.0,173.0,342,64.0,43,756,151,52317
HHS Region,hhs1,2015,14,1.38746,1.30296,178,99.0,161.0,321,62.0,31,691,144,53033
HHS Region,hhs1,2015,15,1.29744,1.21218,183,100.0,167.0,244,67.0,27,621,141,51230
HHS Region,hhs1,2015,16,1.25879,1.17972,146,72.0,127.0,245,55.0,33,551,146,46706
HHS Region,hhs1,2015,17,1.01564,0.880201,120,60.0,91.0,197,31.0,31,439,137,49875
HHS Region,hhs1,2015,18,1.00593,0.859004,118,65.0,105.0,142,40.0,24,389,132,45285
HHS Region,hhs1,2015,19,0.780414,0.640394,88,51.0,84.0,95,33.0,19,286,130,44660
HHS Region,hhs1,2015,20,0.795374,0.664023,93,38.0,52.0,119,14.0,19,283,116,42619
HHS Region,hhs1,2015,21,0.823276,0.709098,88,35.0,55.0,87,20.0,18,248,113,34974
HHS Region,hhs1,2015,22,0.669392,0.606206,84,26.0,41.0,86,15.0,16,227,109,37446
HHS Region,hhs1,2015,23,0.68428,0.675463,92,31.0,50.0,92,19.0,23,257,108,38048
HHS Region,hhs1,2015,24,0.543381,0.530101,64,29.0,39.0,83,10.0,13,199,106,37540
HHS Region,hhs1,2015,25,0.545817,0.554638,73,23.0,27.0,73,4.0,15,188,102,33896
HHS Region,hhs1,2015,26,0.628069,0.597108,61,14.0,25.0,71,11.0,16,173,101,28973
HHS Region,hhs1,2015,27,0.502202,0.504671,56,22.0,35.0,59,13.0,18,168,105,33289
HHS Region,hhs1,2015,28,0.438622,0.462029,61,28.0,36.0,53,8.0,8,158,102,34197
HHS Region,hhs1,2015,29,0.418749,0.436199,56,18.0,27.0,53,9.0,14,150,102,34388
HHS Region,hhs1,2015,30,0.356937,0.40191,50,13.0,23.0,56,10.0,4,133,96,33092
HHS Region,hhs1,2015,31,0.36071,0.431073,44,18.0,26.0,59,8.0,15,144,100,33405
HHS Region,hhs1,2015,32,0.384903,0.440459,44,17.0,22.0,64,5.0,10,140,99,31785
HHS Region,hhs1,2015,33,0.361836,0.430765,48,18.0,25.0,52,7.0,13,138,92,32036
HHS Region,hhs1,2015,34,0.394007,0.460286,53,22.0,34.0,55,12.0,14,156,87,33892
HHS Region,hhs1,2015,35,0.364309,0.42729,52,19.0,32.0,54,13.0,12,150,93,35105
HHS Region,hhs1,2015,36,0.441444,0.488038,45,26.0,38.0,60,12.0,10,153,94,31350
HHS Region,hhs1,2015,37,0.456994,0.494543,53,22.0,38.0,75,16.0,13,179,91,36195
HHS Region,hhs1,2015,38,0.395333,0.418859,59,22.0,32.0,57,10.0,8,156,88,37244
HHS Region,hhs1,2015,39,0.395111,0.36375,37,19.0,38.0,60,19.0,5,140,96,38488
HHS Region,hhs1,2015,40,0.743302,0.684364,103,50.0,73.0,133,23.0,13,322,134,47051
HHS Region,hhs1,2015,41,0.613241,0.575962,67,39.0,55.0,123,16.0,12,257,134,44621
HHS Region,hhs1,2015,42,0.721747,0.667951,83,48.0,77.0,153,29.0,13,326,136,48806
HHS Region,hhs1,2015,43,0.767136,0.615777,69,26.0,52.0,148,26.0,21,290,133,47095
HHS Region,hhs1,2015,44,0.923337,0.781094,88,66.0,88.0,200,22.0,15,391,138,50058
HHS Region,hhs1,2015,45,0.767975,0.731683,99,65.0,82.0,164,17.0,23,368,140,50295
HHS Region,hhs1,2015,46,0.736201,0.667117,89,55.0,69.0,174,14.0,14,346,139,51865
HHS Region,hhs1,2015,47,0.954736,0.789195,77,39.0,52.0,107,13.0,17,253,134,32058
HHS Region,hhs1,2015,48,0.807851,0.772896,117,54.0,87.0,183,33.0,12,399,148,51624
HHS Region,hhs1,2015,49,0.975831,0.837658,115,63.0,85.0,210,22.0,21,431,150,51453
HHS Region,hhs1,2015,50,1.03668,0.838048,119,61.0,85.0,173,24.0,20,397,142,47372
HHS Region,hhs1,2015,51,1.38302,1.10902,117,42.0,62.0,120,20.0,19,318,134,28674
HHS Region,hhs1,2015,52,1.59869,1.27352,122,55.0,82.0,128,27.0,20,352,133,27640
HHS Region,hhs1,2016,1,1.32779,1.04943,141,95.0,135.0,154,40.0,25,455,138,43357
HHS Region,hhs1,2016,2,1.40757,1.12967,155,86.0,115.0,196,29.0,25,491,137,43464
HHS Region,hhs1,2016,3,1.51447,1.23407,184,75.0,105.0,193,30.0,34,516,139,41813
HHS Region,hhs1,2016,4,1.70905,1.402,210,90.0,134.0,323,44.0,22,689,142,49144
HHS Region,hhs1,2016,5,1.80717,1.54752,245,95.0,149.0,321,54.0,21,736,143,47560
HHS Region,hhs1,2016,6,1.98555,1.58075,208,92.0,138.0,351,46.0,23,720,138,45548
HHS Region,hhs1,2016,7,1.98808,1.70072,195,104.0,149.0,347,45.0,19,710,137,41747
HHS Region,hhs1,2016,8,1.97011,1.64402,205,110.0,170.0,388,60.0,21,784,133,47688
HHS Region,hhs1,2016,9,2.00001,1.74191,217,114.0,166.0,433,52.0,29,845,135,48510
HHS Region,hhs1,2016,10,2.54487,2.34589,251,187.0,283.0,594,96.0,30,1158,138,49363
HHS Region,hhs1,2016,11,2.20908,2.12699,196,184.0,269.0,444,85.0,38,947,134,44523
HHS Region,hhs1,2016,12,2.01418,1.86123,225,149.0,209.0,382,60.0,26,842,138,45239
HHS Region,hhs1,2016,13,2.03999,1.88601,188,155.0,244.0,442,89.0,39,913,134,48409
HHS Region,hhs1,2016,14,1.71028,1.54451,180,110.0,151.0,373,41.0,23,727,131,47070
HHS Region,hhs1,2016,15,1.57636,1.39268,143,103.0,151.0,349,48.0,25,668,132,47965
HHS Region,hhs1,2016,16,1.62583,1.423,154,75.0,123.0,290,48.0,28,595,130,41813
HHS Region,hhs1,2016,17,1.13344,1.0867,120,55.0,94.0,255,39.0,28,497,129,45735
HHS Region,hhs1,2016,18,1.05605,0.894058,82,53.0,89.0,181,36.0,27,379,122,42391
HHS Region,hhs1,2016,19,0.89892,0.764116,95,42.0,69.0,132,27.0,12,308,120,40308
HHS Region,hhs1,2016,20,0.895756,0.694743,102,31.0,55.0,108,24.0,10,275,115,39583
HHS Region,hhs1,2016,21,0.845762,0.668108,88,32.0,47.0,94,15.0,12,241,104,36072
HHS Region,hhs1,2016,22,0.744632,0.573835,68,25.0,33.0,61,8.0,7,169,104,29451
HHS Region,hhs1,2016,23,0.743073,0.672229,92,27.0,45.0,71,18.0,16,224,100,33322
HHS Region,hhs1,2016,24,0.512698,0.496255,67,15.0,27.0,54,12.0,11,159,100,32040
HHS Region,hhs1,2016,25,0.398488,0.411629,48,15.0,32.0,39,17.0,8,127,98,30853
HHS Region,hhs1,2016,26,0.392526,0.419073,57,14.0,27.0,29,13.0,14,127,100,30305
HHS Region,hhs1,2016,27,0.3677,0.36847,34,7.0,15.0,28,8.0,7,84,97,22797
HHS Region,hhs1,2016,28,0.377947,0.384873,45,11.0,19.0,40,8.0,5,109,99,28321
HHS Region,hhs1,2016,29,0.396991,0.410541,47,11.0,20.0,37,9.0,13,117,100,28499
HHS Region,hhs1,2016,30,0.354401,0.381907,40,11.0,15.0,45,4.0,9,109,94,28541
HHS Region,hhs1,2016,31,0.379867,0.387125,47,10.0,19.0,33,9.0,6,105,89,27123
HHS Region,hhs1,2016,32,0.333124,0.342803,35,14.0,20.0,34,6.0,5,94,91,27421
HHS Region,hhs1,2016,33,0.389443,0.420506,49,19.0,27.0,53,8.0,12,141,95,33531
HHS Region,hhs1,2016,34,0.401698,0.399439,51,18.0,29.0,41,11.0,10,131,96,32796
HHS Region,hhs1,2016,35,0.386442,0.36732,42,17.0,29.0,54,12.0,7,132,99,35936
HHS Region,hhs1,2016,36,0.564664,0.622571,47,18.0,29.0,113,11.0,8,197,96,31643
HHS Region,hhs1,2016,37,0.579147,0.658748,79,19.0,39.0,136,20.0,10,264,95,40076
HHS Region,hhs1,2016,38,0.602019,0.658086,80,22.0,39.0,140,17.0,13,272,96,41332
HHS Region,hhs1,2016,39,0.572983,0.508522,74,22.0,30.0,97,8.0,18,219,102,43066
HHS Region,hhs1,2016,40,0.747602,0.66157,68,52.0,76.0,174,24.0,16,334,136,50486
HHS Region,hhs1,2016,41,0.661232,0.590106,71,33.0,51.0,142,18.0,18,282,136,47788
HHS Region,hhs1,2016,42,0.728388,0.682319,98,42.0,62.0,169,20.0,18,347,132,50856
HHS Region,hhs1,2016,43,0.729991,0.644873,90,38.0,61.0,169,23.0,12,332,135,51483
HHS Region,hhs1,2016,44,0.930192,0.779195,119,50.0,71.0,192,21.0,15,397,134,50950
HHS Region,hhs1,2016,45,0.875043,0.701828,112,37.0,55.0,192,18.0,10,369,138,52577
HHS Region,hhs1,2016,46,0.905197,0.753912,140,44.0,61.0,191,17.0,18,410,138,54383
HHS Region,hhs1,2016,47,0.975827,0.788407,115,29.0,49.0,104,20.0,16,284,144,36022
HHS Region,hhs1,2016,48,0.872621,0.709757,125,48.0,71.0,167,23.0,21,384,138,54103
HHS Region,hhs1,2016,49,0.940337,0.796494,163,52.0,77.0,164,25.0,14,418,136,52480
HHS Region,hhs1,2016,50,1.04872,0.918111,168,48.0,63.0,213,15.0,27,471,142,51301
HHS Region,hhs1,2016,51,1.16982,1.03371,184,50.0,90.0,168,40.0,21,463,137,44790
HHS Region,hhs1,2016,52,1.41861,1.33674,198,42.0,85.0,114,43.0,32,429,137,32093
HHS Region,hhs1,2017,1,1.57644,1.26449,175,63.0,135.0,165,72.0,52,527,138,41677
HHS Region,hhs1,2017,2,1.52411,1.23433,201,74.0,117.0,222,43.0,37,577,137,46746
HHS Region,hhs1,2017,3,1.73987,1.43032,195,77.0,139.0,280,62.0,40,654,141,45724
HHS Region,hhs1,2017,4,2.06524,1.73869,228,115.0,169.0,456,54.0,43,896,134,51533
HHS Region,hhs1,2017,5,2.51375,2.15226,255,124.0,191.0,671,67.0,41,1158,135,53804
HHS Region,hhs1,2017,6,3.19221,2.79365,215,137.0,208.0,824,71.0,58,1305,136,46713
HHS Region,hhs1,2017,7,3.02522,2.63222,200,185.0,263.0,784,78.0,53,1300,135,49388
HHS Region,hhs1,2017,8,3.04746,2.67155,253,187.0,282.0,618,95.0,73,1226,134,45891
HHS Region,hhs1,2017,9,2.24694,1.89924,210,134.0,215.0,526,81.0,48,999,135,52600
HHS Region,hhs1,2017,10,2.12586,1.88573,209,140.0,201.0,443,61.0,49,902,137,47833
HHS Region,hhs1,2017,11,2.12868,1.80802,201,78.0,120.0,334,42.0,37,692,129,38274
HHS Region,hhs1,2017,12,1.93583,1.90753,211,131.0,198.0,521,67.0,42,972,134,50956
HHS Region,hhs1,2017,13,2.00149,1.97461,231,126.0,186.0,582,60.0,34,1033,133,52314
HHS Region,hhs1,2017,14,2.21679,2.11428,229,137.0,208.0,646,71.0,53,1136,130,53730
HHS Region,hhs1,2017,15,1.79559,1.74675,193,98.0,165.0,479,67.0,50,887,130,50780
HHS Region,hhs1,2017,16,1.53009,1.34377,126,80.0,122.0,278,42.0,39,565,128,42046
HHS Region,hhs1,2017,17,1.11883,0.942013,107,75.0,107.0,201,32.0,22,437,123,46390
HHS Region,hhs1,2017,18,0.927764,0.773716,101,56.0,75.0,150,19.0,27,353,120,45624
HHS Region,hhs1,2017,19,0.735565,0.712394,107,33.0,57.0,127,24.0,21,312,119,43796
HHS Region,hhs1,2017,20,0.663237,0.681419,104,37.0,53.0,106,16.0,20,283,118,41531
HHS Region,hhs1,2017,21,0.575517,0.577944,102,27.0,40.0,67,13.0,12,221,101,38239
HHS Region,hhs1,2017,22,0.68094,0.718693,88,23.0,45.0,76,22.0,10,219,92,30472
HHS Region,hhs1,2017,23,0.581094,0.608884,101,28.0,40.0,66,12.0,10,217,93,35639
HHS Region,hhs1,2017,24,0.506065,0.60428,94,24.0,37.0,75,13.0,10,216,92,35745
HHS Region,hhs1,2017,25,0.461712,0.538668,79,19.0,31.0,66,12.0,9,185,90,34344
HHS Region,hhs1,2017,26,0.433945,0.430433,20,8.0,16.0,22,8.0,13,71,77,16495
HHS Region,hhs1,2017,27,0.452091,0.504494,47,16.0,24.0,40,8.0,8,119,89,23588
HHS Region,hhs1,2017,28,0.361844,0.459954,49,23.0,32.0,48,9.0,9,138,88,30003
HHS Region,hhs1,2017,29,0.292145,0.378472,42,21.0,24.0,36,3.0,7,109,87,28800
HHS Region,hhs1,2017,30,0.31378,0.392555,48,9.0,14.0,41,5.0,9,112,86,28531
HHS Region,hhs1,2017,31,0.303222,0.396592,46,12.0,18.0,34,6.0,10,108,85,27232
HHS Region,hhs1,2017,32,0.286054,0.383509,43,12.0,21.0,39,9.0,5,108,84,28161
HHS Region,hhs1,2017,33,0.341359,0.441373,40,20.0,24.0,49,4.0,9,122,83,27641
HHS Region,hhs1,2017,34,0.325429,0.425022,44,13.0,18.0,44,5.0,11,117,82,27528
HHS Region,hhs1,2017,35,0.339203,0.377212,39,6.0,10.0,51,4.0,7,107,83,28366
HHS Region,hhs1,2017,36,0.289899,0.35267,29,12.0,20.0,41,8.0,8,98,84,27788
HHS Region,hhs1,2017,37,0.469752,0.488537,52,18.0,22.0,84,4.0,8,166,85,33979
HHS Region,hhs1,2017,38,0.441854,0.508396,59,19.0,30.0,74,11.0,12,175,85,34422
HHS Region,hhs1,2017,39,0.467866,0.502701,45,22.0,37.0,69,15.0,10,161,82,32027
HHS Region,hhs1,2017,40,0.714489,0.659029,78,38.0,57.0,153,19.0,14,302,131,45825
HHS Region,hhs1,2017,41,0.797907,0.77879,114,72.0,101.0,172,29.0,26,413,137,53031
HHS Region,hhs1,2017,42,0.796885,0.750669,106,69.0,94.0,186,25.0,29,415,137,55284
HHS Region,hhs1,2017,43,0.972133,0.910621,138,79.0,116.0,231,37.0,29,514,137,56445
HHS Region,hhs1,2017,44,0.948321,0.899972,135,72.0,102.0,226,30.0,26,489,142,54335
HHS Region,hhs1,2017,45,1.08227,1.05296,174,109.0,147.0,261,38.0,33,615,137,58407
HHS Region,hhs1,2017,46,1.19375,1.14176,155,115.0,173.0,290,58.0,48,666,138,58331
HHS Region,hhs1,2017,47,1.59658,1.48889,201,96.0,148.0,221,52.0,33,603,140,40500
HHS Region,hhs1,2017,48,1.53606,1.32989,206,125.0,195.0,301,70.0,56,758,139,56997
HHS Region,hhs1,2017,49,1.6577,1.51599,265,96.0,143.0,421,47.0,48,877,139,57850
HHS Region,hhs1,2017,50,1.82267,1.65346,289,122.0,198.0,386,76.0,39,912,138,55157
HHS Region,hhs1,2017,51,2.24475,1.93757,312,139.0,218.0,373,79.0,56,959,138,49495
HHS Region,hhs1,2017,52,2.82739,2.76879,290,191.0,290.0,330,99.0,100,1010,139,36478
HHS Region,hhs10,2002,1,2.79078118552225,2.75908479138627,5,,19.0,17,,0,41,23,1486
HHS Region,hhs10,2002,2,1.31921714138225,1.41176470588235,5,,10.0,15,,0,30,23,2125
HHS Region,hhs10,2002,3,2.45562804265644,2.58751902587519,6,,15.0,25,,5,51,23,1971
HHS Region,hhs10,2002,4,2.25353819411245,2.38791423001949,7,,16.0,26,,0,49,24,2052
HHS Region,hhs10,2002,5,1.6376761563019,1.64251207729469,6,,13.0,13,,2,34,22,2070
HHS Region,hhs10,2002,6,3.81421297447545,3.66649924660974,10,,24.0,38,,1,73,21,1991
HHS Region,hhs10,2002,7,5.73342557365023,5.57170542635659,21,,25.0,59,,10,115,21,2064
HHS Region,hhs10,2002,8,3.20260066488041,2.89405684754522,14,,15.0,25,,2,56,20,1935
HHS Region,hhs10,2002,9,2.09680967657474,1.92759755524212,8,,18.0,15,,0,41,21,2127
HHS Region,hhs10,2002,10,2.75263096974192,2.79017857142857,5,,18.0,25,,2,50,19,1792
HHS Region,hhs10,2002,11,3.0405427544033,2.7511961722488,8,,9.0,29,,0,46,18,1672
HHS Region,hhs10,2002,12,3.46314356773779,2.91744258224705,7,,7.0,33,,0,47,17,1611
HHS Region,hhs10,2002,13,6.52793326430828,5.08241758241758,13,,1.0,58,,2,74,15,1456
HHS Region,hhs10,2002,14,2.72620108133345,2.17260108630054,5,,6.0,23,,2,36,16,1657
HHS Region,hhs10,2002,15,1.14627305069964,0.99009900990099,2,,1.0,10,,0,13,14,1313
HHS Region,hhs10,2002,16,1.01078215373061,0.850340136054422,0,,0.0,10,,0,10,11,1176
HHS Region,hhs10,2002,17,0.615515202563578,0.495540138751239,1,,1.0,3,,0,5,10,1009
HHS Region,hhs10,2002,18,0.0,0.0,0,,0.0,0,,0,0,11,1202
HHS Region,hhs10,2002,19,0.367877690834511,0.284090909090909,0,,0.0,3,,0,3,10,1056
HHS Region,hhs10,2002,20,0.22437930079268,0.203458799593082,0,,0.0,2,,0,2,10,983
HHS Region,hhs10,2002,40,0.158719928975203,0.158982511923688,0,,2.0,0,,0,2,16,1258
HHS Region,hhs10,2002,41,0.82858000521149,0.683526999316473,2,,1.0,7,,0,10,16,1463
HHS Region,hhs10,2002,42,0.846672845468774,0.7847533632287,2,,6.0,6,,0,14,18,1784
HHS Region,hhs10,2002,43,0.75796055707397,0.707130229817325,1,,3.0,8,,0,12,19,1697
HHS Region,hhs10,2002,44,1.21028499162958,1.21145374449339,3,,9.0,10,,0,22,21,1816
HHS Region,hhs10,2002,45,1.06767967948811,1.05162523900574,2,,14.0,6,,0,22,21,2092
HHS Region,hhs10,2002,46,1.27802937731957,1.2927054478301,2,,14.0,10,,2,28,22,2166
HHS Region,hhs10,2002,47,0.445712614624325,0.428036383092563,0,,6.0,2,,0,8,20,1869
HHS Region,hhs10,2002,48,0.92531072945352,0.938673341677096,2,,7.0,5,,1,15,21,1598
HHS Region,hhs10,2002,49,0.918394400889264,0.852676456655613,2,,9.0,5,,2,18,22,2111
HHS Region,hhs10,2002,50,1.15853430435513,1.18495620814013,3,,9.0,5,,6,23,21,1941
HHS Region,hhs10,2002,51,0.986062040871746,0.961538461538462,6,,3.0,7,,0,16,21,1664
HHS Region,hhs10,2002,52,1.0686456324369,1.11482720178372,1,,3.0,6,,0,10,19,897
HHS Region,hhs10,2003,1,1.65297475098043,1.30597014925373,3,,9.0,4,,5,21,22,1608
HHS Region,hhs10,2003,2,1.30182654316712,1.33511348464619,2,,16.0,9,,3,30,23,2247
HHS Region,hhs10,2003,3,2.02289037294796,1.71581769436997,3,,15.0,8,,6,32,22,1865
HHS Region,hhs10,2003,4,1.65481544487697,1.41628730399595,3,,7.0,10,,8,28,21,1977
HHS Region,hhs10,2003,5,0.842820074076993,0.741918388977213,7,,1.0,5,,1,14,19,1887
HHS Region,hhs10,2003,6,2.3807904662415,2.10237659963437,9,,16.0,12,,9,46,21,2188
HHS Region,hhs10,2003,7,2.1260550022004,2.18718209562564,10,,15.0,18,,0,43,20,1966
HHS Region,hhs10,2003,8,4.05517506368705,2.68179473955647,18,,8.0,25,,1,52,19,1939
HHS Region,hhs10,2003,9,2.44511943699342,1.76384125428711,11,,12.0,12,,1,36,18,2041
HHS Region,hhs10,2003,10,2.26898145609642,1.94174757281553,8,,10.0,23,,1,42,19,2163
HHS Region,hhs10,2003,11,2.33806811052791,1.99667221297837,7,,14.0,13,,2,36,16,1803
HHS Region,hhs10,2003,12,3.43132971868815,2.50417362270451,13,,5.0,12,,0,30,12,1198
HHS Region,hhs10,2003,13,1.51787727360943,2.05086136177194,10,,4.0,10,,1,25,13,1219
HHS Region,hhs10,2003,14,0.538759230775146,0.419874037788663,0,,1.0,5,,0,6,13,1429
HHS Region,hhs10,2003,15,0.51454446596261,0.522778192681105,1,,2.0,4,,0,7,12,1339
HHS Region,hhs10,2003,16,1.83765126664479,1.16279069767442,7,,2.0,2,,2,13,12,1118
HHS Region,hhs10,2003,17,0.941405710277091,0.813008130081301,4,,2.0,3,,1,10,11,1230
HHS Region,hhs10,2003,18,0.508933808214113,0.274725274725275,1,,1.0,1,,0,3,10,1092
HHS Region,hhs10,2003,19,0.326370439221694,0.185013876040703,2,,0.0,0,,0,2,10,1081
HHS Region,hhs10,2003,20,0.276258046383534,0.283018867924528,2,,1.0,0,,0,3,9,1060
HHS Region,hhs10,2003,21,0.582948792334185,0.92670598146588,0,,5.0,6,,0,11,10,1187
HHS Region,hhs10,2003,22,0.642858054990759,0.28735632183908,1,,0.0,2,,0,3,9,1044
HHS Region,hhs10,2003,23,0.433504881513978,0.369913686806412,0,,0.0,3,,0,3,6,811
HHS Region,hhs10,2003,24,0.221931898670752,0.1194743130227,1,,0.0,0,,0,1,7,837
HHS Region,hhs10,2003,25,0.0,0.0,0,,0.0,0,,0,0,5,367
HHS Region,hhs10,2003,26,0.13870743666922,0.1953125,1,,0.0,0,,0,1,5,512
HHS Region,hhs10,2003,27,0.0,0.0,0,,0.0,0,,0,0,4,454
HHS Region,hhs10,2003,28,0.120211169863801,0.221729490022173,0,,1.0,0,,0,1,5,451
HHS Region,hhs10,2003,29,0.142264037609456,0.210970464135021,1,,0.0,0,,0,1,4,474
HHS Region,hhs10,2003,30,1.20410771310188,1.51515151515152,0,,0.0,2,,0,2,2,132
HHS Region,hhs10,2003,31,0.180450147422008,0.558659217877095,1,,0.0,0,,0,1,2,179
HHS Region,hhs10,2003,32,0.0,0.0,0,,0.0,0,,0,0,4,397
HHS Region,hhs10,2003,33,0.0,0.0,0,,0.0,0,,0,0,3,302
HHS Region,hhs10,2003,34,0.0,0.0,0,,0.0,0,,0,0,4,274
HHS Region,hhs10,2003,35,0.0,0.0,0,,0.0,0,,0,0,4,406
HHS Region,hhs10,2003,36,0.0,0.0,0,,0.0,0,,0,0,5,358
HHS Region,hhs10,2003,37,0.257200961747011,0.37593984962406,1,,0.0,0,,0,1,4,266
HHS Region,hhs10,2003,38,0.797322981415736,1.51515151515152,3,,0.0,0,,0,3,4,198
HHS Region,hhs10,2003,39,0.989364601382732,1.43540669856459,2,,0.0,1,,0,3,3,209
HHS Region,hhs10,2003,40,0.757248217632814,0.756143667296786,12,,7.0,5,,0,24,27,3174
HHS Region,hhs10,2003,41,0.529791560840916,0.662251655629139,10,,6.0,8,,0,24,33,3624
HHS Region,hhs10,2003,42,0.867141307187523,0.987654320987654,12,,8.0,16,,0,36,32,3645
HHS Region,hhs10,2003,43,1.37377065630799,1.24293785310734,13,,21.0,9,,1,44,31,3540
HHS Region,hhs10,2003,44,2.31318725099095,2.06033848417954,33,,18.0,32,,1,84,37,4077
HHS Region,hhs10,2003,45,2.00588174374237,2.08333333333333,26,,25.0,36,,2,89,37,4272
HHS Region,hhs10,2003,46,3.28096947786041,3.38874680306905,44,,40.0,68,,7,159,38,4692
HHS Region,hhs10,2003,47,6.16092891865714,6.74672489082969,85,,65.0,151,,8,309,36,4580
HHS Region,hhs10,2003,48,8.82763237255795,8.90850722311396,73,,103.0,135,,22,333,35,3738
HHS Region,hhs10,2003,49,7.3916677886758,8.21917808219178,102,,136.0,129,,17,384,36,4672
HHS Region,hhs10,2003,50,7.355091505081,7.93111262179923,85,,103.0,137,,25,350,35,4413
HHS Region,hhs10,2003,51,5.88685203674886,6.91463996185026,64,,102.0,104,,20,290,32,4194
HHS Region,hhs10,2003,52,3.95479626980324,4.0633608815427,36,,43.0,33,,6,118,33,2904
HHS Region,hhs10,2003,53,2.76839355766325,2.96634341129492,36,,33.0,32,,3,104,31,3506
HHS Region,hhs10,2004,1,2.12229820819975,2.15404699738903,20,,25.0,18,,3,66,30,3064
HHS Region,hhs10,2004,2,0.985686860879577,1.08725954836911,12,,15.0,11,,1,39,31,3587
HHS Region,hhs10,2004,3,1.51537560046947,1.487747957993,25,,10.0,12,,4,51,30,3428
HHS Region,hhs10,2004,4,2.35558520893877,1.92468619246862,20,,15.0,25,,9,69,31,3585
HHS Region,hhs10,2004,5,1.37120261981721,1.22528543581175,19,,8.0,16,,1,44,29,3591
HHS Region,hhs10,2004,6,1.25850866299646,1.42259414225941,21,,14.0,14,,2,51,28,3585
HHS Region,hhs10,2004,7,0.988543115602032,0.968992248062015,13,,11.0,7,,4,35,29,3612
HHS Region,hhs10,2004,8,0.702316219181023,0.671321160042965,9,,6.0,9,,1,25,26,3724
HHS Region,hhs10,2004,9,0.900383952781261,0.84668884185062,13,,3.0,9,,3,28,26,3307
HHS Region,hhs10,2004,10,0.89365104136471,0.924155513065647,9,,8.0,11,,1,29,24,3138
HHS Region,hhs10,2004,11,0.547257440987552,0.563296768455381,9,,6.0,4,,0,19,25,3373
HHS Region,hhs10,2004,12,0.350377057038537,0.529100529100529,7,,3.0,3,,0,13,23,2457
HHS Region,hhs10,2004,13,0.398855611302837,0.537856847331403,5,,6.0,0,,2,13,23,2417
HHS Region,hhs10,2004,14,0.234890894119053,0.4739336492891,7,,1.0,2,,0,10,21,2110
HHS Region,hhs10,2004,15,0.585967140874495,0.7593735168486,10,,3.0,3,,0,16,20,2107
HHS Region,hhs10,2004,16,0.272521284973425,0.374531835205993,4,,3.0,1,,0,8,21,2136
HHS Region,hhs10,2004,17,0.470392597807412,0.544464609800363,7,,2.0,3,,0,12,21,2204
HHS Region,hhs10,2004,18,0.505705031206541,0.612423447069116,4,,3.0,7,,0,14,21,2286
HHS Region,hhs10,2004,19,0.491738736827775,0.596125186289121,7,,1.0,4,,0,12,19,2013
HHS Region,hhs10,2004,20,0.220064175291822,0.38860103626943,3,,2.0,3,,1,9,20,2316
HHS Region,hhs10,2004,21,0.246312716136016,0.349243306169965,1,,2.0,3,,0,6,12,1718
HHS Region,hhs10,2004,22,1.30826902522243,1.49863760217984,5,,0.0,5,,1,11,9,734
HHS Region,hhs10,2004,23,0.807233123249001,0.648508430609598,4,,1.0,0,,0,5,7,771
HHS Region,hhs10,2004,24,0.14446233229398,0.346620450606586,0,,1.0,0,,1,2,6,577
HHS Region,hhs10,2004,25,0.109459208115329,0.133868808567604,1,,0.0,0,,0,1,7,747
HHS Region,hhs10,2004,26,0.0602360988446016,0.126742712294043,0,,0.0,1,,0,1,8,789
HHS Region,hhs10,2004,27,0.0,0.0,0,,0.0,0,,0,0,6,582
HHS Region,hhs10,2004,28,0.191815651349268,0.45662100456621,1,,0.0,1,,0,2,5,438
HHS Region,hhs10,2004,29,0.0868535020915114,0.187265917602996,0,,0.0,1,,0,1,6,534
HHS Region,hhs10,2004,30,0.0,0.0,0,,0.0,0,,0,0,6,544
HHS Region,hhs10,2004,31,0.291711357265757,0.515463917525773,2,,1.0,0,,0,3,6,582
HHS Region,hhs10,2004,32,0.175615872360858,0.317965023847377,1,,0.0,1,,0,2,6,629
HHS Region,hhs10,2004,33,0.538238689675957,0.237529691211401,0,,0.0,1,,0,1,6,421
HHS Region,hhs10,2004,34,0.263499073533147,0.359066427289048,0,,1.0,1,,0,2,6,557
HHS Region,hhs10,2004,35,0.137895862644253,0.184162062615101,0,,1.0,0,,0,1,6,543
HHS Region,hhs10,2004,36,0.142610251110724,0.190114068441065,0,,0.0,1,,0,1,6,526
HHS Region,hhs10,2004,37,0.0,0.0,0,,0.0,0,,0,0,6,522
HHS Region,hhs10,2004,38,0.319620887696762,0.189393939393939,1,,0.0,0,,0,1,5,528
HHS Region,hhs10,2004,39,0.252389014933247,0.223214285714286,1,,0.0,0,,0,1,5,448
HHS Region,hhs10,2004,40,0.971863252973015,0.86937137761926,18,,11.0,8,,2,39,36,4486
HHS Region,hhs10,2004,41,1.23604701028429,1.06015210878083,24,,6.0,13,,3,46,36,4339
HHS Region,hhs10,2004,42,1.00797182682834,1.01370377323071,15,,15.0,23,,1,54,39,5327
HHS Region,hhs10,2004,43,1.406632041464,1.26410835214447,16,,18.0,19,,3,56,37,4430
HHS Region,hhs10,2004,44,1.36886860472464,1.45432199918066,18,,26.0,20,,7,71,41,4882
HHS Region,hhs10,2004,45,1.14883091335056,1.7103153393907,18,,29.0,44,,5,96,41,5613
HHS Region,hhs10,2004,46,0.939429572603192,1.70614211160177,24,,26.0,28,,7,85,41,4982
HHS Region,hhs10,2004,47,3.02692997813768,2.49500998003992,37,,49.0,31,,8,125,46,5010
HHS Region,hhs10,2004,48,0.868749291939946,1.80122225796076,33,,33.0,42,,4,112,45,6218
HHS Region,hhs10,2004,49,1.78688280833498,1.63184383102028,25,,40.0,38,,4,107,48,6557
HHS Region,hhs10,2004,50,1.54831539005053,1.83847669074196,25,,47.0,37,,3,112,48,6092
HHS Region,hhs10,2004,51,1.58349491474302,2.06124852767962,29,,38.0,35,,3,105,46,5094
HHS Region,hhs10,2004,52,1.85850677141937,2.4745269286754,39,,49.0,38,,10,136,48,5496
HHS Region,hhs10,2005,1,1.83888021861464,2.07561156412157,35,,45.0,55,,5,140,48,6745
HHS Region,hhs10,2005,2,2.09397711986912,2.98008210430287,36,,79.0,70,,11,196,48,6577
HHS Region,hhs10,2005,3,3.03713467613051,3.41187558906692,40,,82.0,46,,13,181,43,5305
HHS Region,hhs10,2005,4,2.96026694886814,3.02174995849245,33,,70.0,64,,15,182,43,6023
HHS Region,hhs10,2005,5,2.98973080098021,2.87793582533907,26,,59.0,76,,13,174,44,6046
HHS Region,hhs10,2005,6,3.51862625698128,4.36187399030695,50,,93.0,108,,19,270,42,6190
HHS Region,hhs10,2005,7,3.61637779796739,3.73963386011579,33,,102.0,81,,23,239,44,6391
HHS Region,hhs10,2005,8,4.65784937052355,5.13252642868086,63,,130.0,118,,24,335,44,6527
HHS Region,hhs10,2005,9,3.45375853543843,4.200193112327,42,,104.0,96,,19,261,43,6214
HHS Region,hhs10,2005,10,2.41970324297482,3.59171143514965,39,,84.0,102,,9,234,41,6515
HHS Region,hhs10,2005,11,1.64504157730794,2.37513098148795,34,,64.0,35,,3,136,38,5726
HHS Region,hhs10,2005,12,1.61360658527898,2.57437070938215,41,,54.0,25,,15,135,36,5244
HHS Region,hhs10,2005,13,1.11654524303113,1.69582292038558,18,,46.0,29,,2,95,35,5602
HHS Region,hhs10,2005,14,0.739106899738698,1.21776504297994,14,,34.0,17,,3,68,35,5584
HHS Region,hhs10,2005,15,0.665725595871114,1.41559264736953,11,,20.0,33,,3,67,31,4733
HHS Region,hhs10,2005,16,0.425605574838514,0.626409421197695,6,,11.0,8,,0,25,29,3991
HHS Region,hhs10,2005,17,0.422564730469314,0.971547536433033,13,,14.0,13,,2,42,27,4323
HHS Region,hhs10,2005,18,0.574367038888528,1.19419960193347,16,,10.0,14,,2,42,27,3517
HHS Region,hhs10,2005,19,1.0040191505894,1.17570215545395,16,,3.0,17,,0,36,25,3062
HHS Region,hhs10,2005,20,0.646007576043122,0.937233740414655,10,,2.0,19,,2,33,24,3521
HHS Region,hhs10,2005,21,0.949289450910171,1.33146461107218,10,,11.0,16,,1,38,19,2854
HHS Region,hhs10,2005,22,1.41510778266851,2.72884283246978,31,,17.0,22,,9,79,21,2895
HHS Region,hhs10,2005,23,0.902436136452733,1.67624521072797,11,,12.0,10,,2,35,17,2088
HHS Region,hhs10,2005,24,0.142988379801164,0.376506024096386,3,,2.0,0,,0,5,16,1328
HHS Region,hhs10,2005,25,0.305999751925062,0.741386829481029,6,,4.0,6,,1,17,17,2293
HHS Region,hhs10,2005,26,0.395106408140568,0.517160319699107,4,,4.0,3,,0,11,13,2127
HHS Region,hhs10,2005,27,0.476645091863631,0.911161731207289,7,,1.0,7,,1,16,11,1756
HHS Region,hhs10,2005,28,0.450975058375079,1.00755667506297,10,,2.0,7,,1,20,10,1985
HHS Region,hhs10,2005,29,0.36811322778017,1.08761329305136,6,,5.0,7,,0,18,10,1655
HHS Region,hhs10,2005,30,0.286799406033119,0.928217821782178,5,,2.0,5,,3,15,9,1616
HHS Region,hhs10,2005,31,0.17917994772445,0.533175355450237,4,,0.0,5,,0,9,9,1688
HHS Region,hhs10,2005,32,0.264395741514874,0.761124121779859,2,,6.0,4,,1,13,9,1708
HHS Region,hhs10,2005,33,0.353515250597594,1.02249488752556,7,,4.0,9,,0,20,10,1956
HHS Region,hhs10,2005,34,0.234333901168573,0.648967551622419,3,,2.0,6,,0,11,9,1695
HHS Region,hhs10,2005,35,0.569720489935062,1.17581187010078,7,,3.0,11,,0,21,9,1786
HHS Region,hhs10,2005,36,0.569469710879805,1.62052667116813,6,,6.0,12,,0,24,9,1481
HHS Region,hhs10,2005,37,0.375186634549926,1.00950118764846,4,,5.0,8,,0,17,9,1684
HHS Region,hhs10,2005,38,0.719574506891374,1.50228608752449,4,,9.0,10,,0,23,8,1531
HHS Region,hhs10,2005,39,0.712667954833797,1.31274131274131,10,,3.0,4,,0,17,8,1295
HHS Region,hhs10,2005,40,1.22838447447064,1.08588351431392,11,,7.0,14,,1,33,25,3039
HHS Region,hhs10,2005,41,0.989542443975346,1.38077535847053,19,,9.0,23,,1,52,28,3766
HHS Region,hhs10,2005,42,1.06076394552781,1.15429917550059,22,,6.0,21,,0,49,32,4245
HHS Region,hhs10,2005,43,0.949562160008885,1.15897660179313,17,,12.0,24,,0,53,36,4573
HHS Region,hhs10,2005,44,1.19520702696272,1.46985550572995,18,,18.0,22,,1,59,32,4014
HHS Region,hhs10,2005,45,0.794013414781556,1.52899126290707,29,,14.0,33,,1,77,34,5036
HHS Region,hhs10,2005,46,0.806907354563633,1.59135559921415,24,,20.0,37,,0,81,34,5090
HHS Region,hhs10,2005,47,0.774803328184101,1.38648180242634,20,,20.0,20,,4,64,36,4616
HHS Region,hhs10,2005,48,1.21331488076973,1.77471930459978,28,,36.0,29,,5,98,37,5522
HHS Region,hhs10,2005,49,0.969896575531278,1.97609561752988,40,,31.0,40,,13,124,39,6275
HHS Region,hhs10,2005,50,1.5716114748315,2.8735632183908,46,,60.0,69,,10,185,38,6438
HHS Region,hhs10,2005,51,2.44196132325575,3.49553128103277,52,,58.0,59,,7,176,38,5035
HHS Region,hhs10,2005,52,2.50440566537377,3.74601985390523,66,,73.0,54,,7,200,38,5339
HHS Region,hhs10,2006,1,2.40915407142781,2.52631578947368,36,,42.0,43,,11,132,36,5225
HHS Region,hhs10,2006,2,1.97609797175794,2.63157894736842,44,,54.0,55,,9,162,39,6156
HHS Region,hhs10,2006,3,1.5211701911013,2.44554833779136,38,,32.0,52,,6,128,35,5234
HHS Region,hhs10,2006,4,1.46681967238444,2.31554160125589,33,,44.0,39,,2,118,34,5096
HHS Region,hhs10,2006,5,1.83031523055208,2.73692049897598,42,,44.0,54,,7,147,34,5371
HHS Region,hhs10,2006,6,1.48979294355077,2.18541915656479,30,,44.0,48,,6,128,36,5857
HHS Region,hhs10,2006,7,1.29382668469353,1.8900675024108,30,,18.0,44,,6,98,35,5185
HHS Region,hhs10,2006,8,1.91434842444497,2.43525318902203,24,,39.0,57,,6,126,34,5174
HHS Region,hhs10,2006,9,1.80536039598565,2.24550898203593,36,,40.0,38,,6,120,34,5344
HHS Region,hhs10,2006,10,2.50726145038201,3.04975922953451,25,,47.0,74,,6,152,32,4984
HHS Region,hhs10,2006,11,1.97488782709514,3.0156366344006,30,,45.0,81,,6,162,31,5372
HHS Region,hhs10,2006,12,1.95414161997643,2.95439948619139,22,,36.0,72,,8,138,28,4671
HHS Region,hhs10,2006,13,2.09137171809568,2.42065626681011,26,,20.0,41,,3,90,25,3718
HHS Region,hhs10,2006,14,2.45500250242997,1.89500640204866,9,,20.0,33,,12,74,27,3905
HHS Region,hhs10,2006,15,1.50592481023861,1.78041543026706,12,,13.0,39,,2,66,25,3707
HHS Region,hhs10,2006,16,3.2252972644909,3.35289186923722,26,,33.0,58,,3,120,23,3579
HHS Region,hhs10,2006,17,2.48542044460881,3.06560392397302,28,,20.0,46,,6,100,20,3262
HHS Region,hhs10,2006,18,2.19532605303555,2.48635536688902,18,,15.0,46,,3,82,21,3298
HHS Region,hhs10,2006,19,1.16706692869421,2.18978102189781,13,,14.0,42,,0,69,18,3151
HHS Region,hhs10,2006,20,1.23553474530562,2.20277610138805,21,,5.0,47,,0,73,19,3314
HHS Region,hhs10,2006,21,0.863458218340382,1.67173252279635,21,,6.0,28,,0,55,19,3290
HHS Region,hhs10,2006,22,1.13272700582677,2.56294964028777,14,,13.0,30,,0,57,13,2224
HHS Region,hhs10,2006,23,1.15250214481223,2.48840151834669,21,,13.0,24,,1,59,13,2371
HHS Region,hhs10,2006,24,1.02876662857878,2.14025500910747,12,,10.0,24,,1,47,13,2196
HHS Region,hhs10,2006,25,1.03792832104633,2.19298245614035,8,,14.0,23,,0,45,12,2052
HHS Region,hhs10,2006,26,0.606079212699665,1.33524082021936,7,,9.0,10,,2,28,12,2097
HHS Region,hhs10,2006,27,0.809515243737093,2.05555555555556,14,,8.0,14,,1,37,12,1800
HHS Region,hhs10,2006,28,0.683021074513471,1.5080603224129,10,,7.0,12,,0,29,12,1923
HHS Region,hhs10,2006,29,0.950366962973576,1.97568389057751,16,,10.0,13,,0,39,12,1974
HHS Region,hhs10,2006,30,0.623408154065309,1.54566744730679,14,,3.0,14,,2,33,12,2135
HHS Region,hhs10,2006,31,0.525860356139875,1.30587644399799,10,,6.0,9,,1,26,12,1991
HHS Region,hhs10,2006,32,0.840352460012649,1.73058933582788,13,,12.0,9,,3,37,12,2138
HHS Region,hhs10,2006,33,0.785129557765775,2.05178309721544,13,,10.0,19,,0,42,12,2047
HHS Region,hhs10,2006,34,0.825166445925323,2.03639514731369,18,,12.0,16,,1,47,12,2308
HHS Region,hhs10,2006,35,0.819875679058232,2.16642048252093,10,,7.0,26,,1,44,11,2031
HHS Region,hhs10,2006,36,1.04471083180606,2.94705294705295,16,,14.0,27,,2,59,11,2002
HHS Region,hhs10,2006,37,0.866707054033237,2.26308345120226,8,,9.0,30,,1,48,11,2121
HHS Region,hhs10,2006,38,1.09592180326691,2.06801470588235,13,,8.0,24,,0,45,13,2176
HHS Region,hhs10,2006,39,1.50604886477086,2.91934685799109,16,,13.0,30,,0,59,12,2021
HHS Region,hhs10,2006,40,1.17248418187219,1.5722049689441,32,,13.0,35,,1,81,37,5152
HHS Region,hhs10,2006,41,0.990866424296187,1.65305328665889,26,,21.0,36,,2,85,36,5142
HHS Region,hhs10,2006,42,0.814374701119486,1.13618178908625,21,,21.0,28,,1,71,38,6249
HHS Region,hhs10,2006,43,0.888848474644207,1.5955766192733,34,,29.0,38,,0,101,39,6330
HHS Region,hhs10,2006,44,1.00128592893193,1.61104718066743,16,,25.0,42,,1,84,35,5214
HHS Region,hhs10,2006,45,1.15596793549839,1.64189422744556,25,,30.0,38,,2,95,36,5786
HHS Region,hhs10,2006,46,0.686027817391321,1.43726750084545,25,,17.0,41,,2,85,34,5914
HHS Region,hhs10,2006,47,1.32557048735679,1.79533213644524,18,,28.0,40,,4,90,37,5013
HHS Region,hhs10,2006,48,1.45189456416571,1.69143218463484,22,,26.0,54,,5,107,38,6326
HHS Region,hhs10,2006,49,1.66025616941118,1.7910447761194,26,,40.0,33,,9,108,38,6030
HHS Region,hhs10,2006,50,1.58177629411569,1.90857318762506,34,,30.0,52,,8,124,41,6497
HHS Region,hhs10,2006,51,1.93395036062861,2.06368973492261,43,,32.0,33,,8,116,38,5621
HHS Region,hhs10,2006,52,2.23244588557678,2.47649621646411,38,,34.0,33,,3,108,36,4361
HHS Region,hhs10,2007,1,1.35540337418547,1.86781609195402,27,,33.0,35,,9,104,37,5568
HHS Region,hhs10,2007,2,2.79942296766144,2.66640716231997,38,,36.0,54,,9,137,36,5138
HHS Region,hhs10,2007,3,3.28908387500161,3.47049044056525,43,,47.0,64,,13,167,38,4812
HHS Region,hhs10,2007,4,3.16776245881486,3.31094799312822,47,,78.0,80,,7,212,39,6403
HHS Region,hhs10,2007,5,3.30609883491567,3.75099760574621,54,,79.0,96,,6,235,39,6265
HHS Region,hhs10,2007,6,4.95601406612268,5.26396093988404,75,,108.0,150,,12,345,39,6554
HHS Region,hhs10,2007,7,7.02219807916231,5.41319181197877,74,,96.0,165,,22,357,38,6595
HHS Region,hhs10,2007,8,3.73481846968,3.96097276831222,59,,71.0,127,,15,272,39,6867
HHS Region,hhs10,2007,9,4.14204492318858,4.00516795865633,46,,102.0,108,,23,279,37,6966
HHS Region,hhs10,2007,10,2.08579109761999,3.07808946171342,39,,72.0,74,,18,203,35,6595
HHS Region,hhs10,2007,11,2.76371223394873,3.15640703517588,54,,70.0,66,,11,201,35,6368
HHS Region,hhs10,2007,12,2.93038378326742,2.74247491638796,49,,44.0,64,,7,164,33,5980
HHS Region,hhs10,2007,13,5.77509825931534,2.71524316892937,30,,66.0,48,,14,158,32,5819
HHS Region,hhs10,2007,14,0.57424795098369,1.12033996523083,20,,13.0,20,,5,58,29,5177
HHS Region,hhs10,2007,15,0.518377702158589,1.11861544955678,19,,15.0,18,,1,53,24,4738
HHS Region,hhs10,2007,16,0.671878156057192,1.43953934740883,26,,14.0,17,,3,60,23,4168
HHS Region,hhs10,2007,17,0.839336532232045,1.9307061623909,31,,12.0,29,,1,73,20,3781
HHS Region,hhs10,2007,18,0.495933130376265,1.25470514429109,19,,15.0,15,,1,50,19,3985
HHS Region,hhs10,2007,19,0.988978754983881,1.78812415654521,14,,15.0,22,,2,53,17,2964
HHS Region,hhs10,2007,20,0.772772972404239,1.38346931536006,17,,9.0,13,,0,39,16,2819
HHS Region,hhs10,2007,21,1.20602705140751,2.16841344416335,22,,19.0,17,,2,60,16,2767
HHS Region,hhs10,2007,22,1.17504423622821,2.36252545824847,19,,18.0,19,,2,58,15,2455
HHS Region,hhs10,2007,23,0.61767453629221,1.08411214953271,9,,6.0,14,,0,29,16,2675
HHS Region,hhs10,2007,24,0.529879098048823,0.869565217391304,10,,3.0,9,,0,22,16,2530
HHS Region,hhs10,2007,25,0.750336577007711,1.46935348446683,7,,8.0,18,,2,35,14,2382
HHS Region,hhs10,2007,26,0.407019883355476,0.790349417637271,6,,4.0,8,,1,19,14,2404
HHS Region,hhs10,2007,27,0.782192067783405,1.84544405997693,12,,7.0,12,,1,32,11,1734
HHS Region,hhs10,2007,28,0.595455801199736,1.50649350649351,10,,8.0,11,,0,29,11,1925
HHS Region,hhs10,2007,29,0.538267508544491,1.37544574630667,9,,6.0,12,,0,27,12,1963
HHS Region,hhs10,2007,30,0.700976550352417,1.89291508923743,7,,8.0,19,,1,35,11,1849
HHS Region,hhs10,2007,31,0.554564450552351,1.61290322580645,12,,5.0,9,,1,27,12,1674
HHS Region,hhs10,2007,32,0.602031427820508,1.55495978552279,5,,9.0,14,,1,29,12,1865
HHS Region,hhs10,2007,33,0.647891397468155,1.56918687589158,12,,6.0,14,,1,33,12,2103
HHS Region,hhs10,2007,34,0.58439915832205,1.364522417154,13,,6.0,9,,0,28,12,2052
HHS Region,hhs10,2007,35,0.559275753040678,1.45757418011452,7,,6.0,14,,1,28,11,1921
HHS Region,hhs10,2007,36,0.703425817197668,1.5615962984384,5,,4.0,16,,2,27,10,1729
HHS Region,hhs10,2007,37,0.660366884093627,1.81634712411705,9,,10.0,17,,0,36,11,1982
HHS Region,hhs10,2007,38,0.954649823338799,2.51716247139588,11,,15.0,18,,0,44,11,1748
HHS Region,hhs10,2007,39,0.960216821863026,2.74418604651163,15,,11.0,31,,2,59,11,2150
HHS Region,hhs10,2007,40,0.318573671598247,1.02296853889211,10,,23.0,20,,0,53,28,5181
HHS Region,hhs10,2007,41,0.885313554674686,1.36244867487869,20,,13.0,39,,1,73,32,5358
HHS Region,hhs10,2007,42,1.20760313910216,1.1174144748152,26,,9.0,30,,0,65,33,5817
HHS Region,hhs10,2007,43,1.4383382359756,1.10455439552126,22,,15.0,33,,3,73,38,6609
HHS Region,hhs10,2007,44,1.69624991670533,1.49108138238573,30,,23.0,48,,6,107,41,7176
HHS Region,hhs10,2007,45,2.19191327449027,1.7407639323732,48,,28.0,62,,1,139,45,7985
HHS Region,hhs10,2007,46,2.33859357830441,1.83416125334352,61,,29.0,49,,5,144,43,7851
HHS Region,hhs10,2007,47,2.17800029244625,2.54480286738351,42,,34.0,65,,1,142,38,5580
HHS Region,hhs10,2007,48,1.36270271229507,1.63499779054353,16,,36.0,55,,4,111,40,6789
HHS Region,hhs10,2007,49,2.93393246094135,1.96755782517272,60,,28.0,39,,4,131,40,6658
HHS Region,hhs10,2007,50,2.90952504214356,2.19602777329243,52,,20.0,63,,1,136,40,6193
HHS Region,hhs10,2007,51,2.19738733165534,1.95914266577361,42,,31.0,41,,3,117,37,5972
HHS Region,hhs10,2007,52,2.76081684693043,2.03409531189461,45,,31.0,27,,2,105,38,5162
HHS Region,hhs10,2008,1,1.44284770929475,1.9127023050515,37,,38.0,31,,11,117,41,6117
HHS Region,hhs10,2008,2,3.00750576530696,2.21870047543582,51,,33.0,51,,5,140,41,6310
HHS Region,hhs10,2008,3,3.84686810905414,3.03653329115926,49,,63.0,76,,4,192,40,6323
HHS Region,hhs10,2008,4,7.43329227538716,4.29594272076372,60,,83.0,106,,3,252,38,5866
HHS Region,hhs10,2008,5,8.3697954475246,5.93177617207192,73,,122.0,151,,7,353,36,5951
HHS Region,hhs10,2008,6,6.03677765872967,5.70303383897316,121,,109.0,152,,9,391,37,6856
HHS Region,hhs10,2008,7,7.20168267330624,5.35088948031937,89,,123.0,149,,21,382,37,7139
HHS Region,hhs10,2008,8,7.32025188954891,5.75335048057398,88,,157.0,162,,18,425,37,7387
HHS Region,hhs10,2008,9,5.9040227642524,5.49817257269983,82,,114.0,136,,14,346,32,6293
HHS Region,hhs10,2008,10,3.8166264412923,3.37878787878788,55,,71.0,83,,14,223,34,6600
HHS Region,hhs10,2008,11,3.50219863489106,3.31841333539126,38,,88.0,69,,20,215,32,6479
HHS Region,hhs10,2008,12,2.81469054472233,3.00672090555359,47,,63.0,53,,7,170,33,5654
HHS Region,hhs10,2008,13,2.47765499723406,2.63101142980375,33,,49.0,37,,3,122,30,4637
HHS Region,hhs10,2008,14,1.26383336598141,2.13986322523715,22,,39.0,34,,2,97,29,4533
HHS Region,hhs10,2008,15,0.886087194668693,1.82904068682344,22,,36.0,32,,8,98,29,5358
HHS Region,hhs10,2008,16,0.565804846154105,1.2381505126717,19,,15.0,28,,2,64,28,5169
HHS Region,hhs10,2008,17,1.0000429753578,1.57205240174672,22,,19.0,30,,1,72,25,4580
HHS Region,hhs10,2008,18,1.67567582388543,2.06699928724163,22,,21.0,37,,7,87,24,4209
HHS Region,hhs10,2008,19,1.69679857095356,2.06766917293233,25,,15.0,35,,2,77,21,3724
HHS Region,hhs10,2008,20,0.732529994949589,1.21135418549991,24,,22.0,19,,2,67,27,5531
HHS Region,hhs10,2008,21,0.8957035754242,1.69240533107679,37,,11.0,27,,5,80,25,4727
HHS Region,hhs10,2008,22,0.809373815000765,1.289592760181,26,,14.0,16,,1,57,24,4420
HHS Region,hhs10,2008,23,0.476436136412289,1.23198512319851,20,,11.0,20,,2,53,22,4302
HHS Region,hhs10,2008,24,0.870866555439876,1.68437419020472,30,,12.0,21,,2,65,20,3859
HHS Region,hhs10,2008,25,1.00221363651528,1.69361046959199,35,,12.0,18,,1,66,20,3897
HHS Region,hhs10,2008,26,0.545652329985118,1.06597522327859,15,,9.0,12,,1,37,20,3471
HHS Region,hhs10,2008,27,0.403194982978593,1.01954120645709,15,,5.0,14,,2,36,20,3531
HHS Region,hhs10,2008,28,0.724307599420619,1.3713658804169,18,,6.0,22,,4,50,20,3646
HHS Region,hhs10,2008,29,0.432846472322141,1.13482842475007,10,,13.0,16,,3,42,21,3701
HHS Region,hhs10,2008,30,0.704816515428159,1.50782361308677,15,,8.0,29,,1,53,21,3515
HHS Region,hhs10,2008,31,1.57639406107861,2.11736237144586,12,,3.0,55,,0,70,19,3306
HHS Region,hhs10,2008,32,0.473779799764698,0.881057268722467,17,,3.0,10,,0,30,20,3405
HHS Region,hhs10,2008,33,0.452481011686995,1.0128661374213,12,,2.0,21,,2,37,19,3653
HHS Region,hhs10,2008,34,0.462536387476381,1.08695652173913,9,,11.0,19,,2,41,20,3772
HHS Region,hhs10,2008,35,0.455545716487697,1.11428571428571,11,,5.0,20,,3,39,19,3500
HHS Region,hhs10,2008,36,0.49153332670105,1.48606811145511,13,,9.0,25,,1,48,19,3230
HHS Region,hhs10,2008,37,0.400332067423239,1.10754881958613,11,,13.0,14,,0,38,20,3431
HHS Region,hhs10,2008,38,1.34237785655124,2.15439856373429,22,,8.0,41,,1,72,18,3342
HHS Region,hhs10,2008,39,2.27871966194746,2.83311199645861,26,,6.0,30,,2,64,15,2259
HHS Region,hhs10,2008,40,1.24200606694578,1.29515038134983,35,,17.0,37,,1,90,38,6949
HHS Region,hhs10,2008,41,1.17039199132551,1.16306117701791,32,,22.0,44,,2,100,39,8598
HHS Region,hhs10,2008,42,1.55287461598761,1.48827241338255,52,,17.0,54,,2,125,45,8399
HHS Region,hhs10,2008,43,1.44267203772859,1.40861466821886,49,,23.0,48,,1,121,47,8590
HHS Region,hhs10,2008,44,1.6702877829612,1.60237388724036,47,,31.0,55,,2,135,46,8425
HHS Region,hhs10,2008,45,1.96893393078585,1.80750633202855,50,,41.0,64,,2,157,48,8686
HHS Region,hhs10,2008,46,1.4798373653747,1.47459727385378,37,,31.0,47,,4,119,45,8070
HHS Region,hhs10,2008,47,1.46037071763021,1.42926356589147,40,,30.0,47,,1,118,45,8256
HHS Region,hhs10,2008,48,1.65976825061775,1.57894736842105,25,,23.0,38,,4,90,47,5700
HHS Region,hhs10,2008,49,1.72993586736733,1.72852058973055,41,,25.0,68,,2,136,43,7868
HHS Region,hhs10,2008,50,1.50882789211436,1.58352184783903,37,,23.0,71,,2,133,45,8399
HHS Region,hhs10,2008,51,1.83470156268501,1.77014531043593,53,,25.0,51,,5,134,44,7570
HHS Region,hhs10,2008,52,1.70682755565869,1.73988690735102,34,,19.0,26,,1,80,44,4598
HHS Region,hhs10,2008,53,2.11434357612236,1.91304347826087,43,,35.0,39,,4,121,50,6325
HHS Region,hhs10,2009,1,1.34954561398633,1.28101402373247,31,,23.0,39,,2,95,49,7416
HHS Region,hhs10,2009,2,1.35988923046256,1.39984446172647,37,,27.0,58,,4,126,48,9001
HHS Region,hhs10,2009,3,1.86781886736259,1.61489290119996,49,,27.0,61,,7,144,46,8917
HHS Region,hhs10,2009,4,1.91401261123269,1.80002322610614,66,,27.0,61,,1,155,46,8611
HHS Region,hhs10,2009,5,2.66385996768306,2.41019698725377,76,,36.0,91,,5,208,48,8630
HHS Region,hhs10,2009,6,2.7133593752972,2.35508987791983,74,,47.0,119,,5,245,48,10403
HHS Region,hhs10,2009,7,3.43196518861747,3.44555237437062,97,,53.0,186,,13,349,47,10129
HHS Region,hhs10,2009,8,3.66563813301871,3.4469696969697,116,,53.0,187,,8,364,47,10560
HHS Region,hhs10,2009,9,4.19392137296359,3.61243349201904,98,,47.0,235,,7,387,44,10713
HHS Region,hhs10,2009,10,4.72700416870628,4.23614707405489,96,,47.0,260,,6,409,45,9655
HHS Region,hhs10,2009,11,4.06974537254055,3.95033860045147,82,,58.0,204,,6,350,40,8860
HHS Region,hhs10,2009,12,3.33182084478286,2.94479901466801,85,,30.0,146,,2,263,39,8931
HHS Region,hhs10,2009,13,2.81914080119458,2.37865638058502,86,,34.0,97,,5,222,45,9333
HHS Region,hhs10,2009,14,2.3456688189831,2.1624056763149,68,,42.0,80,,2,192,42,8879
HHS Region,hhs10,2009,15,1.74913758415017,1.75334675986258,53,,29.0,61,,5,148,44,8441
HHS Region,hhs10,2009,16,1.79317919454256,1.60954145437703,52,,26.0,55,,6,139,40,8636
HHS Region,hhs10,2009,17,3.04441891405775,2.78589315525876,93,,55.0,113,,6,267,41,9584
HHS Region,hhs10,2009,18,3.80394527600517,3.33899830050985,139,,43.0,144,,8,334,44,10003
HHS Region,hhs10,2009,19,2.50525499944389,2.46653315062717,99,,35.0,94,,6,234,40,9487
HHS Region,hhs10,2009,20,3.18243456882086,2.52303641948223,80,,33.0,110,,7,230,42,9116
HHS Region,hhs10,2009,21,2.50751016209384,2.2976098689283,56,,37.0,54,,2,149,37,6485
HHS Region,hhs10,2009,22,2.70854584439055,2.41958041958042,56,,31.0,83,,3,173,38,7150
HHS Region,hhs10,2009,23,1.97453043939635,1.67991792767376,58,,25.0,47,,1,131,38,7798
HHS Region,hhs10,2009,24,1.86154579172344,1.6784683975872,44,,24.0,58,,2,128,38,7626
HHS Region,hhs10,2009,25,1.98903078932163,1.73710846669402,61,,15.0,48,,3,127,38,7311
HHS Region,hhs10,2009,26,1.66446937960855,1.57858613589568,36,,25.0,27,,4,92,35,5828
HHS Region,hhs10,2009,27,1.22613444233667,1.11173656065297,40,,10.0,27,,2,79,37,7106
HHS Region,hhs10,2009,28,0.723725633561797,0.950460829493088,10,,30.0,24,,2,66,35,6944
HHS Region,hhs10,2009,29,1.14402302241805,1.40364188163885,17,,23.0,31,,3,74,33,5272
HHS Region,hhs10,2009,30,0.766981039946448,1.3957735455257,33,,28.0,44,,2,107,37,7666
HHS Region,hhs10,2009,31,0.928918688835554,0.99100273829704,19,,37.0,19,,1,76,37,7669
HHS Region,hhs10,2009,32,1.06041756491871,1.25839951130116,30,,39.0,31,,3,103,36,8185
HHS Region,hhs10,2009,33,0.604433853567721,1.24456968416109,15,,43.0,47,,1,106,36,8517
HHS Region,hhs10,2009,34,3.40190576548328,3.6597214725251,26,,77.0,231,,5,339,39,9263
HHS Region,hhs10,2009,35,4.53407286345475,4.44989488437281,30,,78.0,269,,4,381,38,8562
HHS Region,hhs10,2009,36,4.17370105319732,5.56750601037581,49,,109.0,277,,5,440,42,7903
HHS Region,hhs10,2009,37,3.56947894717397,4.14423565261554,72,,110.0,219,,7,408,42,9845
HHS Region,hhs10,2009,38,4.71039725079108,5.57449147883452,76,,120.0,301,,10,507,39,9095
HHS Region,hhs10,2009,39,6.86637818753005,7.74430857938165,110,,177.0,483,,9,779,43,10059
HHS Region,hhs10,2009,40,7.20868646642927,8.25277663512958,237,314.0,379.0,970,65.0,19,1605,66,19448
HHS Region,hhs10,2009,41,9.22530567933713,9.60850111856823,296,296.0,386.0,1022,90.0,14,1718,66,17880
HHS Region,hhs10,2009,42,8.57668696701113,8.6799175992428,267,314.0,398.0,870,84.0,24,1559,65,17961
HHS Region,hhs10,2009,43,7.16464569076325,7.30059908375426,225,279.0,363.0,638,84.0,17,1243,65,17026
HHS Region,hhs10,2009,44,5.12733139591232,4.95402855068957,155,165.0,222.0,424,57.0,18,819,63,16532
HHS Region,hhs10,2009,45,3.97615869587141,3.83824134485394,121,164.0,212.0,310,48.0,10,653,67,17013
HHS Region,hhs10,2009,46,2.91196630935722,2.83208020050125,90,109.0,139.0,215,30.0,8,452,61,15960
HHS Region,hhs10,2009,47,2.38770546444492,2.22350563095582,50,71.0,95.0,81,24.0,5,231,61,10389
HHS Region,hhs10,2009,48,1.61139959044623,1.82518630794493,64,54.0,79.0,132,25.0,14,289,61,15834
HHS Region,hhs10,2009,49,1.30246325032572,1.58627154084649,66,45.0,61.0,90,16.0,3,220,60,13869
HHS Region,hhs10,2009,50,1.46590679299082,1.40324963072378,52,37.0,54.0,61,17.0,4,171,55,12186
HHS Region,hhs10,2009,51,1.56636878330898,1.74677749668715,50,33.0,53.0,41,20.0,1,145,58,8301
HHS Region,hhs10,2009,52,1.99437707044905,2.08333333333333,74,28.0,45.0,52,17.0,4,175,54,8400
HHS Region,hhs10,2010,1,1.12903403548748,1.27873848804081,67,39.0,50.0,69,11.0,7,193,58,15093
HHS Region,hhs10,2010,2,1.210336878191,1.2720156555773,59,34.0,40.0,68,6.0,2,169,50,13286
HHS Region,hhs10,2010,3,1.1297983047381,1.33203621941181,70,28.0,34.0,69,6.0,5,178,52,13363
HHS Region,hhs10,2010,4,1.78370237960525,1.88651545180944,103,37.0,47.0,97,10.0,10,257,52,13623
HHS Region,hhs10,2010,5,1.6252512990225,1.76502604774123,96,27.0,34.0,95,7.0,2,227,48,12861
HHS Region,hhs10,2010,6,1.39517516881081,1.58774180128961,103,30.0,38.0,84,8.0,4,229,50,14423
HHS Region,hhs10,2010,7,1.77150429679824,2.21007238564608,128,35.0,48.0,97,13.0,14,287,50,12986
HHS Region,hhs10,2010,8,1.25850045932173,1.72904659398653,116,21.0,30.0,90,9.0,13,249,48,14401
HHS Region,hhs10,2010,9,1.3078291567007,1.59182703730102,84,24.0,32.0,79,8.0,6,201,45,12627
HHS Region,hhs10,2010,10,1.19629157994681,1.42694989460029,69,32.0,39.0,67,7.0,1,176,44,12334
HHS Region,hhs10,2010,11,1.16529782310064,1.26549362919303,54,22.0,30.0,58,8.0,4,146,47,11537
HHS Region,hhs10,2010,12,0.877128034014563,0.9945908218461,55,9.0,18.0,37,9.0,4,114,45,11462
HHS Region,hhs10,2010,13,0.684961439190928,0.902132312739202,41,19.0,23.0,31,4.0,4,99,40,10974
HHS Region,hhs10,2010,14,0.784228641195425,0.98310841004558,42,17.0,18.0,42,1.0,8,110,42,11189
HHS Region,hhs10,2010,15,0.667575946588423,0.799507995079951,31,8.0,15.0,31,7.0,1,78,37,9756
HHS Region,hhs10,2010,16,0.402770869699711,0.699904122722915,31,8.0,11.0,29,3.0,2,73,38,10430
HHS Region,hhs10,2010,17,0.664386419011852,1.12370529607192,53,13.0,20.0,36,7.0,6,115,37,10234
HHS Region,hhs10,2010,18,0.499543145913162,0.68615471378889,17,11.0,14.0,38,3.0,4,73,37,10639
HHS Region,hhs10,2010,19,0.517633821524414,0.895396608026967,33,7.0,14.0,36,7.0,2,85,34,9493
HHS Region,hhs10,2010,20,0.397640303820458,0.678879310344828,26,5.0,9.0,25,4.0,3,63,33,9280
HHS Region,hhs10,2010,21,0.441589390284057,0.718371690834109,14,11.0,13.0,25,2.0,2,54,26,7517
HHS Region,hhs10,2010,22,0.632022208102201,1.04757747708424,18,14.0,23.0,30,9.0,1,72,25,6873
HHS Region,hhs10,2010,23,0.386739916283112,0.5703693141309,16,4.0,6.0,17,2.0,1,40,24,7013
HHS Region,hhs10,2010,24,0.35423839888923,0.694781063176604,10,10.0,12.0,16,2.0,5,43,25,6189
HHS Region,hhs10,2010,25,0.565128197212738,0.850040096230954,19,8.0,12.0,21,4.0,1,53,23,6235
HHS Region,hhs10,2010,26,0.357139576667735,0.381742738589212,4,7.0,8.0,11,1.0,0,23,23,6025
HHS Region,hhs10,2010,27,0.363549051015283,0.624133148404993,12,6.0,7.0,16,1.0,1,36,23,5768
HHS Region,hhs10,2010,28,0.421264480896759,0.686133716291687,22,7.0,9.0,7,2.0,5,43,24,6267
HHS Region,hhs10,2010,29,0.483417261350498,0.652315720808871,15,10.0,11.0,13,1.0,1,40,23,6132
HHS Region,hhs10,2010,30,0.517178690276715,0.725323241879533,22,7.0,10.0,12,3.0,2,46,24,6342
HHS Region,hhs10,2010,31,0.450742120090807,0.645445210503154,19,7.0,10.0,14,3.0,1,44,27,6817
HHS Region,hhs10,2010,32,0.218984306687009,0.589417280643001,10,8.0,13.0,18,5.0,3,44,27,7465
HHS Region,hhs10,2010,33,0.282471935925818,0.631687508057239,12,7.0,12.0,23,5.0,2,49,28,7757
HHS Region,hhs10,2010,34,0.340799466259068,0.651691625069329,22,5.0,6.0,16,1.0,3,47,26,7212
HHS Region,hhs10,2010,35,0.398993964839837,0.6,8,9.0,12.0,15,3.0,1,36,23,6000
HHS Region,hhs10,2010,36,0.909684342607788,1.36471518987342,24,14.0,19.0,24,5.0,2,69,22,5056
HHS Region,hhs10,2010,37,0.419985086647766,0.717555363107757,13,13.0,13.0,28,0.0,4,58,28,8083
HHS Region,hhs10,2010,38,0.416188311884431,0.726961727603164,13,12.0,18.0,34,6.0,3,68,29,9354
HHS Region,hhs10,2010,39,0.432272686713878,0.827386492915503,21,16.0,18.0,40,2.0,1,80,28,9669
HHS Region,hhs10,2010,40,0.530928,0.539,13,18.0,28.0,43,10.0,3,87,56,16141
HHS Region,hhs10,2010,41,0.970664,1.01235,39,28.0,52.0,63,24.0,5,159,54,15706
HHS Region,hhs10,2010,42,0.822039,0.820398,44,31.0,43.0,49,12.0,3,139,52,16943
HHS Region,hhs10,2010,43,0.934162,0.960545,44,27.0,33.0,78,6.0,3,158,57,16449
HHS Region,hhs10,2010,44,0.900647,1.05685,44,36.0,48.0,83,12.0,7,182,58,17221
HHS Region,hhs10,2010,45,1.02505,1.03808,59,36.0,48.0,55,12.0,13,175,59,16858
HHS Region,hhs10,2010,46,1.18495,1.20953,58,40.0,53.0,78,13.0,15,204,55,16866
HHS Region,hhs10,2010,47,1.70828,1.88335,52,36.0,51.0,47,15.0,5,155,51,8230
HHS Region,hhs10,2010,48,0.973474,1.12733,42,37.0,50.0,59,13.0,5,156,58,13838
HHS Region,hhs10,2010,49,1.05214,1.21555,43,34.0,46.0,63,12.0,9,161,57,13245
HHS Region,hhs10,2010,50,0.981582,1.16805,43,22.0,34.0,38,12.0,9,124,56,10616
HHS Region,hhs10,2010,51,1.25744,1.93496,57,35.0,45.0,58,10.0,6,166,57,8579
HHS Region,hhs10,2010,52,2.35441,2.18824,56,54.0,74.0,49,20.0,7,186,56,8500
HHS Region,hhs10,2011,1,1.44406,1.47184,50,47.0,61.0,58,14.0,21,190,53,12909
HHS Region,hhs10,2011,2,1.48738,1.76578,57,68.0,84.0,91,16.0,10,242,57,13705
HHS Region,hhs10,2011,3,1.47542,2.27011,72,56.0,78.0,120,22.0,6,276,54,12158
HHS Region,hhs10,2011,4,2.07762,2.4073,91,50.0,68.0,164,18.0,12,335,57,13916
HHS Region,hhs10,2011,5,2.63905,3.04125,95,65.0,89.0,184,24.0,11,379,52,12462
HHS Region,hhs10,2011,6,2.47084,3.00692,77,92.0,119.0,209,27.0,12,417,56,13868
HHS Region,hhs10,2011,7,3.91067,4.45163,141,100.0,127.0,284,27.0,26,578,52,12984
HHS Region,hhs10,2011,8,3.4573,4.03129,125,93.0,124.0,226,31.0,30,505,51,12527
HHS Region,hhs10,2011,9,3.33706,4.10359,152,104.0,145.0,254,41.0,21,572,49,13939
HHS Region,hhs10,2011,10,3.20568,4.06182,133,98.0,134.0,262,36.0,15,544,52,13393
HHS Region,hhs10,2011,11,3.07455,3.2109,99,71.0,106.0,161,35.0,23,389,48,12115
HHS Region,hhs10,2011,12,2.79447,3.28382,86,78.0,103.0,131,25.0,16,336,50,10232
HHS Region,hhs10,2011,13,1.65878,1.96174,82,41.0,62.0,78,21.0,20,242,46,12336
HHS Region,hhs10,2011,14,1.18923,1.76932,54,54.0,72.0,77,18.0,9,212,45,11982
HHS Region,hhs10,2011,15,1.22909,1.66379,70,28.0,41.0,76,13.0,6,193,43,11600
HHS Region,hhs10,2011,16,1.30604,1.32693,45,23.0,34.0,66,11.0,7,152,39,11455
HHS Region,hhs10,2011,17,0.900723,1.16402,49,16.0,25.0,52,9.0,6,132,38,11340
HHS Region,hhs10,2011,18,0.891192,1.07672,37,18.0,34.0,40,16.0,9,120,38,11145
HHS Region,hhs10,2011,19,0.779229,0.932401,33,14.0,21.0,35,7.0,7,96,38,10296
HHS Region,hhs10,2011,20,0.824355,1.10209,46,15.0,24.0,34,9.0,6,110,35,9981
HHS Region,hhs10,2011,21,0.516304,0.921709,36,11.0,14.0,31,3.0,4,85,31,9222
HHS Region,hhs10,2011,22,0.705812,1.2173,46,12.0,21.0,23,9.0,4,94,28,7722
HHS Region,hhs10,2011,23,0.586891,0.966011,38,12.0,19.0,17,7.0,7,81,28,8385
HHS Region,hhs10,2011,24,0.67561,1.07306,25,13.0,18.0,25,5.0,5,73,26,6803
HHS Region,hhs10,2011,25,0.625967,1.19942,25,20.0,24.0,31,4.0,3,83,26,6920
HHS Region,hhs10,2011,26,0.417848,0.915475,27,6.0,13.0,30,7.0,3,73,27,7974
HHS Region,hhs10,2011,27,0.331375,0.701262,21,4.0,10.0,15,6.0,4,50,28,7130
HHS Region,hhs10,2011,28,0.282467,0.595641,18,4.0,5.0,18,1.0,3,44,27,7387
HHS Region,hhs10,2011,29,0.223711,0.568255,16,8.0,14.0,10,6.0,4,44,28,7743
HHS Region,hhs10,2011,30,0.265168,0.508497,15,3.0,4.0,15,1.0,4,38,29,7473
HHS Region,hhs10,2011,31,0.202155,0.367889,10,3.0,5.0,8,2.0,5,28,30,7611
HHS Region,hhs10,2011,32,0.256942,0.536368,12,9.0,13.0,13,4.0,3,41,29,7644
HHS Region,hhs10,2011,33,0.220332,0.467635,13,6.0,9.0,14,3.0,2,38,30,8126
HHS Region,hhs10,2011,34,0.2093,0.298686,12,5.0,8.0,5,3.0,0,25,28,8370
HHS Region,hhs10,2011,35,0.345636,0.827795,20,11.0,15.0,33,4.0,3,71,27,8577
HHS Region,hhs10,2011,36,0.421734,0.871622,20,14.0,17.0,24,3.0,9,70,28,8031
HHS Region,hhs10,2011,37,0.491047,0.713792,24,8.0,11.0,25,3.0,2,62,26,8686
HHS Region,hhs10,2011,38,0.631606,0.874881,26,13.0,17.0,37,4.0,3,83,27,9487
HHS Region,hhs10,2011,39,0.394319,0.781324,31,9.0,16.0,29,7.0,6,82,29,10495
HHS Region,hhs10,2011,40,0.546686,0.766367,57,26.0,35.0,41,9.0,7,140,48,18268
HHS Region,hhs10,2011,41,0.699265,0.838317,59,19.0,30.0,54,11.0,7,150,52,17893
HHS Region,hhs10,2011,42,0.58154,0.697736,44,21.0,34.0,47,13.0,6,131,53,18775
HHS Region,hhs10,2011,43,0.653306,0.794757,48,30.0,40.0,56,10.0,10,154,57,19377
HHS Region,hhs10,2011,44,0.823121,0.984318,42,39.0,55.0,72,16.0,8,177,56,17982
HHS Region,hhs10,2011,45,0.662245,0.853469,51,29.0,36.0,54,7.0,13,154,54,18044
HHS Region,hhs10,2011,46,0.902773,1.07195,65,29.0,47.0,76,18.0,3,191,52,17818
HHS Region,hhs10,2011,47,1.07526,1.09647,52,27.0,40.0,40,13.0,7,139,54,12677
HHS Region,hhs10,2011,48,0.829685,1.02258,58,22.0,44.0,71,22.0,19,192,54,18776
HHS Region,hhs10,2011,49,0.587594,0.747294,43,27.0,39.0,45,12.0,9,136,54,18199
HHS Region,hhs10,2011,50,1.00858,1.13155,37,47.0,66.0,60,19.0,16,179,51,15819
HHS Region,hhs10,2011,51,1.15362,1.13361,65,39.0,49.0,39,10.0,6,159,52,14026
HHS Region,hhs10,2011,52,1.25039,1.47379,52,40.0,58.0,54,18.0,12,176,54,11942
HHS Region,hhs10,2012,1,1.09205,1.15674,55,29.0,45.0,56,16.0,13,169,53,14610
HHS Region,hhs10,2012,2,0.73641,0.8299,42,36.0,43.0,55,7.0,3,143,51,17231
HHS Region,hhs10,2012,3,1.14829,1.24648,52,20.0,30.0,64,10.0,9,155,51,12435
HHS Region,hhs10,2012,4,1.0627,1.19453,83,23.0,38.0,85,15.0,8,214,55,17915
HHS Region,hhs10,2012,5,1.23111,1.38341,53,39.0,60.0,115,21.0,14,242,56,17493
HHS Region,hhs10,2012,6,1.18943,1.25034,54,41.0,61.0,101,20.0,13,229,54,18315
HHS Region,hhs10,2012,7,1.52115,1.68328,89,72.0,94.0,104,22.0,17,304,56,18060
HHS Region,hhs10,2012,8,1.40323,1.48028,73,76.0,93.0,79,17.0,11,256,50,17294
HHS Region,hhs10,2012,9,1.48527,1.64426,81,68.0,93.0,115,25.0,18,307,53,18671
HHS Region,hhs10,2012,10,1.57872,1.64668,97,42.0,65.0,126,23.0,10,298,53,18097
HHS Region,hhs10,2012,11,1.87248,2.11421,106,79.0,108.0,125,29.0,19,358,53,16933
HHS Region,hhs10,2012,12,2.18932,2.28371,98,86.0,128.0,134,42.0,18,378,52,16552
HHS Region,hhs10,2012,13,1.76887,1.84519,79,62.0,77.0,108,15.0,8,272,49,14741
HHS Region,hhs10,2012,14,1.58722,1.82198,86,62.0,82.0,124,20.0,13,305,50,16740
HHS Region,hhs10,2012,15,1.9451,2.02547,81,85.0,112.0,127,27.0,22,342,50,16885
HHS Region,hhs10,2012,16,1.58187,1.79622,60,65.0,86.0,128,21.0,19,293,48,16312
HHS Region,hhs10,2012,17,1.42215,1.58622,57,44.0,65.0,125,21.0,9,256,46,16139
HHS Region,hhs10,2012,18,1.44907,1.5994,49,49.0,65.0,128,16.0,12,254,45,15881
HHS Region,hhs10,2012,19,1.12645,1.24992,40,41.0,56.0,89,15.0,7,192,43,15361
HHS Region,hhs10,2012,20,0.940368,1.06182,37,32.0,44.0,74,12.0,2,157,39,14786
HHS Region,hhs10,2012,21,0.680635,0.871537,39,21.0,27.0,52,6.0,5,123,36,14113
HHS Region,hhs10,2012,22,0.73433,0.869121,33,16.0,24.0,40,8.0,5,102,34,11736
HHS Region,hhs10,2012,23,0.566978,0.65689,33,14.0,17.0,32,3.0,4,86,34,13092
HHS Region,hhs10,2012,24,0.520709,0.567365,20,15.0,21.0,26,6.0,4,71,31,12514
HHS Region,hhs10,2012,25,0.528817,0.547994,23,11.0,15.0,19,4.0,5,62,29,11314
HHS Region,hhs10,2012,26,0.461551,0.493896,20,10.0,15.0,16,5.0,2,53,26,10731
HHS Region,hhs10,2012,27,0.393519,0.457118,12,7.0,15.0,12,8.0,3,42,27,9188
HHS Region,hhs10,2012,28,0.315576,0.367647,8,3.0,7.0,20,4.0,5,40,27,10880
HHS Region,hhs10,2012,29,0.372762,0.431479,17,7.0,10.0,15,3.0,4,46,26,10661
HHS Region,hhs10,2012,30,0.353298,0.393701,14,8.0,12.0,14,4.0,2,42,27,10668
HHS Region,hhs10,2012,31,0.265581,0.37089,12,6.0,6.0,16,0.0,3,37,26,9976
HHS Region,hhs10,2012,32,0.394694,0.413884,9,11.0,14.0,20,3.0,1,44,27,10631
HHS Region,hhs10,2012,33,0.294434,0.306998,11,7.0,10.0,11,3.0,2,34,26,11075
HHS Region,hhs10,2012,34,0.331996,0.39918,12,9.0,11.0,13,2.0,1,37,26,9269
HHS Region,hhs10,2012,35,0.331268,0.40051,13,7.0,9.0,20,2.0,2,44,26,10986
HHS Region,hhs10,2012,36,0.504891,0.624589,22,10.0,14.0,17,4.0,4,57,27,9126
HHS Region,hhs10,2012,37,0.438313,0.508951,16,11.0,14.0,25,3.0,3,58,28,11396
HHS Region,hhs10,2012,38,0.614009,0.681387,33,11.0,20.0,25,9.0,1,79,29,11594
HHS Region,hhs10,2012,39,0.646552,0.867564,34,19.0,23.0,38,4.0,3,98,29,11296
HHS Region,hhs10,2012,40,0.572692,0.698332,33,30.0,37.0,47,7.0,9,126,53,18043
HHS Region,hhs10,2012,41,0.674099,0.74362,39,30.0,43.0,40,13.0,10,132,52,17751
HHS Region,hhs10,2012,42,0.742877,0.793257,41,26.0,37.0,59,11.0,7,144,56,18153
HHS Region,hhs10,2012,43,0.684782,0.709181,30,24.0,41.0,50,17.0,7,128,55,18049
HHS Region,hhs10,2012,44,0.895694,0.978106,47,36.0,51.0,61,15.0,13,172,55,17585
HHS Region,hhs10,2012,45,0.855878,0.992884,55,24.0,40.0,73,16.0,12,180,54,18129
HHS Region,hhs10,2012,46,1.09191,1.30445,64,48.0,74.0,78,26.0,14,230,54,17632
HHS Region,hhs10,2012,47,1.16039,1.5353,55,42.0,52.0,83,10.0,12,202,55,13157
HHS Region,hhs10,2012,48,0.964797,1.24612,57,63.0,85.0,74,22.0,13,229,53,18377
HHS Region,hhs10,2012,49,1.14642,1.31652,60,44.0,68.0,98,24.0,11,237,55,18002
HHS Region,hhs10,2012,50,1.55655,1.70473,84,65.0,96.0,119,31.0,19,318,57,18654
HHS Region,hhs10,2012,51,1.53785,1.91888,69,74.0,108.0,97,34.0,16,290,55,15113
HHS Region,hhs10,2012,52,3.39459,3.84911,83,112.0,156.0,139,44.0,22,400,53,10392
HHS Region,hhs10,2013,1,2.7755,2.75072,92,114.0,163.0,73,49.0,25,353,53,12833
HHS Region,hhs10,2013,2,2.56788,2.71231,84,166.0,228.0,155,62.0,29,496,55,18287
HHS Region,hhs10,2013,3,3.00818,2.95477,101,140.0,196.0,226,56.0,33,556,53,18817
HHS Region,hhs10,2013,4,3.69316,3.48022,98,135.0,177.0,226,42.0,25,526,52,15114
HHS Region,hhs10,2013,5,2.78231,2.79344,121,130.0,169.0,215,39.0,20,525,54,18794
HHS Region,hhs10,2013,6,2.439,2.5723,129,111.0,167.0,165,56.0,22,483,55,18777
HHS Region,hhs10,2013,7,2.09196,2.13388,108,76.0,108.0,140,32.0,16,372,52,17433
HHS Region,hhs10,2013,8,1.8586,1.88307,93,75.0,107.0,100,32.0,15,315,51,16728
HHS Region,hhs10,2013,9,1.41838,1.29172,44,53.0,87.0,84,34.0,11,226,50,17496
HHS Region,hhs10,2013,10,1.02992,0.937556,40,28.0,56.0,55,28.0,5,156,47,16639
HHS Region,hhs10,2013,11,1.07185,1.14304,46,36.0,58.0,62,22.0,13,179,48,15660
HHS Region,hhs10,2013,12,0.654524,0.83225,38,28.0,48.0,39,20.0,3,128,47,15380
HHS Region,hhs10,2013,13,0.738623,0.793073,27,28.0,41.0,35,13.0,6,109,47,13744
HHS Region,hhs10,2013,14,0.721545,0.66997,20,28.0,44.0,25,16.0,7,96,44,14329
HHS Region,hhs10,2013,15,0.425599,0.433688,14,16.0,24.0,21,8.0,3,62,42,14296
HHS Region,hhs10,2013,16,0.404495,0.47626,15,13.0,22.0,23,9.0,5,65,44,13648
HHS Region,hhs10,2013,17,0.374257,0.415956,15,20.0,25.0,16,5.0,5,61,44,14665
HHS Region,hhs10,2013,18,0.43933,0.43475,10,16.0,21.0,24,5.0,3,58,41,13341
HHS Region,hhs10,2013,19,0.209236,0.203384,3,3.0,7.0,13,4.0,2,25,34,12292
HHS Region,hhs10,2013,20,0.316906,0.305188,8,12.0,13.0,13,1.0,2,36,33,11796
HHS Region,hhs10,2013,21,0.301519,0.362498,13,10.0,12.0,17,2.0,2,44,34,12138
HHS Region,hhs10,2013,22,0.265127,0.245374,4,4.0,6.0,10,2.0,4,24,32,9781
HHS Region,hhs10,2013,23,0.344682,0.311412,5,1.0,11.0,12,10.0,6,34,29,10918
HHS Region,hhs10,2013,24,0.349294,0.31183,8,10.0,14.0,8,4.0,2,32,28,10262
HHS Region,hhs10,2013,25,0.284769,0.257041,4,5.0,11.0,6,6.0,2,23,29,8948
HHS Region,hhs10,2013,26,0.188386,0.167625,2,5.0,9.0,2,4.0,1,14,25,8352
HHS Region,hhs10,2013,27,0.152616,0.143575,3,3.0,4.0,1,1.0,2,10,23,6965
HHS Region,hhs10,2013,28,0.247997,0.238176,6,6.0,10.0,4,4.0,1,21,23,8817
HHS Region,hhs10,2013,29,0.223801,0.236635,5,5.0,9.0,7,4.0,1,22,24,9297
HHS Region,hhs10,2013,30,0.237772,0.20654,6,3.0,5.0,3,2.0,4,18,25,8715
HHS Region,hhs10,2013,31,0.196758,0.123411,5,0.0,2.0,3,2.0,0,10,25,8103
HHS Region,hhs10,2013,32,0.212315,0.22094,1,7.0,9.0,6,2.0,2,18,24,8147
HHS Region,hhs10,2013,33,0.123412,0.167224,4,6.0,8.0,1,2.0,0,13,24,7774
HHS Region,hhs10,2013,34,0.127551,0.162973,5,1.0,1.0,5,0.0,4,15,23,9204
HHS Region,hhs10,2013,35,0.117555,0.15639,4,6.0,6.0,4,0.0,0,14,23,8952
HHS Region,hhs10,2013,36,0.13834,0.160299,3,2.0,3.0,6,1.0,0,12,22,7486
HHS Region,hhs10,2013,37,0.204708,0.258956,11,4.0,5.0,7,1.0,1,24,22,9268
HHS Region,hhs10,2013,38,0.299062,0.319421,11,8.0,11.0,8,3.0,0,30,24,9392
HHS Region,hhs10,2013,39,0.34105,0.336854,10,9.0,14.0,9,5.0,4,37,25,10984
HHS Region,hhs10,2013,40,0.429608,0.472829,12,17.0,25.0,34,8.0,2,73,47,15439
HHS Region,hhs10,2013,41,0.405647,0.448486,16,18.0,22.0,29,4.0,6,73,45,16277
HHS Region,hhs10,2013,42,0.511438,0.547827,27,10.0,18.0,40,8.0,4,89,50,16246
HHS Region,hhs10,2013,43,0.513327,0.496902,21,19.0,29.0,27,10.0,4,81,52,16301
HHS Region,hhs10,2013,44,0.535649,0.525892,19,23.0,31.0,31,8.0,4,85,51,16163
HHS Region,hhs10,2013,45,0.379759,0.398577,22,6.0,11.0,23,5.0,9,65,52,16308
HHS Region,hhs10,2013,46,0.503713,0.534071,19,13.0,22.0,40,9.0,2,83,52,15541
HHS Region,hhs10,2013,47,0.469309,0.48484,30,12.0,15.0,24,3.0,2,71,48,14644
HHS Region,hhs10,2013,48,0.680224,0.656018,22,16.0,24.0,22,8.0,1,69,53,10518
HHS Region,hhs10,2013,49,0.653257,0.639777,14,19.0,34.0,39,15.0,5,92,52,14380
HHS Region,hhs10,2013,50,0.860692,0.916975,25,39.0,54.0,43,15.0,7,129,52,14068
HHS Region,hhs10,2013,51,1.50751,1.80688,50,58.0,92.0,67,34.0,9,218,51,12065
HHS Region,hhs10,2013,52,3.58097,4.72831,107,109.0,163.0,90,54.0,22,382,52,8079
HHS Region,hhs10,2014,1,3.99164,4.9901,140,139.0,203.0,110,64.0,26,479,49,9599
HHS Region,hhs10,2014,2,3.36928,3.89874,101,182.0,275.0,174,93.0,26,576,51,14774
HHS Region,hhs10,2014,3,2.75802,2.96014,74,123.0,184.0,147,61.0,22,427,51,14425
HHS Region,hhs10,2014,4,2.40345,2.40274,63,89.0,125.0,120,36.0,15,323,53,13443
HHS Region,hhs10,2014,5,1.7524,1.87689,45,69.0,104.0,96,35.0,9,254,48,13533
HHS Region,hhs10,2014,6,1.59128,1.65111,46,61.0,87.0,71,26.0,10,214,50,12961
HHS Region,hhs10,2014,7,1.23503,1.26717,46,36.0,54.0,64,18.0,3,167,48,13179
HHS Region,hhs10,2014,8,1.29149,1.23944,49,33.0,46.0,59,13.0,3,157,48,12667
HHS Region,hhs10,2014,9,0.663587,0.783102,34,11.0,26.0,44,15.0,5,109,48,13919
HHS Region,hhs10,2014,10,0.828104,1.00366,30,27.0,39.0,60,12.0,11,140,49,13949
HHS Region,hhs10,2014,11,0.601935,0.616421,21,10.0,16.0,38,6.0,0,75,45,12167
HHS Region,hhs10,2014,12,0.814837,0.814361,40,14.0,19.0,32,5.0,2,93,42,11420
HHS Region,hhs10,2014,13,0.669393,0.680142,19,10.0,15.0,30,5.0,7,71,43,10439
HHS Region,hhs10,2014,14,0.752904,0.886525,46,12.0,17.0,37,5.0,5,105,41,11844
HHS Region,hhs10,2014,15,0.633137,0.729269,34,17.0,23.0,28,6.0,4,89,42,12204
HHS Region,hhs10,2014,16,0.764785,0.88581,29,22.0,28.0,42,6.0,2,101,39,11402
HHS Region,hhs10,2014,17,0.764892,0.924992,39,13.0,24.0,40,11.0,7,110,37,11892
HHS Region,hhs10,2014,18,0.515472,0.646534,24,16.0,22.0,28,6.0,5,79,36,12219
HHS Region,hhs10,2014,19,0.753909,0.874036,34,25.0,30.0,32,5.0,6,102,37,11670
HHS Region,hhs10,2014,20,0.643924,0.884422,33,10.0,15.0,37,5.0,3,88,32,9950
HHS Region,hhs10,2014,21,0.578593,0.609826,15,10.0,14.0,22,4.0,2,53,30,8691
HHS Region,hhs10,2014,22,0.364697,0.371389,10,2.0,4.0,11,2.0,2,27,27,7270
HHS Region,hhs10,2014,23,0.355279,0.398818,7,2.0,3.0,13,1.0,4,27,22,6770
HHS Region,hhs10,2014,24,0.358122,0.36427,3,4.0,8.0,11,4.0,1,23,20,6314
HHS Region,hhs10,2014,25,0.366764,0.386022,6,6.0,8.0,5,2.0,0,19,18,4922
HHS Region,hhs10,2014,26,0.269915,0.269374,3,3.0,4.0,5,1.0,1,13,18,4826
HHS Region,hhs10,2014,27,0.281227,0.293772,6,1.0,1.0,3,0.0,0,10,16,3404
HHS Region,hhs10,2014,28,0.335847,0.334608,3,2.0,4.0,4,2.0,3,14,17,4184
HHS Region,hhs10,2014,29,0.256796,0.313129,5,2.0,3.0,5,1.0,1,14,17,4471
HHS Region,hhs10,2014,30,0.144182,0.180723,4,0.0,0.0,2,0.0,0,6,15,3320
HHS Region,hhs10,2014,31,0.393134,0.419776,3,4.0,4.0,8,0.0,3,18,15,4288
HHS Region,hhs10,2014,32,0.218287,0.21901,4,1.0,2.0,3,1.0,1,10,16,4566
HHS Region,hhs10,2014,33,0.17977,0.182983,2,3.0,4.0,2,1.0,0,8,16,4372
HHS Region,hhs10,2014,34,0.197823,0.260156,3,3.0,5.0,4,2.0,1,13,16,4997
HHS Region,hhs10,2014,35,0.154741,0.145278,3,2.0,2.0,0,0.0,1,6,16,4130
HHS Region,hhs10,2014,36,0.192155,0.21978,1,3.0,6.0,2,3.0,1,10,16,4550
HHS Region,hhs10,2014,37,0.245647,0.271213,1,4.0,7.0,3,3.0,3,14,15,5162
HHS Region,hhs10,2014,38,0.616897,0.591922,11,9.0,14.0,7,5.0,2,34,18,5744
HHS Region,hhs10,2014,39,0.382256,0.374471,9,2.0,3.0,10,1.0,1,23,17,6142
HHS Region,hhs10,2014,40,0.46365,0.546008,22,7.0,8.0,30,1.0,1,61,55,11172
HHS Region,hhs10,2014,41,1.06759,1.00433,24,20.0,30.0,66,10.0,3,123,56,12247
HHS Region,hhs10,2014,42,0.777402,0.843617,34,12.0,23.0,62,11.0,2,121,69,14343
HHS Region,hhs10,2014,43,0.729107,0.802178,39,20.0,26.0,40,6.0,4,109,65,13588
HHS Region,hhs10,2014,44,0.841509,0.942479,35,27.0,32.0,52,5.0,7,126,69,13369
HHS Region,hhs10,2014,45,0.888481,1.16416,46,24.0,34.0,67,10.0,11,158,71,13572
HHS Region,hhs10,2014,46,0.922181,1.1317,43,29.0,39.0,59,10.0,8,149,71,13166
HHS Region,hhs10,2014,47,1.00522,1.2931,58,22.0,28.0,65,6.0,17,168,68,12992
HHS Region,hhs10,2014,48,1.05653,1.33495,57,22.0,34.0,44,12.0,8,143,71,10712
HHS Region,hhs10,2014,49,1.31247,1.52545,59,31.0,59.0,73,28.0,11,202,70,13242
HHS Region,hhs10,2014,50,1.47179,1.79288,64,37.0,60.0,94,23.0,10,228,71,12717
HHS Region,hhs10,2014,51,2.04804,2.56205,84,49.0,68.0,124,19.0,12,288,67,11241
HHS Region,hhs10,2014,52,2.60812,3.6897,97,40.0,54.0,119,14.0,13,283,68,7670
HHS Region,hhs10,2014,53,3.18799,4.45828,127,72.0,104.0,101,32.0,19,351,68,7873
HHS Region,hhs10,2015,1,3.10944,3.33184,131,89.0,152.0,129,63.0,34,446,76,13386
HHS Region,hhs10,2015,2,3.64237,3.73233,131,91.0,136.0,201,45.0,39,507,73,13584
HHS Region,hhs10,2015,3,3.40026,3.68038,130,81.0,122.0,200,41.0,39,491,75,13341
HHS Region,hhs10,2015,4,2.76483,3.17531,95,71.0,110.0,203,39.0,18,426,71,13416
HHS Region,hhs10,2015,5,2.16804,2.46405,92,69.0,97.0,140,28.0,24,353,73,14326
HHS Region,hhs10,2015,6,1.80664,2.14136,75,42.0,67.0,133,25.0,11,286,70,13356
HHS Region,hhs10,2015,7,1.18081,1.53229,55,43.0,58.0,76,15.0,2,191,66,12465
HHS Region,hhs10,2015,8,1.07433,1.44238,66,31.0,45.0,63,14.0,11,185,63,12826
HHS Region,hhs10,2015,9,1.10581,1.40524,57,35.0,49.0,63,14.0,10,179,61,12738
HHS Region,hhs10,2015,10,1.15354,1.4437,64,26.0,37.0,83,11.0,11,195,69,13507
HHS Region,hhs10,2015,11,1.19703,1.46691,50,27.0,35.0,76,8.0,9,170,64,11589
HHS Region,hhs10,2015,12,0.884297,1.14891,40,25.0,42.0,42,17.0,5,129,66,11228
HHS Region,hhs10,2015,13,0.977884,1.14876,43,27.0,38.0,52,11.0,5,138,65,12013
HHS Region,hhs10,2015,14,0.657071,0.841477,34,11.0,18.0,38,7.0,3,93,59,11052
HHS Region,hhs10,2015,15,0.838291,0.998437,35,19.0,29.0,47,10.0,4,115,63,11518
HHS Region,hhs10,2015,16,0.914171,1.1214,48,19.0,28.0,46,9.0,4,126,60,11236
HHS Region,hhs10,2015,17,0.825758,1.31766,37,26.0,36.0,62,10.0,4,139,57,10549
HHS Region,hhs10,2015,18,0.528082,0.764554,34,16.0,22.0,21,6.0,6,83,52,10856
HHS Region,hhs10,2015,19,0.700294,0.822549,16,13.0,22.0,31,9.0,6,75,49,9118
HHS Region,hhs10,2015,20,0.610391,1.27361,38,10.0,13.0,35,3.0,3,89,34,6988
HHS Region,hhs10,2015,21,0.567533,0.770416,23,8.0,10.0,23,2.0,4,60,48,7788
HHS Region,hhs10,2015,22,0.554538,0.560115,15,6.0,9.0,17,3.0,2,43,43,7677
HHS Region,hhs10,2015,23,0.466817,0.507757,18,7.0,9.0,7,2.0,2,36,42,7090
HHS Region,hhs10,2015,24,0.373802,0.490196,7,9.0,15.0,6,6.0,2,30,42,6120
HHS Region,hhs10,2015,25,0.44034,0.625195,8,6.0,15.0,6,9.0,11,40,42,6398
HHS Region,hhs10,2015,26,0.400814,0.552995,9,10.0,15.0,3,5.0,3,30,42,5425
HHS Region,hhs10,2015,27,0.525571,0.715951,15,11.0,19.0,7,8.0,2,43,43,6006
HHS Region,hhs10,2015,28,0.404925,0.448878,12,1.0,5.0,8,4.0,2,27,44,6015
HHS Region,hhs10,2015,29,0.119489,0.373396,9,2.0,4.0,3,2.0,0,16,28,4285
HHS Region,hhs10,2015,30,0.274353,0.327273,5,3.0,6.0,2,3.0,5,18,44,5500
HHS Region,hhs10,2015,31,0.277682,0.407332,10,4.0,5.0,7,1.0,2,24,43,5892
HHS Region,hhs10,2015,32,0.176249,0.263591,5,2.0,6.0,4,4.0,1,16,42,6070
HHS Region,hhs10,2015,33,0.233461,0.293513,5,7.0,9.0,4,2.0,2,20,43,6814
HHS Region,hhs10,2015,34,0.129447,0.137955,1,4.0,5.0,1,1.0,1,8,40,5799
HHS Region,hhs10,2015,35,0.409017,0.464396,7,6.0,9.0,12,3.0,5,33,46,7106
HHS Region,hhs10,2015,36,0.545922,0.740497,13,10.0,17.0,12,7.0,3,45,43,6077
HHS Region,hhs10,2015,37,0.500789,0.513375,11,6.0,9.0,16,3.0,2,38,44,7402
HHS Region,hhs10,2015,38,0.507331,0.517647,15,5.0,7.0,18,2.0,4,44,42,8500
HHS Region,hhs10,2015,39,0.629231,0.542005,12,10.0,15.0,14,5.0,7,48,48,8856
HHS Region,hhs10,2015,40,0.497072,0.500344,38,14.0,19.0,21,5.0,2,80,77,15989
HHS Region,hhs10,2015,41,0.756054,0.759702,33,14.0,28.0,42,14.0,8,111,79,14611
HHS Region,hhs10,2015,42,0.550018,0.615385,29,17.0,25.0,33,8.0,9,96,82,15600
HHS Region,hhs10,2015,43,0.853014,0.795309,50,18.0,32.0,32,14.0,4,118,72,14837
HHS Region,hhs10,2015,44,0.526763,0.545378,19,14.0,22.0,32,8.0,5,78,83,14302
HHS Region,hhs10,2015,45,0.891904,0.98457,32,22.0,33.0,51,11.0,18,134,76,13610
HHS Region,hhs10,2015,46,0.699363,0.778391,47,26.0,37.0,28,11.0,5,117,82,15031
HHS Region,hhs10,2015,47,0.82039,0.998143,31,18.0,28.0,24,10.0,3,86,75,8616
HHS Region,hhs10,2015,48,0.812498,0.923988,52,20.0,28.0,39,8.0,9,128,77,13853
HHS Region,hhs10,2015,49,0.594886,0.6004,32,12.0,18.0,27,6.0,4,81,81,13491
HHS Region,hhs10,2015,50,0.658719,0.703319,37,12.0,16.0,26,4.0,3,82,75,11659
HHS Region,hhs10,2015,51,0.66188,0.623279,23,5.0,6.0,13,1.0,1,43,76,6899
HHS Region,hhs10,2015,52,0.791975,0.787498,27,8.0,18.0,18,10.0,1,64,77,8127
HHS Region,hhs10,2016,1,0.888661,1.03464,38,42.0,56.0,30,14.0,11,135,79,13048
HHS Region,hhs10,2016,2,1.08777,1.20754,52,27.0,52.0,55,25.0,7,166,79,13747
HHS Region,hhs10,2016,3,1.3789,1.40265,50,31.0,49.0,62,18.0,6,167,74,11906
HHS Region,hhs10,2016,4,1.41403,1.50403,55,37.0,60.0,92,23.0,4,211,76,14029
HHS Region,hhs10,2016,5,1.65259,1.71889,67,31.0,61.0,129,30.0,14,271,81,15766
HHS Region,hhs10,2016,6,1.73793,1.66957,50,43.0,60.0,105,17.0,15,230,73,13776
HHS Region,hhs10,2016,7,2.44289,2.41081,94,62.0,96.0,141,34.0,15,346,75,14352
HHS Region,hhs10,2016,8,2.13499,2.10334,64,66.0,101.0,154,35.0,14,333,75,15832
HHS Region,hhs10,2016,9,1.98941,2.09782,79,62.0,101.0,145,39.0,16,341,73,16255
HHS Region,hhs10,2016,10,2.21239,2.4374,67,63.0,95.0,187,32.0,17,366,67,15016
HHS Region,hhs10,2016,11,2.17566,2.78485,84,80.0,105.0,128,25.0,11,328,64,11778
HHS Region,hhs10,2016,12,1.707,1.97732,52,53.0,79.0,78,26.0,9,218,66,11025
HHS Region,hhs10,2016,13,1.77751,2.08394,52,66.0,107.0,116,41.0,11,286,65,13724
HHS Region,hhs10,2016,14,1.71131,1.95597,39,47.0,80.0,93,33.0,19,231,63,11810
HHS Region,hhs10,2016,15,0.994849,1.10593,31,24.0,36.0,53,12.0,8,128,59,11574
HHS Region,hhs10,2016,16,0.812725,1.05179,33,28.0,38.0,51,10.0,10,132,59,12550
HHS Region,hhs10,2016,17,0.751127,0.860988,25,15.0,21.0,53,6.0,4,103,57,11963
HHS Region,hhs10,2016,18,0.940669,1.07879,32,9.0,14.0,47,5.0,9,102,51,9455
HHS Region,hhs10,2016,19,0.529396,0.596181,23,5.0,10.0,24,5.0,7,64,55,10735
HHS Region,hhs10,2016,20,0.530742,0.772627,11,5.0,6.0,49,1.0,4,70,49,9060
HHS Region,hhs10,2016,21,0.201718,0.231293,4,4.0,8.0,4,4.0,1,17,41,7350
HHS Region,hhs10,2016,22,0.187745,0.227052,4,3.0,5.0,5,2.0,0,14,37,6166
HHS Region,hhs10,2016,23,0.274262,0.298211,6,5.0,7.0,5,2.0,3,21,37,7042
HHS Region,hhs10,2016,24,0.334307,0.367711,6,4.0,6.0,8,2.0,1,21,37,5711
HHS Region,hhs10,2016,25,0.218156,0.218634,3,4.0,8.0,2,4.0,0,13,32,5946
HHS Region,hhs10,2016,26,0.10407,0.127389,0,2.0,5.0,2,3.0,0,7,35,5495
HHS Region,hhs10,2016,27,0.177107,0.254777,3,3.0,9.0,0,6.0,2,14,38,5495
HHS Region,hhs10,2016,28,0.235844,0.246629,3,4.0,8.0,3,4.0,1,15,36,6082
HHS Region,hhs10,2016,29,0.151754,0.171145,2,3.0,5.0,2,2.0,1,10,35,5843
HHS Region,hhs10,2016,30,0.239537,0.300526,4,3.0,6.0,4,3.0,2,16,34,5324
HHS Region,hhs10,2016,31,0.159146,0.226797,6,1.0,3.0,2,2.0,2,13,35,5732
HHS Region,hhs10,2016,32,0.195011,0.242089,7,4.0,4.0,1,0.0,2,14,35,5783
HHS Region,hhs10,2016,33,0.117011,0.193194,2,4.0,6.0,5,2.0,0,13,37,6729
HHS Region,hhs10,2016,34,0.183599,0.239091,4,5.0,7.0,4,2.0,1,16,46,6692
HHS Region,hhs10,2016,35,0.269324,0.339687,7,1.0,3.0,7,2.0,1,18,45,5299
HHS Region,hhs10,2016,36,0.322706,0.521159,7,4.0,8.0,8,4.0,2,25,42,4797
HHS Region,hhs10,2016,37,0.317609,0.44574,3,7.0,11.0,8,4.0,4,26,42,5833
HHS Region,hhs10,2016,38,0.231198,0.297587,4,6.0,11.0,10,5.0,3,28,34,9409
HHS Region,hhs10,2016,39,0.271021,0.334697,4,7.0,7.0,12,0.0,4,27,43,8067
HHS Region,hhs10,2016,40,0.439119,0.487179,25,12.0,16.0,27,4.0,8,76,76,15600
HHS Region,hhs10,2016,41,0.427974,0.470936,20,13.0,21.0,24,8.0,2,67,74,14227
HHS Region,hhs10,2016,42,0.489575,0.530757,26,12.0,18.0,27,6.0,7,78,79,14696
HHS Region,hhs10,2016,43,0.529992,0.571949,29,14.0,18.0,37,4.0,4,88,83,15386
HHS Region,hhs10,2016,44,0.573751,0.666057,33,13.0,18.0,44,5.0,7,102,83,15314
HHS Region,hhs10,2016,45,0.737088,0.864164,44,7.0,18.0,59,11.0,7,128,74,14812
HHS Region,hhs10,2016,46,0.643705,0.702448,35,12.0,15.0,48,3.0,5,103,82,14663
HHS Region,hhs10,2016,47,0.789485,0.866096,21,14.0,24.0,36,10.0,8,89,81,10276
HHS Region,hhs10,2016,48,0.775045,0.853601,33,23.0,30.0,52,7.0,11,126,79,14761
HHS Region,hhs10,2016,49,0.693141,0.756129,19,16.0,31.0,42,15.0,7,99,70,13093
HHS Region,hhs10,2016,50,1.50325,1.54778,53,32.0,45.0,77,13.0,14,189,79,12211
HHS Region,hhs10,2016,51,2.05831,1.93088,37,36.0,60.0,58,24.0,21,176,72,9115
HHS Region,hhs10,2016,52,3.67061,3.92888,72,101.0,159.0,89,58.0,38,358,76,9112
HHS Region,hhs10,2017,1,3.02313,3.00683,72,74.0,131.0,96,57.0,27,326,79,10842
HHS Region,hhs10,2017,2,2.15197,2.18089,49,67.0,108.0,101,41.0,34,292,76,13389
HHS Region,hhs10,2017,3,3.25108,3.00934,70,85.0,127.0,191,42.0,21,409,79,13591
HHS Region,hhs10,2017,4,2.51434,2.51333,69,62.0,87.0,177,25.0,30,363,77,14443
HHS Region,hhs10,2017,5,2.28634,2.42269,75,52.0,81.0,161,29.0,34,351,82,14488
HHS Region,hhs10,2017,6,2.00447,2.45587,77,58.0,92.0,124,34.0,27,320,80,13030
HHS Region,hhs10,2017,7,1.77728,2.23159,81,54.0,86.0,131,32.0,25,323,81,14474
HHS Region,hhs10,2017,8,1.51737,1.91908,73,52.0,81.0,89,29.0,25,268,79,13965
HHS Region,hhs10,2017,9,1.46199,1.7982,59,56.0,86.0,77,30.0,30,252,77,14014
HHS Region,hhs10,2017,10,0.952098,1.17925,43,36.0,58.0,59,22.0,15,175,78,14840
HHS Region,hhs10,2017,11,1.26965,1.6052,61,37.0,67.0,70,30.0,17,215,76,13394
HHS Region,hhs10,2017,12,0.916475,1.16566,40,24.0,46.0,52,22.0,13,151,75,12954
HHS Region,hhs10,2017,13,0.910264,1.22268,36,24.0,48.0,62,24.0,14,160,75,13086
HHS Region,hhs10,2017,14,0.796512,1.11156,37,31.0,44.0,50,13.0,8,139,73,12505
HHS Region,hhs10,2017,15,0.672532,0.891949,31,19.0,33.0,42,14.0,8,114,74,12781
HHS Region,hhs10,2017,16,0.594078,0.729206,30,15.0,23.0,39,8.0,4,96,73,13165
HHS Region,hhs10,2017,17,0.47098,0.567475,13,10.0,18.0,34,8.0,8,73,70,12864
HHS Region,hhs10,2017,18,0.715131,0.947712,41,11.0,21.0,48,10.0,6,116,70,12240
HHS Region,hhs10,2017,19,0.532669,0.637959,25,11.0,17.0,25,6.0,5,72,64,11286
HHS Region,hhs10,2017,20,0.606242,0.703463,26,18.0,22.0,25,4.0,5,78,69,11088
HHS Region,hhs10,2017,21,0.274874,0.340368,12,4.0,8.0,11,4.0,4,35,61,10283
HHS Region,hhs10,2017,22,0.351644,0.415573,12,5.0,6.0,14,1.0,6,38,61,9144
HHS Region,hhs10,2017,23,0.246305,0.408975,12,4.0,9.0,11,5.0,5,37,44,9047
HHS Region,hhs10,2017,24,0.296349,0.339765,10,6.0,7.0,9,1.0,2,28,32,8241
HHS Region,hhs10,2017,25,0.420902,0.676046,7,4.0,12.0,14,8.0,4,37,50,5473
HHS Region,hhs10,2017,26,0.269874,0.355823,15,1.0,1.0,4,0.0,6,26,52,7307
HHS Region,hhs10,2017,27,0.142951,0.183089,0,1.0,2.0,7,1.0,2,11,51,6008
HHS Region,hhs10,2017,28,0.138835,0.210704,4,0.0,2.0,4,2.0,5,15,52,7119
HHS Region,hhs10,2017,29,0.143258,0.138217,4,2.0,2.0,3,0.0,1,10,51,7235
HHS Region,hhs10,2017,30,0.109022,0.101818,2,2.0,3.0,2,1.0,0,7,51,6875
HHS Region,hhs10,2017,31,0.364459,0.481232,9,7.0,9.0,11,2.0,1,30,46,6234
HHS Region,hhs10,2017,32,0.240377,0.365909,7,4.0,6.0,8,2.0,3,24,47,6559
HHS Region,hhs10,2017,33,0.126923,0.189908,4,2.0,2.0,4,0.0,4,14,47,7372
HHS Region,hhs10,2017,34,0.241729,0.34478,4,7.0,10.0,7,3.0,4,25,36,7251
HHS Region,hhs10,2017,35,0.293072,0.352392,7,6.0,13.0,13,7.0,7,40,39,11351
HHS Region,hhs10,2017,36,0.222412,0.384874,4,9.0,14.0,9,5.0,13,40,38,10393
HHS Region,hhs10,2017,37,0.450716,0.562852,17,11.0,18.0,18,7.0,13,66,40,11726
HHS Region,hhs10,2017,38,0.451331,0.615017,20,14.0,18.0,30,4.0,4,72,38,11707
HHS Region,hhs10,2017,39,0.378646,0.535658,11,12.0,19.0,17,7.0,4,51,49,9521
HHS Region,hhs10,2017,40,0.520871,0.951621,93,124.0,176.0,121,52.0,51,441,144,46342
HHS Region,hhs10,2017,41,0.63234,0.981147,100,128.0,179.0,157,51.0,48,484,152,49330
HHS Region,hhs10,2017,42,0.799399,1.20109,181,127.0,176.0,199,49.0,54,610,151,50787
HHS Region,hhs10,2017,43,0.706956,1.19291,146,131.0,189.0,187,58.0,49,571,149,47866
HHS Region,hhs10,2017,44,0.956682,1.31131,180,151.0,208.0,219,57.0,48,655,140,49950
HHS Region,hhs10,2017,45,1.00098,1.46684,187,180.0,255.0,220,75.0,69,731,155,49835
HHS Region,hhs10,2017,46,0.929811,1.33272,178,167.0,250.0,259,83.0,63,750,153,56276
HHS Region,hhs10,2017,47,1.25088,1.69106,213,172.0,250.0,237,78.0,74,774,151,45770
HHS Region,hhs10,2017,48,1.20543,1.6102,200,191.0,279.0,247,88.0,70,796,147,49435
HHS Region,hhs10,2017,49,1.11517,1.90156,191,200.0,296.0,286,96.0,63,836,144,43964
HHS Region,hhs10,2017,50,1.30968,2.40226,243,252.0,377.0,372,125.0,98,1090,146,45374
HHS Region,hhs10,2017,51,2.15611,3.5748,364,402.0,597.0,549,195.0,158,1668,150,46660
HHS Region,hhs10,2017,52,4.34775,4.77257,429,682.0,1047.0,497,365.0,349,2322,140,48653
HHS Region,hhs2,2002,1,1.83995225863366,1.88235294117647,60,,59.0,64,,9,192,51,10200
HHS Region,hhs2,2002,2,1.95640508044318,1.80513266637669,87,,47.0,109,,6,249,53,13794
HHS Region,hhs2,2002,3,2.87409398225142,2.61137868753763,104,,67.0,170,,6,347,51,13288
HHS Region,hhs2,2002,4,5.13816157029744,5.03912574203994,297,,143.0,295,,12,747,53,14824
HHS Region,hhs2,2002,5,5.21437725272737,4.10633752670306,262,,116.0,298,,16,692,52,16852
HHS Region,hhs2,2002,6,2.43138923344593,2.4508302187366,118,,106.0,170,,6,400,49,16321
HHS Region,hhs2,2002,7,2.15779539977903,2.19772454243516,100,,56.0,147,,8,311,47,14151
HHS Region,hhs2,2002,8,1.86836482745384,2.01346941609387,96,,50.0,137,,7,290,49,14403
HHS Region,hhs2,2002,9,1.41772017522354,1.52784940691078,68,,50.0,114,,5,237,48,15512
HHS Region,hhs2,2002,10,1.302405820023,1.50223304912708,50,,30.0,133,,9,222,45,14778
HHS Region,hhs2,2002,11,1.84534960531289,2.09240275242241,83,,27.0,184,,4,298,44,14242
HHS Region,hhs2,2002,12,1.36993310812909,1.58753599645573,51,,47.0,112,,5,215,44,13543
HHS Region,hhs2,2002,13,0.925246286812875,1.08095123708864,28,,21.0,84,,2,135,39,12489
HHS Region,hhs2,2002,14,0.833338121223294,0.966104470280007,30,,27.0,54,,7,118,38,12214
HHS Region,hhs2,2002,15,0.52411269681989,0.612244897959184,17,,19.0,24,,3,63,35,10290
HHS Region,hhs2,2002,16,0.493099061575202,0.544111931597357,17,,15.0,22,,2,56,34,10292
HHS Region,hhs2,2002,17,0.358457621413004,0.411522633744856,12,,4.0,25,,3,44,33,10692
HHS Region,hhs2,2002,18,0.31371129657159,0.340102030609183,13,,10.0,11,,0,34,30,9997
HHS Region,hhs2,2002,19,0.350671680458166,0.366734980045303,17,,4.0,12,,1,34,28,9271
HHS Region,hhs2,2002,20,0.281076636511109,0.322150633192624,7,,8.0,14,,0,29,29,9002
HHS Region,hhs2,2002,40,1.47410887252173,1.32275132275132,64,,48.0,81,,12,205,56,15498
HHS Region,hhs2,2002,41,1.94805727073257,1.79991403395659,116,,84.0,118,,17,335,67,18612
HHS Region,hhs2,2002,42,1.8614063546807,1.69924027141449,136,,42.0,104,,11,293,69,17243
HHS Region,hhs2,2002,43,2.19488052073565,1.83206106870229,145,,59.0,119,,13,336,65,18340
HHS Region,hhs2,2002,44,1.79574026212408,1.68209008640524,143,,61.0,117,,8,329,73,19559
HHS Region,hhs2,2002,45,2.68916224525191,1.88169301376849,158,,65.0,128,,18,369,73,19610
HHS Region,hhs2,2002,46,2.36840664261006,1.88754222133916,142,,79.0,141,,18,380,75,20132
HHS Region,hhs2,2002,47,2.13000072183308,1.68905570920585,131,,66.0,127,,18,342,76,20248
HHS Region,hhs2,2002,48,2.51125316966403,2.13188559322034,158,,67.0,87,,10,322,73,15104
HHS Region,hhs2,2002,49,2.26602313344277,2.02663011552771,160,,94.0,142,,18,414,79,20428
HHS Region,hhs2,2002,50,1.86905434763196,1.74574274392203,124,,76.0,109,,17,326,71,18674
HHS Region,hhs2,2002,51,2.47069594111004,2.13546160483175,130,,89.0,147,,30,396,72,18544
HHS Region,hhs2,2002,52,1.87907565302555,2.18833827474234,105,,98.0,79,,28,310,72,14166
HHS Region,hhs2,2003,1,2.4783062220219,1.96968587537527,94,,78.0,84,,13,269,70,13657
HHS Region,hhs2,2003,2,1.66986016766333,1.66617254669434,107,,67.0,96,,11,281,66,16865
HHS Region,hhs2,2003,3,2.8289960940247,2.32401859214874,159,,72.0,169,,15,415,69,17857
HHS Region,hhs2,2003,4,2.04231975034804,2.10661080074488,116,,72.0,165,,9,362,67,17184
HHS Region,hhs2,2003,5,3.02711745553581,2.30319278576651,93,,73.0,195,,17,378,64,16412
HHS Region,hhs2,2003,6,3.24080341124427,2.89423857181499,86,,74.0,260,,8,428,62,14788
HHS Region,hhs2,2003,7,3.49221441318931,2.68350930115636,101,,87.0,222,,17,427,58,15912
HHS Region,hhs2,2003,8,3.23667385586978,2.58148035333536,103,,60.0,167,,9,339,56,13132
HHS Region,hhs2,2003,9,2.0283902827065,1.70906200317965,72,,65.0,112,,9,258,53,15096
HHS Region,hhs2,2003,10,0.694100634999899,0.998469499307631,46,,24.0,63,,4,137,51,13721
HHS Region,hhs2,2003,11,1.96195066562572,1.88894746090318,38,,39.0,103,,35,215,49,11382
HHS Region,hhs2,2003,12,1.61535312202976,1.53979785217941,46,,43.0,105,,1,195,47,12664
HHS Region,hhs2,2003,13,1.29221959749738,1.28419877163596,47,,39.0,71,,4,161,42,12537
HHS Region,hhs2,2003,14,1.29973232004849,1.28371790705232,35,,34.0,85,,4,158,38,12308
HHS Region,hhs2,2003,15,1.34059333871255,1.30770581007548,40,,26.0,80,,3,149,36,11394
HHS Region,hhs2,2003,16,0.908863247521766,0.904512282865659,34,,18.0,33,,3,88,35,9729
HHS Region,hhs2,2003,17,0.622013037346278,0.772047906562407,34,,10.0,32,,2,78,36,10103
HHS Region,hhs2,2003,18,0.424340288466895,0.588707519400589,28,,7.0,29,,2,66,35,11211
HHS Region,hhs2,2003,19,0.531825780312723,0.507765830346475,22,,7.0,20,,2,51,31,10044
HHS Region,hhs2,2003,20,1.84901687398517,1.06233062330623,42,,5.0,50,,1,98,31,9225
HHS Region,hhs2,2003,21,1.54603484760055,0.867221375834994,33,,2.0,39,,0,74,22,8533
HHS Region,hhs2,2003,22,2.61156670659302,1.68783422459893,44,,12.0,42,,3,101,20,5984
HHS Region,hhs2,2003,23,1.35671278465426,1.52371590071271,21,,2.0,36,,3,62,18,4069
HHS Region,hhs2,2003,24,1.41651582987053,1.64538310412574,28,,2.0,30,,7,67,18,4072
HHS Region,hhs2,2003,25,1.09704770753744,1.34003350083752,22,,1.0,22,,3,48,16,3582
HHS Region,hhs2,2003,26,0.64936420453076,0.88188134687333,12,,3.0,15,,3,33,19,3742
HHS Region,hhs2,2003,27,0.562316824301388,0.531135531135531,13,,2.0,12,,2,29,19,5460
HHS Region,hhs2,2003,28,1.02956931295134,0.870776732845698,21,,5.0,18,,6,50,17,5742
HHS Region,hhs2,2003,29,0.643034963793181,0.716132882434852,10,,4.0,15,,7,36,16,5027
HHS Region,hhs2,2003,30,0.793931156048511,0.879718490083173,17,,3.0,31,,4,55,21,6252
HHS Region,hhs2,2003,31,0.557352107503237,0.641764028303439,14,,0.0,21,,4,39,20,6077
HHS Region,hhs2,2003,32,0.538246690073573,0.635386119257087,18,,2.0,18,,1,39,21,6138
HHS Region,hhs2,2003,33,0.597597359556346,0.661290322580645,20,,1.0,17,,3,41,20,6200
HHS Region,hhs2,2003,34,0.999137836158916,1.04720476880941,29,,3.0,30,,3,65,18,6207
HHS Region,hhs2,2003,35,0.777429020957546,0.808383233532934,22,,2.0,27,,3,54,17,6680
HHS Region,hhs2,2003,36,0.766466203288249,0.735073507350735,16,,3.0,27,,3,49,20,6666
HHS Region,hhs2,2003,37,0.913998516684116,0.867011606768284,20,,2.0,40,,0,62,20,7151
HHS Region,hhs2,2003,38,0.930911280100066,0.868403473613894,18,,5.0,41,,1,65,20,7485
HHS Region,hhs2,2003,39,0.974528913670719,1.03196859226024,21,,7.0,56,,8,92,24,8915
HHS Region,hhs2,2003,40,1.03418384426798,0.526527151845076,47,,8.0,59,,4,118,69,22411
HHS Region,hhs2,2003,41,1.35449454513277,0.729896563229897,50,,26.0,79,,20,175,77,23976
HHS Region,hhs2,2003,42,1.14211295007068,0.685014794698229,50,,35.0,76,,8,169,78,24671
HHS Region,hhs2,2003,43,1.1156458233962,0.681022675391873,43,,33.0,96,,7,179,86,26284
HHS Region,hhs2,2003,44,1.31396678523876,0.877953200949546,57,,30.0,129,,17,233,84,26539
HHS Region,hhs2,2003,45,1.28673546357029,0.985321547319763,73,,43.0,114,,13,243,85,24662
HHS Region,hhs2,2003,46,1.72050794636397,1.20803379530127,103,,38.0,172,,13,326,87,26986
HHS Region,hhs2,2003,47,1.87600835533687,1.42063701968489,105,,51.0,209,,11,376,93,26467
HHS Region,hhs2,2003,48,2.09556359852635,1.61495546637956,128,,41.0,148,,13,330,94,20434
HHS Region,hhs2,2003,49,2.81685201408753,2.28200816718712,180,,97.0,371,,17,665,95,29141
HHS Region,hhs2,2003,50,4.29924714974995,4.07832302240375,395,,206.0,726,,31,1358,97,33298
HHS Region,hhs2,2003,51,6.21170604874162,5.64007120893348,319,,233.0,810,,32,1394,97,24716
HHS Region,hhs2,2003,52,6.43103743500899,5.48093253049251,429,,161.0,453,,22,1065,91,19431
HHS Region,hhs2,2003,53,3.72723087217138,3.23217626273124,239,,146.0,195,,42,622,91,19244
HHS Region,hhs2,2004,1,2.45850993018434,1.97083169097359,138,,118.0,161,,33,450,96,22833
HHS Region,hhs2,2004,2,1.83110523140144,1.47612745597068,88,,55.0,133,,14,290,92,19646
HHS Region,hhs2,2004,3,1.60186976830159,1.20902226894772,75,,49.0,121,,8,253,86,20926
HHS Region,hhs2,2004,4,1.73212853533771,1.16207077201505,66,,48.0,119,,11,244,87,20997
HHS Region,hhs2,2004,5,1.24144826490192,1.0347937532634,42,,55.0,116,,5,218,75,21067
HHS Region,hhs2,2004,6,1.4984977276736,0.884199949761367,43,,43.0,87,,3,176,68,19905
HHS Region,hhs2,2004,7,1.80205538549301,1.09250617622838,51,,37.0,104,,7,199,66,18215
HHS Region,hhs2,2004,8,1.57332125660416,0.888395335924486,44,,31.0,98,,3,176,66,19811
HHS Region,hhs2,2004,9,1.17859586525367,0.60752688172043,30,,14.0,66,,3,113,58,18600
HHS Region,hhs2,2004,10,1.25890246363878,0.833812535940196,29,,30.0,82,,4,145,59,17390
HHS Region,hhs2,2004,11,1.2567273011703,0.789250538125367,28,,26.0,64,,3,121,59,15331
HHS Region,hhs2,2004,12,1.36882124886573,0.896804345080207,48,,15.0,69,,10,142,58,15834
HHS Region,hhs2,2004,13,1.58868510277509,0.989473684210526,42,,17.0,71,,11,141,52,14250
HHS Region,hhs2,2004,14,1.40573610303778,0.853158326497129,40,,9.0,51,,4,104,49,12190
HHS Region,hhs2,2004,15,1.10054499621829,0.675163101198604,32,,12.0,43,,2,89,49,13182
HHS Region,hhs2,2004,16,1.32900622851938,0.788749162884143,40,,3.0,59,,4,106,48,13439
HHS Region,hhs2,2004,17,1.0304338757635,0.596947257065135,30,,12.0,34,,3,79,45,13234
HHS Region,hhs2,2004,18,0.915022099332321,0.625329616514729,25,,11.0,42,,5,83,47,13273
HHS Region,hhs2,2004,19,1.02576237474597,0.720472759653525,38,,6.0,43,,2,89,46,12353
HHS Region,hhs2,2004,20,1.29285275280971,0.878927708196001,31,,10.0,34,,5,80,34,9102
HHS Region,hhs2,2004,21,1.45694992324519,0.944792259533295,34,,1.0,41,,7,83,28,8785
HHS Region,hhs2,2004,22,1.46885701651114,0.895450145208132,29,,2.0,40,,3,74,27,8264
HHS Region,hhs2,2004,23,1.44195878771483,0.98491459917716,34,,7.0,34,,4,79,26,8021
HHS Region,hhs2,2004,24,0.795967543772371,0.673439105124986,27,,6.0,24,,2,59,26,8761
HHS Region,hhs2,2004,25,0.899793505786096,0.584415584415584,12,,1.0,30,,2,45,24,7700
HHS Region,hhs2,2004,26,0.18887599301431,0.161725067385445,4,,1.0,5,,2,12,24,7420
HHS Region,hhs2,2004,27,0.999731255143333,0.435762584522915,11,,2.0,13,,3,29,22,6655
HHS Region,hhs2,2004,28,1.26994005488232,0.866524779568258,20,,8.0,23,,6,57,20,6578
HHS Region,hhs2,2004,29,1.27903923856422,0.629425649095201,17,,5.0,26,,0,48,19,7626
HHS Region,hhs2,2004,30,1.94475232435536,0.713349832581162,22,,1.0,26,,0,49,20,6869
HHS Region,hhs2,2004,31,0.873477061446522,0.487606663957741,19,,2.0,15,,0,36,20,7383
HHS Region,hhs2,2004,32,1.00004625359494,0.717863105175292,15,,1.0,25,,2,43,19,5990
HHS Region,hhs2,2004,33,0.736805821109072,0.439531166755461,17,,0.0,16,,0,33,20,7508
HHS Region,hhs2,2004,34,0.719834815941513,0.447149422431996,16,,5.0,13,,2,36,19,8051
HHS Region,hhs2,2004,35,0.764125721739575,0.485495812598616,18,,5.0,17,,0,40,19,8239
HHS Region,hhs2,2004,36,1.50028556533398,0.69217709285621,21,,4.0,25,,3,53,18,7657
HHS Region,hhs2,2004,37,1.14122700779701,0.721500721500722,18,,5.0,35,,2,60,20,8316
HHS Region,hhs2,2004,38,1.05788435950264,0.928074245939675,21,,17.0,53,,1,92,22,9913
HHS Region,hhs2,2004,39,0.763178943955111,0.720697939056771,18,,3.0,36,,0,57,20,7909
HHS Region,hhs2,2004,40,1.62976168224374,1.01535172949864,55,,40.0,98,,16,209,68,20584
HHS Region,hhs2,2004,41,0.971339361062657,0.715286839688754,43,,36.0,65,,4,148,68,20691
HHS Region,hhs2,2004,42,0.885763776134842,0.713680899963711,51,,41.0,71,,14,177,74,24801
HHS Region,hhs2,2004,43,1.3821389248151,0.925774209405211,55,,43.0,113,,15,226,75,24412
HHS Region,hhs2,2004,44,1.17874603432842,0.820568927789934,67,,37.0,99,,7,210,78,25592
HHS Region,hhs2,2004,45,1.27729035396604,0.847394633167323,79,,26.0,111,,12,228,85,26906
HHS Region,hhs2,2004,46,1.54419972169607,1.29989969909729,102,,61.0,137,,24,324,88,24925
HHS Region,hhs2,2004,47,1.88415091553935,1.31029797146462,90,,49.0,118,,13,270,86,20606
HHS Region,hhs2,2004,48,1.59907411542248,1.29290441742343,92,,76.0,144,,24,336,88,25988
HHS Region,hhs2,2004,49,2.33202971907278,1.80865515233844,121,,117.0,193,,35,466,86,25765
HHS Region,hhs2,2004,50,2.57741787632084,2.19441340782123,107,,140.0,220,,24,491,89,22375
HHS Region,hhs2,2004,51,4.34130170094385,4.1027514000487,192,,165.0,264,,53,674,86,16428
HHS Region,hhs2,2004,52,3.81707836892581,3.7983006271495,258,,207.0,243,,43,751,88,19772
HHS Region,hhs2,2005,1,3.55392643772194,3.17991277469619,196,,254.0,236,,65,751,88,23617
HHS Region,hhs2,2005,2,3.50155087368276,3.04883786581349,181,,177.0,262,,28,648,84,21254
HHS Region,hhs2,2005,3,2.90919698305596,2.60895641743303,131,,117.0,242,,32,522,82,20008
HHS Region,hhs2,2005,4,3.52483161733583,2.96128614986603,139,,119.0,358,,25,641,78,21646
HHS Region,hhs2,2005,5,3.6914508844126,3.14465408805031,118,,131.0,431,,20,700,70,22260
HHS Region,hhs2,2005,6,3.98693685308923,3.47695605573419,168,,139.0,472,,32,811,73,23325
HHS Region,hhs2,2005,7,3.42952838729132,2.98379122060278,146,,116.0,412,,20,694,72,23259
HHS Region,hhs2,2005,8,3.51267085997398,3.01977290524667,169,,132.0,277,,39,617,68,20432
HHS Region,hhs2,2005,9,3.88813079675625,2.60896573144218,126,,117.0,233,,28,504,61,19318
HHS Region,hhs2,2005,10,3.24230652113993,2.37388724035608,114,,124.0,208,,18,464,59,19546
HHS Region,hhs2,2005,11,2.2432582172595,1.90056400777288,126,,62.0,206,,7,401,60,21099
HHS Region,hhs2,2005,12,2.80294681365661,2.27550906865472,119,,90.0,190,,10,409,56,17974
HHS Region,hhs2,2005,13,2.07952179300588,1.58190419869899,107,,67.0,136,,11,321,60,20292
HHS Region,hhs2,2005,14,1.46680861374,1.11745240036449,75,,37.0,116,,5,233,56,20851
HHS Region,hhs2,2005,15,1.6457707177079,1.07795957651588,74,,37.0,111,,2,224,54,20780
HHS Region,hhs2,2005,16,1.28974283240692,0.890541664627881,48,,25.0,104,,5,182,55,20437
HHS Region,hhs2,2005,17,1.3672430412904,0.819301331992963,49,,20.0,90,,4,163,54,19895
HHS Region,hhs2,2005,18,1.01555039882008,0.64392169081373,46,,20.0,57,,1,124,54,19257
HHS Region,hhs2,2005,19,1.21198496033505,0.790666814110362,53,,10.0,79,,1,143,50,18086
HHS Region,hhs2,2005,20,0.80649891318947,0.6498056953558,29,,20.0,51,,2,102,46,15697
HHS Region,hhs2,2005,21,0.662983926360827,0.637777389481041,25,,16.0,30,,2,73,39,11446
HHS Region,hhs2,2005,22,1.10628450231686,0.902021772939347,40,,10.0,36,,1,87,33,9645
HHS Region,hhs2,2005,23,1.28854589122435,0.994055160315759,46,,8.0,47,,1,102,32,10261
HHS Region,hhs2,2005,24,0.906122569469313,0.725408646871071,29,,11.0,34,,1,75,31,10339
HHS Region,hhs2,2005,25,0.921276103502629,0.741267262388302,31,,14.0,27,,1,73,30,9848
HHS Region,hhs2,2005,26,0.867397349415374,0.703579076170083,34,,11.0,23,,1,69,25,9807
HHS Region,hhs2,2005,27,0.452557642924978,0.350492880613363,13,,3.0,14,,2,32,22,9130
HHS Region,hhs2,2005,28,0.826061016247078,0.573394495412844,26,,9.0,25,,0,60,26,10464
HHS Region,hhs2,2005,29,0.896719984956434,0.594039468385018,25,,6.0,28,,0,59,23,9932
HHS Region,hhs2,2005,30,0.696962884569532,0.550173424231551,22,,2.0,22,,0,46,21,8361
HHS Region,hhs2,2005,31,0.741585504073971,0.638826452147167,20,,3.0,30,,1,54,20,8453
HHS Region,hhs2,2005,32,0.896433703111047,0.560457906033866,19,,2.0,26,,0,47,20,8386
HHS Region,hhs2,2005,33,0.500686425460382,0.394431554524362,14,,2.0,18,,0,34,21,8620
HHS Region,hhs2,2005,34,0.137525997611049,0.105374077976818,2,,3.0,4,,0,9,19,8541
HHS Region,hhs2,2005,35,0.616613683135694,0.466398134407462,22,,3.0,19,,0,44,20,9434
HHS Region,hhs2,2005,36,0.942212405114276,0.678613084508536,25,,7.0,32,,0,64,24,9431
HHS Region,hhs2,2005,37,0.76918083671481,0.529986052998605,17,,4.0,35,,1,57,24,10755
HHS Region,hhs2,2005,38,1.14827880404889,0.820096685082873,25,,6.0,64,,0,95,26,11584
HHS Region,hhs2,2005,39,1.11427550954438,0.90689821514713,32,,9.0,50,,3,94,24,10365
HHS Region,hhs2,2005,40,1.79450165574805,1.22057162713926,113,,34.0,124,,10,281,68,23022
HHS Region,hhs2,2005,41,2.0731851886207,1.37469642120698,134,,39.0,123,,4,300,72,21823
HHS Region,hhs2,2005,42,2.34293283830256,1.37261071344293,167,,40.0,137,,5,349,73,25426
HHS Region,hhs2,2005,43,2.45528259990046,1.29549426335385,135,,39.0,162,,5,341,75,26322
HHS Region,hhs2,2005,44,2.66724582907452,1.62673671551097,196,,98.0,196,,24,514,86,31597
HHS Region,hhs2,2005,45,2.1505095426914,1.70484122852681,174,,133.0,188,,29,524,86,30736
HHS Region,hhs2,2005,46,1.91416196913475,1.52550091074681,165,,103.0,185,,16,469,88,30744
HHS Region,hhs2,2005,47,1.82464764697589,1.82054013989901,149,,98.0,129,,17,393,85,21587
HHS Region,hhs2,2005,48,2.67114614649989,1.95341343894744,231,,112.0,213,,26,582,89,29794
HHS Region,hhs2,2005,49,2.45658994829791,1.74767886400874,200,,98.0,193,,21,512,92,29296
HHS Region,hhs2,2005,50,2.34526166505192,1.81533189953705,201,,97.0,180,,20,498,89,27433
HHS Region,hhs2,2005,51,2.63895256207734,2.11541789236892,199,,96.0,175,,19,489,87,23116
HHS Region,hhs2,2005,52,2.65203846741026,2.29450327786183,176,,112.0,147,,20,455,87,19830
HHS Region,hhs2,2006,1,2.03323434134255,1.62616154395997,105,,100.0,139,,20,364,94,22384
HHS Region,hhs2,2006,2,2.19482266084704,1.44805238641734,136,,101.0,182,,10,429,95,29626
HHS Region,hhs2,2006,3,2.12788876845615,1.36645514854341,107,,84.0,179,,9,379,94,27736
HHS Region,hhs2,2006,4,1.71696288206148,1.53894770105862,136,,135.0,202,,14,487,92,31645
HHS Region,hhs2,2006,5,2.39529075954579,1.94717127357272,155,,109.0,317,,22,603,90,30968
HHS Region,hhs2,2006,6,2.74464667662069,2.10857546171039,179,,157.0,361,,20,717,91,34004
HHS Region,hhs2,2006,7,2.31607530825517,1.99770920361137,147,,128.0,302,,16,593,87,29684
HHS Region,hhs2,2006,8,1.9609405377006,1.83333898132773,117,,124.0,258,,42,541,93,29509
HHS Region,hhs2,2006,9,2.90232923305587,2.13597558885041,186,,147.0,261,,29,623,87,29167
HHS Region,hhs2,2006,10,1.60559817784983,1.70998209766035,105,,147.0,286,,16,554,87,32398
HHS Region,hhs2,2006,11,1.40431661871193,1.47917219421597,116,,121.0,189,,20,446,88,30152
HHS Region,hhs2,2006,12,1.67742538225793,1.93621040395234,114,,122.0,262,,35,533,80,27528
HHS Region,hhs2,2006,13,1.5981323234291,1.53480328577605,93,,101.0,213,,19,426,76,27756
HHS Region,hhs2,2006,14,1.08944108042212,0.955917206509717,42,,58.0,135,,7,242,73,25316
HHS Region,hhs2,2006,15,1.35126996256541,1.45803871848637,81,,52.0,164,,2,299,71,20507
HHS Region,hhs2,2006,16,1.50022791592308,1.17592208868628,68,,38.0,116,,5,227,69,19304
HHS Region,hhs2,2006,17,1.4795613654023,1.00290886988234,61,,40.0,125,,5,231,66,23033
HHS Region,hhs2,2006,18,1.36058726015905,0.905923344947735,62,,30.0,85,,5,182,59,20090
HHS Region,hhs2,2006,19,1.19469336623847,0.742499242347712,49,,22.0,73,,3,147,59,19798
HHS Region,hhs2,2006,20,0.951985401202768,0.683844849280595,33,,27.0,61,,4,125,53,18279
HHS Region,hhs2,2006,21,1.22627926906525,0.831298686199279,48,,28.0,64,,3,143,51,17202
HHS Region,hhs2,2006,22,1.1500848766577,0.898203592814371,35,,20.0,38,,3,96,36,10688
HHS Region,hhs2,2006,23,0.438917279371296,0.409596255119953,28,,10.0,11,,0,49,36,11963
HHS Region,hhs2,2006,24,0.987101823783047,0.72650952534711,39,,7.0,42,,2,90,38,12388
HHS Region,hhs2,2006,25,0.887204991755895,0.708251557300111,44,,5.0,33,,1,83,37,11719
HHS Region,hhs2,2006,26,0.303697253624706,0.313092979127135,17,,4.0,12,,0,33,37,10540
HHS Region,hhs2,2006,27,0.770375646855747,0.649909203861225,30,,10.0,28,,0,68,34,10463
HHS Region,hhs2,2006,28,0.704248394261353,0.57873369612162,38,,10.0,18,,1,67,34,11577
HHS Region,hhs2,2006,29,0.248822980489982,0.243221331411585,16,,9.0,2,,0,27,31,11101
HHS Region,hhs2,2006,30,0.254882687052912,0.243719535058118,12,,7.0,7,,0,26,31,10668
HHS Region,hhs2,2006,31,0.294659058453812,0.299241209789462,15,,2.0,11,,0,28,28,9357
HHS Region,hhs2,2006,32,0.509800836784213,0.346202266051196,16,,3.0,13,,1,33,28,9532
HHS Region,hhs2,2006,33,0.231722756915618,0.200656694636994,16,,1.0,4,,1,22,30,10964
HHS Region,hhs2,2006,34,0.214516155941225,0.232263513513514,8,,6.0,8,,0,22,26,9472
HHS Region,hhs2,2006,35,0.210855112078903,0.229495110756336,12,,4.0,6,,1,23,27,10022
HHS Region,hhs2,2006,36,0.225690333314593,0.198765561251177,6,,6.0,6,,1,19,25,9559
HHS Region,hhs2,2006,37,0.401737019352143,0.305518426580103,17,,7.0,7,,1,32,25,10474
HHS Region,hhs2,2006,38,0.335445427972715,0.353267726469846,14,,11.0,16,,1,42,27,11889
HHS Region,hhs2,2006,39,0.409044310517369,0.390591094523045,18,,10.0,15,,2,45,28,11521
HHS Region,hhs2,2006,40,0.666152747915476,0.507548152004164,48,,32.0,34,,3,117,80,23052
HHS Region,hhs2,2006,41,0.68489865025073,0.645878780101801,51,,32.0,66,,2,151,89,23379
HHS Region,hhs2,2006,42,0.821215791582687,0.850423330197554,73,,59.0,85,,9,226,92,26575
HHS Region,hhs2,2006,43,0.832292845634122,0.801077813785821,90,,40.0,82,,8,220,93,27463
HHS Region,hhs2,2006,44,0.716795784364373,0.714565387627251,76,,48.0,83,,12,219,90,30648
HHS Region,hhs2,2006,45,0.910751441179029,0.946228138867137,104,,58.0,108,,20,290,97,30648
HHS Region,hhs2,2006,46,0.952836596374771,1.0326139242536,123,,74.0,111,,14,322,93,31183
HHS Region,hhs2,2006,47,1.98520189981588,1.57995328095137,169,,71.0,114,,18,372,94,23545
HHS Region,hhs2,2006,48,2.21485225896189,1.60124741371555,226,,89.0,193,,26,534,94,33349
HHS Region,hhs2,2006,49,1.92840367410203,1.55139398266853,207,,76.0,172,,23,478,91,30811
HHS Region,hhs2,2006,50,1.93704791085065,1.79124808445428,213,,112.0,165,,36,526,94,29365
HHS Region,hhs2,2006,51,2.90957592696228,2.47962478855913,237,,136.0,207,,65,645,92,26012
HHS Region,hhs2,2006,52,2.67176808804613,2.27522359956065,198,,82.0,140,,15,435,89,19119
HHS Region,hhs2,2007,1,2.222554252445,2.29911572472126,224,,160.0,185,,29,598,93,26010
HHS Region,hhs2,2007,2,1.60496097025416,1.81152722836334,155,,158.0,159,,18,490,91,27049
HHS Region,hhs2,2007,3,1.76245272566587,1.93587416817907,189,,107.0,199,,17,512,87,26448
HHS Region,hhs2,2007,4,2.05256832841463,2.31793633222636,194,,172.0,304,,21,691,94,29811
HHS Region,hhs2,2007,5,1.94243974744109,2.1418067898472,172,,132.0,352,,14,670,93,31282
HHS Region,hhs2,2007,6,2.08747278280555,2.26870124623178,208,,145.0,362,,15,730,93,32177
HHS Region,hhs2,2007,7,2.29195057782948,2.43168453822207,219,,102.0,372,,10,703,88,28910
HHS Region,hhs2,2007,8,2.14657846923396,2.4089219330855,201,,103.0,331,,13,648,85,26900
HHS Region,hhs2,2007,9,1.90272189000986,1.91325638335082,136,,85.0,311,,15,547,87,28590
HHS Region,hhs2,2007,10,2.10376703383742,2.10867506737563,141,,97.0,338,,3,579,88,27458
HHS Region,hhs2,2007,11,2.5110739645469,2.68542669262702,280,,106.0,342,,3,731,84,27221
HHS Region,hhs2,2007,12,1.98270870428598,2.08549740311626,152,,84.0,281,,5,522,80,25030
HHS Region,hhs2,2007,13,1.90232296604,1.97205225731768,135,,81.0,254,,7,477,78,24188
HHS Region,hhs2,2007,14,1.78392778290733,1.83667273831208,101,,81.0,174,,7,363,71,19764
HHS Region,hhs2,2007,15,1.36358950584444,1.41555566994389,88,,65.0,119,,3,275,68,19427
HHS Region,hhs2,2007,16,0.991060457189764,1.05101502135624,66,,56.0,91,,6,219,66,20837
HHS Region,hhs2,2007,17,0.849223034694713,1.00985342418746,68,,40.0,95,,3,206,61,20399
HHS Region,hhs2,2007,18,0.793413713035669,0.878569187323502,60,,31.0,75,,2,168,58,19122
HHS Region,hhs2,2007,19,0.60121685255231,0.718353943250038,33,,31.0,74,,2,140,59,19489
HHS Region,hhs2,2007,20,0.765653131642647,0.874310853706076,60,,36.0,57,,4,157,56,17957
HHS Region,hhs2,2007,21,0.913686901077506,1.08638398735844,60,,36.0,68,,1,165,47,15188
HHS Region,hhs2,2007,22,0.820709428171796,1.0659395141299,61,,17.0,49,,2,129,41,12102
HHS Region,hhs2,2007,23,0.655687590839103,0.764637343431401,47,,22.0,33,,3,105,42,13732
HHS Region,hhs2,2007,24,0.745837948801341,0.863882211538462,47,,29.0,37,,2,115,40,13312
HHS Region,hhs2,2007,25,0.715428852854217,0.846207592578216,45,,21.0,39,,4,109,39,12881
HHS Region,hhs2,2007,26,0.502421451682347,0.568225447285572,41,,10.0,22,,1,74,38,13023
HHS Region,hhs2,2007,27,0.656944038246855,0.734404700190081,41,,15.0,29,,0,85,37,11574
HHS Region,hhs2,2007,28,0.332892710830295,0.409287682014955,23,,11.0,18,,0,52,38,12705
HHS Region,hhs2,2007,29,0.380775095716874,0.432511832870899,27,,6.0,19,,1,53,38,12254
HHS Region,hhs2,2007,30,0.413685343964942,0.55541314192942,30,,15.0,19,,1,65,37,11703
HHS Region,hhs2,2007,31,0.356802438026739,0.437101145205,26,,9.0,14,,1,50,36,11439
HHS Region,hhs2,2007,32,0.327276938305113,0.364107128408447,20,,8.0,15,,2,45,37,12359
HHS Region,hhs2,2007,33,0.466167111265386,0.552570990023024,32,,7.0,32,,1,72,37,13030
HHS Region,hhs2,2007,34,0.535672802559017,0.566502463054187,29,,12.0,27,,1,69,34,12180
HHS Region,hhs2,2007,35,0.343696804828225,0.370339197037286,26,,8.0,10,,0,44,34,11881
HHS Region,hhs2,2007,36,0.228741609087773,0.292531309991773,20,,2.0,9,,1,32,33,10939
HHS Region,hhs2,2007,37,0.356003810530438,0.3539059128183,15,,6.0,19,,1,41,31,11585
HHS Region,hhs2,2007,38,0.330656111662183,0.355641771742645,17,,10.0,16,,1,44,32,12372
HHS Region,hhs2,2007,39,0.449215318888566,0.527849996060821,18,,18.0,28,,3,67,32,12693
HHS Region,hhs2,2007,40,0.926783066497429,1.14447699939709,501,,202.0,350,,29,1082,84,94541
HHS Region,hhs2,2007,41,0.960494263444812,1.20055287116046,515,,189.0,329,,18,1051,87,87543
HHS Region,hhs2,2007,42,1.09113040345254,1.4011791343535,575,,228.0,436,,42,1281,88,91423
HHS Region,hhs2,2007,43,1.14803072476577,1.45699565745288,616,,217.0,462,,37,1332,90,91421
HHS Region,hhs2,2007,44,1.29067257816059,1.67422698485745,747,,247.0,498,,36,1528,91,91266
HHS Region,hhs2,2007,45,1.40936607909242,1.83440103198723,851,,277.0,517,,33,1678,90,91474
HHS Region,hhs2,2007,46,1.46995025181365,1.88801786609544,877,,270.0,470,,40,1657,89,87764
HHS Region,hhs2,2007,47,1.58909941645116,2.08883708883709,898,,283.0,384,,48,1613,85,77220
HHS Region,hhs2,2007,48,1.72477465367973,2.06664137299975,1003,,291.0,522,,36,1852,88,89614
HHS Region,hhs2,2007,49,1.59613244572657,1.99551932004527,947,,281.0,467,,33,1728,89,86594
HHS Region,hhs2,2007,50,1.77681571912818,2.19018574993069,1039,,322.0,501,,34,1896,87,86568
HHS Region,hhs2,2007,51,1.78266043326853,2.24650149806875,959,,334.0,514,,60,1867,84,83107
HHS Region,hhs2,2007,52,1.95935938111405,2.54727604550926,1035,,417.0,457,,59,1968,88,77259
HHS Region,hhs2,2008,1,2.06568599604887,2.47328848436882,918,,531.0,482,,69,2000,90,80864
HHS Region,hhs2,2008,2,1.83360220771478,2.13293429222317,696,,557.0,596,,61,1910,86,89548
HHS Region,hhs2,2008,3,1.8920384430652,2.2987066217324,742,,540.0,675,,62,2019,90,87832
HHS Region,hhs2,2008,4,2.45540226189994,2.85956459671663,890,,654.0,943,,77,2564,92,89664
HHS Region,hhs2,2008,5,3.2160328525506,3.54955821887849,960,,884.0,1324,,78,3246,84,91448
HHS Region,hhs2,2008,6,4.07718901704482,4.04793608521971,1031,,1053.0,1778,,90,3952,87,97630
HHS Region,hhs2,2008,7,4.37784841579758,4.27145879185453,1031,,1135.0,1716,,116,3998,83,93598
HHS Region,hhs2,2008,8,4.17348090465504,4.14095844667065,973,,1223.0,1377,,172,3745,88,90438
HHS Region,hhs2,2008,9,3.60569281674703,3.50314071019376,832,,1223.0,1072,,169,3296,85,94087
HHS Region,hhs2,2008,10,2.78239801571013,3.17276028033437,738,,985.0,1157,,126,3006,88,94744
HHS Region,hhs2,2008,11,3.04134956148275,3.06734392921514,793,,851.0,1055,,109,2808,84,91545
HHS Region,hhs2,2008,12,2.92047100474108,2.69446519846776,643,,704.0,837,,88,2272,80,84321
HHS Region,hhs2,2008,13,2.64807292668772,2.26387291948069,619,,611.0,682,,116,2028,80,89581
HHS Region,hhs2,2008,14,2.09420373152798,1.95741167566824,532,,530.0,559,,86,1707,77,87207
HHS Region,hhs2,2008,15,1.78394943072891,1.6346695845353,471,,426.0,520,,62,1479,72,90477
HHS Region,hhs2,2008,16,1.15598774956042,1.46116260267392,432,,350.0,411,,54,1247,66,85343
HHS Region,hhs2,2008,17,0.972935727088219,1.20178306092125,397,,278.0,296,,40,1011,64,84125
HHS Region,hhs2,2008,18,0.847264699648953,1.07640534071995,337,,237.0,275,,37,886,59,82311
HHS Region,hhs2,2008,19,0.832618762066021,1.10249219774752,353,,267.0,316,,39,975,55,88436
HHS Region,hhs2,2008,20,0.880767118028291,1.13093015693312,376,,211.0,323,,29,939,54,83029
HHS Region,hhs2,2008,21,0.922141539209403,1.22854743070616,423,,208.0,302,,47,980,48,79769
HHS Region,hhs2,2008,22,0.995011201240834,1.37999949404235,526,,211.0,322,,32,1091,43,79058
HHS Region,hhs2,2008,23,1.25793273823628,1.20248349652752,444,,195.0,305,,36,980,41,81498
HHS Region,hhs2,2008,24,0.801163875147853,1.10789863699312,419,,177.0,289,,27,912,37,82318
HHS Region,hhs2,2008,25,0.839832436669388,1.14027881656224,439,,175.0,284,,32,930,38,81559
HHS Region,hhs2,2008,26,0.791804174791921,1.03728728728729,395,,147.0,256,,31,829,37,79920
HHS Region,hhs2,2008,27,0.735727859942211,1.04407428070455,382,,132.0,248,,24,786,36,75282
HHS Region,hhs2,2008,28,0.643811911488618,0.915408758033179,332,,152.0,223,,28,735,34,80292
HHS Region,hhs2,2008,29,0.690621788865947,0.90250866816235,336,,134.0,211,,27,708,35,78448
HHS Region,hhs2,2008,30,0.587936510288004,0.779381922992413,284,,107.0,192,,20,603,34,77369
HHS Region,hhs2,2008,31,0.576315218815487,0.788027196707219,266,,116.0,201,,22,605,33,76774
HHS Region,hhs2,2008,32,0.615800977615987,0.843584770305816,261,,130.0,222,,22,635,35,75274
HHS Region,hhs2,2008,33,0.614512107277454,0.790005757669081,233,,150.0,187,,20,590,34,74683
HHS Region,hhs2,2008,34,0.510856839591063,0.721993734125807,242,,150.0,149,,19,560,35,77563
HHS Region,hhs2,2008,35,0.645227488434068,0.831474613628265,269,,156.0,180,,25,630,35,75769
HHS Region,hhs2,2008,36,0.59984163296845,0.850147066412096,252,,178.0,200,,29,659,33,77516
HHS Region,hhs2,2008,37,0.567773054064109,0.778428898079542,249,,132.0,209,,33,623,35,80033
HHS Region,hhs2,2008,38,0.800605750176033,1.10780482558348,369,,216.0,306,,36,927,35,83679
HHS Region,hhs2,2008,39,0.902956775061593,1.19269336556607,381,,248.0,299,,39,967,37,81077
HHS Region,hhs2,2008,40,0.712588355531204,1.11042971658855,401,,244.0,310,,59,1014,71,91316
HHS Region,hhs2,2008,41,0.95688172911658,1.23377595312934,437,,288.0,366,,63,1154,82,93534
HHS Region,hhs2,2008,42,0.828672154840694,1.19047619047619,453,,285.0,337,,61,1136,87,95424
HHS Region,hhs2,2008,43,0.819793731864486,1.18851593835761,450,,259.0,360,,57,1126,89,94740
HHS Region,hhs2,2008,44,0.99157751277552,1.25655926102606,478,,270.0,371,,40,1159,89,92236
HHS Region,hhs2,2008,45,1.21382454971883,1.34216069816431,588,,276.0,424,,50,1338,94,99690
HHS Region,hhs2,2008,46,1.17904643728894,1.42177660437833,646,,262.0,415,,61,1384,95,97343
HHS Region,hhs2,2008,47,1.23391310673446,1.50212564950402,728,,249.0,411,,43,1431,96,95265
HHS Region,hhs2,2008,48,1.6064894543562,1.90340941626487,851,,245.0,503,,63,1662,99,87317
HHS Region,hhs2,2008,49,1.73914948876085,1.93295620365003,987,,299.0,588,,60,1934,95,100054
HHS Region,hhs2,2008,50,1.63393748742084,1.91780541690533,994,,297.0,540,,44,1875,97,97768
HHS Region,hhs2,2008,51,1.63516431259726,2.2110542197176,1082,,334.0,628,,59,2103,95,95113
HHS Region,hhs2,2008,52,1.7683338871419,2.40322466918937,1113,,307.0,568,,57,2045,93,85094
HHS Region,hhs2,2008,53,2.03257827497967,2.45020920502092,1201,,462.0,476,,57,2196,89,89625
HHS Region,hhs2,2009,1,1.65728967936403,2.10052822713767,929,,514.0,517,,76,2036,93,96928
HHS Region,hhs2,2009,2,1.69746482246365,2.14960478118373,790,,479.0,678,,60,2007,90,93366
HHS Region,hhs2,2009,3,2.13098091669234,2.40519911728383,858,,522.0,940,,56,2376,95,98786
HHS Region,hhs2,2009,4,2.73131008247964,2.8197632228235,912,,605.0,1156,,47,2720,92,96462
HHS Region,hhs2,2009,5,2.89752874563062,2.85876970803636,841,,638.0,1376,,57,2912,95,101862
HHS Region,hhs2,2009,6,3.37687551549832,3.11766909141089,925,,666.0,1491,,81,3163,94,101454
HHS Region,hhs2,2009,7,3.68148421710975,3.22389946081479,1055,,655.0,1379,,74,3163,93,98111
HHS Region,hhs2,2009,8,3.95206600763616,2.75566003986303,826,,566.0,1229,,75,2696,86,97835
HHS Region,hhs2,2009,9,3.55836270105651,2.56632064590542,707,,467.0,1172,,57,2403,89,93636
HHS Region,hhs2,2009,10,3.90747403008221,2.58725998935026,730,,424.0,1271,,53,2478,90,95777
HHS Region,hhs2,2009,11,3.20549583816798,2.4258981574677,716,,445.0,1138,,63,2362,85,97366
HHS Region,hhs2,2009,12,2.44319516513632,2.19446796500141,775,,369.0,979,,54,2177,86,99204
HHS Region,hhs2,2009,13,2.07426907194426,1.88214929979875,606,,337.0,818,,44,1805,84,95901
HHS Region,hhs2,2009,14,1.90383080531448,1.78077985876574,595,,309.0,662,,58,1624,74,91196
HHS Region,hhs2,2009,15,1.43122152630957,1.42722692797431,531,,287.0,423,,48,1289,80,90315
HHS Region,hhs2,2009,16,1.35870285899817,1.36689040411024,467,,310.0,458,,50,1285,83,94009
HHS Region,hhs2,2009,17,2.86231289630206,4.38452223888959,1130,,1514.0,2082,,126,4852,79,110662
HHS Region,hhs2,2009,18,2.19224635554468,3.2171741790436,834,,894.0,1426,,80,3234,75,100523
HHS Region,hhs2,2009,19,2.9152272132745,4.52760452760453,1036,,870.0,2705,,93,4704,75,103896
HHS Region,hhs2,2009,20,5.39543823023229,11.6535579260059,2227,,2347.0,9098,,137,13809,69,118496
HHS Region,hhs2,2009,21,6.44860185439259,13.4220001345986,2688,,3245.0,9863,,159,15955,67,118872
HHS Region,hhs2,2009,22,5.15145138047564,10.3649785665375,2237,,2607.0,6051,,155,11050,65,106609
HHS Region,hhs2,2009,23,4.96914503650576,6.66276911084444,1567,,1702.0,3103,,124,6496,64,97497
HHS Region,hhs2,2009,24,5.59377174819633,4.5871167610298,1037,,1211.0,1961,,85,4294,66,93610
HHS Region,hhs2,2009,25,4.3510256192427,3.09867497367497,739,,798.0,1206,,82,2825,67,91168
HHS Region,hhs2,2009,26,2.89735216642454,2.10397926513188,637,,566.0,653,,76,1932,62,91826
HHS Region,hhs2,2009,27,2.08732244384282,1.58154381892049,449,,415.0,501,,52,1417,59,89596
HHS Region,hhs2,2009,28,1.71165279606536,1.22601767480196,376,,275.0,377,,43,1071,57,87356
HHS Region,hhs2,2009,29,1.35434556816876,1.13904740380812,348,,303.0,329,,28,1008,61,88495
HHS Region,hhs2,2009,30,1.35278382583703,1.06191236065988,313,,246.0,320,,46,925,55,87107
HHS Region,hhs2,2009,31,1.26668379548083,1.08166576527853,336,,265.0,297,,42,940,55,86903
HHS Region,hhs2,2009,32,1.20467579139633,1.09774333877107,346,,276.0,304,,43,969,56,88272
HHS Region,hhs2,2009,33,1.07683845286637,1.08106306386383,369,,247.0,316,,41,973,55,90004
HHS Region,hhs2,2009,34,1.33780430040451,1.26659213996549,435,,283.0,412,,37,1167,59,92137
HHS Region,hhs2,2009,35,2.6895676425035,1.58627747619471,394,,437.0,555,,40,1426,53,89896
HHS Region,hhs2,2009,36,4.10422187914485,1.94524811502718,392,,493.0,845,,45,1775,59,91248
HHS Region,hhs2,2009,37,3.25208921913295,1.92408900490495,433,,442.0,909,,44,1828,56,95006
HHS Region,hhs2,2009,38,2.92140240183632,2.11981475224106,588,,513.0,973,,59,2133,56,100622
HHS Region,hhs2,2009,39,2.49398089959489,2.01372804095144,564,,515.0,767,,58,1904,57,94551
HHS Region,hhs2,2009,40,2.16161067592645,2.04807257782591,696,472.0,626.0,998,154.0,82,2402,187,117281
HHS Region,hhs2,2009,41,3.28854212904722,2.49538648945938,777,474.0,629.0,1272,155.0,67,2745,195,110003
HHS Region,hhs2,2009,42,5.72272137388952,3.80355210388949,1145,701.0,878.0,2683,177.0,74,4780,207,125672
HHS Region,hhs2,2009,43,7.9600105577717,4.90921787709497,1381,913.0,1147.0,3716,234.0,83,6327,203,128880
HHS Region,hhs2,2009,44,8.12233295677565,4.93713294706555,1589,893.0,1118.0,3468,225.0,88,6263,207,126855
HHS Region,hhs2,2009,45,6.53336893187725,4.73328498464672,1795,1054.0,1300.0,2944,246.0,96,6135,209,129614
HHS Region,hhs2,2009,46,4.76768274680385,3.93041136217723,1676,841.0,1045.0,2213,204.0,86,5020,201,127722
HHS Region,hhs2,2009,47,4.17360228106407,4.02604761772055,1785,640.0,838.0,1629,198.0,82,4334,200,107649
HHS Region,hhs2,2009,48,2.90381260032266,3.18746220687027,1574,651.0,852.0,1310,201.0,112,3848,200,120723
HHS Region,hhs2,2009,49,2.82333444675418,2.95123585205035,1414,514.0,663.0,1198,149.0,73,3348,192,113444
HHS Region,hhs2,2009,50,2.39064901393678,2.83335559414096,1303,527.0,676.0,1132,149.0,71,3182,194,112305
HHS Region,hhs2,2009,51,2.3872012996282,2.9465311341815,1217,508.0,645.0,782,137.0,75,2719,184,92278
HHS Region,hhs2,2009,52,2.32272528458396,3.05060353302456,1464,544.0,731.0,736,187.0,79,3010,186,98669
HHS Region,hhs2,2010,1,1.68902704524044,2.12934255866602,948,514.0,683.0,636,169.0,75,2342,188,109987
HHS Region,hhs2,2010,2,1.83027614560544,2.04816341998177,906,419.0,591.0,701,172.0,72,2270,189,110831
HHS Region,hhs2,2010,3,1.88885612286989,2.13453166690072,1035,433.0,546.0,772,113.0,79,2432,193,113936
HHS Region,hhs2,2010,4,1.65639617879886,1.88257527575367,896,328.0,431.0,676,103.0,69,2072,186,110062
HHS Region,hhs2,2010,5,1.58545486470765,1.98893631613619,910,351.0,449.0,792,98.0,53,2204,184,110813
HHS Region,hhs2,2010,6,1.76617863204257,2.04274478196826,960,375.0,470.0,709,95.0,66,2205,182,107943
HHS Region,hhs2,2010,7,1.67379844462727,1.84674475966833,914,357.0,473.0,577,116.0,65,2029,187,109869
HHS Region,hhs2,2010,8,1.53463683992483,1.6481296182266,722,299.0,410.0,540,111.0,41,1713,184,103936
HHS Region,hhs2,2010,9,1.24625585386876,1.33882401609597,510,251.0,340.0,533,89.0,41,1424,188,106362
HHS Region,hhs2,2010,10,1.35016226500073,1.38901845183679,587,253.0,340.0,524,87.0,38,1489,184,107198
HHS Region,hhs2,2010,11,1.35152518851041,1.57083934263589,662,294.0,395.0,597,101.0,56,1710,183,108859
HHS Region,hhs2,2010,12,1.37088000132617,1.47117152850395,648,264.0,356.0,579,92.0,49,1632,181,110932
HHS Region,hhs2,2010,13,1.3805599052723,1.54288083392561,646,280.0,347.0,511,67.0,59,1563,179,101304
HHS Region,hhs2,2010,14,1.01854891625369,1.18509307408245,561,249.0,318.0,342,69.0,37,1258,168,106152
HHS Region,hhs2,2010,15,1.25329270754136,1.29127435241029,620,243.0,337.0,482,94.0,49,1488,175,115235
HHS Region,hhs2,2010,16,1.06374450894729,1.31317220862891,564,266.0,338.0,549,72.0,41,1492,175,113618
HHS Region,hhs2,2010,17,1.14025722566007,1.33055598887839,575,218.0,297.0,547,79.0,31,1450,168,108977
HHS Region,hhs2,2010,18,1.11554928948195,1.25362513550826,539,229.0,295.0,487,66.0,32,1353,153,107927
HHS Region,hhs2,2010,19,1.14734564263126,1.27608511136477,524,214.0,279.0,464,65.0,41,1308,154,102501
HHS Region,hhs2,2010,20,0.935607329900419,1.25451880801172,525,224.0,281.0,439,57.0,39,1284,146,102350
HHS Region,hhs2,2010,21,0.9798309955856,1.1767249366854,502,195.0,254.0,350,59.0,37,1143,118,97134
HHS Region,hhs2,2010,22,0.855458333280973,1.16908263122089,444,180.0,238.0,403,58.0,32,1117,114,95545
HHS Region,hhs2,2010,23,0.878080401058875,1.05127028492762,432,163.0,219.0,320,56.0,37,1008,109,95884
HHS Region,hhs2,2010,24,0.93834029306672,1.05427974947808,438,153.0,188.0,355,35.0,29,1010,116,95800
HHS Region,hhs2,2010,25,1.10681386227387,1.16083798648138,478,147.0,199.0,394,52.0,35,1106,114,95276
HHS Region,hhs2,2010,26,0.960693619127853,1.08319350933458,457,149.0,192.0,347,43.0,24,1020,108,94166
HHS Region,hhs2,2010,27,0.983945906969757,1.0693298224206,462,144.0,189.0,324,45.0,24,999,106,93423
HHS Region,hhs2,2010,28,1.07686061913503,0.917038321339419,377,117.0,156.0,323,39.0,22,878,107,95743
HHS Region,hhs2,2010,29,0.848965971350205,0.860475492383198,330,137.0,178.0,279,41.0,23,810,98,94134
HHS Region,hhs2,2010,30,0.716710026233921,0.890861381968966,321,150.0,189.0,292,39.0,23,825,95,92607
HHS Region,hhs2,2010,31,0.950145157153718,0.945204429208241,327,167.0,220.0,289,53.0,27,863,98,91303
HHS Region,hhs2,2010,32,1.09417641347773,0.872541781327606,331,146.0,184.0,242,38.0,23,780,98,89394
HHS Region,hhs2,2010,33,1.12341923723951,0.925333178141186,299,141.0,190.0,282,49.0,24,795,98,85915
HHS Region,hhs2,2010,34,0.893625370035284,0.794658444237876,286,113.0,157.0,225,44.0,33,701,97,88214
HHS Region,hhs2,2010,35,0.723873249134631,0.755110151559093,259,154.0,191.0,227,37.0,26,703,97,93099
HHS Region,hhs2,2010,36,0.905189599273967,0.98211539306587,317,188.0,271.0,273,83.0,33,894,88,91028
HHS Region,hhs2,2010,37,0.986935320318243,0.947723686822775,333,174.0,219.0,321,45.0,34,907,93,95703
HHS Region,hhs2,2010,38,0.863728792207039,1.17267198859022,468,185.0,243.0,436,58.0,37,1184,92,100966
HHS Region,hhs2,2010,39,1.07985751027321,1.13628010039591,380,209.0,278.0,389,69.0,35,1082,99,95223
HHS Region,hhs2,2010,40,1.16869,1.13745,429,246.0,335.0,449,89.0,46,1259,154,110686
HHS Region,hhs2,2010,41,1.32645,1.35759,553,269.0,370.0,504,101.0,67,1494,154,110048
HHS Region,hhs2,2010,42,1.21948,1.24332,519,251.0,354.0,506,103.0,40,1419,162,114130
HHS Region,hhs2,2010,43,1.38946,1.28152,557,243.0,335.0,544,92.0,40,1476,162,115176
HHS Region,hhs2,2010,44,1.22194,1.39518,582,266.0,357.0,531,91.0,48,1518,171,108803
HHS Region,hhs2,2010,45,1.39471,1.60078,792,250.0,338.0,618,88.0,56,1804,172,112695
HHS Region,hhs2,2010,46,1.42987,1.74926,830,363.0,476.0,698,113.0,43,2047,174,117021
HHS Region,hhs2,2010,47,1.65444,2.14984,959,321.0,445.0,695,124.0,73,2172,172,101031
HHS Region,hhs2,2010,48,2.19869,2.42575,1338,421.0,538.0,854,117.0,69,2799,170,115387
HHS Region,hhs2,2010,49,2.48266,2.65528,1294,444.0,568.0,1061,124.0,87,3010,168,113359
HHS Region,hhs2,2010,50,3.01943,3.20675,1508,523.0,687.0,1392,164.0,93,3680,168,114758
HHS Region,hhs2,2010,51,4.21664,4.24355,1790,692.0,940.0,1611,248.0,130,4471,169,105360
HHS Region,hhs2,2010,52,4.47832,4.40213,1672,821.0,1080.0,1270,259.0,151,4173,165,94795
HHS Region,hhs2,2011,1,3.33753,3.29682,1384,860.0,1168.0,1153,308.0,168,3873,166,117477
HHS Region,hhs2,2011,2,3.83669,3.29283,1140,698.0,961.0,1258,263.0,137,3496,164,106170
HHS Region,hhs2,2011,3,3.65077,3.02833,1083,658.0,883.0,1164,225.0,121,3251,166,107353
HHS Region,hhs2,2011,4,3.93498,2.91726,894,600.0,741.0,1351,141.0,74,3060,169,104893
HHS Region,hhs2,2011,5,4.05683,2.8588,927,507.0,646.0,1445,139.0,92,3110,163,108787
HHS Region,hhs2,2011,6,4.09076,2.88752,894,505.0,680.0,1684,175.0,80,3338,160,115601
HHS Region,hhs2,2011,7,4.25042,2.9446,928,512.0,653.0,1734,141.0,48,3363,151,114209
HHS Region,hhs2,2011,8,4.31914,2.96632,1040,558.0,718.0,1388,160.0,92,3238,152,109159
HHS Region,hhs2,2011,9,3.44821,2.35697,858,492.0,632.0,1094,140.0,69,2653,148,112560
HHS Region,hhs2,2011,10,3.18862,2.10589,726,372.0,498.0,994,126.0,65,2283,143,108410
HHS Region,hhs2,2011,11,3.17757,2.05619,788,340.0,453.0,910,113.0,65,2216,142,107772
HHS Region,hhs2,2011,12,2.49454,1.92384,667,308.0,420.0,906,112.0,49,2042,143,106142
HHS Region,hhs2,2011,13,2.74673,1.94582,735,290.0,404.0,879,114.0,50,2068,141,106279
HHS Region,hhs2,2011,14,2.46478,1.93576,731,322.0,425.0,895,103.0,42,2093,138,108123
HHS Region,hhs2,2011,15,2.22908,1.65522,654,247.0,332.0,667,85.0,49,1702,135,102826
HHS Region,hhs2,2011,16,2.19754,1.65673,655,252.0,341.0,571,89.0,59,1626,131,98145
HHS Region,hhs2,2011,17,1.74624,1.31841,601,218.0,306.0,420,88.0,58,1385,126,105051
HHS Region,hhs2,2011,18,1.6154,1.22167,505,215.0,306.0,439,91.0,50,1300,130,106412
HHS Region,hhs2,2011,19,1.71908,1.28124,538,235.0,312.0,545,77.0,41,1436,125,112079
HHS Region,hhs2,2011,20,1.4441,1.19091,478,200.0,286.0,432,86.0,41,1237,123,103870
HHS Region,hhs2,2011,21,1.91,1.3966,569,219.0,300.0,513,81.0,57,1439,110,103036
HHS Region,hhs2,2011,22,1.83152,1.27114,558,169.0,240.0,432,71.0,52,1282,112,100854
HHS Region,hhs2,2011,23,1.2816,1.25873,560,201.0,284.0,387,83.0,32,1263,107,100339
HHS Region,hhs2,2011,24,1.34325,1.20955,515,169.0,240.0,390,71.0,36,1181,106,97640
HHS Region,hhs2,2011,25,1.26116,1.05205,432,164.0,223.0,341,59.0,36,1032,105,98094
HHS Region,hhs2,2011,26,0.637261,0.988954,372,157.0,197.0,338,40.0,42,949,104,95960
HHS Region,hhs2,2011,27,0.401139,0.927139,364,149.0,202.0,251,53.0,32,849,101,91572
HHS Region,hhs2,2011,28,0.345868,0.784996,288,137.0,183.0,248,46.0,21,740,102,94268
HHS Region,hhs2,2011,29,0.31015,0.683549,254,101.0,136.0,234,35.0,16,640,102,93629
HHS Region,hhs2,2011,30,0.372588,0.724281,266,123.0,166.0,238,43.0,22,692,102,95543
HHS Region,hhs2,2011,31,0.411607,0.721394,243,119.0,143.0,246,24.0,19,651,102,90242
HHS Region,hhs2,2011,32,0.508846,0.756175,263,124.0,149.0,244,25.0,19,675,101,89265
HHS Region,hhs2,2011,33,0.404115,0.73909,266,124.0,159.0,196,35.0,19,640,102,86593
HHS Region,hhs2,2011,34,0.377883,0.776518,289,135.0,176.0,221,41.0,23,709,102,91305
HHS Region,hhs2,2011,35,0.379122,0.727966,251,128.0,167.0,218,39.0,25,661,94,90801
HHS Region,hhs2,2011,36,0.389872,0.740272,272,127.0,173.0,218,46.0,27,690,94,93209
HHS Region,hhs2,2011,37,0.410596,0.799444,315,147.0,186.0,271,39.0,21,793,96,99194
HHS Region,hhs2,2011,38,0.501859,0.776216,294,147.0,189.0,285,42.0,27,795,96,102420
HHS Region,hhs2,2011,39,0.63521,1.0252,446,184.0,240.0,366,56.0,28,1080,96,105345
HHS Region,hhs2,2011,40,0.925929,1.35723,637,294.0,420.0,550,126.0,65,1672,224,123192
HHS Region,hhs2,2011,41,0.960625,1.52581,759,291.0,412.0,623,121.0,74,1868,223,122427
HHS Region,hhs2,2011,42,0.933331,1.51106,708,298.0,426.0,630,128.0,49,1813,216,119982
HHS Region,hhs2,2011,43,0.919837,1.53847,808,258.0,357.0,603,99.0,54,1822,213,118429
HHS Region,hhs2,2011,44,1.15578,1.83194,936,290.0,397.0,818,107.0,72,2223,221,121347
HHS Region,hhs2,2011,45,1.07592,1.82117,1032,339.0,441.0,715,102.0,60,2248,221,123437
HHS Region,hhs2,2011,46,1.15923,1.85533,1006,346.0,462.0,766,116.0,51,2285,211,123159
HHS Region,hhs2,2011,47,1.29938,2.22209,1201,284.0,392.0,656,108.0,57,2306,210,103776
HHS Region,hhs2,2011,48,1.30751,2.19347,1320,337.0,484.0,800,147.0,59,2663,205,121406
HHS Region,hhs2,2011,49,1.35173,2.23696,1347,336.0,452.0,883,116.0,64,2746,215,122756
HHS Region,hhs2,2011,50,1.30895,2.23763,1326,357.0,498.0,836,141.0,71,2731,214,122049
HHS Region,hhs2,2011,51,1.19898,2.45128,1454,349.0,470.0,785,121.0,66,2775,214,113206
HHS Region,hhs2,2011,52,1.17979,2.54741,1392,361.0,504.0,702,143.0,59,2657,202,104302
HHS Region,hhs2,2012,1,1.30825,2.26022,1214,421.0,587.0,746,166.0,89,2636,217,116626
HHS Region,hhs2,2012,2,1.04792,1.82708,873,405.0,544.0,646,139.0,77,2140,212,117127
HHS Region,hhs2,2012,3,1.14258,1.96002,920,389.0,530.0,701,141.0,70,2221,212,113315
HHS Region,hhs2,2012,4,1.04818,1.84565,881,361.0,480.0,734,119.0,60,2155,209,116761
HHS Region,hhs2,2012,5,1.09121,1.83724,859,371.0,492.0,757,121.0,50,2158,216,117459
HHS Region,hhs2,2012,6,1.04782,1.80254,852,357.0,466.0,747,109.0,66,2131,214,118222
HHS Region,hhs2,2012,7,1.09235,1.8488,831,361.0,496.0,791,135.0,59,2177,212,117752
HHS Region,hhs2,2012,8,1.31095,2.05985,926,419.0,544.0,863,125.0,65,2398,213,116416
HHS Region,hhs2,2012,9,1.21226,1.85844,893,370.0,495.0,762,125.0,65,2215,209,119186
HHS Region,hhs2,2012,10,1.28876,1.81321,780,376.0,495.0,866,119.0,66,2207,208,121718
HHS Region,hhs2,2012,11,1.30537,2.01271,884,430.0,562.0,935,132.0,87,2468,207,122621
HHS Region,hhs2,2012,12,1.17617,1.89579,825,433.0,568.0,880,135.0,77,2350,200,123959
HHS Region,hhs2,2012,13,1.07165,1.80584,791,348.0,461.0,875,113.0,52,2179,196,120664
HHS Region,hhs2,2012,14,1.27276,1.89548,795,402.0,526.0,803,124.0,62,2186,193,115327
HHS Region,hhs2,2012,15,1.14615,1.7825,739,399.0,537.0,678,138.0,76,2030,194,113885
HHS Region,hhs2,2012,16,1.08368,1.60324,683,423.0,567.0,695,144.0,68,2013,189,125558
HHS Region,hhs2,2012,17,0.948648,1.42519,521,347.0,450.0,625,103.0,58,1654,192,116055
HHS Region,hhs2,2012,18,0.995739,1.54911,499,303.0,424.0,748,121.0,70,1741,171,112387
HHS Region,hhs2,2012,19,0.871829,1.62284,629,300.0,416.0,761,116.0,59,1865,168,114922
HHS Region,hhs2,2012,20,0.856222,1.52525,590,317.0,435.0,654,118.0,58,1737,169,113883
HHS Region,hhs2,2012,21,0.677248,1.45553,594,290.0,378.0,597,88.0,47,1616,167,111025
HHS Region,hhs2,2012,22,0.681329,1.3993,590,230.0,309.0,548,79.0,62,1509,164,107840
HHS Region,hhs2,2012,23,0.573946,1.37039,610,224.0,303.0,528,79.0,52,1493,163,108947
HHS Region,hhs2,2012,24,0.536035,1.34493,647,220.0,307.0,456,87.0,41,1451,155,107887
HHS Region,hhs2,2012,25,0.585712,1.43655,708,205.0,272.0,513,67.0,37,1530,154,106505
HHS Region,hhs2,2012,26,0.551059,1.4113,708,211.0,280.0,495,69.0,39,1522,151,107844
HHS Region,hhs2,2012,27,0.622044,1.29954,591,220.0,284.0,409,64.0,45,1329,151,102267
HHS Region,hhs2,2012,28,0.475331,1.2738,645,213.0,275.0,437,62.0,30,1387,157,108887
HHS Region,hhs2,2012,29,0.427894,1.16994,562,185.0,242.0,369,57.0,33,1206,155,103082
HHS Region,hhs2,2012,30,0.43471,1.09094,483,165.0,219.0,390,54.0,40,1132,153,103764
HHS Region,hhs2,2012,31,0.425131,1.03442,412,192.0,254.0,324,62.0,34,1024,137,98993
HHS Region,hhs2,2012,32,0.347935,0.945042,407,163.0,214.0,334,51.0,31,986,147,104334
HHS Region,hhs2,2012,33,0.37461,0.987637,399,189.0,252.0,307,63.0,31,989,139,100138
HHS Region,hhs2,2012,34,0.487122,1.14682,485,224.0,293.0,367,69.0,38,1183,139,103155
HHS Region,hhs2,2012,35,0.482348,0.958168,342,203.0,274.0,323,71.0,34,973,133,101548
HHS Region,hhs2,2012,36,0.554142,1.01432,389,192.0,281.0,332,89.0,34,1036,139,102137
HHS Region,hhs2,2012,37,0.639937,1.15758,467,224.0,300.0,429,76.0,41,1237,143,106861
HHS Region,hhs2,2012,38,0.683829,1.32713,527,267.0,354.0,473,87.0,53,1407,139,106018
HHS Region,hhs2,2012,39,0.770853,1.30621,521,268.0,362.0,459,94.0,63,1405,140,107563
HHS Region,hhs2,2012,40,0.965571,1.29308,605,274.0,363.0,540,89.0,62,1570,313,121416
HHS Region,hhs2,2012,41,1.21767,1.44604,634,309.0,423.0,625,114.0,52,1734,315,119914
HHS Region,hhs2,2012,42,1.30435,1.53639,754,308.0,419.0,687,111.0,61,1921,320,125033
HHS Region,hhs2,2012,43,1.2578,1.57182,811,295.0,408.0,710,113.0,60,1989,312,126541
HHS Region,hhs2,2012,44,1.17835,1.63425,745,230.0,331.0,445,101.0,63,1584,296,96925
HHS Region,hhs2,2012,45,1.35249,1.48038,685,300.0,419.0,485,119.0,67,1656,312,111863
HHS Region,hhs2,2012,46,1.31828,1.57052,794,301.0,424.0,618,123.0,66,1902,317,121106
HHS Region,hhs2,2012,47,1.72052,2.05067,966,308.0,434.0,689,126.0,61,2150,309,104844
HHS Region,hhs2,2012,48,2.03993,2.24345,1162,426.0,571.0,966,145.0,93,2792,313,124451
HHS Region,hhs2,2012,49,2.35364,2.70666,1399,487.0,682.0,1310,195.0,102,3493,311,129052
HHS Region,hhs2,2012,50,2.82647,3.19756,1545,573.0,779.0,1613,206.0,109,4046,309,126534
HHS Region,hhs2,2012,51,3.82049,4.01838,1740,821.0,1089.0,2053,268.0,165,5047,312,125598
HHS Region,hhs2,2012,52,5.50971,5.11892,1985,1019.0,1398.0,1818,379.0,225,5426,307,105999
HHS Region,hhs2,2013,1,4.52392,4.7167,1859,1266.0,1783.0,1520,517.0,288,5450,303,115547
HHS Region,hhs2,2013,2,4.7772,5.31685,1882,1626.0,2273.0,2414,647.0,378,6947,302,130660
HHS Region,hhs2,2013,3,5.32368,5.91447,1996,1625.0,2248.0,2982,623.0,367,7593,308,128380
HHS Region,hhs2,2013,4,4.6393,4.97979,1551,1197.0,1643.0,2415,446.0,281,5890,303,118278
HHS Region,hhs2,2013,5,3.82508,4.03909,1255,1000.0,1379.0,1990,379.0,195,4819,301,119309
HHS Region,hhs2,2013,6,3.5781,3.65976,1094,753.0,988.0,1944,235.0,138,4164,289,113778
HHS Region,hhs2,2013,7,3.71476,3.16456,983,673.0,892.0,1686,219.0,104,3665,284,115814
HHS Region,hhs2,2013,8,3.43487,3.40706,1211,700.0,916.0,1742,216.0,113,3982,308,116875
HHS Region,hhs2,2013,9,2.77153,2.8698,1055,646.0,861.0,1467,215.0,102,3485,307,121437
HHS Region,hhs2,2013,10,2.98609,2.95295,1112,558.0,751.0,1454,193.0,113,3430,301,116155
HHS Region,hhs2,2013,11,2.86258,2.74198,1063,523.0,712.0,1350,189.0,92,3217,299,117324
HHS Region,hhs2,2013,12,2.53803,2.55372,979,489.0,661.0,1147,172.0,83,2870,283,112385
HHS Region,hhs2,2013,13,2.1803,2.27941,915,488.0,658.0,820,170.0,86,2479,277,108756
HHS Region,hhs2,2013,14,1.92619,2.0166,812,451.0,628.0,697,177.0,93,2230,272,110582
HHS Region,hhs2,2013,15,1.61129,1.68755,703,368.0,509.0,653,141.0,72,1937,270,114782
HHS Region,hhs2,2013,16,1.39264,1.67089,719,309.0,431.0,681,122.0,70,1901,265,113772
HHS Region,hhs2,2013,17,1.4588,1.59396,673,269.0,359.0,682,90.0,57,1771,259,111107
HHS Region,hhs2,2013,18,1.43681,1.58228,695,266.0,349.0,707,83.0,41,1792,258,113254
HHS Region,hhs2,2013,19,1.26071,1.52334,685,254.0,353.0,636,99.0,50,1724,253,113172
HHS Region,hhs2,2013,20,1.33755,1.47701,687,259.0,369.0,561,110.0,63,1680,257,113743
HHS Region,hhs2,2013,21,1.18383,1.40342,595,258.0,361.0,494,103.0,60,1510,250,107594
HHS Region,hhs2,2013,22,1.37482,1.44906,614,227.0,315.0,479,88.0,72,1480,256,102135
HHS Region,hhs2,2013,23,1.14817,1.2698,574,208.0,291.0,444,83.0,40,1349,256,106237
HHS Region,hhs2,2013,24,1.21075,1.34305,612,214.0,287.0,464,73.0,38,1401,256,104315
HHS Region,hhs2,2013,25,1.16455,1.2788,538,213.0,304.0,475,91.0,46,1363,255,106584
HHS Region,hhs2,2013,26,1.13266,1.16026,531,176.0,242.0,394,66.0,50,1217,245,104890
HHS Region,hhs2,2013,27,0.743763,1.21405,528,182.0,237.0,373,55.0,41,1179,240,97113
HHS Region,hhs2,2013,28,0.968167,1.11282,540,162.0,216.0,399,54.0,30,1185,247,106486
HHS Region,hhs2,2013,29,0.877442,1.01518,496,151.0,207.0,341,56.0,30,1074,250,105794
HHS Region,hhs2,2013,30,0.877353,0.9732,390,130.0,195.0,368,65.0,30,983,237,101007
HHS Region,hhs2,2013,31,0.888017,0.966184,381,168.0,228.0,304,60.0,33,946,235,97911
HHS Region,hhs2,2013,32,1.15352,0.915282,394,139.0,183.0,286,44.0,24,887,224,96910
HHS Region,hhs2,2013,33,0.765286,0.786257,303,149.0,191.0,235,42.0,28,757,223,96279
HHS Region,hhs2,2013,34,0.801036,0.858019,309,135.0,173.0,257,38.0,72,811,220,94520
HHS Region,hhs2,2013,35,0.82326,0.824108,314,157.0,203.0,268,46.0,22,807,228,97924
HHS Region,hhs2,2013,36,0.672693,0.814387,298,156.0,207.0,270,51.0,27,802,220,98479
HHS Region,hhs2,2013,37,0.676719,0.864747,336,167.0,217.0,303,50.0,43,899,222,103961
HHS Region,hhs2,2013,38,0.885106,1.23161,500,222.0,307.0,481,85.0,33,1321,203,107258
HHS Region,hhs2,2013,39,0.84529,1.41626,571,258.0,361.0,580,103.0,53,1565,208,110502
HHS Region,hhs2,2013,40,1.60751,1.43147,632,321.0,441.0,644,120.0,75,1792,222,125186
HHS Region,hhs2,2013,41,1.69064,1.35107,641,280.0,407.0,547,127.0,68,1663,229,123088
HHS Region,hhs2,2013,42,1.96094,1.45593,769,255.0,379.0,555,124.0,64,1767,239,121366
HHS Region,hhs2,2013,43,1.69922,1.60804,854,347.0,473.0,638,126.0,60,2025,239,125930
HHS Region,hhs2,2013,44,2.01973,1.69468,893,307.0,443.0,695,136.0,62,2093,244,123504
HHS Region,hhs2,2013,45,1.78105,1.75241,1006,304.0,412.0,662,108.0,49,2129,246,121490
HHS Region,hhs2,2013,46,1.54163,1.76395,1045,244.0,356.0,667,112.0,67,2135,243,121035
HHS Region,hhs2,2013,47,1.85574,1.91311,1128,307.0,416.0,665,109.0,68,2277,242,119021
HHS Region,hhs2,2013,48,2.02846,2.25215,1216,292.0,388.0,610,96.0,62,2276,258,101059
HHS Region,hhs2,2013,49,2.02368,2.29557,1398,440.0,597.0,900,157.0,83,2978,263,129728
HHS Region,hhs2,2013,50,1.77828,2.32225,1284,333.0,468.0,879,135.0,64,2695,257,116051
HHS Region,hhs2,2013,51,2.23377,2.62572,1353,511.0,660.0,1003,149.0,72,3088,246,117606
HHS Region,hhs2,2013,52,2.93452,3.36772,1482,657.0,888.0,978,231.0,86,3434,248,101968
HHS Region,hhs2,2014,1,3.33508,3.49941,1250,850.0,1146.0,835,296.0,125,3356,248,95902
HHS Region,hhs2,2014,2,2.746,2.85504,1025,922.0,1259.0,981,337.0,151,3416,250,119648
HHS Region,hhs2,2014,3,3.07594,3.12066,1056,921.0,1260.0,1394,339.0,152,3862,250,123756
HHS Region,hhs2,2014,4,2.96352,3.03058,987,801.0,1074.0,1129,273.0,132,3322,253,109616
HHS Region,hhs2,2014,5,3.30294,2.81737,857,716.0,993.0,1342,277.0,101,3293,255,116882
HHS Region,hhs2,2014,6,3.43908,2.80725,883,691.0,979.0,1317,288.0,107,3286,260,117054
HHS Region,hhs2,2014,7,3.12549,2.54201,747,596.0,850.0,1104,254.0,90,2791,255,109795
HHS Region,hhs2,2014,8,2.38968,2.26706,817,596.0,842.0,889,246.0,109,2657,260,117200
HHS Region,hhs2,2014,9,2.29577,2.02248,726,557.0,790.0,828,233.0,99,2443,258,120792
HHS Region,hhs2,2014,10,2.34059,2.35945,766,567.0,814.0,1118,247.0,97,2795,248,118460
HHS Region,hhs2,2014,11,2.53132,2.69082,809,668.0,976.0,1405,308.0,157,3347,236,124386
HHS Region,hhs2,2014,12,2.88815,3.33704,1079,831.0,1205.0,1819,374.0,188,4291,248,128587
HHS Region,hhs2,2014,13,3.36103,3.5743,1110,944.0,1340.0,2170,396.0,189,4809,244,134544
HHS Region,hhs2,2014,14,3.27897,3.50437,1099,972.0,1425.0,1892,453.0,207,4623,239,131921
HHS Region,hhs2,2014,15,3.24824,3.25429,1096,834.0,1202.0,1749,368.0,188,4235,234,130136
HHS Region,hhs2,2014,16,2.64559,2.52507,941,590.0,857.0,983,267.0,183,2964,235,117383
HHS Region,hhs2,2014,17,2.26093,1.96921,790,535.0,768.0,748,233.0,124,2430,241,123400
HHS Region,hhs2,2014,18,1.93125,1.68189,622,432.0,617.0,702,185.0,107,2048,239,121768
HHS Region,hhs2,2014,19,2.31498,1.71094,741,412.0,582.0,780,170.0,87,2190,240,128000
HHS Region,hhs2,2014,20,2.11871,1.60424,694,405.0,546.0,752,141.0,82,2074,231,129282
HHS Region,hhs2,2014,21,1.92708,1.56386,673,332.0,475.0,691,143.0,77,1916,229,122517
HHS Region,hhs2,2014,22,2.0679,1.57215,713,303.0,408.0,545,105.0,85,1751,221,111376
HHS Region,hhs2,2014,23,2.28772,1.54071,715,285.0,392.0,592,107.0,65,1764,220,114493
HHS Region,hhs2,2014,24,2.42802,1.41798,642,283.0,385.0,501,102.0,94,1622,211,114388
HHS Region,hhs2,2014,25,2.25842,1.61295,775,283.0,385.0,638,102.0,66,1864,214,115565
HHS Region,hhs2,2014,26,2.14216,1.49581,752,245.0,335.0,574,90.0,63,1724,213,115255
HHS Region,hhs2,2014,27,1.2183,1.3625,649,204.0,269.0,474,65.0,47,1439,211,105615
HHS Region,hhs2,2014,28,2.10032,1.31149,667,253.0,355.0,418,102.0,72,1512,214,115289
HHS Region,hhs2,2014,29,2.4807,1.28118,570,237.0,338.0,472,101.0,101,1481,212,115597
HHS Region,hhs2,2014,30,1.71497,1.13268,473,257.0,352.0,371,95.0,91,1287,211,113624
HHS Region,hhs2,2014,31,1.75775,1.25705,531,220.0,321.0,476,101.0,96,1424,211,113281
HHS Region,hhs2,2014,32,1.27839,1.15856,525,236.0,340.0,412,104.0,57,1334,213,115143
HHS Region,hhs2,2014,33,1.14079,1.12508,548,234.0,316.0,370,82.0,63,1297,211,115281
HHS Region,hhs2,2014,34,1.21291,1.10336,504,243.0,342.0,368,99.0,63,1277,214,115737
HHS Region,hhs2,2014,35,1.55421,1.17037,503,262.0,346.0,425,84.0,77,1351,211,115434
HHS Region,hhs2,2014,36,1.49242,1.19363,516,256.0,367.0,426,111.0,87,1396,216,116954
HHS Region,hhs2,2014,37,1.68177,1.33362,608,257.0,362.0,594,105.0,88,1652,215,123873
HHS Region,hhs2,2014,38,1.63851,1.62966,801,301.0,428.0,842,127.0,65,2136,216,131070
HHS Region,hhs2,2014,39,2.00253,1.79156,834,394.0,548.0,809,154.0,97,2288,215,127710
HHS Region,hhs2,2014,40,1.79583,1.64979,869,363.0,520.0,757,157.0,107,2253,276,136563
HHS Region,hhs2,2014,41,1.70441,1.61354,837,349.0,500.0,676,151.0,115,2128,265,131884
HHS Region,hhs2,2014,42,2.30625,1.95394,1003,466.0,654.0,866,188.0,114,2637,283,134958
HHS Region,hhs2,2014,43,2.3166,1.95329,942,472.0,634.0,972,162.0,106,2654,286,135873
HHS Region,hhs2,2014,44,1.93681,1.84473,1026,358.0,501.0,882,143.0,91,2500,290,135521
HHS Region,hhs2,2014,45,2.52737,2.07039,1225,366.0,521.0,945,155.0,112,2803,288,135385
HHS Region,hhs2,2014,46,2.30887,1.94914,1111,327.0,495.0,830,168.0,82,2518,254,129185
HHS Region,hhs2,2014,47,2.77034,2.17689,1194,394.0,588.0,892,194.0,105,2779,289,127659
HHS Region,hhs2,2014,48,2.9469,2.45444,1268,392.0,546.0,854,154.0,104,2772,293,112938
HHS Region,hhs2,2014,49,2.44648,2.33738,1453,423.0,616.0,1071,193.0,113,3253,294,139173
HHS Region,hhs2,2014,50,2.89594,2.55852,1403,512.0,721.0,1117,209.0,122,3363,274,131443
HHS Region,hhs2,2014,51,3.61748,2.89274,1471,554.0,793.0,1437,239.0,176,3877,276,134025
HHS Region,hhs2,2014,52,5.24892,3.86713,1728,642.0,917.0,1649,275.0,188,4482,275,115900
HHS Region,hhs2,2014,53,4.53391,3.80711,1795,811.0,1132.0,1220,321.0,301,4448,247,116834
HHS Region,hhs2,2015,1,4.28873,3.35711,1362,851.0,1232.0,1320,381.0,289,4203,210,125197
HHS Region,hhs2,2015,2,4.61791,3.61062,1268,866.0,1253.0,1839,387.0,306,4666,213,129230
HHS Region,hhs2,2015,3,5.05069,3.91855,1442,812.0,1202.0,2319,390.0,252,5215,207,133085
HHS Region,hhs2,2015,4,5.2279,3.76759,1161,736.0,1055.0,1957,319.0,248,4421,201,117343
HHS Region,hhs2,2015,5,5.17198,3.61492,1137,732.0,1052.0,1970,320.0,196,4355,204,120473
HHS Region,hhs2,2015,6,4.86393,3.30552,1102,686.0,962.0,1783,276.0,194,4041,199,122250
HHS Region,hhs2,2015,7,3.68552,2.64693,901,573.0,830.0,1067,257.0,174,2972,191,112281
HHS Region,hhs2,2015,8,3.39765,2.23968,801,538.0,753.0,992,215.0,148,2694,199,120285
HHS Region,hhs2,2015,9,2.78587,1.98942,720,421.0,631.0,889,210.0,121,2361,204,118678
HHS Region,hhs2,2015,10,2.45948,1.93922,865,417.0,586.0,896,169.0,118,2465,206,127113
HHS Region,hhs2,2015,11,2.80665,2.07377,902,395.0,564.0,885,169.0,128,2479,202,119541
HHS Region,hhs2,2015,12,2.62266,2.12752,939,387.0,579.0,999,192.0,114,2631,205,123665
HHS Region,hhs2,2015,13,2.50236,2.02355,876,409.0,560.0,848,151.0,108,2392,193,118208
HHS Region,hhs2,2015,14,2.27622,1.83286,771,399.0,572.0,688,173.0,114,2145,195,117030
HHS Region,hhs2,2015,15,1.94961,1.55324,692,370.0,537.0,586,167.0,100,1915,191,123291
HHS Region,hhs2,2015,16,1.93505,1.61021,687,315.0,485.0,672,170.0,104,1948,186,120978
HHS Region,hhs2,2015,17,1.84629,1.58182,698,292.0,417.0,719,125.0,94,1928,186,121885
HHS Region,hhs2,2015,18,1.85969,1.66223,795,340.0,469.0,826,129.0,84,2174,187,130788
HHS Region,hhs2,2015,19,1.79159,1.5674,740,294.0,402.0,725,108.0,108,1975,183,126005
HHS Region,hhs2,2015,20,1.63654,1.62687,755,310.0,431.0,675,121.0,82,1943,178,119432
HHS Region,hhs2,2015,21,1.84731,1.64344,748,274.0,393.0,608,119.0,73,1822,162,110865
HHS Region,hhs2,2015,22,1.62516,1.44181,636,249.0,353.0,569,104.0,66,1624,173,112636
HHS Region,hhs2,2015,23,1.59308,1.50406,678,290.0,410.0,604,120.0,97,1789,171,118945
HHS Region,hhs2,2015,24,1.16801,1.23006,520,235.0,332.0,538,97.0,65,1455,169,118287
HHS Region,hhs2,2015,25,1.45487,1.3999,629,240.0,332.0,544,92.0,70,1575,171,112508
HHS Region,hhs2,2015,26,1.49921,1.34524,552,227.0,324.0,453,97.0,74,1403,168,104294
HHS Region,hhs2,2015,27,1.3606,1.10475,471,206.0,278.0,443,72.0,67,1259,169,113962
HHS Region,hhs2,2015,28,1.25046,1.06574,464,216.0,300.0,398,84.0,48,1210,168,113536
HHS Region,hhs2,2015,29,1.10433,1.02054,413,190.0,273.0,408,83.0,49,1143,169,112000
HHS Region,hhs2,2015,30,1.36927,1.16395,495,255.0,365.0,397,110.0,53,1310,171,112548
HHS Region,hhs2,2015,31,1.58666,1.26764,488,294.0,409.0,491,115.0,63,1451,169,114465
HHS Region,hhs2,2015,32,1.39358,1.13329,445,267.0,364.0,436,97.0,49,1294,164,114181
HHS Region,hhs2,2015,33,1.12294,1.05248,428,244.0,335.0,383,91.0,58,1204,161,114396
HHS Region,hhs2,2015,34,1.12921,1.02292,419,201.0,273.0,405,72.0,49,1146,152,112032
HHS Region,hhs2,2015,35,1.1994,1.0295,403,230.0,315.0,424,85.0,55,1197,159,116270
HHS Region,hhs2,2015,36,1.16127,1.02177,401,237.0,314.0,387,77.0,55,1157,158,113235
HHS Region,hhs2,2015,37,1.37077,1.20126,482,257.0,352.0,514,95.0,57,1405,151,116961
HHS Region,hhs2,2015,38,1.62828,1.36869,600,292.0,403.0,566,111.0,66,1635,166,119457
HHS Region,hhs2,2015,39,1.2988,1.33412,517,330.0,435.0,490,105.0,68,1510,127,113183
HHS Region,hhs2,2015,40,1.03278,1.22475,547,294.0,417.0,528,123.0,95,1587,199,129577
HHS Region,hhs2,2015,41,0.951433,1.33928,572,305.0,433.0,515,128.0,114,1634,189,122006
HHS Region,hhs2,2015,42,1.23018,1.49285,687,299.0,443.0,612,144.0,85,1827,191,122383
HHS Region,hhs2,2015,43,1.10278,1.43604,701,317.0,412.0,533,95.0,89,1735,198,120818
HHS Region,hhs2,2015,44,1.21684,1.45903,728,316.0,444.0,579,128.0,88,1839,200,126043
HHS Region,hhs2,2015,45,1.07336,1.46322,735,276.0,390.0,570,114.0,99,1794,197,122606
HHS Region,hhs2,2015,46,1.3633,1.64908,862,302.0,408.0,664,106.0,91,2025,187,122796
HHS Region,hhs2,2015,47,1.35069,1.79388,894,274.0,390.0,563,116.0,82,1929,188,107532
HHS Region,hhs2,2015,48,1.57092,1.98748,1164,333.0,479.0,835,146.0,81,2559,196,128756
HHS Region,hhs2,2015,49,1.86092,2.19425,1317,347.0,500.0,935,153.0,82,2834,191,129156
HHS Region,hhs2,2015,50,1.74541,2.28485,1382,375.0,532.0,887,157.0,108,2909,197,127317
HHS Region,hhs2,2015,51,2.29498,2.74702,1520,343.0,473.0,803,130.0,129,2925,198,106479
HHS Region,hhs2,2015,52,2.30133,2.94139,1723,434.0,584.0,787,150.0,135,3229,191,109778
HHS Region,hhs2,2016,1,1.77591,2.36206,1266,475.0,699.0,760,224.0,145,2870,191,121504
HHS Region,hhs2,2016,2,2.37764,2.33214,1070,485.0,696.0,904,211.0,143,2813,197,120619
HHS Region,hhs2,2016,3,2.18428,2.37471,1048,505.0,717.0,829,212.0,132,2726,201,114793
HHS Region,hhs2,2016,4,2.32815,2.5876,1128,587.0,840.0,1143,253.0,144,3255,202,125792
HHS Region,hhs2,2016,5,2.50124,2.74937,1104,714.0,991.0,1331,277.0,133,3559,205,129448
HHS Region,hhs2,2016,6,3.21581,3.22684,1203,837.0,1165.0,1486,328.0,159,4013,198,124363
HHS Region,hhs2,2016,7,2.76832,3.30343,1262,932.0,1278.0,1355,346.0,166,4061,197,122933
HHS Region,hhs2,2016,8,3.17342,3.26737,1209,1032.0,1475.0,1364,443.0,194,4242,190,129829
HHS Region,hhs2,2016,9,3.69465,3.5474,1251,1012.0,1402.0,1815,390.0,177,4645,199,130941
HHS Region,hhs2,2016,10,4.01335,3.94274,1338,1195.0,1655.0,2087,460.0,214,5294,193,134272
HHS Region,hhs2,2016,11,4.07985,3.44311,1150,890.0,1224.0,1776,334.0,171,4321,192,125497
HHS Region,hhs2,2016,12,3.34526,3.10712,998,778.0,1072.0,1616,294.0,158,3844,182,123716
HHS Region,hhs2,2016,13,2.27089,2.59772,802,647.0,886.0,1299,239.0,128,3115,157,119913
HHS Region,hhs2,2016,14,1.9742,2.20674,625,568.0,760.0,1059,192.0,131,2575,159,116688
HHS Region,hhs2,2016,15,2.22224,2.29654,725,487.0,673.0,1233,186.0,115,2746,155,119571
HHS Region,hhs2,2016,16,2.00991,2.27756,712,515.0,722.0,1193,207.0,107,2734,155,120041
HHS Region,hhs2,2016,17,1.6754,1.96311,620,482.0,661.0,811,179.0,126,2218,141,112984
HHS Region,hhs2,2016,18,1.4765,1.66053,566,423.0,580.0,629,157.0,115,1890,150,113819
HHS Region,hhs2,2016,19,1.38879,1.64277,575,374.0,514.0,680,140.0,103,1872,147,113954
HHS Region,hhs2,2016,20,1.25627,1.53228,555,330.0,463.0,635,133.0,97,1750,145,114209
HHS Region,hhs2,2016,21,1.21486,1.57107,529,316.0,431.0,541,115.0,97,1598,97,101714
HHS Region,hhs2,2016,22,0.83189,1.42779,574,277.0,388.0,494,111.0,85,1541,144,107929
HHS Region,hhs2,2016,23,0.892695,1.38118,572,245.0,359.0,506,114.0,83,1520,140,110051
HHS Region,hhs2,2016,24,0.829248,1.35599,578,232.0,323.0,470,91.0,95,1466,142,108113
HHS Region,hhs2,2016,25,0.805577,1.29755,587,235.0,331.0,475,96.0,65,1458,140,112366
HHS Region,hhs2,2016,26,0.839301,1.2534,503,236.0,327.0,462,91.0,60,1352,136,107867
HHS Region,hhs2,2016,27,0.682034,1.12002,431,207.0,300.0,366,93.0,59,1156,129,103212
HHS Region,hhs2,2016,28,0.660509,1.02523,417,231.0,319.0,344,88.0,62,1142,136,111390
HHS Region,hhs2,2016,29,0.679526,1.19322,504,248.0,328.0,407,80.0,73,1312,131,109955
HHS Region,hhs2,2016,30,0.746436,1.16374,500,230.0,300.0,411,70.0,60,1271,139,109217
HHS Region,hhs2,2016,31,0.634354,1.10631,412,249.0,334.0,401,85.0,54,1201,129,108559
HHS Region,hhs2,2016,32,0.533826,1.05641,445,208.0,292.0,371,84.0,53,1161,128,109900
HHS Region,hhs2,2016,33,0.568049,0.991003,416,182.0,233.0,373,51.0,52,1074,119,108375
HHS Region,hhs2,2016,34,0.60012,1.14653,439,249.0,340.0,412,91.0,61,1252,118,109199
HHS Region,hhs2,2016,35,0.603582,1.09199,416,267.0,358.0,376,91.0,54,1204,124,110257
HHS Region,hhs2,2016,36,0.68985,1.01611,380,214.0,290.0,374,76.0,71,1115,122,109732
HHS Region,hhs2,2016,37,0.739722,1.08334,405,254.0,357.0,419,103.0,87,1268,122,117045
HHS Region,hhs2,2016,38,0.767777,1.34178,565,302.0,403.0,555,101.0,79,1602,122,119394
HHS Region,hhs2,2016,39,0.932667,1.51559,611,302.0,414.0,601,112.0,84,1710,124,112827
HHS Region,hhs2,2016,40,1.74499,1.61815,807,420.0,591.0,696,171.0,106,2200,176,135958
HHS Region,hhs2,2016,41,1.88524,1.66392,826,429.0,619.0,687,190.0,106,2238,172,134502
HHS Region,hhs2,2016,42,1.93008,1.73672,912,450.0,635.0,743,185.0,130,2420,177,139343
HHS Region,hhs2,2016,43,2.05051,1.81245,971,410.0,586.0,757,176.0,128,2442,182,134735
HHS Region,hhs2,2016,44,2.2409,1.99946,1091,433.0,643.0,865,210.0,133,2732,181,136637
HHS Region,hhs2,2016,45,2.46429,2.2109,1279,434.0,658.0,888,224.0,134,2959,177,133837
HHS Region,hhs2,2016,46,2.53078,2.26335,1380,447.0,643.0,1000,196.0,149,3172,181,140146
HHS Region,hhs2,2016,47,3.25846,2.73019,1409,458.0,660.0,992,202.0,160,3221,185,117977
HHS Region,hhs2,2016,48,3.18884,2.64438,1623,544.0,785.0,1150,241.0,160,3718,176,140600
HHS Region,hhs2,2016,49,3.26288,2.84682,1798,579.0,826.0,1210,247.0,186,4020,188,141210
HHS Region,hhs2,2016,50,3.40303,3.13935,1671,602.0,857.0,1534,255.0,204,4266,186,135888
HHS Region,hhs2,2016,51,4.54373,4.01508,1899,817.0,1163.0,2224,346.0,284,5570,190,138727
HHS Region,hhs2,2016,52,6.04479,5.0999,2309,1114.0,1596.0,2487,482.0,331,6723,160,131826
HHS Region,hhs2,2017,1,5.34376,4.15711,1922,1116.0,1621.0,1800,505.0,405,5748,173,138269
HHS Region,hhs2,2017,2,5.07086,4.07592,1574,991.0,1433.0,2222,442.0,350,5579,173,136877
HHS Region,hhs2,2017,3,5.68166,4.59092,1796,938.0,1362.0,3003,424.0,352,6513,186,141867
HHS Region,hhs2,2017,4,6.01053,4.59112,1799,936.0,1374.0,3161,438.0,311,6645,198,144736
HHS Region,hhs2,2017,5,6.49829,4.73688,1796,865.0,1259.0,3433,394.0,290,6778,200,143090
HHS Region,hhs2,2017,6,6.93759,4.84631,1915,906.0,1265.0,3212,359.0,285,6677,195,137775
HHS Region,hhs2,2017,7,5.72327,3.89122,1533,782.0,1137.0,2391,355.0,269,5330,184,136975
HHS Region,hhs2,2017,8,4.74394,3.35612,1416,731.0,1078.0,1735,347.0,264,4493,183,133875
HHS Region,hhs2,2017,9,3.14868,2.52976,1172,601.0,853.0,1187,252.0,173,3385,193,133807
HHS Region,hhs2,2017,10,3.07779,2.3161,1006,495.0,708.0,1127,213.0,143,2984,177,128837
HHS Region,hhs2,2017,11,3.26144,2.43223,947,498.0,716.0,1103,218.0,140,2906,185,119479
HHS Region,hhs2,2017,12,3.07912,2.41791,997,556.0,761.0,1428,205.0,185,3371,192,139418
HHS Region,hhs2,2017,13,3.72855,2.87652,1167,615.0,905.0,1692,290.0,173,3937,190,136867
HHS Region,hhs2,2017,14,3.73,2.79566,1092,606.0,867.0,1757,261.0,149,3865,184,138250
HHS Region,hhs2,2017,15,3.07639,2.44738,1167,489.0,728.0,1109,239.0,196,3200,177,130752
HHS Region,hhs2,2017,16,2.30839,1.91213,822,536.0,760.0,795,224.0,156,2533,178,132470
HHS Region,hhs2,2017,17,2.37195,1.75654,752,420.0,627.0,816,207.0,150,2345,179,133501
HHS Region,hhs2,2017,18,2.01884,1.59831,764,402.0,572.0,776,170.0,108,2220,177,138897
HHS Region,hhs2,2017,19,2.04102,1.77886,776,448.0,639.0,848,191.0,142,2405,178,135199
HHS Region,hhs2,2017,20,2.05369,1.81914,876,450.0,616.0,824,166.0,135,2451,174,134734
HHS Region,hhs2,2017,21,1.82629,1.55319,682,348.0,479.0,708,131.0,113,1982,157,127608
HHS Region,hhs2,2017,22,1.95155,1.68665,722,371.0,516.0,701,145.0,118,2057,163,121958
HHS Region,hhs2,2017,23,1.8621,1.78137,977,341.0,482.0,675,141.0,129,2263,162,127037
HHS Region,hhs2,2017,24,1.69066,1.48692,747,301.0,422.0,599,121.0,102,1870,158,125763
HHS Region,hhs2,2017,25,1.82187,1.4079,644,304.0,417.0,613,113.0,106,1780,159,126429
HHS Region,hhs2,2017,26,1.57032,1.38952,721,265.0,385.0,513,120.0,104,1723,162,124000
HHS Region,hhs2,2017,27,1.52523,1.39454,657,287.0,394.0,458,107.0,91,1600,159,114733
HHS Region,hhs2,2017,28,1.38403,1.20219,531,247.0,357.0,437,110.0,74,1399,148,116371
HHS Region,hhs2,2017,29,1.44517,1.15841,556,231.0,344.0,379,113.0,94,1373,148,118525
HHS Region,hhs2,2017,30,1.45844,1.21813,561,235.0,357.0,431,122.0,70,1419,146,116490
HHS Region,hhs2,2017,31,1.32634,1.16036,528,227.0,329.0,395,102.0,87,1339,146,115395
HHS Region,hhs2,2017,32,1.34713,1.19391,537,262.0,366.0,406,104.0,82,1391,147,116508
HHS Region,hhs2,2017,33,1.15738,1.06165,436,238.0,355.0,334,117.0,70,1195,146,112561
HHS Region,hhs2,2017,34,1.41483,1.16433,507,281.0,372.0,401,91.0,84,1364,147,117149
HHS Region,hhs2,2017,35,1.32425,1.13778,491,278.0,393.0,353,115.0,98,1335,143,117334
HHS Region,hhs2,2017,36,1.46271,1.12047,474,242.0,356.0,374,114.0,95,1299,143,115933
HHS Region,hhs2,2017,37,1.41239,1.27256,546,375.0,527.0,555,152.0,121,1749,154,137440
HHS Region,hhs2,2017,38,1.5084,1.47969,678,382.0,525.0,661,143.0,154,2018,158,136380
HHS Region,hhs2,2017,39,1.55442,1.47923,773,386.0,544.0,651,158.0,128,2096,155,141695
HHS Region,hhs2,2017,40,1.52964,1.40958,749,369.0,518.0,614,149.0,136,2017,177,143092
HHS Region,hhs2,2017,41,1.63699,1.50408,806,413.0,574.0,613,161.0,141,2134,176,141881
HHS Region,hhs2,2017,42,1.86708,1.71154,913,446.0,614.0,835,168.0,152,2514,179,146885
HHS Region,hhs2,2017,43,2.09091,1.80144,1044,405.0,620.0,804,215.0,192,2660,181,147660
HHS Region,hhs2,2017,44,2.41627,1.9045,1110,451.0,646.0,813,195.0,144,2713,169,142452
HHS Region,hhs2,2017,45,2.39732,1.90399,1180,421.0,612.0,778,191.0,152,2722,178,142963
HHS Region,hhs2,2017,46,2.828,2.35052,1495,539.0,799.0,966,260.0,194,3454,183,146946
HHS Region,hhs2,2017,47,2.83733,2.32193,1355,464.0,682.0,812,218.0,179,3028,181,130409
HHS Region,hhs2,2017,48,2.97265,2.06287,1276,496.0,753.0,875,257.0,202,3106,181,150567
HHS Region,hhs2,2017,49,3.15216,2.62988,1634,589.0,875.0,1098,286.0,223,3830,180,145634
HHS Region,hhs2,2017,50,3.59161,2.83291,1515,620.0,923.0,1263,303.0,240,3941,177,139115
HHS Region,hhs2,2017,51,4.3243,3.27795,1748,750.0,1112.0,1480,362.0,263,4603,171,140423
HHS Region,hhs2,2017,52,4.52747,3.88765,1823,973.0,1402.0,1363,429.0,356,4944,158,127172
HHS Region,hhs3,2002,1,2.84343810312008,2.47345073262535,51,,50.0,54,,29,184,36,7439
HHS Region,hhs3,2002,2,1.83331668936651,1.61492095985443,35,,45.0,44,,18,142,36,8793
HHS Region,hhs3,2002,3,4.15201868980308,3.03409090909091,76,,64.0,111,,16,267,35,8800
HHS Region,hhs3,2002,4,4.55867315991221,3.56200527704485,88,,95.0,121,,20,324,36,9096
HHS Region,hhs3,2002,5,4.92763740996993,4.19472347941274,97,,113.0,138,,32,380,33,9059
HHS Region,hhs3,2002,6,5.46306935551591,3.63430454030681,109,,99.0,109,,36,353,36,9713
HHS Region,hhs3,2002,7,4.84377075677933,3.47892888498683,105,,79.0,108,,25,317,35,9112
HHS Region,hhs3,2002,8,4.17650785367762,3.15835809398041,88,,80.0,95,,24,287,34,9087
HHS Region,hhs3,2002,9,4.60418865243716,3.79705755084379,86,,119.0,111,,35,351,33,9244
HHS Region,hhs3,2002,10,5.66049444058126,3.30393576411741,61,,68.0,102,,20,251,30,7597
HHS Region,hhs3,2002,11,6.61247838756664,2.91970802919708,74,,48.0,110,,20,252,31,8631
HHS Region,hhs3,2002,12,5.80713167142069,2.93958276889732,53,,39.0,110,,15,217,29,7382
HHS Region,hhs3,2002,13,4.25067666224925,2.25192503268923,45,,33.0,59,,18,155,27,6883
HHS Region,hhs3,2002,14,4.97158455870046,2.2610188895249,42,,34.0,62,,20,158,26,6988
HHS Region,hhs3,2002,15,3.58220029745648,1.94097314544004,33,,45.0,51,,17,146,27,7522
HHS Region,hhs3,2002,16,3.36698352525715,1.4367816091954,19,,24.0,48,,14,105,25,7308
HHS Region,hhs3,2002,17,3.20797156116292,1.47619837452314,22,,18.0,33,,16,89,22,6029
HHS Region,hhs3,2002,18,2.98909416441878,1.51950025325004,23,,18.0,29,,20,90,22,5923
HHS Region,hhs3,2002,19,2.77440133098994,1.32425970204157,15,,17.0,30,,10,72,20,5437
HHS Region,hhs3,2002,20,1.51669090409126,1.04665602270711,11,,16.0,19,,13,59,21,5637
HHS Region,hhs3,2002,40,1.16453382876061,1.15575620767494,27,,56.0,24,,21,128,39,11075
HHS Region,hhs3,2002,41,0.877381376403636,0.991150442477876,22,,47.0,24,,19,112,39,11300
HHS Region,hhs3,2002,42,1.12843700263131,1.25930619356883,28,,65.0,44,,22,159,44,12626
HHS Region,hhs3,2002,43,1.11429919988884,1.23102484706593,24,,67.0,47,,25,163,42,13241
HHS Region,hhs3,2002,44,1.01306700712758,1.0920979410128,35,,62.0,44,,16,157,47,14376
HHS Region,hhs3,2002,45,1.39691685437637,1.43397210272455,30,,101.0,60,,29,220,47,15342
HHS Region,hhs3,2002,46,1.1805505659626,1.28213871649731,31,,86.0,46,,25,188,44,14663
HHS Region,hhs3,2002,47,1.24944907515854,1.30034675913577,35,,83.0,54,,23,195,46,14996
HHS Region,hhs3,2002,48,1.86724621960469,1.88125647221263,29,,94.0,56,,39,218,43,11588
HHS Region,hhs3,2002,49,1.16999662642913,1.38138548861383,31,,85.0,50,,36,202,51,14623
HHS Region,hhs3,2002,50,1.29547544922,1.47591002625417,26,,101.0,47,,34,208,47,14093
HHS Region,hhs3,2002,51,1.07092095348883,1.26618499177337,35,,63.0,47,,32,177,48,13979
HHS Region,hhs3,2002,52,1.33898998308901,1.67582161809887,38,,80.0,32,,30,180,49,10741
HHS Region,hhs3,2003,1,1.27558524039766,1.53256704980843,39,,72.0,36,,29,176,51,11484
HHS Region,hhs3,2003,2,1.41884807102311,1.599401075342,38,,96.0,57,,44,235,53,14693
HHS Region,hhs3,2003,3,1.18345604442881,1.51192504258944,35,,70.0,71,,37,213,50,14088
HHS Region,hhs3,2003,4,1.90186521467903,2.31178396072013,90,,118.0,102,,29,339,51,14664
HHS Region,hhs3,2003,5,2.39285063265078,2.47801758593126,83,,68.0,199,,22,372,48,15012
HHS Region,hhs3,2003,6,3.19039184950306,3.53509983674495,74,,93.0,371,,25,563,57,15926
HHS Region,hhs3,2003,7,3.70688761305881,3.68691817736404,102,,140.0,325,,35,602,59,16328
HHS Region,hhs3,2003,8,3.87633898055784,3.66835244675547,107,,144.0,228,,36,515,58,14039
HHS Region,hhs3,2003,9,2.85312869729903,2.89313127337138,70,,159.0,171,,41,441,57,15243
HHS Region,hhs3,2003,10,1.87655674170132,2.05862609084806,62,,101.0,75,,38,276,51,13407
HHS Region,hhs3,2003,11,2.3926449231025,2.09765923456276,44,,95.0,130,,33,302,52,14397
HHS Region,hhs3,2003,12,2.00456758341821,2.15091370114541,43,,111.0,65,,27,246,49,11437
HHS Region,hhs3,2003,13,1.98846473413454,1.89085462884957,38,,89.0,53,,22,202,41,10683
HHS Region,hhs3,2003,14,1.66105712528171,1.62406015037594,33,,64.0,42,,23,162,37,9975
HHS Region,hhs3,2003,15,2.07015952076534,1.7899637868598,26,,74.0,46,,27,173,36,9665
HHS Region,hhs3,2003,16,1.35365158800512,1.51736540406879,28,,61.0,25,,21,135,35,8897
HHS Region,hhs3,2003,17,1.74416703790192,2.04657727593507,26,,78.0,43,,27,174,34,8502
HHS Region,hhs3,2003,18,1.24916891482671,1.41138361869505,17,,64.0,22,,19,122,34,8644
HHS Region,hhs3,2003,19,1.57343687618495,1.79930795847751,25,,75.0,40,,16,156,34,8670
HHS Region,hhs3,2003,20,1.30388877109864,1.47076999134841,7,,55.0,35,,22,119,33,8091
HHS Region,hhs3,2003,21,0.988691562500819,1.08572149981063,15,,44.0,12,,15,86,26,7921
HHS Region,hhs3,2003,22,0.956929696403555,1.15337086365509,8,,45.0,20,,11,84,24,7283
HHS Region,hhs3,2003,23,0.895631703437424,0.975292587776333,18,,26.0,19,,12,75,20,7690
HHS Region,hhs3,2003,24,1.18024746895853,1.40012845215157,12,,59.0,24,,14,109,21,7785
HHS Region,hhs3,2003,25,0.894659325614039,1.00042271382274,9,,38.0,16,,8,71,21,7097
HHS Region,hhs3,2003,26,0.869729702448414,1.12963959117805,11,,42.0,23,,8,84,22,7436
HHS Region,hhs3,2003,27,0.817688774419538,0.994425192104867,15,,24.0,21,,6,66,20,6637
HHS Region,hhs3,2003,28,0.979123253938391,1.12482853223594,14,,32.0,23,,13,82,20,7290
HHS Region,hhs3,2003,29,0.564086887596652,0.667424027264982,8,,22.0,8,,9,47,20,7042
HHS Region,hhs3,2003,30,0.633487904804808,0.710374426520645,4,,26.0,9,,9,48,19,6757
HHS Region,hhs3,2003,31,0.699507232747161,0.78125,10,,26.0,10,,7,53,18,6784
HHS Region,hhs3,2003,32,0.842351036612817,1.08606220174428,16,,30.0,11,,9,66,16,6077
HHS Region,hhs3,2003,33,0.788952122394138,0.985144644253323,10,,30.0,16,,7,63,16,6395
HHS Region,hhs3,2003,34,0.684437031973699,0.803585226394684,13,,22.0,14,,3,52,17,6471
HHS Region,hhs3,2003,35,0.678733528508151,0.891238670694864,11,,28.0,13,,7,59,17,6620
HHS Region,hhs3,2003,36,0.85869892930784,1.14829396325459,14,,25.0,22,,9,70,15,6096
HHS Region,hhs3,2003,37,0.900574499172503,1.10091743119266,15,,30.0,27,,6,78,17,7085
HHS Region,hhs3,2003,38,1.17720505120175,1.44230769230769,20,,33.0,28,,12,93,15,6448
HHS Region,hhs3,2003,39,0.856703242090669,1.60033691303432,17,,36.0,17,,6,76,15,4749
HHS Region,hhs3,2003,40,1.56616082486229,1.53267512929008,28,,79.0,36,,20,163,40,10635
HHS Region,hhs3,2003,41,1.11635295599748,1.35739626716027,19,,61.0,64,,32,176,45,12966
HHS Region,hhs3,2003,42,1.11527404882079,1.19589141599413,24,,57.0,53,,29,163,47,13630
HHS Region,hhs3,2003,43,0.959913301759688,1.1968177101349,22,,69.0,50,,32,173,49,14455
HHS Region,hhs3,2003,44,1.47046249605021,1.7000050898356,61,,108.0,119,,46,334,60,19647
HHS Region,hhs3,2003,45,2.52965471042977,1.72897886803606,47,,124.0,132,,48,351,67,20301
HHS Region,hhs3,2003,46,2.46443253404651,2.50183239677498,71,,185.0,216,,40,512,72,20465
HHS Region,hhs3,2003,47,4.62754857195609,3.38339062782703,93,,235.0,359,,61,748,78,22108
HHS Region,hhs3,2003,48,4.31327492981917,4.97321680293205,196,,249.0,367,,70,882,75,17735
HHS Region,hhs3,2003,49,5.40331101251127,5.39238611916565,196,,356.0,494,,107,1153,74,21382
HHS Region,hhs3,2003,50,7.01602494981841,6.99415975885456,291,,443.0,622,,129,1485,70,21232
HHS Region,hhs3,2003,51,7.2415128811969,7.60925691217199,351,,472.0,610,,188,1621,69,21303
HHS Region,hhs3,2003,52,6.64876709900173,8.06971469499821,287,,449.0,429,,187,1352,70,16754
HHS Region,hhs3,2003,53,5.45167307761851,6.49147330164943,207,,481.0,298,,175,1161,70,17885
HHS Region,hhs3,2004,1,3.20180811500137,4.1502509579578,114,,318.0,247,,90,769,63,18529
HHS Region,hhs3,2004,2,2.7893319273039,3.49745532015623,96,,214.0,196,,85,591,60,16898
HHS Region,hhs3,2004,3,2.32408133612606,2.81333011349915,78,,175.0,145,,68,466,59,16564
HHS Region,hhs3,2004,4,2.11518579774955,2.35075141320833,65,,121.0,103,,52,341,57,14506
HHS Region,hhs3,2004,5,1.90125691010973,2.20363426593597,74,,152.0,103,,53,382,65,17335
HHS Region,hhs3,2004,6,1.97339270164729,2.797973121833,113,,177.0,149,,69,508,60,18156
HHS Region,hhs3,2004,7,1.76226307055839,2.69750607928519,74,,193.0,154,,56,477,61,17683
HHS Region,hhs3,2004,8,1.61975570408216,2.59895088221269,62,,161.0,144,,69,436,51,16776
HHS Region,hhs3,2004,9,1.56244326664909,2.45620482665687,66,,110.0,138,,87,401,45,16326
HHS Region,hhs3,2004,10,1.71442399858476,3.31878289896007,82,,191.0,190,,54,517,43,15578
HHS Region,hhs3,2004,11,1.9012887894551,2.90418315432448,50,,161.0,144,,56,411,38,14152
HHS Region,hhs3,2004,12,1.57736904877627,2.66889074228524,51,,155.0,118,,60,384,40,14388
HHS Region,hhs3,2004,13,1.84871782629152,2.77239100768513,55,,168.0,109,,54,386,39,13923
HHS Region,hhs3,2004,14,1.21735747539262,1.96170379054318,51,,102.0,64,,34,251,36,12795
HHS Region,hhs3,2004,15,1.39830157286802,2.61817041624206,40,,137.0,105,,52,334,34,12757
HHS Region,hhs3,2004,16,1.29532413092006,2.35874508594774,37,,120.0,79,,70,306,34,12973
HHS Region,hhs3,2004,17,1.28386052846757,2.09898725906566,33,,109.0,66,,49,257,30,12244
HHS Region,hhs3,2004,18,1.2586145595503,2.02020202020202,31,,94.0,77,,26,228,28,11286
HHS Region,hhs3,2004,19,1.1952232055523,2.0746887966805,28,,98.0,71,,18,215,25,10363
HHS Region,hhs3,2004,20,1.44669404857281,2.42465224111283,30,,111.0,62,,48,251,23,10352
HHS Region,hhs3,2004,21,0.888997394434087,2.16207808368331,6,,74.0,52,,7,139,14,6429
HHS Region,hhs3,2004,22,0.875045128583397,1.07153200115841,7,,37.0,22,,8,74,14,6906
HHS Region,hhs3,2004,23,0.904296803605881,1.05764145954521,15,,35.0,16,,14,80,15,7564
HHS Region,hhs3,2004,24,0.874515515203837,1.13439209929267,9,,40.0,25,,11,85,15,7493
HHS Region,hhs3,2004,25,1.01287763990803,2.18246415429514,19,,70.0,55,,28,172,16,7881
HHS Region,hhs3,2004,26,0.847665088766376,0.747094631986718,9,,19.0,10,,16,54,13,7228
HHS Region,hhs3,2004,27,0.76014511411361,0.721045515998197,9,,26.0,5,,8,48,13,6657
HHS Region,hhs3,2004,28,1.51199043679327,1.8168709444845,11,,54.0,37,,24,126,14,6935
HHS Region,hhs3,2004,29,0.124700568739929,0.195486049404656,0,,5.0,6,,0,11,11,5627
HHS Region,hhs3,2004,30,0.908100962319007,0.682382133995037,8,,24.0,8,,4,44,12,6448
HHS Region,hhs3,2004,31,1.63878595059805,2.03493029963147,8,,66.0,37,,16,127,12,6241
HHS Region,hhs3,2004,32,1.48411801179664,2.48934356351236,18,,71.0,38,,19,146,10,5865
HHS Region,hhs3,2004,33,1.05806885201008,0.833472245374229,7,,23.0,10,,10,50,10,5999
HHS Region,hhs3,2004,34,1.3258225194844,0.945703570846242,3,,35.0,10,,10,58,10,6133
HHS Region,hhs3,2004,35,1.62457161023774,2.44169666614494,11,,57.0,65,,23,156,12,6389
HHS Region,hhs3,2004,36,1.28408080477021,0.894928737156115,6,,32.0,8,,8,54,11,6034
HHS Region,hhs3,2004,37,1.69872369436014,2.79411764705882,20,,84.0,68,,18,190,12,6800
HHS Region,hhs3,2004,38,1.41576749773601,1.96844477836213,18,,35.0,52,,26,131,11,6655
HHS Region,hhs3,2004,39,1.30397520111015,2.66954294189025,27,,83.0,58,,30,198,17,7417
HHS Region,hhs3,2004,40,1.41314589554834,1.57448075634631,80,,142.0,162,,39,423,100,26866
HHS Region,hhs3,2004,41,2.27248046597362,2.23934073808671,123,,212.0,221,,69,625,108,27910
HHS Region,hhs3,2004,42,2.14341601183309,2.19236452355589,145,,197.0,232,,64,638,107,29101
HHS Region,hhs3,2004,43,2.6077072451162,2.91853752405388,166,,276.0,307,,70,819,107,28062
HHS Region,hhs3,2004,44,2.51302177455903,2.54842346189321,140,,269.0,248,,89,746,110,29273
HHS Region,hhs3,2004,45,2.66382222589894,2.43869348438083,143,,243.0,265,,68,719,109,29483
HHS Region,hhs3,2004,46,2.33023206884777,1.93075463053865,169,,165.0,193,,63,590,111,30558
HHS Region,hhs3,2004,47,2.65024397910348,2.72275141195313,135,,222.0,224,,65,646,115,23726
HHS Region,hhs3,2004,48,2.67128052042239,2.54148501132177,147,,255.0,268,,82,752,110,29589
HHS Region,hhs3,2004,49,3.14092440800574,2.98212998444436,197,,242.0,273,,74,786,107,26357
HHS Region,hhs3,2004,50,3.04871982473568,3.15601831219868,137,,245.0,300,,97,779,101,24683
HHS Region,hhs3,2004,51,3.38548787299657,3.39221903467714,140,,237.0,234,,63,674,100,19869
HHS Region,hhs3,2004,52,4.00011662229632,4.33110521014559,218,,356.0,275,,97,946,100,21842
HHS Region,hhs3,2005,1,3.79747901800792,3.75785103438487,221,,381.0,330,,127,1059,104,28181
HHS Region,hhs3,2005,2,3.77639887065995,3.48593331886888,243,,296.0,331,,94,964,105,27654
HHS Region,hhs3,2005,3,3.91804717676197,3.48698825769597,181,,286.0,334,,78,879,99,25208
HHS Region,hhs3,2005,4,5.28632719516839,4.39209498046288,215,,407.0,439,,108,1169,98,26616
HHS Region,hhs3,2005,5,6.50110178702509,6.25570455662431,249,,412.0,989,,132,1782,97,28486
HHS Region,hhs3,2005,6,6.31985647478496,6.14539748953975,318,,608.0,795,,159,1880,99,30592
HHS Region,hhs3,2005,7,9.17570810732893,7.7889369111657,335,,1205.0,786,,179,2505,101,32161
HHS Region,hhs3,2005,8,5.5329682901876,5.89508437270726,279,,580.0,599,,149,1607,94,27260
HHS Region,hhs3,2005,9,4.06252837873824,4.50016187632649,231,,410.0,468,,142,1251,93,27799
HHS Region,hhs3,2005,10,4.27602185985131,4.44549281463202,233,,423.0,444,,125,1225,94,27556
HHS Region,hhs3,2005,11,4.05541457215745,4.29684628390796,210,,440.0,404,,115,1169,89,27206
HHS Region,hhs3,2005,12,3.42324186459472,3.48855138385629,169,,326.0,316,,94,905,83,25942
HHS Region,hhs3,2005,13,2.72165090087887,3.13125718911089,116,,282.0,248,,89,735,78,23473
HHS Region,hhs3,2005,14,2.02353361846774,2.13459208822424,74,,176.0,195,,66,511,70,23939
HHS Region,hhs3,2005,15,1.83184936601066,2.42575170632725,75,,176.0,200,,75,526,65,21684
HHS Region,hhs3,2005,16,1.86821975859674,2.47688401283955,66,,132.0,189,,130,517,61,20873
HHS Region,hhs3,2005,17,1.60360697482306,1.9142717973697,62,,120.0,177,,34,393,60,20530
HHS Region,hhs3,2005,18,1.96820530961212,2.21757085478305,52,,142.0,152,,46,392,51,17677
HHS Region,hhs3,2005,19,1.9231650500794,2.24353673998126,61,,131.0,166,,49,407,49,18141
HHS Region,hhs3,2005,20,1.59616864908913,1.72401950683426,33,,91.0,89,,38,251,42,14559
HHS Region,hhs3,2005,21,1.14322462590831,1.85222672064777,21,,72.0,54,,36,183,29,9880
HHS Region,hhs3,2005,22,1.3311728606746,1.9678549350917,29,,76.0,53,,33,191,28,9706
HHS Region,hhs3,2005,23,1.26059919354722,1.83338370101743,18,,86.0,41,,37,182,25,9927
HHS Region,hhs3,2005,24,0.997201116746594,1.55404050531382,22,,83.0,24,,26,155,26,9974
HHS Region,hhs3,2005,25,1.02984133217507,1.38739513873951,14,,58.0,36,,21,129,26,9298
HHS Region,hhs3,2005,26,0.976159706820195,1.70700636942675,23,,45.0,26,,40,134,22,7850
HHS Region,hhs3,2005,27,1.09267889817548,1.71297545184786,10,,60.0,30,,27,127,22,7414
HHS Region,hhs3,2005,28,1.08845196741035,1.60402202537707,11,,77.0,28,,18,134,20,8354
HHS Region,hhs3,2005,29,1.19157375252908,1.7303869987139,10,,81.0,29,,28,148,18,8553
HHS Region,hhs3,2005,30,1.14237501273633,1.38872261462947,18,,62.0,19,,17,116,18,8353
HHS Region,hhs3,2005,31,1.12580787000965,1.69451910716373,19,,63.0,40,,23,145,18,8557
HHS Region,hhs3,2005,32,1.2651424756277,1.83750276732344,18,,78.0,45,,25,166,18,9034
HHS Region,hhs3,2005,33,0.900884544635269,0.70634553033812,12,,25.0,17,,7,61,17,8636
HHS Region,hhs3,2005,34,1.00628680737375,1.63373440777128,21,,73.0,31,,23,148,19,9059
HHS Region,hhs3,2005,35,1.24528846786673,1.41002685765443,17,,58.0,28,,23,126,19,8936
HHS Region,hhs3,2005,36,1.29159212008965,2.47015232606011,19,,74.0,62,,25,180,18,7287
HHS Region,hhs3,2005,37,1.61389970874064,2.8175519630485,24,,110.0,84,,26,244,18,8660
HHS Region,hhs3,2005,38,1.70011348251243,2.65466297322253,26,,88.0,97,,19,230,19,8664
HHS Region,hhs3,2005,39,1.64943789683505,2.54770604953309,27,,94.0,100,,30,251,23,9852
HHS Region,hhs3,2005,40,2.06209178697152,2.06553563550315,157,,138.0,170,,50,515,87,24933
HHS Region,hhs3,2005,41,1.85745122889972,1.89435474723031,169,,128.0,166,,38,501,90,26447
HHS Region,hhs3,2005,42,1.7386609631042,1.36537214496722,104,,122.0,116,,37,379,93,27758
HHS Region,hhs3,2005,43,2.02414320843148,1.44385935111262,126,,94.0,175,,30,425,94,29435
HHS Region,hhs3,2005,44,2.55009010812593,1.62983041423408,118,,96.0,220,,35,469,99,28776
HHS Region,hhs3,2005,45,2.27175462670769,1.68457836091514,118,,139.0,202,,52,511,99,30334
HHS Region,hhs3,2005,46,2.16284946393926,1.57765832246573,106,,142.0,197,,51,496,98,31439
HHS Region,hhs3,2005,47,2.31370068020324,1.79323574794612,116,,121.0,144,,49,430,101,23979
HHS Region,hhs3,2005,48,2.36205481130181,1.82385409167267,114,,137.0,230,,51,532,105,29169
HHS Region,hhs3,2005,49,2.18686145448159,1.69655121208746,117,,97.0,198,,45,457,101,26937
HHS Region,hhs3,2005,50,2.21334062048091,1.84151989206141,133,,95.0,236,,41,505,100,27423
HHS Region,hhs3,2005,51,2.45601602697798,2.05100421810301,144,,100.0,227,,59,530,100,25841
HHS Region,hhs3,2005,52,3.62800264651382,3.08554739023931,187,,112.0,286,,70,655,98,21228
HHS Region,hhs3,2006,1,3.5100333586855,2.89917473986365,228,,171.0,332,,77,808,107,27870
HHS Region,hhs3,2006,2,3.74161900831475,3.03315688630533,252,,160.0,452,,70,934,105,30793
HHS Region,hhs3,2006,3,3.66090563089581,3.20086492153458,280,,155.0,480,,62,977,103,30523
HHS Region,hhs3,2006,4,3.53154800534718,3.21720231822972,243,,144.0,524,,66,977,101,30368
HHS Region,hhs3,2006,5,2.73834050048129,2.41866802929654,145,,118.0,391,,56,710,101,29355
HHS Region,hhs3,2006,6,3.76340336617772,3.16998272663297,230,,193.0,496,,72,991,102,31262
HHS Region,hhs3,2006,7,3.90634933928415,3.34960219295313,217,,242.0,485,,58,1002,101,29914
HHS Region,hhs3,2006,8,4.52404998422695,4.21812349639134,299,,273.0,680,,63,1315,103,31175
HHS Region,hhs3,2006,9,4.2751729363623,3.8066347000685,188,,333.0,555,,91,1167,98,30657
HHS Region,hhs3,2006,10,6.25155451316673,5.49164879443686,334,,342.0,919,,95,1690,97,30774
HHS Region,hhs3,2006,11,5.24810327155572,4.69360736351028,328,,280.0,801,,80,1489,100,31724
HHS Region,hhs3,2006,12,4.24881626194526,3.80508639099204,226,,244.0,606,,100,1176,97,30906
HHS Region,hhs3,2006,13,4.21688826833812,3.74583984242342,205,,224.0,581,,93,1103,94,29446
HHS Region,hhs3,2006,14,2.51275927786507,2.26853623743085,111,,159.0,321,,61,652,88,28741
HHS Region,hhs3,2006,15,2.19476049688285,1.99141124957898,75,,134.0,207,,57,473,86,23752
HHS Region,hhs3,2006,16,1.76066424788223,1.61013485901103,65,,115.0,163,,51,394,83,24470
HHS Region,hhs3,2006,17,1.22324746371281,1.13996993485886,51,,83.0,118,,21,273,81,23948
HHS Region,hhs3,2006,18,1.43987342751434,1.14536262359626,26,,106.0,84,,40,256,74,22351
HHS Region,hhs3,2006,19,1.67622929149347,1.49602618045816,57,,104.0,115,,44,320,68,21390
HHS Region,hhs3,2006,20,1.49124516992058,1.50663020483979,53,,97.0,105,,37,292,61,19381
HHS Region,hhs3,2006,21,1.35608301830168,1.31310344827586,47,,75.0,78,,38,238,53,18125
HHS Region,hhs3,2006,22,1.33665718113132,1.64923264869818,54,,67.0,75,,20,216,42,13097
HHS Region,hhs3,2006,23,1.11920092850623,1.24425209629429,42,,63.0,63,,16,184,37,14788
HHS Region,hhs3,2006,24,0.967471951151906,1.02018976956553,34,,55.0,40,,14,143,37,14017
HHS Region,hhs3,2006,25,0.83102197998748,1.00565220582838,27,,60.0,28,,22,137,36,13623
HHS Region,hhs3,2006,26,0.965491376007846,1.13864164862481,32,,63.0,30,,17,142,35,12471
HHS Region,hhs3,2006,27,0.9010092230099,1.24988340639866,36,,50.0,31,,17,134,33,10721
HHS Region,hhs3,2006,28,0.99805405333859,1.04341203351104,25,,60.0,29,,23,137,32,13130
HHS Region,hhs3,2006,29,0.743892468489472,0.95075391814603,32,,40.0,39,,17,128,35,13463
HHS Region,hhs3,2006,30,0.832330197810451,0.951366161808357,28,,47.0,29,,21,125,34,13139
HHS Region,hhs3,2006,31,0.794438245719595,0.920893719806763,36,,45.0,23,,18,122,33,13248
HHS Region,hhs3,2006,32,0.853636409960282,0.562947799385875,17,,23.0,20,,6,66,30,11724
HHS Region,hhs3,2006,33,0.71235891058288,0.846296445554929,21,,42.0,28,,14,105,29,12407
HHS Region,hhs3,2006,34,0.85372711319971,0.761761258998828,30,,25.0,24,,12,91,29,11946
HHS Region,hhs3,2006,35,1.05193604977781,0.888084861442316,35,,33.0,35,,5,108,29,12161
HHS Region,hhs3,2006,36,1.17763054308034,1.43064282261962,33,,68.0,41,,6,148,28,10345
HHS Region,hhs3,2006,37,1.04924472325562,0.970647616089455,31,,40.0,46,,8,125,29,12878
HHS Region,hhs3,2006,38,1.13099237241416,1.12826603325416,35,,34.0,51,,13,133,27,11788
HHS Region,hhs3,2006,39,0.860512557829369,0.722908478382931,33,,32.0,34,,4,103,30,14248
HHS Region,hhs3,2006,40,2.30117200810856,1.64069178667719,132,,130.0,203,,34,499,104,30414
HHS Region,hhs3,2006,41,1.99895707578557,1.44585601935874,120,,116.0,202,,40,478,106,33060
HHS Region,hhs3,2006,42,2.10183033389447,1.65216847111834,123,,119.0,234,,52,528,109,31958
HHS Region,hhs3,2006,43,2.06916180499855,1.5482321716326,123,,115.0,219,,33,490,108,31649
HHS Region,hhs3,2006,44,2.0080375243708,1.52604806174355,125,,111.0,237,,49,522,112,34206
HHS Region,hhs3,2006,45,1.77215690424441,1.30430816940804,118,,116.0,161,,34,429,109,32891
HHS Region,hhs3,2006,46,2.12607494356686,1.5998023410235,151,,113.0,229,,25,518,108,32379
HHS Region,hhs3,2006,47,2.56081194637118,2.0159614265525,141,,84.0,249,,11,485,113,24058
HHS Region,hhs3,2006,48,2.4208236687558,2.00717296923174,196,,150.0,257,,35,638,110,31786
HHS Region,hhs3,2006,49,2.58223404768548,2.00179360707194,183,,141.0,280,,21,625,107,31222
HHS Region,hhs3,2006,50,2.67936247585033,2.14587064072601,199,,125.0,347,,36,707,110,32947
HHS Region,hhs3,2006,51,3.05618669064174,2.47871203502603,216,,145.0,320,,38,719,107,29007
HHS Region,hhs3,2006,52,3.6979865680567,3.16297273927092,213,,149.0,287,,46,695,106,21973
HHS Region,hhs3,2007,1,2.63953132697425,2.26856694560669,222,,189.0,242,,41,694,115,30592
HHS Region,hhs3,2007,2,2.09645948439771,1.76847945442987,165,,171.0,232,,44,612,116,34606
HHS Region,hhs3,2007,3,2.08306863535906,1.79471788715486,156,,159.0,243,,40,598,116,33320
HHS Region,hhs3,2007,4,2.50162751257932,2.42134062927497,183,,182.0,314,,29,708,113,29240
HHS Region,hhs3,2007,5,2.38504124389029,2.08879919273461,163,,125.0,297,,36,621,109,29730
HHS Region,hhs3,2007,6,2.66325154411907,2.51021599532983,210,,168.0,365,,31,774,109,30834
HHS Region,hhs3,2007,7,2.70935526296264,2.54058135145338,170,,170.0,293,,40,673,108,26490
HHS Region,hhs3,2007,8,2.48247914665092,2.21620210196488,163,,188.0,295,,33,679,102,30638
HHS Region,hhs3,2007,9,2.60062336846464,2.35223918095597,146,,226.0,341,,36,749,107,31842
HHS Region,hhs3,2007,10,2.81956781011889,2.50120404559319,152,,257.0,330,,40,779,102,31145
HHS Region,hhs3,2007,11,2.79383564115759,2.43785698331153,149,,240.0,329,,46,764,101,31339
HHS Region,hhs3,2007,12,2.33845301606167,1.91253131135333,108,,180.0,247,,30,565,96,29542
HHS Region,hhs3,2007,13,2.51285943048303,2.0241833121785,123,,202.0,244,,37,606,96,29938
HHS Region,hhs3,2007,14,2.14874265826578,1.66354264292409,104,,142.0,154,,26,426,92,25608
HHS Region,hhs3,2007,15,1.94873606128555,1.42986212043839,96,,126.0,123,,19,364,88,25457
HHS Region,hhs3,2007,16,1.58043473996764,1.23912258892409,59,,100.0,124,,26,309,85,24937
HHS Region,hhs3,2007,17,1.44312755600836,0.935711600317474,57,,64.0,95,,8,224,81,23939
HHS Region,hhs3,2007,18,1.28227375335931,0.784997819450502,50,,46.0,79,,5,180,82,22930
HHS Region,hhs3,2007,19,2.13132342796637,1.23257110987172,64,,52.0,102,,3,221,71,17930
HHS Region,hhs3,2007,20,1.62537989209317,1.08321651586594,62,,39.0,64,,5,170,68,15694
HHS Region,hhs3,2007,21,1.86566133213096,1.17355150214592,53,,34.0,84,,4,175,64,14912
HHS Region,hhs3,2007,22,1.6457642319923,1.17957746478873,51,,35.0,44,,4,134,55,11360
HHS Region,hhs3,2007,23,1.2005104060732,0.925708009727779,44,,25.0,46,,3,118,50,12747
HHS Region,hhs3,2007,24,1.77726884626117,0.854571579823036,44,,26.0,34,,9,113,46,13223
HHS Region,hhs3,2007,25,1.42672106803431,0.808323329331733,35,,30.0,29,,7,101,43,12495
HHS Region,hhs3,2007,26,1.39828880823908,0.727215239901984,32,,32.0,24,,4,92,44,12651
HHS Region,hhs3,2007,27,1.44536070650268,0.708154506437768,17,,13.0,28,,8,66,40,9320
HHS Region,hhs3,2007,28,1.94416000439394,0.817746028762102,21,,34.0,30,,2,87,37,10639
HHS Region,hhs3,2007,29,1.12422368369819,0.58898847631242,27,,22.0,17,,3,69,37,11715
HHS Region,hhs3,2007,30,1.40161173241057,0.687810470003821,24,,18.0,26,,4,72,36,10468
HHS Region,hhs3,2007,31,1.24555517923611,0.492987675308117,16,,22.0,19,,1,58,37,11765
HHS Region,hhs3,2007,32,1.27269419705748,0.519193122818963,25,,15.0,20,,1,61,32,11749
HHS Region,hhs3,2007,33,1.09610497101699,0.601088457477053,26,,21.0,25,,2,74,34,12311
HHS Region,hhs3,2007,34,1.28948223294324,0.559440559440559,30,,13.0,21,,4,68,33,12155
HHS Region,hhs3,2007,35,1.65398484436623,0.759916492693111,31,,20.0,36,,4,91,31,11975
HHS Region,hhs3,2007,36,2.84098554352941,1.23739688359303,36,,36.0,58,,5,135,32,10910
HHS Region,hhs3,2007,37,2.15404055395681,0.997602660273761,39,,34.0,49,,7,129,32,12931
HHS Region,hhs3,2007,38,1.58040030331683,1.05052125100241,48,,32.0,48,,3,131,32,12470
HHS Region,hhs3,2007,39,2.03438974825747,0.711946076175523,173,,130.0,206,,17,526,91,73882
HHS Region,hhs3,2007,40,0.989020096215098,0.691581181075524,198,,143.0,263,,25,629,133,90951
HHS Region,hhs3,2007,41,1.27655153710695,0.774395436810521,254,,155.0,351,,22,782,137,100982
HHS Region,hhs3,2007,42,1.23889104632871,0.778109474183362,264,,153.0,277,,28,722,141,92789
HHS Region,hhs3,2007,43,1.24232448057165,1.04614483648996,277,,167.0,317,,25,786,143,75133
HHS Region,hhs3,2007,44,1.21105365379581,1.03516537901075,284,,149.0,303,,17,753,143,72742
HHS Region,hhs3,2007,45,1.34161612112189,1.13841606918067,369,,150.0,294,,19,832,143,73084
HHS Region,hhs3,2007,46,1.59646174790065,1.197477030577,312,,176.0,378,,32,898,143,74991
HHS Region,hhs3,2007,47,1.75044257612239,1.49363676258542,370,,197.0,352,,34,953,143,63804
HHS Region,hhs3,2007,48,1.53876878188339,1.32924058848983,399,,225.0,333,,26,983,140,73952
HHS Region,hhs3,2007,49,1.71606565976648,1.43919742475857,380,,186.0,322,,33,921,138,63994
HHS Region,hhs3,2007,50,1.57633125830604,1.44424580222246,143,,89.0,157,,23,412,88,28527
HHS Region,hhs3,2007,51,2.07674618107087,1.65917523907207,492,,226.0,351,,31,1100,141,66298
HHS Region,hhs3,2007,52,2.61961742183845,1.87917294852466,461,,228.0,316,,42,1047,143,55716
HHS Region,hhs3,2008,1,3.076278458902,1.60035665969745,394,,284.0,312,,51,1041,147,65048
HHS Region,hhs3,2008,2,2.28203583486151,1.54392142068715,339,,293.0,407,,66,1105,142,71571
HHS Region,hhs3,2008,3,2.33491881288081,1.79838116261957,376,,303.0,494,,49,1222,146,67950
HHS Region,hhs3,2008,4,4.09727672629003,2.2430874085151,345,,424.0,734,,57,1560,146,69547
HHS Region,hhs3,2008,5,4.00460598593289,2.99183907007559,370,,563.0,985,,69,1987,143,66414
HHS Region,hhs3,2008,6,4.85672142849435,3.85838060213177,616,,953.0,1433,,93,3095,145,80215
HHS Region,hhs3,2008,7,5.01652441440166,4.10186912125807,553,,993.0,1405,,106,3057,147,74527
HHS Region,hhs3,2008,8,4.71244824651138,4.02367323681007,580,,1068.0,1324,,135,3107,143,77218
HHS Region,hhs3,2008,9,3.70259882388785,3.20576208675201,510,,815.0,981,,93,2399,141,74834
HHS Region,hhs3,2008,10,3.28036080866534,2.67925740707112,356,,683.0,804,,75,1918,135,71587
HHS Region,hhs3,2008,11,2.81476890478535,2.21242665019513,307,,526.0,668,,75,1576,136,71234
HHS Region,hhs3,2008,12,2.57172413744531,1.8820353864179,300,,450.0,460,,59,1269,134,67427
HHS Region,hhs3,2008,13,1.75891879879098,1.45986468121173,225,,406.0,307,,61,999,134,68431
HHS Region,hhs3,2008,14,1.65973075242142,1.29212177550546,212,,310.0,262,,50,834,126,64545
HHS Region,hhs3,2008,15,1.57293293067137,1.1886397220012,194,,255.0,244,,39,732,119,61583
HHS Region,hhs3,2008,16,1.43742026345069,0.998620952018641,146,,219.0,219,,46,630,114,63087
HHS Region,hhs3,2008,17,1.26248030515575,0.97586118031097,157,,150.0,226,,35,568,111,58205
HHS Region,hhs3,2008,18,1.02921799263233,0.9205716184779,174,,156.0,200,,24,554,107,60180
HHS Region,hhs3,2008,19,0.824627310499436,0.860218631969518,156,,120.0,232,,9,517,103,60101
HHS Region,hhs3,2008,20,1.18651930632109,0.979404225227614,170,,135.0,237,,12,554,103,56565
HHS Region,hhs3,2008,21,1.07191217587159,0.90880871904532,196,,137.0,183,,11,527,96,57988
HHS Region,hhs3,2008,22,0.773490916401079,0.954142898744369,186,,146.0,212,,13,557,95,58377
HHS Region,hhs3,2008,23,0.894838183507495,0.741076566287119,158,,96.0,162,,9,425,93,57349
HHS Region,hhs3,2008,24,0.476366538088042,0.737610869288069,131,,109.0,155,,10,405,85,54907
HHS Region,hhs3,2008,25,0.509538725999887,0.685718388741294,133,,103.0,136,,10,382,84,55708
HHS Region,hhs3,2008,26,0.648382517120309,0.693460310262079,108,,105.0,146,,8,367,79,52923
HHS Region,hhs3,2008,27,0.574584619489026,0.690808895886637,99,,103.0,135,,14,351,82,50810
HHS Region,hhs3,2008,28,0.483522751691791,0.638374907102159,88,,105.0,132,,10,335,79,52477
HHS Region,hhs3,2008,29,0.452022448645657,0.558076663126388,79,,73.0,130,,7,289,78,51785
HHS Region,hhs3,2008,30,0.626633043924475,0.548971943684797,74,,82.0,108,,7,271,77,49365
HHS Region,hhs3,2008,31,0.653798893412653,0.592905035713575,68,,90.0,133,,7,298,78,50261
HHS Region,hhs3,2008,32,0.661611773147083,0.514461638175484,52,,78.0,112,,12,254,77,49372
HHS Region,hhs3,2008,33,0.431832654867794,0.555188640303806,76,,92.0,93,,8,269,75,48452
HHS Region,hhs3,2008,34,0.401521173486422,0.59358841778697,91,,82.0,108,,6,287,74,48350
HHS Region,hhs3,2008,35,0.498188874910948,0.58278831833193,65,,76.0,120,,9,270,74,46329
HHS Region,hhs3,2008,36,0.58581104929149,0.722522106235954,90,,85.0,161,,8,344,77,47611
HHS Region,hhs3,2008,37,0.619143293939372,0.607193800840433,100,,53.0,159,,3,315,82,51878
HHS Region,hhs3,2008,38,0.625055526990884,0.920560823934581,98,,210.0,246,,10,564,93,61267
HHS Region,hhs3,2008,39,0.783669187955872,1.00433274124736,129,,198.0,260,,18,605,95,60239
HHS Region,hhs3,2008,40,1.43352254568489,1.20114061281037,176,,298.0,365,,54,893,142,74346
HHS Region,hhs3,2008,41,1.2966800974286,1.03037667071689,154,,320.0,333,,41,848,156,82300
HHS Region,hhs3,2008,42,1.06656695551667,1.02131818459471,158,,307.0,325,,46,836,151,81855
HHS Region,hhs3,2008,43,1.4094160465875,1.22221281024239,185,,367.0,398,,60,1010,153,82637
HHS Region,hhs3,2008,44,1.64877564504384,1.35879218472469,225,,403.0,390,,53,1071,156,78820
HHS Region,hhs3,2008,45,1.91850945676465,1.43735739353015,245,,448.0,496,,52,1241,166,86339
HHS Region,hhs3,2008,46,1.88424985680559,1.51395091965615,276,,406.0,518,,61,1261,160,83292
HHS Region,hhs3,2008,47,1.73531849294401,1.42636234304447,228,,434.0,436,,55,1153,163,80835
HHS Region,hhs3,2008,48,1.81034278048665,1.71489516966516,335,,411.0,407,,69,1222,162,71258
HHS Region,hhs3,2008,49,1.76231938678224,1.69493530149268,327,,549.0,475,,82,1433,163,84546
HHS Region,hhs3,2008,50,1.85552047096033,1.70189046229749,392,,459.0,517,,67,1435,166,84318
HHS Region,hhs3,2008,51,1.4460966567706,1.53834170658566,111,,82.0,174,,28,395,87,25677
HHS Region,hhs3,2008,52,2.49620879613771,2.22330842818239,548,,490.0,458,,96,1592,165,71605
HHS Region,hhs3,2008,53,2.37106600999765,1.97704653456469,280,,315.0,218,,69,882,162,44612
HHS Region,hhs3,2009,1,1.66477563687953,1.6873021783653,352,,614.0,403,,81,1450,166,85936
HHS Region,hhs3,2009,2,1.85890345380735,1.70969949604928,357,,474.0,483,,60,1374,161,80365
HHS Region,hhs3,2009,3,1.96002704997851,1.88449705803222,390,,582.0,576,,63,1611,169,85487
HHS Region,hhs3,2009,4,2.32424164287953,2.46423453686955,435,,705.0,900,,58,2098,167,85138
HHS Region,hhs3,2009,5,2.85488156417768,2.8708991154406,452,,893.0,1141,,78,2564,169,89310
HHS Region,hhs3,2009,6,4.99276758269166,3.88595153913523,526,,1138.0,1829,,101,3594,170,92487
HHS Region,hhs3,2009,7,4.98611363707523,4.03200279424124,508,,1131.0,1954,,101,3694,162,91617
HHS Region,hhs3,2009,8,5.2068091655729,4.34481963812378,519,,1275.0,2261,,92,4147,170,95447
HHS Region,hhs3,2009,9,4.60983074860136,3.85877751050963,472,,1161.0,1719,,81,3433,171,88966
HHS Region,hhs3,2009,10,3.19367796627953,2.72348606215956,419,,856.0,1105,,85,2465,168,90509
HHS Region,hhs3,2009,11,3.62079908994923,2.52770430881516,410,,697.0,1077,,81,2265,168,89607
HHS Region,hhs3,2009,12,3.12092908672797,2.2362107672668,328,,640.0,998,,66,2032,170,90868
HHS Region,hhs3,2009,13,2.61352739691084,1.94696552988632,311,,469.0,873,,46,1699,163,87264
HHS Region,hhs3,2009,14,2.84106742478437,1.77188341555254,291,,462.0,678,,56,1487,160,83922
HHS Region,hhs3,2009,15,2.57288344784451,1.58404038098137,267,,374.0,554,,54,1249,157,78849
HHS Region,hhs3,2009,16,1.6478357761066,1.25850944178062,283,,314.0,404,,62,1063,167,84465
HHS Region,hhs3,2009,17,2.2793343122243,2.42558472962273,469,,858.0,825,,115,2267,165,93462
HHS Region,hhs3,2009,18,2.28079493350806,2.41881051175657,412,,832.0,854,,88,2186,170,90375
HHS Region,hhs3,2009,19,1.73386343969546,1.75288144895719,312,,577.0,584,,60,1533,164,87456
HHS Region,hhs3,2009,20,2.02945687600444,1.70950345829216,310,,532.0,523,,71,1436,158,84001
HHS Region,hhs3,2009,21,1.80325009688381,1.67059380882921,280,,493.0,501,,66,1340,151,80211
HHS Region,hhs3,2009,22,1.69538241099572,1.55347005574592,238,,450.0,493,,34,1215,148,78212
HHS Region,hhs3,2009,23,2.08278383402021,1.92099762127874,295,,497.0,733,,74,1599,156,83238
HHS Region,hhs3,2009,24,2.40043715207431,2.36330668224356,327,,652.0,906,,57,1942,150,82173
HHS Region,hhs3,2009,25,2.02169769368532,2.07691919446828,298,,611.0,680,,57,1646,149,79252
HHS Region,hhs3,2009,26,1.60622750225257,1.77960653208178,222,,529.0,554,,79,1384,149,77770
HHS Region,hhs3,2009,27,1.37576647510831,1.46621981872191,183,,485.0,431,,56,1155,150,78774
HHS Region,hhs3,2009,28,1.4155001605592,1.37809968761231,166,,424.0,353,,54,997,145,72346
HHS Region,hhs3,2009,29,1.29528533975554,1.21999212908304,159,,364.0,350,,57,930,148,76230
HHS Region,hhs3,2009,30,1.44443333898208,1.14920610706431,158,,346.0,352,,48,904,148,78663
HHS Region,hhs3,2009,31,1.11810151716982,1.12888746787344,156,,369.0,332,,61,918,154,81319
HHS Region,hhs3,2009,32,1.07153939689974,1.05114508503715,129,,363.0,300,,64,856,156,81435
HHS Region,hhs3,2009,33,1.24981871936767,1.14539116412531,177,,383.0,332,,74,966,157,84338
HHS Region,hhs3,2009,34,1.32913532850404,1.22312183998065,151,,446.0,414,,51,1062,169,86827
HHS Region,hhs3,2009,35,1.70021638031086,1.58887067219597,206,,413.0,634,,65,1318,169,82952
HHS Region,hhs3,2009,36,2.9503741762113,2.35159568674436,298,,626.0,1168,,67,2159,176,91810
HHS Region,hhs3,2009,37,3.58655007818949,2.93281564168342,311,,923.0,1657,,70,2961,177,100961
HHS Region,hhs3,2009,38,3.9839188163397,3.5007212593816,399,,1069.0,1792,,89,3349,170,95666
HHS Region,hhs3,2009,39,4.02071396729726,4.03464062605715,466,,1084.0,1933,,95,3578,172,88682
HHS Region,hhs3,2009,40,6.0743433143004,5.8276217516321,861,1411.0,1717.0,3750,306.0,117,6445,208,110594
HHS Region,hhs3,2009,41,7.12795591635264,7.86605820150868,1239,1953.0,2411.0,5415,458.0,174,9239,226,117454
HHS Region,hhs3,2009,42,10.2233612095384,12.0164161989257,2277,3362.0,4054.0,9385,692.0,212,15928,242,132552
HHS Region,hhs3,2009,43,10.5326905050996,12.3005239966655,2570,3779.0,4556.0,9152,777.0,248,16526,246,134352
HHS Region,hhs3,2009,44,8.32004459995173,9.03707354297161,2044,2836.0,3461.0,5625,625.0,239,11369,251,125804
HHS Region,hhs3,2009,45,5.6155856057296,6.25910605730745,1404,1968.0,2521.0,3367,553.0,183,7475,252,119426
HHS Region,hhs3,2009,46,3.85135201866737,4.10699672667758,1056,1244.0,1562.0,2072,318.0,128,4818,249,117312
HHS Region,hhs3,2009,47,3.07121775720835,3.28763354578385,740,785.0,1014.0,1000,229.0,114,2868,245,87236
HHS Region,hhs3,2009,48,2.22582813329276,2.53962061735017,654,730.0,940.0,919,210.0,91,2604,239,102535
HHS Region,hhs3,2009,49,2.25681795327313,2.47700978938001,633,691.0,883.0,892,192.0,97,2505,236,101130
HHS Region,hhs3,2009,50,2.19750105054247,2.45715398597767,665,602.0,766.0,771,164.0,69,2271,222,92424
HHS Region,hhs3,2009,51,2.70966578386791,2.69946609450626,739,531.0,728.0,606,197.0,91,2164,217,80164
HHS Region,hhs3,2009,52,2.3385934189076,2.55811793121066,727,615.0,823.0,544,208.0,109,2203,220,86118
HHS Region,hhs3,2010,1,1.98159417163828,2.17821374108725,527,690.0,895.0,584,205.0,108,2114,225,97052
HHS Region,hhs3,2010,2,1.83452209916972,1.85700278150201,490,505.0,696.0,590,191.0,80,1856,227,99946
HHS Region,hhs3,2010,3,1.57430908234286,1.81114489159133,584,465.0,621.0,547,156.0,59,1811,226,99992
HHS Region,hhs3,2010,4,1.81761286649219,1.99757508298384,664,478.0,636.0,644,158.0,66,2010,231,100622
HHS Region,hhs3,2010,5,1.81616471415259,1.88445487741262,540,424.0,540.0,612,116.0,42,1734,219,92016
HHS Region,hhs3,2010,6,1.68877360192396,1.66060266815934,434,375.0,492.0,453,117.0,45,1424,223,85752
HHS Region,hhs3,2010,7,1.42260755429594,1.53412648716343,372,395.0,534.0,518,139.0,46,1470,220,95820
HHS Region,hhs3,2010,8,1.43716995692997,1.56278013506245,358,441.0,573.0,573,132.0,65,1569,220,100398
HHS Region,hhs3,2010,9,1.6394464505965,1.7228560949256,382,460.0,618.0,668,158.0,70,1738,213,100879
HHS Region,hhs3,2010,10,1.6436998179803,1.69378181455235,425,411.0,570.0,597,159.0,105,1697,210,100190
HHS Region,hhs3,2010,11,1.56712272030667,1.56166382875213,409,416.0,564.0,560,148.0,72,1605,211,102775
HHS Region,hhs3,2010,12,1.37766805272543,1.40688704706851,320,368.0,485.0,611,117.0,54,1470,216,104486
HHS Region,hhs3,2010,13,1.34913372697201,1.39298796441654,326,313.0,426.0,508,113.0,71,1331,202,95550
HHS Region,hhs3,2010,14,1.1807681424169,1.1282009242845,312,250.0,336.0,385,86.0,68,1101,198,97589
HHS Region,hhs3,2010,15,1.07435462044854,1.03904412068183,228,236.0,317.0,416,81.0,46,1007,193,96916
HHS Region,hhs3,2010,16,1.11247147971253,1.15063087387715,226,300.0,377.0,444,77.0,61,1108,189,96295
HHS Region,hhs3,2010,17,1.16753434469131,1.20452231688367,290,270.0,344.0,437,74.0,53,1124,181,93315
HHS Region,hhs3,2010,18,1.2354073974973,1.20790244107921,283,245.0,329.0,470,84.0,65,1147,178,94958
HHS Region,hhs3,2010,19,1.11422551502584,1.08606936479089,290,205.0,276.0,380,71.0,52,998,177,91891
HHS Region,hhs3,2010,20,1.17626103120416,1.16929820828191,303,245.0,342.0,397,97.0,57,1099,176,93988
HHS Region,hhs3,2010,21,1.06364440710183,1.13027033040383,283,241.0,295.0,391,54.0,47,1016,167,89890
HHS Region,hhs3,2010,22,1.13320595928463,1.15924414071458,306,215.0,286.0,373,71.0,46,1011,163,87212
HHS Region,hhs3,2010,23,0.973081336557149,1.00746311965366,215,208.0,275.0,331,67.0,47,868,162,86157
HHS Region,hhs3,2010,24,1.07457497030247,1.0568295114656,240,212.0,279.0,340,67.0,42,901,157,85255
HHS Region,hhs3,2010,25,0.880063851041127,0.902754247543444,200,172.0,219.0,285,47.0,42,746,158,82636
HHS Region,hhs3,2010,26,0.907806287255788,0.878285201697661,154,161.0,215.0,238,54.0,49,656,157,74691
HHS Region,hhs3,2010,27,0.882980574028144,0.877310230020535,162,174.0,263.0,257,89.0,40,722,159,82297
HHS Region,hhs3,2010,28,0.787577951050584,0.73804088409256,122,154.0,202.0,227,48.0,18,569,149,77096
HHS Region,hhs3,2010,29,0.899066319716914,0.760341033378576,130,145.0,193.0,231,48.0,23,577,146,75887
HHS Region,hhs3,2010,30,0.771001503202074,0.726673510184235,117,160.0,202.0,198,42.0,21,538,147,74036
HHS Region,hhs3,2010,31,0.912349681130919,0.839980022096772,116,148.0,197.0,217,49.0,25,555,136,66073
HHS Region,hhs3,2010,32,0.832325972152992,0.795669180088937,120,144.0,189.0,193,45.0,33,535,129,67239
HHS Region,hhs3,2010,33,0.866965792077149,0.840746365806032,135,174.0,227.0,221,53.0,37,620,143,73744
HHS Region,hhs3,2010,34,0.846100805502951,0.805283237552519,135,178.0,244.0,253,66.0,35,667,153,82828
HHS Region,hhs3,2010,35,1.05287908542161,0.903947280836051,135,177.0,230.0,280,53.0,34,679,143,75115
HHS Region,hhs3,2010,36,1.24217117798652,1.04120089428298,167,207.0,281.0,323,74.0,44,815,144,78275
HHS Region,hhs3,2010,37,1.08479979101749,0.993108807698022,191,220.0,288.0,347,68.0,43,869,152,87503
HHS Region,hhs3,2010,38,1.27738326630329,1.13438823267216,185,272.0,347.0,431,75.0,55,1018,149,89740
HHS Region,hhs3,2010,39,1.14358238166791,1.08265424912689,182,274.0,339.0,364,65.0,45,930,156,85900
HHS Region,hhs3,2010,40,1.01984,1.12482,260,269.0,359.0,439,90.0,61,1119,213,99483
HHS Region,hhs3,2010,41,1.2933,1.26966,308,349.0,441.0,457,92.0,70,1276,215,100499
HHS Region,hhs3,2010,42,1.13853,1.2164,314,323.0,442.0,474,119.0,84,1314,219,108024
HHS Region,hhs3,2010,43,1.0814,1.24766,330,326.0,441.0,494,115.0,70,1335,218,107000
HHS Region,hhs3,2010,44,1.22399,1.30668,320,324.0,425.0,536,101.0,76,1357,222,103851
HHS Region,hhs3,2010,45,1.29275,1.41663,408,346.0,450.0,570,104.0,67,1495,222,105532
HHS Region,hhs3,2010,46,1.27122,1.44653,410,400.0,500.0,528,100.0,74,1512,215,104526
HHS Region,hhs3,2010,47,1.48456,1.58992,446,332.0,434.0,493,102.0,91,1464,222,92080
HHS Region,hhs3,2010,48,1.47526,1.54478,472,392.0,524.0,554,132.0,109,1659,228,107394
HHS Region,hhs3,2010,49,1.45221,1.60902,470,385.0,477.0,566,92.0,92,1605,214,99750
HHS Region,hhs3,2010,50,1.62095,1.70037,515,386.0,476.0,502,90.0,81,1574,210,92568
HHS Region,hhs3,2010,51,2.17871,2.15613,611,441.0,598.0,546,157.0,103,1858,208,86173
HHS Region,hhs3,2010,52,2.61376,2.38749,663,578.0,801.0,539,223.0,128,2131,207,89257
HHS Region,hhs3,2011,1,2.20241,2.2967,643,727.0,916.0,689,189.0,132,2380,213,103627
HHS Region,hhs3,2011,2,2.45368,2.60583,645,793.0,1030.0,945,237.0,134,2754,226,105686
HHS Region,hhs3,2011,3,3.28175,3.52709,832,1163.0,1462.0,1436,299.0,165,3895,230,110431
HHS Region,hhs3,2011,4,4.04917,4.26553,857,1363.0,1696.0,2054,333.0,193,4800,226,112530
HHS Region,hhs3,2011,5,4.41603,4.72139,911,1605.0,2023.0,2449,418.0,250,5633,233,119308
HHS Region,hhs3,2011,6,4.05556,4.52279,907,1598.0,1997.0,2328,399.0,256,5488,224,121341
HHS Region,hhs3,2011,7,3.96545,4.61199,864,1550.0,1975.0,2415,425.0,351,5605,224,121531
HHS Region,hhs3,2011,8,3.56746,4.10813,805,1513.0,1911.0,1855,398.0,318,4889,226,119008
HHS Region,hhs3,2011,9,2.9587,3.30566,667,1042.0,1366.0,1537,324.0,265,3835,221,116013
HHS Region,hhs3,2011,10,2.58462,2.66948,569,767.0,1023.0,1031,256.0,207,2830,213,106013
HHS Region,hhs3,2011,11,2.03908,2.17808,514,616.0,817.0,931,201.0,181,2443,217,112163
HHS Region,hhs3,2011,12,1.6746,1.72993,428,468.0,629.0,708,161.0,104,1869,206,108039
HHS Region,hhs3,2011,13,1.54238,1.65572,421,432.0,581.0,636,149.0,127,1765,205,106600
HHS Region,hhs3,2011,14,1.50303,1.42529,323,403.0,509.0,591,106.0,110,1533,203,107557
HHS Region,hhs3,2011,15,1.42574,1.32864,268,265.0,338.0,455,73.0,72,1133,185,85275
HHS Region,hhs3,2011,16,1.19343,1.18271,317,272.0,361.0,387,89.0,56,1121,188,94782
HHS Region,hhs3,2011,17,0.943678,0.962998,255,195.0,258.0,344,63.0,50,907,179,94185
HHS Region,hhs3,2011,18,0.97519,0.961617,255,227.0,300.0,326,73.0,55,936,186,97336
HHS Region,hhs3,2011,19,0.931867,0.953846,235,220.0,293.0,351,73.0,57,936,182,98129
HHS Region,hhs3,2011,20,0.966373,1.01626,269,217.0,289.0,349,72.0,46,953,177,93775
HHS Region,hhs3,2011,21,0.944452,0.956848,218,191.0,258.0,347,67.0,40,863,167,90192
HHS Region,hhs3,2011,22,0.945006,0.971951,266,162.0,234.0,300,72.0,41,841,158,86527
HHS Region,hhs3,2011,23,1.07246,0.977846,205,195.0,261.0,326,66.0,44,836,151,85494
HHS Region,hhs3,2011,24,1.00115,0.938552,224,179.0,262.0,270,83.0,50,806,155,85877
HHS Region,hhs3,2011,25,0.878748,0.806282,177,172.0,229.0,216,57.0,31,653,147,80989
HHS Region,hhs3,2011,26,0.806009,0.792131,178,141.0,198.0,234,57.0,23,633,152,79911
HHS Region,hhs3,2011,27,1.09835,0.781817,171,174.0,217.0,213,43.0,35,636,154,81349
HHS Region,hhs3,2011,28,0.74931,0.664819,141,134.0,186.0,191,52.0,24,542,149,81526
HHS Region,hhs3,2011,29,0.724027,0.648661,127,152.0,190.0,193,38.0,15,525,148,80936
HHS Region,hhs3,2011,30,0.942104,0.678069,132,134.0,174.0,190,40.0,17,513,142,75656
HHS Region,hhs3,2011,31,0.772828,0.617299,129,118.0,158.0,178,40.0,29,494,138,80026
HHS Region,hhs3,2011,32,0.692637,0.6063,136,141.0,176.0,175,35.0,20,507,149,83622
HHS Region,hhs3,2011,33,0.687025,0.670647,161,139.0,181.0,194,42.0,29,565,148,84247
HHS Region,hhs3,2011,34,0.80491,0.784903,182,140.0,195.0,204,55.0,20,601,143,76570
HHS Region,hhs3,2011,35,0.748338,0.714016,157,150.0,196.0,224,46.0,29,606,153,84872
HHS Region,hhs3,2011,36,0.826349,0.794224,196,171.0,225.0,241,54.0,20,682,158,85870
HHS Region,hhs3,2011,37,0.956313,0.944807,232,207.0,267.0,358,60.0,34,891,158,94305
HHS Region,hhs3,2011,38,1.31021,1.16807,258,281.0,371.0,439,90.0,41,1109,158,94943
HHS Region,hhs3,2011,39,1.19394,1.16351,310,332.0,455.0,456,123.0,42,1263,165,108551
HHS Region,hhs3,2011,40,1.15747,1.17787,365,346.0,451.0,485,105.0,39,1340,219,113765
HHS Region,hhs3,2011,41,1.17684,1.23457,376,365.0,488.0,513,123.0,47,1424,225,115344
HHS Region,hhs3,2011,42,1.1001,1.18165,412,349.0,434.0,509,85.0,59,1414,222,119663
HHS Region,hhs3,2011,43,1.25108,1.29579,412,354.0,469.0,561,115.0,66,1508,223,116377
HHS Region,hhs3,2011,44,1.28269,1.34616,414,374.0,506.0,572,132.0,54,1546,230,114845
HHS Region,hhs3,2011,45,1.37932,1.42908,475,404.0,546.0,587,142.0,73,1681,232,117628
HHS Region,hhs3,2011,46,1.40645,1.42343,410,448.0,591.0,586,143.0,74,1661,225,116690
HHS Region,hhs3,2011,47,1.56381,1.51093,450,346.0,458.0,508,112.0,71,1487,227,98416
HHS Region,hhs3,2011,48,1.47372,1.52823,495,424.0,561.0,613,137.0,70,1739,222,113792
HHS Region,hhs3,2011,49,1.33844,1.39361,451,387.0,508.0,544,121.0,54,1557,227,111724
HHS Region,hhs3,2011,50,1.50428,1.53702,527,373.0,491.0,619,118.0,54,1691,218,110018
HHS Region,hhs3,2011,51,1.77695,1.64975,531,403.0,547.0,531,144.0,72,1681,218,101894
HHS Region,hhs3,2011,52,2.14289,1.94031,669,483.0,632.0,530,149.0,107,1938,221,99881
HHS Region,hhs3,2012,1,1.69662,1.67393,541,443.0,638.0,505,195.0,95,1779,224,106277
HHS Region,hhs3,2012,2,1.51382,1.37349,434,405.0,526.0,480,121.0,73,1513,220,110157
HHS Region,hhs3,2012,3,1.56893,1.53154,442,439.0,564.0,570,125.0,69,1645,223,107408
HHS Region,hhs3,2012,4,1.47406,1.41592,539,392.0,507.0,539,115.0,70,1655,223,116885
HHS Region,hhs3,2012,5,1.53393,1.54235,492,427.0,548.0,629,121.0,77,1746,219,113204
HHS Region,hhs3,2012,6,1.60263,1.44801,469,420.0,550.0,596,130.0,57,1672,218,115469
HHS Region,hhs3,2012,7,1.69273,1.60185,477,478.0,617.0,667,139.0,65,1826,215,113993
HHS Region,hhs3,2012,8,1.52215,1.52132,479,455.0,608.0,573,153.0,80,1740,213,114374
HHS Region,hhs3,2012,9,1.7115,1.51277,435,410.0,571.0,593,161.0,92,1691,213,111782
HHS Region,hhs3,2012,10,1.58162,1.54268,437,440.0,581.0,620,141.0,76,1714,215,111105
HHS Region,hhs3,2012,11,1.86621,1.5184,432,400.0,523.0,650,123.0,74,1679,212,110577
HHS Region,hhs3,2012,12,1.43856,1.38395,433,359.0,469.0,643,110.0,65,1610,209,116334
HHS Region,hhs3,2012,13,1.39429,1.29638,371,338.0,433.0,571,95.0,64,1439,200,111001
HHS Region,hhs3,2012,14,1.28511,1.24151,320,316.0,415.0,519,99.0,51,1305,201,105114
HHS Region,hhs3,2012,15,1.18191,1.1346,297,308.0,426.0,455,118.0,60,1238,198,109113
HHS Region,hhs3,2012,16,1.09348,1.06163,272,306.0,402.0,478,96.0,62,1214,203,114352
HHS Region,hhs3,2012,17,1.06214,1.03726,240,292.0,379.0,475,87.0,51,1145,202,110387
HHS Region,hhs3,2012,18,1.29493,1.12642,254,290.0,366.0,462,76.0,42,1124,190,99785
HHS Region,hhs3,2012,19,1.4556,1.00923,220,246.0,333.0,397,87.0,41,991,186,98194
HHS Region,hhs3,2012,20,0.990324,0.947806,209,223.0,307.0,383,84.0,48,947,178,99915
HHS Region,hhs3,2012,21,1.12765,0.944732,230,207.0,263.0,347,56.0,34,874,168,92513
HHS Region,hhs3,2012,22,0.723521,0.938195,233,195.0,250.0,344,55.0,46,873,168,93051
HHS Region,hhs3,2012,23,1.2646,0.955542,210,209.0,273.0,343,64.0,32,858,160,89792
HHS Region,hhs3,2012,24,1.91715,0.983718,231,229.0,296.0,295,67.0,45,867,156,88135
HHS Region,hhs3,2012,25,2.19686,0.944413,204,200.0,260.0,295,60.0,30,789,154,83544
HHS Region,hhs3,2012,26,1.60351,0.931524,244,173.0,226.0,235,53.0,30,735,149,78903
HHS Region,hhs3,2012,27,1.829,0.834176,217,171.0,223.0,219,52.0,26,685,156,82117
HHS Region,hhs3,2012,28,1.9367,0.734033,186,164.0,208.0,202,44.0,33,629,149,85691
HHS Region,hhs3,2012,29,1.83476,0.789214,191,154.0,204.0,261,50.0,23,679,156,86035
HHS Region,hhs3,2012,30,1.69177,0.76426,173,184.0,241.0,233,57.0,39,686,160,89760
HHS Region,hhs3,2012,31,1.80429,0.773878,181,152.0,216.0,249,64.0,29,675,155,87223
HHS Region,hhs3,2012,32,1.79716,0.764935,169,178.0,233.0,221,55.0,29,652,152,85236
HHS Region,hhs3,2012,33,1.63096,0.778078,167,193.0,247.0,254,54.0,20,688,156,88423
HHS Region,hhs3,2012,34,1.69749,0.800986,182,190.0,272.0,259,82.0,28,741,159,92511
HHS Region,hhs3,2012,35,1.68484,0.918637,191,235.0,303.0,290,68.0,41,825,156,89807
HHS Region,hhs3,2012,36,1.82248,0.9035,231,222.0,291.0,323,69.0,38,883,167,97731
HHS Region,hhs3,2012,37,1.69051,1.08922,259,275.0,365.0,425,90.0,34,1083,165,99429
HHS Region,hhs3,2012,38,1.2118,1.15293,287,313.0,407.0,489,94.0,46,1229,171,106598
HHS Region,hhs3,2012,39,1.42308,1.20203,295,319.0,422.0,466,103.0,57,1240,170,103159
HHS Region,hhs3,2012,40,1.07028,1.09395,321,356.0,461.0,522,105.0,49,1353,222,123680
HHS Region,hhs3,2012,41,1.08926,1.18534,372,347.0,468.0,535,121.0,60,1435,217,121062
HHS Region,hhs3,2012,42,1.13473,1.18788,382,312.0,425.0,594,113.0,55,1456,221,122571
HHS Region,hhs3,2012,43,1.05392,1.17858,418,370.0,469.0,553,99.0,57,1497,223,127017
HHS Region,hhs3,2012,44,1.34313,1.41563,350,349.0,465.0,575,116.0,57,1447,218,102216
HHS Region,hhs3,2012,45,1.28698,1.35393,430,364.0,494.0,609,130.0,52,1585,221,117067
HHS Region,hhs3,2012,46,1.30434,1.45267,471,402.0,502.0,671,100.0,61,1705,217,117370
HHS Region,hhs3,2012,47,1.74599,1.83383,548,453.0,603.0,691,150.0,73,1915,226,104426
HHS Region,hhs3,2012,48,1.62175,1.85398,594,628.0,817.0,767,189.0,100,2278,223,122871
HHS Region,hhs3,2012,49,2.512,2.62624,725,752.0,999.0,1351,247.0,135,3210,224,122228
HHS Region,hhs3,2012,50,3.36875,3.65543,906,1122.0,1448.0,1915,326.0,193,4462,218,122065
HHS Region,hhs3,2012,51,4.46606,5.07796,1179,1848.0,2392.0,2472,544.0,295,6338,211,124814
HHS Region,hhs3,2012,52,7.13075,7.01276,1405,2450.0,3295.0,2232,845.0,607,7539,210,107504
HHS Region,hhs3,2013,1,4.82033,6.03559,1138,2508.0,3410.0,1781,902.0,689,7018,220,116277
HHS Region,hhs3,2013,2,5.11067,6.11893,1128,2765.0,3830.0,2531,1065.0,631,8120,224,132703
HHS Region,hhs3,2013,3,5.16413,5.72568,1131,2078.0,2842.0,2647,764.0,470,7090,226,123828
HHS Region,hhs3,2013,4,3.59356,3.31724,685,981.0,1334.0,1451,353.0,213,3683,219,111026
HHS Region,hhs3,2013,5,3.05049,3.4548,640,1281.0,1706.0,1488,425.0,219,4053,225,117315
HHS Region,hhs3,2013,6,2.58184,2.84403,530,962.0,1255.0,1260,293.0,147,3192,220,112235
HHS Region,hhs3,2013,7,2.75565,2.83909,569,892.0,1235.0,1344,343.0,163,3311,220,116622
HHS Region,hhs3,2013,8,2.63728,2.76926,569,910.0,1212.0,1274,302.0,142,3197,216,115446
HHS Region,hhs3,2013,9,2.56368,2.69406,568,880.0,1204.0,1286,324.0,145,3203,218,118891
HHS Region,hhs3,2013,10,3.30856,2.9728,592,886.0,1194.0,1281,308.0,129,3196,212,107508
HHS Region,hhs3,2013,11,2.64646,2.71645,565,822.0,1070.0,1192,248.0,126,2953,207,108708
HHS Region,hhs3,2013,12,2.23987,2.37687,501,760.0,1006.0,1012,246.0,104,2623,202,110355
HHS Region,hhs3,2013,13,2.11309,2.24829,472,662.0,909.0,859,247.0,106,2346,200,104346
HHS Region,hhs3,2013,14,1.6873,1.92515,449,570.0,795.0,630,225.0,104,1978,198,102745
HHS Region,hhs3,2013,15,1.52749,1.6226,412,497.0,694.0,564,197.0,92,1762,192,108591
HHS Region,hhs3,2013,16,1.14475,1.15497,325,282.0,421.0,413,139.0,60,1219,195,105544
HHS Region,hhs3,2013,17,1.09053,1.10808,303,280.0,363.0,407,83.0,54,1127,187,101707
HHS Region,hhs3,2013,18,1.05401,1.07017,283,230.0,311.0,439,81.0,34,1067,183,99704
HHS Region,hhs3,2013,19,1.2852,1.00162,248,241.0,317.0,374,76.0,39,978,187,97642
HHS Region,hhs3,2013,20,1.13242,0.9239,231,210.0,267.0,302,57.0,32,832,178,90053
HHS Region,hhs3,2013,21,1.08424,0.984832,249,185.0,250.0,273,65.0,37,809,163,82146
HHS Region,hhs3,2013,22,1.31233,0.992396,220,187.0,250.0,312,63.0,35,817,161,82326
HHS Region,hhs3,2013,23,1.03461,0.887863,214,167.0,219.0,241,52.0,34,708,159,79742
HHS Region,hhs3,2013,24,1.19998,0.95769,231,157.0,213.0,232,56.0,37,713,149,74450
HHS Region,hhs3,2013,25,0.849521,0.846348,244,175.0,219.0,218,44.0,30,711,158,84008
HHS Region,hhs3,2013,26,0.783896,0.787941,211,123.0,176.0,207,53.0,27,621,157,78813
HHS Region,hhs3,2013,27,0.785548,0.804411,196,112.0,160.0,185,48.0,25,566,152,70362
HHS Region,hhs3,2013,28,0.617311,0.67076,156,108.0,154.0,204,46.0,18,532,150,79313
HHS Region,hhs3,2013,29,0.636361,0.677668,143,132.0,173.0,184,41.0,17,517,151,76291
HHS Region,hhs3,2013,30,0.653406,0.708835,169,106.0,131.0,193,25.0,16,509,149,71808
HHS Region,hhs3,2013,31,0.762736,0.761363,147,114.0,147.0,159,33.0,10,463,145,60812
HHS Region,hhs3,2013,32,0.706269,0.648268,161,129.0,165.0,172,36.0,19,517,145,79751
HHS Region,hhs3,2013,33,0.741413,0.746103,183,149.0,198.0,177,49.0,14,572,139,76665
HHS Region,hhs3,2013,34,0.807802,0.722628,131,74.0,99.0,117,25.0,10,357,128,49403
HHS Region,hhs3,2013,35,0.923451,0.777888,195,149.0,191.0,204,42.0,30,620,144,79703
HHS Region,hhs3,2013,36,0.797436,0.945491,277,203.0,268.0,311,65.0,38,894,175,94554
HHS Region,hhs3,2013,37,1.19409,1.1329,282,223.0,278.0,402,55.0,45,1007,173,88887
HHS Region,hhs3,2013,38,1.20483,1.22463,307,250.0,335.0,472,85.0,47,1161,175,94804
HHS Region,hhs3,2013,39,1.19383,1.22736,338,261.0,344.0,391,83.0,56,1129,178,91986
HHS Region,hhs3,2013,40,0.926323,1.094,401,293.0,368.0,465,75.0,55,1289,233,117824
HHS Region,hhs3,2013,41,1.05393,1.17362,382,294.0,366.0,493,72.0,46,1287,217,109661
HHS Region,hhs3,2013,42,1.04182,1.23231,424,332.0,426.0,500,94.0,62,1412,234,114582
HHS Region,hhs3,2013,43,1.12691,1.32535,476,363.0,460.0,551,97.0,72,1559,235,117629
HHS Region,hhs3,2013,44,1.10398,1.33421,442,368.0,487.0,566,119.0,64,1559,238,116848
HHS Region,hhs3,2013,45,1.12149,1.33524,503,393.0,507.0,500,114.0,67,1577,233,118106
HHS Region,hhs3,2013,46,1.25863,1.44038,511,412.0,536.0,558,124.0,72,1677,238,116428
HHS Region,hhs3,2013,47,1.18203,1.46272,509,410.0,541.0,597,131.0,73,1720,235,117589
HHS Region,hhs3,2013,48,1.51288,1.75907,512,358.0,492.0,534,134.0,62,1600,234,90957
HHS Region,hhs3,2013,49,1.51609,1.76527,575,583.0,769.0,659,186.0,91,2094,240,118622
HHS Region,hhs3,2013,50,1.60178,1.87832,577,529.0,687.0,650,158.0,82,1996,244,106265
HHS Region,hhs3,2013,51,2.00486,2.30199,731,668.0,910.0,785,242.0,95,2521,235,109514
HHS Region,hhs3,2013,52,3.30628,3.30091,964,954.0,1267.0,858,313.0,165,3254,233,98579
HHS Region,hhs3,2014,1,3.59339,3.73505,894,1449.0,1978.0,866,529.0,243,3981,240,106585
HHS Region,hhs3,2014,2,3.19906,3.72458,674,1736.0,2320.0,1037,584.0,250,4281,242,114939
HHS Region,hhs3,2014,3,3.35458,4.15443,754,1750.0,2430.0,1504,680.0,219,4907,240,118115
HHS Region,hhs3,2014,4,3.47033,4.11163,711,1646.0,2177.0,1234,531.0,242,4364,244,106138
HHS Region,hhs3,2014,5,3.01876,3.36736,637,1366.0,1870.0,1057,504.0,206,3770,242,111957
HHS Region,hhs3,2014,6,2.8051,3.02796,436,1224.0,1673.0,929,449.0,176,3214,232,106144
HHS Region,hhs3,2014,7,2.41601,2.81101,441,1048.0,1445.0,917,397.0,153,2956,241,105158
HHS Region,hhs3,2014,8,2.07722,2.39059,448,1005.0,1367.0,912,362.0,142,2869,242,120012
HHS Region,hhs3,2014,9,1.97427,2.20385,423,836.0,1100.0,869,264.0,132,2524,234,114527
HHS Region,hhs3,2014,10,1.76977,2.01316,402,699.0,955.0,760,256.0,119,2236,239,111069
HHS Region,hhs3,2014,11,1.61044,1.66655,380,611.0,830.0,642,219.0,104,1956,229,117368
HHS Region,hhs3,2014,12,1.66132,1.71377,399,557.0,801.0,677,244.0,93,1970,234,114951
HHS Region,hhs3,2014,13,1.78393,1.75482,372,539.0,720.0,678,181.0,95,1865,218,106279
HHS Region,hhs3,2014,14,1.89554,1.78461,389,517.0,726.0,755,209.0,95,1965,215,110108
HHS Region,hhs3,2014,15,1.65647,1.6767,375,487.0,685.0,715,198.0,105,1880,214,112125
HHS Region,hhs3,2014,16,1.29142,1.34172,351,382.0,546.0,465,164.0,85,1447,212,107847
HHS Region,hhs3,2014,17,1.22479,1.27901,312,408.0,553.0,435,145.0,84,1384,207,108209
HHS Region,hhs3,2014,18,1.10672,1.26215,243,353.0,507.0,474,154.0,74,1298,201,102840
HHS Region,hhs3,2014,19,1.20115,1.25428,303,298.0,414.0,505,116.0,64,1286,195,102529
HHS Region,hhs3,2014,20,1.26516,1.21439,260,302.0,394.0,490,92.0,48,1192,189,98156
HHS Region,hhs3,2014,21,1.30065,1.22433,379,283.0,401.0,476,118.0,63,1319,194,107732
HHS Region,hhs3,2014,22,1.18371,1.18426,345,274.0,365.0,388,91.0,57,1155,185,97529
HHS Region,hhs3,2014,23,1.11592,1.0857,326,257.0,331.0,377,74.0,53,1087,184,100120
HHS Region,hhs3,2014,24,0.983726,0.990139,307,219.0,302.0,336,83.0,41,986,182,99582
HHS Region,hhs3,2014,25,0.973807,0.986798,309,209.0,289.0,290,80.0,62,950,174,96271
HHS Region,hhs3,2014,26,0.885961,0.870208,263,196.0,251.0,286,55.0,47,847,173,97333
HHS Region,hhs3,2014,27,0.940359,1.00182,245,204.0,273.0,268,69.0,56,842,167,84047
HHS Region,hhs3,2014,28,1.09684,0.842145,214,196.0,254.0,239,58.0,44,751,169,89177
HHS Region,hhs3,2014,29,0.731122,0.780552,175,197.0,241.0,252,44.0,31,699,165,89552
HHS Region,hhs3,2014,30,0.780306,0.738839,173,168.0,219.0,215,51.0,29,636,160,86081
HHS Region,hhs3,2014,31,0.795476,0.760813,182,163.0,220.0,236,57.0,35,673,161,88458
HHS Region,hhs3,2014,32,0.590702,0.663619,152,165.0,222.0,188,57.0,36,598,172,90112
HHS Region,hhs3,2014,33,0.947829,0.788199,168,202.0,261.0,253,59.0,34,716,169,90840
HHS Region,hhs3,2014,34,0.727044,0.779327,187,212.0,278.0,236,66.0,40,741,169,95082
HHS Region,hhs3,2014,35,0.792145,0.891319,198,205.0,261.0,301,56.0,47,807,165,90540
HHS Region,hhs3,2014,36,0.911794,0.975329,238,253.0,315.0,356,62.0,39,948,176,97198
HHS Region,hhs3,2014,37,1.35921,1.28666,346,298.0,382.0,582,84.0,49,1359,187,105622
HHS Region,hhs3,2014,38,1.52953,1.39766,370,324.0,409.0,647,85.0,55,1481,189,105963
HHS Region,hhs3,2014,39,1.36316,1.40764,410,399.0,526.0,597,127.0,81,1614,198,114660
HHS Region,hhs3,2014,40,1.16226,1.32102,395,455.0,581.0,627,126.0,89,1692,234,128083
HHS Region,hhs3,2014,41,1.35853,1.56139,403,465.0,595.0,669,130.0,75,1742,232,111567
HHS Region,hhs3,2014,42,1.26894,1.54382,407,450.0,597.0,716,147.0,88,1808,227,117112
HHS Region,hhs3,2014,43,1.32822,1.49734,493,459.0,616.0,709,157.0,85,1903,239,127092
HHS Region,hhs3,2014,44,1.34486,1.54539,495,455.0,585.0,734,130.0,83,1897,239,122752
HHS Region,hhs3,2014,45,1.36456,1.53567,551,421.0,558.0,766,137.0,92,1967,244,128087
HHS Region,hhs3,2014,46,1.35488,1.57217,603,458.0,624.0,738,166.0,90,2055,249,130711
HHS Region,hhs3,2014,47,1.69956,1.7926,572,481.0,626.0,770,145.0,102,2070,247,115475
HHS Region,hhs3,2014,48,2.22858,2.23142,639,496.0,657.0,795,161.0,120,2211,238,99085
HHS Region,hhs3,2014,49,2.1379,2.2917,692,749.0,1009.0,1045,260.0,159,2905,241,126762
HHS Region,hhs3,2014,50,2.88804,3.10475,913,1020.0,1365.0,1565,345.0,240,4083,245,131508
HHS Region,hhs3,2014,51,4.55031,4.98503,1251,1673.0,2245.0,2825,572.0,374,6695,247,134302
HHS Region,hhs3,2014,52,7.27542,8.99934,2022,3476.0,4747.0,3834,1271.0,1181,11784,241,130943
HHS Region,hhs3,2014,53,6.99667,8.11542,1924,3444.0,4972.0,2468,1528.0,1520,10884,248,134115
HHS Region,hhs3,2015,1,4.87801,5.89402,1190,2520.0,3582.0,1996,1062.0,989,7757,247,131608
HHS Region,hhs3,2015,2,4.1229,4.72836,1112,1867.0,2561.0,1926,694.0,577,6176,254,130616
HHS Region,hhs3,2015,3,4.53899,4.56116,946,1596.0,2414.0,2171,818.0,448,5979,257,131085
HHS Region,hhs3,2015,4,4.2482,4.33969,1017,1467.0,2050.0,2091,583.0,455,5613,254,129341
HHS Region,hhs3,2015,5,3.54571,3.37101,928,1308.0,1822.0,1831,514.0,331,4912,252,145713
HHS Region,hhs3,2015,6,2.65549,2.80105,852,1056.0,1503.0,1582,447.0,309,4246,255,151586
HHS Region,hhs3,2015,7,2.5889,2.54303,653,839.0,1144.0,1020,305.0,215,3032,240,119228
HHS Region,hhs3,2015,8,1.82815,1.76317,537,725.0,1049.0,748,324.0,184,2518,264,142811
HHS Region,hhs3,2015,9,2.07649,1.81988,469,704.0,1012.0,785,308.0,167,2433,257,133690
HHS Region,hhs3,2015,10,1.6998,1.58231,502,643.0,925.0,696,282.0,161,2284,261,144346
HHS Region,hhs3,2015,11,1.61833,1.59162,492,642.0,901.0,805,259.0,142,2340,258,147020
HHS Region,hhs3,2015,12,1.76935,1.80593,556,725.0,1022.0,962,297.0,145,2685,257,148677
HHS Region,hhs3,2015,13,1.71816,1.80238,519,654.0,972.0,965,318.0,170,2626,242,145696
HHS Region,hhs3,2015,14,1.68145,1.73557,511,727.0,1078.0,711,351.0,194,2494,251,143699
HHS Region,hhs3,2015,15,1.48008,1.45405,478,580.0,825.0,687,245.0,132,2122,246,145937
HHS Region,hhs3,2015,16,1.36682,1.41963,421,440.0,637.0,688,197.0,121,1867,248,131513
HHS Region,hhs3,2015,17,1.47642,1.51203,489,449.0,623.0,750,174.0,85,1947,244,128767
HHS Region,hhs3,2015,18,1.33649,1.40854,418,398.0,552.0,749,154.0,86,1805,246,128147
HHS Region,hhs3,2015,19,1.21124,1.28837,394,332.0,482.0,620,150.0,90,1586,234,123101
HHS Region,hhs3,2015,20,1.22785,1.29118,390,330.0,446.0,560,116.0,91,1487,226,115166
HHS Region,hhs3,2015,21,1.58654,1.36087,404,322.0,436.0,593,114.0,80,1513,223,111179
HHS Region,hhs3,2015,22,1.24556,1.11757,338,287.0,394.0,440,107.0,70,1242,227,111134
HHS Region,hhs3,2015,23,1.34651,1.19101,340,284.0,385.0,452,101.0,67,1244,206,104449
HHS Region,hhs3,2015,24,1.20399,1.08897,274,253.0,330.0,443,77.0,68,1115,201,102390
HHS Region,hhs3,2015,25,1.2511,0.990268,276,237.0,309.0,347,72.0,57,989,206,99872
HHS Region,hhs3,2015,26,1.16626,1.00227,294,195.0,274.0,358,79.0,48,974,203,97179
HHS Region,hhs3,2015,27,1.30198,0.961984,281,246.0,313.0,334,67.0,48,976,213,101457
HHS Region,hhs3,2015,28,1.12215,0.857704,230,211.0,287.0,300,76.0,52,869,204,101317
HHS Region,hhs3,2015,29,1.01928,0.805464,206,225.0,306.0,284,81.0,39,835,213,103667
HHS Region,hhs3,2015,30,0.999289,0.818425,178,203.0,262.0,281,59.0,43,764,205,93350
HHS Region,hhs3,2015,31,0.881078,0.780143,177,181.0,248.0,309,67.0,42,776,198,99469
HHS Region,hhs3,2015,32,1.0792,0.789035,170,201.0,270.0,292,69.0,44,776,193,98348
HHS Region,hhs3,2015,33,0.925596,0.77421,172,207.0,284.0,292,77.0,51,799,199,103202
HHS Region,hhs3,2015,34,0.796299,0.812773,209,243.0,300.0,318,57.0,44,871,204,107164
HHS Region,hhs3,2015,35,1.06881,1.01661,236,259.0,345.0,409,86.0,46,1036,195,101907
HHS Region,hhs3,2015,36,1.12349,1.07831,235,313.0,402.0,428,89.0,59,1124,195,104237
HHS Region,hhs3,2015,37,1.17368,1.05882,278,276.0,373.0,493,97.0,63,1207,205,113995
HHS Region,hhs3,2015,38,1.21361,1.22637,328,347.0,467.0,559,120.0,75,1429,210,116523
HHS Region,hhs3,2015,39,1.09616,1.20801,314,379.0,505.0,520,126.0,72,1411,199,116804
HHS Region,hhs3,2015,40,1.2178,1.24313,401,419.0,563.0,625,144.0,81,1670,280,134338
HHS Region,hhs3,2015,41,1.26021,1.33709,428,426.0,579.0,708,153.0,84,1799,276,134546
HHS Region,hhs3,2015,42,1.53341,1.60714,534,504.0,680.0,817,176.0,124,2155,277,134089
HHS Region,hhs3,2015,43,1.39535,1.42706,454,467.0,635.0,740,168.0,110,1939,280,135874
HHS Region,hhs3,2015,44,1.53447,1.63246,648,577.0,738.0,852,161.0,125,2363,285,144751
HHS Region,hhs3,2015,45,1.57587,1.63328,606,581.0,748.0,805,167.0,116,2275,283,139290
HHS Region,hhs3,2015,46,1.72001,1.79133,625,571.0,755.0,961,184.0,127,2468,281,137775
HHS Region,hhs3,2015,47,2.17414,2.0787,721,519.0,701.0,907,182.0,127,2456,283,118151
HHS Region,hhs3,2015,48,1.83996,1.94492,780,712.0,932.0,927,220.0,131,2770,290,142422
HHS Region,hhs3,2015,49,2.02023,2.07605,788,686.0,892.0,1068,206.0,161,2909,289,140122
HHS Region,hhs3,2015,50,2.27837,2.28721,960,689.0,942.0,1084,253.0,179,3165,288,138378
HHS Region,hhs3,2015,51,2.81511,2.69939,1054,738.0,1016.0,945,278.0,178,3193,274,118286
HHS Region,hhs3,2015,52,2.97706,2.64344,1172,781.0,1130.0,857,349.0,267,3426,277,129604
HHS Region,hhs3,2016,1,2.38365,2.26008,827,833.0,1147.0,891,314.0,188,3053,281,135084
HHS Region,hhs3,2016,2,2.32746,2.17537,766,709.0,961.0,948,252.0,181,2856,279,131288
HHS Region,hhs3,2016,3,2.28403,2.1224,655,597.0,815.0,758,218.0,118,2346,280,110535
HHS Region,hhs3,2016,4,2.23747,1.98983,728,641.0,873.0,857,232.0,136,2594,290,130363
HHS Region,hhs3,2016,5,1.9545,1.78274,550,582.0,818.0,781,236.0,127,2276,280,127669
HHS Region,hhs3,2016,6,2.25924,2.03305,607,696.0,956.0,904,260.0,140,2607,288,128231
HHS Region,hhs3,2016,7,2.5782,2.34559,648,975.0,1286.0,1017,311.0,170,3121,296,133058
HHS Region,hhs3,2016,8,2.92751,2.78542,746,1180.0,1633.0,1349,453.0,172,3900,281,140015
HHS Region,hhs3,2016,9,3.28807,3.27975,889,1403.0,1910.0,1726,507.0,188,4713,268,143700
HHS Region,hhs3,2016,10,3.98252,3.85746,997,1849.0,2532.0,1992,683.0,267,5788,269,150047
HHS Region,hhs3,2016,11,3.21284,3.44142,834,1583.0,2140.0,1766,557.0,298,5038,263,146393
HHS Region,hhs3,2016,12,2.99606,3.03961,875,1283.0,1742.0,1480,459.0,258,4355,266,143275
HHS Region,hhs3,2016,13,2.50992,2.75093,739,1138.0,1604.0,1171,466.0,235,3749,263,136281
HHS Region,hhs3,2016,14,2.08681,2.3459,571,1000.0,1371.0,1067,371.0,213,3222,260,137346
HHS Region,hhs3,2016,15,2.18209,2.39247,587,968.0,1368.0,1175,400.0,209,3339,268,139563
HHS Region,hhs3,2016,16,2.28142,2.50445,610,1031.0,1404.0,1349,373.0,224,3587,262,143225
HHS Region,hhs3,2016,17,2.1751,2.39375,517,956.0,1288.0,1314,332.0,222,3341,257,139572
HHS Region,hhs3,2016,18,1.88369,2.03615,457,722.0,1011.0,1116,289.0,156,2740,265,134568
HHS Region,hhs3,2016,19,1.7257,1.79738,501,643.0,847.0,908,204.0,126,2382,254,132526
HHS Region,hhs3,2016,20,1.66207,1.68194,439,586.0,787.0,834,201.0,121,2181,256,129672
HHS Region,hhs3,2016,21,1.53578,1.67341,530,498.0,653.0,791,155.0,148,2122,237,126807
HHS Region,hhs3,2016,22,1.76657,1.66837,575,446.0,606.0,753,160.0,117,2051,239,122934
HHS Region,hhs3,2016,23,1.48481,1.35015,490,383.0,507.0,616,124.0,90,1703,241,126134
HHS Region,hhs3,2016,24,1.24603,1.34838,445,380.0,499.0,591,119.0,69,1604,228,118958
HHS Region,hhs3,2016,25,1.27777,1.22334,416,318.0,424.0,446,106.0,69,1355,221,110762
HHS Region,hhs3,2016,26,1.17232,1.20469,386,302.0,395.0,434,93.0,66,1281,217,106334
HHS Region,hhs3,2016,27,1.08185,1.09677,321,263.0,363.0,429,100.0,56,1169,215,106586
HHS Region,hhs3,2016,28,0.966718,0.938241,285,239.0,328.0,382,89.0,54,1049,213,111805
HHS Region,hhs3,2016,29,0.960438,0.896441,289,207.0,277.0,350,70.0,60,976,212,108875
HHS Region,hhs3,2016,30,0.973083,0.959771,259,266.0,330.0,365,64.0,54,1008,211,105025
HHS Region,hhs3,2016,31,0.964079,0.890844,270,220.0,283.0,307,63.0,45,905,204,101589
HHS Region,hhs3,2016,32,0.958014,0.957379,253,231.0,315.0,358,84.0,70,996,202,104034
HHS Region,hhs3,2016,33,0.86297,0.880555,249,216.0,297.0,350,81.0,39,935,220,106183
HHS Region,hhs3,2016,34,0.919978,1.00667,292,280.0,364.0,442,84.0,53,1151,231,114337
HHS Region,hhs3,2016,35,1.07718,1.08214,302,307.0,391.0,524,84.0,61,1278,237,118099
HHS Region,hhs3,2016,36,1.14754,1.12262,305,315.0,425.0,505,110.0,80,1315,240,117137
HHS Region,hhs3,2016,37,1.00533,1.1879,356,388.0,529.0,592,141.0,71,1548,246,130314
HHS Region,hhs3,2016,38,1.0972,1.32839,379,398.0,538.0,717,140.0,86,1720,248,129480
HHS Region,hhs3,2016,39,1.16354,1.40705,396,449.0,606.0,698,157.0,82,1782,246,126648
HHS Region,hhs3,2016,40,1.1181,1.41288,416,443.0,620.0,743,177.0,109,1888,295,133628
HHS Region,hhs3,2016,41,1.08883,1.44772,417,511.0,669.0,737,158.0,137,1960,300,135385
HHS Region,hhs3,2016,42,1.17636,1.31576,506,524.0,701.0,765,177.0,118,2090,302,158844
HHS Region,hhs3,2016,43,1.22343,1.47704,551,548.0,753.0,819,205.0,112,2235,299,151316
HHS Region,hhs3,2016,44,1.35918,1.64112,630,566.0,784.0,886,218.0,118,2418,302,147338
HHS Region,hhs3,2016,45,1.42255,1.6269,673,564.0,763.0,795,199.0,130,2361,302,145123
HHS Region,hhs3,2016,46,1.44312,1.78452,737,583.0,782.0,815,199.0,129,2463,300,138020
HHS Region,hhs3,2016,47,1.74561,2.09089,769,576.0,753.0,789,177.0,144,2455,300,117414
HHS Region,hhs3,2016,48,1.4863,1.88844,757,688.0,911.0,799,223.0,153,2620,296,138739
HHS Region,hhs3,2016,49,1.62466,1.97832,793,625.0,851.0,869,226.0,140,2653,303,134104
HHS Region,hhs3,2016,50,1.91967,2.17105,789,717.0,963.0,944,246.0,125,2821,296,129937
HHS Region,hhs3,2016,51,2.22379,2.58874,864,835.0,1194.0,1052,359.0,206,3316,299,128093
HHS Region,hhs3,2016,52,3.05115,3.21417,1076,1096.0,1675.0,1015,579.0,467,4233,291,131698
HHS Region,hhs3,2017,1,2.70326,2.89289,891,1187.0,1745.0,1074,558.0,436,4146,307,143317
HHS Region,hhs3,2017,2,2.81366,2.99355,765,1081.0,1571.0,1160,490.0,344,3840,287,128276
HHS Region,hhs3,2017,3,3.09968,3.07817,708,1238.0,1817.0,1605,579.0,327,4457,304,144794
HHS Region,hhs3,2017,4,3.45232,3.24297,841,1293.0,1813.0,1757,520.0,326,4737,302,146070
HHS Region,hhs3,2017,5,3.73339,3.65659,809,1383.0,1965.0,2209,582.0,392,5375,307,146995
HHS Region,hhs3,2017,6,5.14024,4.88647,922,2021.0,2839.0,3158,818.0,521,7440,303,152257
HHS Region,hhs3,2017,7,5.20003,5.39126,1083,2216.0,3105.0,3672,889.0,544,8404,309,155882
HHS Region,hhs3,2017,8,5.04643,5.85189,1298,2646.0,3693.0,4012,1047.0,682,9685,310,165502
HHS Region,hhs3,2017,9,3.22344,3.74277,825,1631.0,2345.0,2239,714.0,425,5834,311,155874
HHS Region,hhs3,2017,10,3.16441,3.47463,812,1431.0,2046.0,2083,615.0,429,5370,310,154549
HHS Region,hhs3,2017,11,3.37065,3.55227,713,1491.0,2128.0,1993,637.0,396,5230,306,147230
HHS Region,hhs3,2017,12,3.04208,3.5999,792,1575.0,2273.0,2220,698.0,383,5668,302,157449
HHS Region,hhs3,2017,13,3.18057,3.55205,744,1488.0,2182.0,2122,694.0,366,5414,298,152419
HHS Region,hhs3,2017,14,2.2263,2.46224,617,983.0,1392.0,1368,409.0,289,3666,301,148889
HHS Region,hhs3,2017,15,1.68528,1.7175,407,677.0,1002.0,737,325.0,219,2365,292,137700
HHS Region,hhs3,2017,16,1.4153,1.33523,371,532.0,762.0,551,230.0,168,1852,294,138703
HHS Region,hhs3,2017,17,1.08681,1.07604,264,408.0,545.0,533,137.0,124,1466,286,136240
HHS Region,hhs3,2017,18,1.05564,1.02528,311,307.0,445.0,484,138.0,106,1346,269,131281
HHS Region,hhs3,2017,19,0.881369,0.88216,271,306.0,408.0,404,102.0,84,1167,279,132289
HHS Region,hhs3,2017,20,0.983731,0.881957,211,283.0,401.0,428,118.0,92,1132,269,128351
HHS Region,hhs3,2017,21,0.875947,0.946948,290,284.0,382.0,405,98.0,75,1152,253,121654
HHS Region,hhs3,2017,22,1.03431,1.04702,295,278.0,367.0,411,89.0,72,1145,248,109358
HHS Region,hhs3,2017,23,0.867823,0.896509,271,226.0,309.0,316,83.0,53,949,229,105855
HHS Region,hhs3,2017,24,0.763187,0.745672,197,182.0,246.0,269,64.0,62,774,232,103799
HHS Region,hhs3,2017,25,0.803839,0.806536,243,221.0,295.0,258,74.0,51,847,239,105017
HHS Region,hhs3,2017,26,0.772005,0.773235,188,175.0,240.0,234,65.0,48,710,221,91822
HHS Region,hhs3,2017,27,0.780702,0.683374,199,160.0,222.0,196,62.0,35,652,229,95409
HHS Region,hhs3,2017,28,0.742163,0.627225,185,159.0,208.0,191,49.0,29,613,215,97732
HHS Region,hhs3,2017,29,0.662374,0.626889,176,148.0,200.0,173,52.0,38,587,215,93637
HHS Region,hhs3,2017,30,0.704218,0.614978,171,151.0,199.0,182,48.0,34,586,200,95288
HHS Region,hhs3,2017,31,0.797999,0.678531,167,161.0,214.0,220,53.0,46,647,213,95353
HHS Region,hhs3,2017,32,0.586092,0.600416,155,167.0,215.0,163,48.0,24,557,214,92769
HHS Region,hhs3,2017,33,0.611163,0.619933,160,155.0,186.0,172,31.0,28,546,199,88074
HHS Region,hhs3,2017,34,0.623141,0.625839,208,138.0,178.0,195,40.0,25,606,208,96830
HHS Region,hhs3,2017,35,0.781271,0.738146,216,147.0,205.0,251,58.0,36,708,208,95916
HHS Region,hhs3,2017,36,0.855259,0.821776,261,169.0,228.0,299,59.0,54,842,219,102461
HHS Region,hhs3,2017,37,0.755999,0.775689,241,233.0,309.0,290,76.0,59,899,228,115897
HHS Region,hhs3,2017,38,0.85242,0.864202,286,227.0,295.0,361,68.0,57,999,221,115598
HHS Region,hhs3,2017,39,0.980626,0.983121,268,213.0,284.0,376,71.0,47,975,213,99174
HHS Region,hhs3,2017,40,0.926452,1.07097,600,506.0,708.0,739,202.0,142,2189,363,204394
HHS Region,hhs3,2017,41,0.990782,1.1312,595,478.0,674.0,707,196.0,167,2143,358,189444
HHS Region,hhs3,2017,42,1.02534,1.21089,706,499.0,672.0,765,173.0,144,2287,363,188869
HHS Region,hhs3,2017,43,1.1191,1.32338,711,535.0,740.0,853,205.0,150,2454,352,185434
HHS Region,hhs3,2017,44,1.1806,1.38637,758,625.0,826.0,827,201.0,148,2559,358,184583
HHS Region,hhs3,2017,45,1.30465,1.49433,950,610.0,847.0,865,237.0,168,2830,358,189382
HHS Region,hhs3,2017,46,1.581,1.68959,1027,707.0,977.0,1046,270.0,186,3236,358,191526
HHS Region,hhs3,2017,47,1.64013,1.83265,1021,648.0,909.0,912,261.0,229,3071,355,167572
HHS Region,hhs3,2017,48,1.60673,1.88811,1191,894.0,1228.0,1118,334.0,229,3766,363,199459
HHS Region,hhs3,2017,49,1.6323,1.8981,997,842.0,1197.0,1051,355.0,283,3528,357,185870
HHS Region,hhs3,2017,50,1.83916,2.14038,1106,972.0,1337.0,1154,365.0,299,3896,352,182024
HHS Region,hhs3,2017,51,2.29733,2.54086,1202,1203.0,1723.0,1321,520.0,430,4676,354,184032
HHS Region,hhs3,2017,52,3.53525,3.64237,1521,1707.0,2512.0,1387,805.0,730,6150,328,168846
HHS Region,hhs4,2002,1,1.11450187327301,1.37045151866649,89,,123.0,91,,16,319,136,23277
HHS Region,hhs4,2002,2,1.44692494542435,1.36548597645902,137,,152.0,187,,24,500,135,36617
HHS Region,hhs4,2002,3,1.9005455779926,1.96869892526373,198,,191.0,375,,31,795,144,40382
HHS Region,hhs4,2002,4,2.47922715907651,2.74668745128605,198,,193.0,468,,22,881,136,32075
HHS Region,hhs4,2002,5,1.93335615988046,2.16840659991004,209,,233.0,451,,23,916,133,42243
HHS Region,hhs4,2002,6,1.9451831649344,2.32382897007706,228,,251.0,439,,38,956,141,41139
HHS Region,hhs4,2002,7,2.25859494576561,2.40884090446119,197,,253.0,462,,34,946,135,39272
HHS Region,hhs4,2002,8,2.1387870965161,2.37156883080965,205,,284.0,478,,62,1029,139,43389
HHS Region,hhs4,2002,9,2.04093538720847,2.17947292338485,167,,272.0,466,,75,980,144,44965
HHS Region,hhs4,2002,10,1.52733010707985,1.45168472613923,61,,159.0,245,,24,489,120,33685
HHS Region,hhs4,2002,11,1.07506156892909,1.20587148567398,89,,122.0,130,,18,359,114,29771
HHS Region,hhs4,2002,12,0.754221001464293,0.858994174295565,77,,75.0,112,,25,289,112,33644
HHS Region,hhs4,2002,13,0.514304358313714,0.609259440263252,58,,44.0,74,,11,187,109,30693
HHS Region,hhs4,2002,14,0.639121699505401,0.695289414218669,48,,64.0,74,,14,200,106,28765
HHS Region,hhs4,2002,15,0.312584853498151,0.347360856024914,22,,18.0,44,,3,87,102,25046
HHS Region,hhs4,2002,16,0.327088555649671,0.37215136943341,26,,21.0,42,,0,89,101,23915
HHS Region,hhs4,2002,17,0.403171832020862,0.47844808838241,34,,15.0,60,,1,110,96,22991
HHS Region,hhs4,2002,18,0.201077526268628,0.236920994101151,16,,4.0,29,,0,49,91,20682
HHS Region,hhs4,2002,19,0.345970881132,0.399182626051419,22,,12.0,48,,2,84,92,21043
HHS Region,hhs4,2002,20,0.192164918492192,0.243997116397715,14,,8.0,21,,1,44,88,18033
HHS Region,hhs4,2002,40,0.956286249140314,1.15761146940101,102,,128.0,244,,25,499,159,43106
HHS Region,hhs4,2002,41,1.05164240682379,1.12313083603596,110,,142.0,227,,37,516,171,45943
HHS Region,hhs4,2002,42,0.80936993904767,1.03339132622047,101,,109.0,256,,27,493,172,47707
HHS Region,hhs4,2002,43,1.041127904843,1.0811839725897,118,,145.0,276,,29,568,195,52535
HHS Region,hhs4,2002,44,1.16470430543958,1.15804527538456,132,,206.0,288,,38,664,200,57338
HHS Region,hhs4,2002,45,1.19694233948673,1.2294866630471,148,,197.0,320,,37,702,200,57097
HHS Region,hhs4,2002,46,1.10455350393733,1.19034416472589,131,,207.0,276,,30,644,199,54102
HHS Region,hhs4,2002,47,1.10443954659295,1.21424716675661,129,,206.0,307,,33,675,200,55590
HHS Region,hhs4,2002,48,1.20943343903877,1.3588180891176,126,,160.0,254,,33,573,203,42169
HHS Region,hhs4,2002,49,1.10384949061915,1.1548458967694,126,,211.0,248,,37,622,211,53860
HHS Region,hhs4,2002,50,1.01517064473708,1.12994350282486,115,,200.0,226,,49,590,205,52215
HHS Region,hhs4,2002,51,1.36660740810931,1.48228645946533,155,,235.0,240,,52,682,202,46010
HHS Region,hhs4,2002,52,1.73546597585442,2.07095789917876,163,,241.0,190,,44,638,198,30807
HHS Region,hhs4,2003,1,1.77729959198423,2.33732791918392,223,,351.0,269,,101,944,211,40388
HHS Region,hhs4,2003,2,1.2051493817162,1.45673110233493,179,,309.0,274,,79,841,212,57732
HHS Region,hhs4,2003,3,1.39917719893794,1.7255223549109,197,,274.0,467,,72,1010,215,58533
HHS Region,hhs4,2003,4,2.14773818033965,2.58545988292924,252,,306.0,838,,66,1462,212,56547
HHS Region,hhs4,2003,5,2.80572499788402,3.32815117805986,306,,465.0,1327,,107,2205,209,66253
HHS Region,hhs4,2003,6,3.10429583262088,3.44611428112192,327,,372.0,1347,,98,2144,209,62215
HHS Region,hhs4,2003,7,3.02451823974849,3.32482481668753,273,,417.0,1238,,117,2045,203,61507
HHS Region,hhs4,2003,8,2.9435359916091,3.34093129273852,318,,477.0,1148,,109,2052,205,61420
HHS Region,hhs4,2003,9,1.95311477422269,2.02496672787614,183,,377.0,560,,82,1202,195,59359
HHS Region,hhs4,2003,10,1.73220215298301,1.93500853109974,148,,289.0,475,,86,998,191,51576
HHS Region,hhs4,2003,11,1.26622590385854,1.46634081315263,116,,222.0,314,,74,726,186,49511
HHS Region,hhs4,2003,12,1.25336101056645,1.40709442861354,128,,194.0,346,,48,716,181,50885
HHS Region,hhs4,2003,13,1.17580258327856,1.4813191629232,109,,155.0,347,,65,676,175,45635
HHS Region,hhs4,2003,14,1.02739552213406,1.2695144964831,87,,137.0,253,,41,518,166,40803
HHS Region,hhs4,2003,15,1.03358910254926,1.33870061786182,112,,155.0,226,,79,572,162,42728
HHS Region,hhs4,2003,16,0.749058877768897,1.04120073554992,95,,103.0,177,,44,419,154,40242
HHS Region,hhs4,2003,17,0.90491295307285,1.22641267890519,114,,141.0,168,,56,479,150,39057
HHS Region,hhs4,2003,18,0.754299344207238,0.921273031825796,54,,70.0,184,,33,341,142,37014
HHS Region,hhs4,2003,19,0.802269172136111,1.09317748236078,51,,50.0,238,,22,361,138,33023
HHS Region,hhs4,2003,20,0.420989748848232,0.565089995814148,41,,53.0,45,,23,162,131,28668
HHS Region,hhs4,2003,21,0.795601061541714,1.00454160572704,93,,42.0,109,,17,261,111,25982
HHS Region,hhs4,2003,22,0.476614149145678,0.752485890889546,59,,51.0,44,,14,168,104,22326
HHS Region,hhs4,2003,23,0.394769002853493,0.72606133082771,52,,50.0,57,,11,170,98,23414
HHS Region,hhs4,2003,24,0.522052675220397,0.951194184839045,66,,65.0,75,,23,229,97,24075
HHS Region,hhs4,2003,25,0.395624109527116,0.659559089266353,41,,48.0,39,,18,146,94,22136
HHS Region,hhs4,2003,26,0.3593892897893,0.547677261613692,28,,48.0,23,,13,112,93,20450
HHS Region,hhs4,2003,27,0.248508333804273,0.337359886821199,21,,18.0,16,,7,62,92,18378
HHS Region,hhs4,2003,28,0.308992520871892,0.571593256160238,28,,38.0,40,,13,119,89,20819
HHS Region,hhs4,2003,29,0.40826029206803,0.724062685975005,30,,54.0,34,,28,146,88,20164
HHS Region,hhs4,2003,30,0.435942028496186,0.904241808483617,45,,60.0,46,,27,178,86,19685
HHS Region,hhs4,2003,31,0.245578447388861,0.527431359984226,19,,47.0,22,,19,107,76,20287
HHS Region,hhs4,2003,32,0.375086500092373,0.7570171557784,35,,59.0,35,,25,154,79,20343
HHS Region,hhs4,2003,33,0.313545885122523,0.759236486125221,27,,54.0,42,,19,142,77,18703
HHS Region,hhs4,2003,34,0.320029861735291,0.698901725859364,44,,52.0,38,,13,147,78,21033
HHS Region,hhs4,2003,35,0.3650212088591,0.754936120789779,52,,37.0,42,,12,143,76,18942
HHS Region,hhs4,2003,36,0.435204551660141,0.962995022722354,46,,57.0,57,,18,178,74,18484
HHS Region,hhs4,2003,37,0.260844615634751,0.545991146089523,30,,39.0,30,,12,111,71,20330
HHS Region,hhs4,2003,38,0.227483362213678,0.307035803497086,13,,17.0,23,,6,59,70,19216
HHS Region,hhs4,2003,39,0.329456237625859,0.49518273319339,18,,30.0,32,,12,92,70,18579
HHS Region,hhs4,2003,40,0.824503731616735,1.23606519247064,228,,211.0,265,,40,744,209,60191
HHS Region,hhs4,2003,41,0.908075612853033,1.40189568079914,291,,262.0,381,,54,988,233,70476
HHS Region,hhs4,2003,42,0.985916761957729,1.43582366204197,303,,309.0,364,,62,1038,249,72293
HHS Region,hhs4,2003,43,0.908302967824328,1.57812281081632,390,,360.0,423,,66,1239,256,78511
HHS Region,hhs4,2003,44,1.21946892843998,1.84817854640045,398,,423.0,657,,78,1556,271,84191
HHS Region,hhs4,2003,45,1.40969778287869,2.10235537139574,480,,494.0,673,,73,1720,280,81813
HHS Region,hhs4,2003,46,1.64444767547669,2.55085371313786,569,,557.0,888,,94,2108,283,82639
HHS Region,hhs4,2003,47,1.92738677914393,2.75869248386425,522,,606.0,1124,,133,2385,280,86454
HHS Region,hhs4,2003,48,2.75598716534674,3.72622988682732,630,,640.0,997,,153,2420,278,64945
HHS Region,hhs4,2003,49,4.05377243313775,5.01389982164387,1113,,1452.0,2197,,270,5032,302,100361
HHS Region,hhs4,2003,50,6.14473359368233,7.3355643695257,1563,,1756.0,3443,,340,7102,284,96816
HHS Region,hhs4,2003,51,6.85670406693022,8.1750078974683,1701,,2189.0,2866,,490,7246,290,88636
HHS Region,hhs4,2003,52,7.13596773328624,8.77805937726285,1307,,1692.0,1368,,482,4849,272,55240
HHS Region,hhs4,2003,53,4.76726893469453,5.72484690218291,883,,1206.0,682,,342,3113,274,54377
HHS Region,hhs4,2004,1,2.62644986414308,3.14283114756229,490,,954.0,701,,273,2418,283,76937
HHS Region,hhs4,2004,2,1.81034465863886,2.19431661596859,487,,508.0,557,,136,1688,280,76926
HHS Region,hhs4,2004,3,1.73278172066242,2.08408347856145,499,,382.0,454,,112,1447,276,69431
HHS Region,hhs4,2004,4,1.60171121237897,2.29008809215795,454,,404.0,509,,120,1487,261,64932
HHS Region,hhs4,2004,5,1.23688265397138,1.93625923617912,409,,340.0,460,,96,1305,258,67398
HHS Region,hhs4,2004,6,1.02829547575414,1.70274256260521,399,,270.0,412,,62,1143,250,67127
HHS Region,hhs4,2004,7,1.11217693148238,1.75401489628499,425,,270.0,378,,88,1161,248,66191
HHS Region,hhs4,2004,8,0.789956473187256,1.24681933842239,252,,204.0,262,,66,784,234,62880
HHS Region,hhs4,2004,9,0.845399769762558,1.28845776993925,226,,239.0,270,,54,789,226,61236
HHS Region,hhs4,2004,10,0.770276616717696,1.24522322676857,189,,228.0,198,,53,668,219,53645
HHS Region,hhs4,2004,11,0.807374894229175,1.26912100962476,204,,252.0,211,,49,716,211,56417
HHS Region,hhs4,2004,12,0.550396343146723,1.01844497396523,212,,165.0,163,,37,577,204,56655
HHS Region,hhs4,2004,13,0.432720299545673,0.847924237418787,177,,111.0,143,,31,462,202,54486
HHS Region,hhs4,2004,14,0.501113415783285,0.988019293605103,169,,142.0,169,,28,508,201,51416
HHS Region,hhs4,2004,15,0.492151040492096,0.925578733397802,136,,152.0,140,,41,469,195,50671
HHS Region,hhs4,2004,16,0.470062997073359,0.930044480388192,142,,151.0,160,,30,483,189,51933
HHS Region,hhs4,2004,17,0.383163629827406,0.854541306286686,141,,116.0,132,,23,412,184,48213
HHS Region,hhs4,2004,18,0.417670248430656,0.91751515844869,108,,131.0,140,,22,401,179,43705
HHS Region,hhs4,2004,19,0.482203746713651,0.988760669854064,122,,120.0,123,,30,395,171,39949
HHS Region,hhs4,2004,20,0.487192741962413,0.838623716592209,119,,94.0,95,,13,321,164,38277
HHS Region,hhs4,2004,21,0.542402315700799,1.08499658024001,130,,101.0,97,,21,349,139,32166
HHS Region,hhs4,2004,22,0.479927420821622,1.12771920459095,115,,112.0,97,,14,338,144,29972
HHS Region,hhs4,2004,23,0.325211628129046,0.795116140559857,84,,86.0,76,,21,267,136,33580
HHS Region,hhs4,2004,24,0.342540799817201,0.769680736430529,65,,96.0,74,,15,250,140,32481
HHS Region,hhs4,2004,25,0.298368817679541,0.775375154573711,65,,67.0,82,,18,232,133,29921
HHS Region,hhs4,2004,26,0.297280079930227,0.778277412659979,77,,78.0,59,,11,225,127,28910
HHS Region,hhs4,2004,27,0.30425849642386,0.845820117393999,53,,86.0,73,,20,232,127,27429
HHS Region,hhs4,2004,28,0.354415612972157,0.87991887736744,79,,85.0,88,,17,269,125,30571
HHS Region,hhs4,2004,29,0.289611425940757,0.82012982480631,82,,75.0,63,,15,235,120,28654
HHS Region,hhs4,2004,30,0.287891190411481,0.927351743489717,79,,92.0,87,,13,271,119,29223
HHS Region,hhs4,2004,31,0.328021213609102,0.799941018173775,71,,62.0,63,,21,217,105,27127
HHS Region,hhs4,2004,32,0.359387528263779,0.921146668784245,63,,79.0,75,,15,232,100,25186
HHS Region,hhs4,2004,33,0.425895549303911,1.05147241661042,85,,87.0,104,,20,296,99,28151
HHS Region,hhs4,2004,34,0.377194542994009,0.994341959891526,99,,78.0,108,,12,297,99,29869
HHS Region,hhs4,2004,35,0.462828461894604,1.18017594033957,99,,87.0,120,,20,326,98,27623
HHS Region,hhs4,2004,36,0.452984934292764,1.2813280683375,89,,106.0,107,,16,318,96,24818
HHS Region,hhs4,2004,37,0.378551075232821,1.04385596188875,82,,89.0,110,,17,298,98,28548
HHS Region,hhs4,2004,38,0.418699094815134,1.07477134417595,90,,91.0,100,,21,302,94,28099
HHS Region,hhs4,2004,39,0.530394543163939,1.18932320923566,96,,94.0,102,,15,307,96,25813
HHS Region,hhs4,2004,40,0.777791980954121,1.04612458392772,319,,230.0,327,,26,902,285,86223
HHS Region,hhs4,2004,41,0.93839999726598,1.2918867637241,380,,292.0,389,,42,1103,294,85379
HHS Region,hhs4,2004,42,0.981580469083801,1.35406164287031,463,,279.0,454,,53,1249,294,92241
HHS Region,hhs4,2004,43,0.929629151567164,1.22903032658592,377,,284.0,436,,73,1170,302,95197
HHS Region,hhs4,2004,44,1.02732971465036,1.31052185380558,413,,268.0,390,,42,1113,298,84928
HHS Region,hhs4,2004,45,1.12435435453634,1.48368981176552,452,,299.0,482,,51,1284,294,86541
HHS Region,hhs4,2004,46,1.12425381717997,1.55277811073215,481,,336.0,552,,56,1425,307,91771
HHS Region,hhs4,2004,47,1.48850839847208,1.93029329650866,465,,286.0,487,,48,1286,307,66622
HHS Region,hhs4,2004,48,1.35043085028928,1.75082303647014,570,,426.0,586,,56,1638,306,93556
HHS Region,hhs4,2004,49,1.31528112273475,1.66952005607197,547,,347.0,496,,63,1453,301,87031
HHS Region,hhs4,2004,50,1.43952847164458,2.01779609769342,620,,426.0,532,,57,1635,296,81029
HHS Region,hhs4,2004,51,1.62248760509974,2.37052746801669,567,,363.0,390,,66,1386,290,58468
HHS Region,hhs4,2004,52,1.73170459063409,2.53356645663577,549,,491.0,418,,78,1536,281,60626
HHS Region,hhs4,2005,1,1.40348600149083,1.80437853107345,408,,519.0,509,,97,1533,289,84960
HHS Region,hhs4,2005,2,1.30309135517967,1.6495690514701,450,,410.0,549,,80,1489,294,90266
HHS Region,hhs4,2005,3,1.74029806536445,2.21143595908276,439,,542.0,877,,92,1950,297,88178
HHS Region,hhs4,2005,4,2.5472716360245,2.95447450834282,589,,771.0,1463,,111,2934,292,99307
HHS Region,hhs4,2005,5,3.22981464509729,3.85347682119205,597,,1040.0,1936,,151,3724,287,96640
HHS Region,hhs4,2005,6,4.17290096740228,5.0066425530677,775,,1553.0,2622,,213,5163,284,103123
HHS Region,hhs4,2005,7,4.19554983048287,5.24285019849307,893,,1680.0,2354,,250,5177,275,98744
HHS Region,hhs4,2005,8,3.91771177094498,4.92834744594139,967,,1521.0,2100,,237,4825,273,97903
HHS Region,hhs4,2005,9,3.54206802335887,4.49783093773715,884,,1253.0,1633,,201,3971,267,88287
HHS Region,hhs4,2005,10,3.48386908357023,4.3791358505255,740,,1151.0,1498,,211,3600,251,82208
HHS Region,hhs4,2005,11,2.9729940763825,3.42347309591238,615,,910.0,1067,,140,2732,245,79802
HHS Region,hhs4,2005,12,2.61839562674276,3.12093628088427,545,,816.0,866,,125,2352,236,75362
HHS Region,hhs4,2005,13,1.73993068139439,2.23876684318146,502,,546.0,580,,80,1708,228,76292
HHS Region,hhs4,2005,14,1.31331104150498,1.83677466286162,382,,380.0,480,,71,1313,219,71484
HHS Region,hhs4,2005,15,1.23081621282696,1.58802731041209,370,,264.0,351,,57,1042,212,65616
HHS Region,hhs4,2005,16,1.23851353221479,1.58483530142946,334,,234.0,368,,33,969,205,61142
HHS Region,hhs4,2005,17,1.19704968659647,1.69057799937264,352,,249.0,376,,47,1024,200,60571
HHS Region,hhs4,2005,18,0.954206633442003,1.56805877803558,287,,174.0,306,,44,811,182,51720
HHS Region,hhs4,2005,19,1.00098958120988,1.61313612641046,309,,176.0,264,,33,782,170,48477
HHS Region,hhs4,2005,20,0.970332059221449,1.64687429979834,278,,146.0,281,,30,735,162,44630
HHS Region,hhs4,2005,21,0.800164396808007,1.50761421319797,203,,146.0,214,,31,594,145,39400
HHS Region,hhs4,2005,22,0.920133477905525,1.7759442932795,214,,165.0,195,,33,607,139,34179
HHS Region,hhs4,2005,23,0.910858011574967,1.5352539802881,144,,131.0,189,,22,486,127,31656
HHS Region,hhs4,2005,24,0.822585572314019,1.45628116259273,203,,91.0,172,,13,479,125,32892
HHS Region,hhs4,2005,25,0.750648979646422,1.45948507344811,169,,115.0,163,,15,462,123,31655
HHS Region,hhs4,2005,26,0.712567264576653,1.36900234780596,154,,96.0,152,,12,414,121,30241
HHS Region,hhs4,2005,27,0.636253712346813,1.4048629872636,139,,96.0,109,,20,364,112,25910
HHS Region,hhs4,2005,28,0.502893280968182,1.12355384159003,97,,88.0,100,,18,303,110,26968
HHS Region,hhs4,2005,29,0.338317565693269,0.983796296296296,87,,78.0,90,,17,272,108,27648
HHS Region,hhs4,2005,30,0.382871307969146,1.0676406546323,97,,104.0,78,,25,304,105,28474
HHS Region,hhs4,2005,31,0.525350055789264,1.14568211244948,114,,89.0,74,,15,292,106,25487
HHS Region,hhs4,2005,32,0.47366871219687,1.1869759337907,121,,97.0,99,,10,327,106,27549
HHS Region,hhs4,2005,33,0.506825270539411,1.11219381069185,126,,82.0,106,,17,331,106,29761
HHS Region,hhs4,2005,34,0.485320554460327,0.731020870645857,68,,44.0,80,,8,200,100,27359
HHS Region,hhs4,2005,35,0.57193323004587,0.7901534721167,94,,43.0,65,,6,208,98,26324
HHS Region,hhs4,2005,36,0.584652799571147,0.819428522905787,76,,43.0,58,,16,193,94,23553
HHS Region,hhs4,2005,37,0.49471722637116,0.595597408346412,72,,26.0,41,,9,148,93,24849
HHS Region,hhs4,2005,38,0.542233259005658,0.661784861181815,80,,34.0,51,,4,169,95,25537
HHS Region,hhs4,2005,39,0.822824267358989,0.8065743418049,96,,31.0,81,,4,212,99,26284
HHS Region,hhs4,2005,40,0.584092884638593,0.828368169746673,166,,189.0,214,,33,602,230,72673
HHS Region,hhs4,2005,41,0.821644876716811,1.10150692266503,271,,255.0,274,,64,864,241,78438
HHS Region,hhs4,2005,42,0.863117864467611,1.21633559084011,335,,296.0,389,,54,1074,254,88298
HHS Region,hhs4,2005,43,0.936814830501885,1.24806423860052,346,,304.0,383,,55,1088,262,87175
HHS Region,hhs4,2005,44,0.974573110154316,1.28320479862896,339,,376.0,419,,64,1198,270,93360
HHS Region,hhs4,2005,45,1.07450320287548,1.34823312236287,409,,309.0,462,,47,1227,274,91008
HHS Region,hhs4,2005,46,1.15900911435919,1.34889074926748,421,,336.0,464,,68,1289,271,95560
HHS Region,hhs4,2005,47,1.301863803181,1.7505974489649,420,,339.0,403,,54,1216,278,69462
HHS Region,hhs4,2005,48,1.05798584704878,1.42246033723731,420,,402.0,477,,71,1370,283,96312
HHS Region,hhs4,2005,49,1.43070136294896,1.81958610663093,577,,396.0,542,,87,1602,283,88042
HHS Region,hhs4,2005,50,1.48220361596587,1.88660130351092,551,,499.0,538,,88,1676,288,88837
HHS Region,hhs4,2005,51,1.60909865325537,2.2294106230187,637,,462.0,529,,95,1723,285,77285
HHS Region,hhs4,2005,52,2.00527770384016,3.0904264297442,660,,679.0,485,,190,2014,278,65169
HHS Region,hhs4,2006,1,1.82385115963375,2.46488999664478,617,,749.0,519,,172,2057,301,83452
HHS Region,hhs4,2006,2,1.58274768312518,2.07444127901595,608,,587.0,699,,123,2017,296,97231
HHS Region,hhs4,2006,3,1.72219654524821,2.10038019671047,600,,536.0,798,,99,2033,289,96792
HHS Region,hhs4,2006,4,1.96752847488096,2.41369438384158,701,,659.0,970,,115,2445,295,101297
HHS Region,hhs4,2006,5,2.43534129058857,2.75247427249003,672,,757.0,1259,,107,2795,291,101545
HHS Region,hhs4,2006,6,2.81060187713747,3.25018073064697,793,,872.0,1469,,148,3282,294,100979
HHS Region,hhs4,2006,7,3.70952996354373,3.77635538275409,597,,1088.0,1758,,209,3652,279,96707
HHS Region,hhs4,2006,8,3.58811404506251,3.80495123780945,750,,1140.0,1659,,255,3804,285,99975
HHS Region,hhs4,2006,9,3.12122431487322,3.46645351249077,717,,993.0,1457,,259,3426,285,98833
HHS Region,hhs4,2006,10,2.45896169818936,2.79693407004279,642,,813.0,1103,,135,2693,276,96284
HHS Region,hhs4,2006,11,2.08766328524716,2.54062139602864,543,,598.0,883,,201,2225,267,87577
HHS Region,hhs4,2006,12,1.42455154122238,1.70400367948128,400,,448.0,573,,98,1519,260,89143
HHS Region,hhs4,2006,13,1.4483528429645,1.68083528270668,354,,448.0,557,,114,1473,242,87635
HHS Region,hhs4,2006,14,1.1575189590825,1.51185599338146,328,,294.0,451,,60,1133,229,74941
HHS Region,hhs4,2006,15,0.809684594485426,1.03670533957528,232,,214.0,275,,43,764,218,73695
HHS Region,hhs4,2006,16,0.742522910564623,1.02236713798147,218,,202.0,217,,34,671,202,65632
HHS Region,hhs4,2006,17,0.75862807690536,1.1028824975261,195,,216.0,242,,38,691,195,62654
HHS Region,hhs4,2006,18,0.721675824318261,1.09534391349233,207,,144.0,245,,30,626,184,57151
HHS Region,hhs4,2006,19,0.773202535105356,1.07528903092396,195,,144.0,207,,26,572,178,53195
HHS Region,hhs4,2006,20,0.761435281523743,1.21595897595276,208,,167.0,218,,33,626,174,51482
HHS Region,hhs4,2006,21,0.641615164275426,1.23165851489551,200,,129.0,194,,31,554,161,44980
HHS Region,hhs4,2006,22,0.702193831838521,1.17244241543889,173,,120.0,131,,28,452,134,38552
HHS Region,hhs4,2006,23,0.652309713014449,1.02248967310929,155,,113.0,114,,19,401,133,39218
HHS Region,hhs4,2006,24,0.607134039767149,0.961486376685987,119,,118.0,102,,16,355,127,36922
HHS Region,hhs4,2006,25,0.495330181034663,0.853776853776854,114,,84.0,89,,21,308,126,36075
HHS Region,hhs4,2006,26,0.429048559781107,0.919334759153446,101,,73.0,85,,29,288,113,31327
HHS Region,hhs4,2006,27,0.405001550149105,0.888634083416941,89,,59.0,87,,13,248,113,27908
HHS Region,hhs4,2006,28,0.49902713153966,0.973451327433628,102,,74.0,121,,22,319,117,32770
HHS Region,hhs4,2006,29,0.487000778683201,0.956893916233568,110,,92.0,89,,22,313,111,32710
HHS Region,hhs4,2006,30,0.465842832314053,0.931658351866322,95,,94.0,92,,29,310,114,33274
HHS Region,hhs4,2006,31,0.399483397349981,0.760492268854528,86,,72.0,74,,9,241,115,31690
HHS Region,hhs4,2006,32,0.363557719048087,0.599288345090205,75,,49.0,63,,5,192,111,32038
HHS Region,hhs4,2006,33,0.39160734632117,0.551777618706753,66,,53.0,61,,5,185,107,33528
HHS Region,hhs4,2006,34,0.420310117793141,0.66396163777204,87,,65.0,66,,16,234,111,35243
HHS Region,hhs4,2006,35,0.385662618901722,0.658800982212373,68,,71.0,66,,15,220,101,33394
HHS Region,hhs4,2006,36,0.551585672828348,0.890577119509704,110,,72.0,86,,11,279,101,31328
HHS Region,hhs4,2006,37,0.468642492149975,0.795245751033532,88,,78.0,91,,20,277,100,34832
HHS Region,hhs4,2006,38,0.52243568033695,0.829116276410212,110,,70.0,96,,14,290,97,34977
HHS Region,hhs4,2006,39,0.467279051137723,0.699725314442677,92,,60.0,74,,16,242,98,34585
HHS Region,hhs4,2006,40,0.874174318668457,1.11260159393987,379,,167.0,398,,43,987,300,88711
HHS Region,hhs4,2006,41,0.92759176420067,1.10906718572865,354,,209.0,437,,37,1037,308,93502
HHS Region,hhs4,2006,42,0.966369634656275,1.14126016260163,375,,232.0,479,,37,1123,315,98400
HHS Region,hhs4,2006,43,0.98501736662535,1.18356471743094,424,,219.0,584,,39,1266,325,106965
HHS Region,hhs4,2006,44,1.20553446833042,1.33796872021567,488,,250.0,698,,38,1474,338,110167
HHS Region,hhs4,2006,45,1.36564572247177,1.5335966963174,621,,300.0,755,,36,1712,345,111633
HHS Region,hhs4,2006,46,1.47085682809259,1.77827300068848,637,,315.0,963,,48,1963,334,110388
HHS Region,hhs4,2006,47,1.92834059600444,2.27229952697023,604,,394.0,756,,57,1811,336,79699
HHS Region,hhs4,2006,48,1.85793126599487,2.00338770281076,760,,504.0,1003,,63,2330,337,116303
HHS Region,hhs4,2006,49,2.09985617980523,2.50037015102162,821,,517.0,1294,,70,2702,347,108064
HHS Region,hhs4,2006,50,3.24123412767882,3.92742349607258,1181,,795.0,2068,,86,4130,340,105158
HHS Region,hhs4,2006,51,3.6552010058293,4.26434648805214,1075,,904.0,1664,,126,3769,319,88384
HHS Region,hhs4,2006,52,3.0083446164937,3.985054016733,783,,746.0,804,,120,2453,316,61555
HHS Region,hhs4,2007,1,1.87541276869703,2.29382788913354,652,,641.0,604,,124,2021,333,88106
HHS Region,hhs4,2007,2,1.56333607606309,1.87122245059932,608,,471.0,685,,75,1839,329,98278
HHS Region,hhs4,2007,3,1.75993675857148,1.87862953129463,547,,400.0,764,,65,1776,323,94537
HHS Region,hhs4,2007,4,1.96314045583657,2.29257432393528,774,,467.0,1067,,81,2389,325,104206
HHS Region,hhs4,2007,5,2.16126543375231,2.47147393315808,656,,592.0,1309,,66,2623,325,106131
HHS Region,hhs4,2007,6,2.65716742945089,3.10466491030451,823,,631.0,1801,,80,3335,326,107419
HHS Region,hhs4,2007,7,2.66485953394293,3.23550178424899,772,,634.0,1897,,88,3391,321,104806
HHS Region,hhs4,2007,8,2.73487777192973,3.40895824415301,868,,725.0,1837,,74,3504,315,102788
HHS Region,hhs4,2007,9,2.2271556844645,2.6903403501869,686,,553.0,1403,,93,2735,307,101660
HHS Region,hhs4,2007,10,2.1244923990331,2.4275894111063,638,,484.0,1116,,61,2299,299,94703
HHS Region,hhs4,2007,11,1.85268988211734,2.06883446949004,530,,360.0,805,,47,1742,293,84202
HHS Region,hhs4,2007,12,1.39411158066688,1.68789199292864,478,,292.0,681,,48,1499,287,88809
HHS Region,hhs4,2007,13,1.06470587930734,1.20603129965591,340,,217.0,469,,29,1055,284,87477
HHS Region,hhs4,2007,14,0.82605234934632,1.0589660427494,269,,203.0,314,,27,813,273,76773
HHS Region,hhs4,2007,15,0.925106729661456,1.16831968492591,308,,250.0,376,,39,973,265,83282
HHS Region,hhs4,2007,16,0.78935521981575,1.08528296218408,291,,213.0,338,,25,867,254,79887
HHS Region,hhs4,2007,17,0.715101331842553,0.99968,285,,159.0,315,,22,781,252,78125
HHS Region,hhs4,2007,18,0.70360145085907,0.972959110071008,224,,143.0,221,,19,607,234,62387
HHS Region,hhs4,2007,19,0.61208679604883,0.854439518252391,213,,120.0,156,,14,503,225,58869
HHS Region,hhs4,2007,20,0.468317918212309,0.705993923534887,151,,104.0,135,,12,402,214,56941
HHS Region,hhs4,2007,21,0.438778881057921,0.723296570478924,159,,99.0,107,,18,383,196,52952
HHS Region,hhs4,2007,22,0.532306016527726,0.853566847994339,151,,108.0,118,,9,386,167,45222
HHS Region,hhs4,2007,23,0.37626765343347,0.616557631665647,96,,60.0,93,,13,262,165,42494
HHS Region,hhs4,2007,24,0.358175578451158,0.585079264887961,84,,63.0,77,,17,241,160,41191
HHS Region,hhs4,2007,25,0.314349814645984,0.396760183120085,63,,47.0,56,,3,169,154,42595
HHS Region,hhs4,2007,26,0.34955408281815,0.438101260105686,80,,46.0,59,,9,194,148,44282
HHS Region,hhs4,2007,27,0.324266243663548,0.654973002332343,70,,53.0,69,,13,205,147,31299
HHS Region,hhs4,2007,28,0.372761842154687,0.612145583075071,98,,59.0,78,,4,239,147,39043
HHS Region,hhs4,2007,29,0.317525149825665,0.433009415437289,68,,50.0,49,,5,172,142,39722
HHS Region,hhs4,2007,30,0.391323067254281,0.622861861507609,93,,67.0,95,,9,264,143,42385
HHS Region,hhs4,2007,31,0.302752638160727,0.486523594901949,45,,54.0,62,,2,163,139,33503
HHS Region,hhs4,2007,32,0.320162688186649,0.58184743263172,63,,75.0,66,,13,217,136,37295
HHS Region,hhs4,2007,33,0.411495199947136,0.619921916218212,76,,70.0,77,,12,235,130,37908
HHS Region,hhs4,2007,34,0.382003789137102,0.641120847566711,73,,98.0,78,,10,259,132,40398
HHS Region,hhs4,2007,35,0.463960589956736,0.636942675159236,106,,77.0,101,,8,292,135,45844
HHS Region,hhs4,2007,36,0.495825855117823,0.815238290563232,135,,85.0,81,,17,318,133,39007
HHS Region,hhs4,2007,37,0.411065733309238,0.507876581496213,76,,49.0,95,,6,226,125,44499
HHS Region,hhs4,2007,38,0.451321725041012,0.438287153652393,62,,35.0,71,,6,174,118,39700
HHS Region,hhs4,2007,39,0.384766638828178,0.329849012775842,29,,45.0,62,,6,142,122,43050
HHS Region,hhs4,2007,40,0.973589589043355,1.40094593785548,582,,246.0,520,,56,1404,307,100218
HHS Region,hhs4,2007,41,1.0406079420562,1.53380157140969,557,,286.0,606,,60,1509,321,98383
HHS Region,hhs4,2007,42,1.01389490569613,1.46827953574054,569,,319.0,661,,69,1618,330,110197
HHS Region,hhs4,2007,43,1.07717061779282,1.41956806455299,577,,326.0,647,,65,1615,347,113767
HHS Region,hhs4,2007,44,1.2126106336072,1.57089485856609,606,,343.0,751,,66,1766,344,112420
HHS Region,hhs4,2007,45,1.31478465937452,1.67301902371083,660,,354.0,884,,108,2006,353,119903
HHS Region,hhs4,2007,46,1.54377997537226,2.20547277537947,901,,509.0,1019,,105,2534,353,114896
HHS Region,hhs4,2007,47,1.69288246852943,2.58999326067254,871,,491.0,723,,144,2229,352,86062
HHS Region,hhs4,2007,48,1.38231592621151,1.89343597355748,758,,475.0,862,,99,2194,344,115874
HHS Region,hhs4,2007,49,1.29515330488373,1.91363811834776,805,,475.0,691,,111,2082,344,108798
HHS Region,hhs4,2007,50,1.36440158001464,1.90575916230366,814,,434.0,736,,109,2093,349,109825
HHS Region,hhs4,2007,51,1.78535466232434,2.32537479178234,839,,466.0,690,,99,2094,328,90050
HHS Region,hhs4,2007,52,2.06027045863013,3.19133338763542,812,,532.0,483,,132,1959,322,61385
HHS Region,hhs4,2008,1,1.7052412525002,2.6469536186956,688,,602.0,525,,183,1998,337,75483
HHS Region,hhs4,2008,2,1.41741798964046,1.87495453553503,596,,579.0,714,,173,2062,335,109976
HHS Region,hhs4,2008,3,1.92458815237651,2.37217680476652,710,,583.0,1162,,113,2568,343,108255
HHS Region,hhs4,2008,4,2.6885909299106,3.56207146440716,819,,949.0,1914,,152,3834,341,107634
HHS Region,hhs4,2008,5,4.44767596780383,5.28760098688985,1135,,1514.0,3669,,240,6558,342,124026
HHS Region,hhs4,2008,6,6.27609502757679,7.48518483679804,1479,,2609.0,5111,,350,9549,346,127572
HHS Region,hhs4,2008,7,5.67883986221056,6.64421891302286,1468,,2413.0,4181,,344,8406,347,126516
HHS Region,hhs4,2008,8,6.24678406038757,6.89167783599366,1627,,2535.0,3851,,471,8484,337,123105
HHS Region,hhs4,2008,9,4.87189973447759,5.31758117600825,1234,,1966.0,2940,,355,6495,329,122142
HHS Region,hhs4,2008,10,3.75024611668608,4.19159482166253,1046,,1328.0,1954,,247,4575,331,109147
HHS Region,hhs4,2008,11,2.83427250580491,3.20993216256725,943,,1171.0,1396,,195,3705,337,115423
HHS Region,hhs4,2008,12,2.1735295089021,2.60310359289808,719,,860.0,1056,,158,2793,327,107295
HHS Region,hhs4,2008,13,1.56945779535038,2.00607274128806,582,,605.0,809,,138,2134,321,106377
HHS Region,hhs4,2008,14,1.31164429054694,1.80591730424874,503,,611.0,556,,105,1775,307,98288
HHS Region,hhs4,2008,15,1.18424364556023,1.44239600150814,481,,411.0,533,,67,1492,307,103439
HHS Region,hhs4,2008,16,0.987935404559413,1.29427435679599,426,,323.0,421,,64,1234,293,95343
HHS Region,hhs4,2008,17,0.903005538218127,1.18212456599432,346,,290.0,451,,74,1161,280,98213
HHS Region,hhs4,2008,18,0.796690623857024,1.1086908919084,335,,247.0,323,,57,962,273,86769
HHS Region,hhs4,2008,19,0.71973023214566,1.06576519618595,283,,238.0,249,,56,826,254,77503
HHS Region,hhs4,2008,20,0.659797666018664,1.13134730776347,325,,212.0,253,,66,856,249,75662
HHS Region,hhs4,2008,21,0.62972395153497,1.32869553749526,268,,251.0,224,,63,806,225,60661
HHS Region,hhs4,2008,22,0.62029067139423,1.34755307485299,233,,221.0,159,,63,676,208,50165
HHS Region,hhs4,2008,23,0.427229528284659,0.983125185845971,201,,156.0,146,,26,529,191,53808
HHS Region,hhs4,2008,24,0.409587719075512,0.918162932185784,167,,139.0,154,,35,495,187,53912
HHS Region,hhs4,2008,25,0.354374368488318,0.960459293792627,154,,126.0,135,,30,445,182,46332
HHS Region,hhs4,2008,26,0.35572192847394,1.01554221123278,151,,133.0,145,,31,460,181,45296
HHS Region,hhs4,2008,27,0.392734853367655,1.10761620560798,132,,118.0,130,,32,412,174,37197
HHS Region,hhs4,2008,28,0.311407607770218,0.982652229595995,135,,118.0,141,,28,422,170,42945
HHS Region,hhs4,2008,29,0.283478121990919,0.796003641541586,109,,98.0,106,,28,341,169,42839
HHS Region,hhs4,2008,30,0.29093552690885,0.942467294978197,144,,111.0,119,,28,402,169,42654
HHS Region,hhs4,2008,31,0.34230660797085,0.909564640674594,132,,106.0,117,,29,384,164,42218
HHS Region,hhs4,2008,32,0.325874371100486,0.903650083977953,104,,116.0,127,,35,382,163,42273
HHS Region,hhs4,2008,33,0.558999481045061,1.22827502582297,185,,140.0,170,,52,547,163,44534
HHS Region,hhs4,2008,34,0.381878021602268,1.09212189911497,159,,122.0,188,,32,501,164,45874
HHS Region,hhs4,2008,35,0.431974595203163,1.54530793884092,223,,181.0,329,,24,757,164,48987
HHS Region,hhs4,2008,36,0.430059003806855,1.24159780793766,190,,174.0,171,,45,580,165,46714
HHS Region,hhs4,2008,37,0.529994377469147,1.15504768168366,152,,199.0,176,,35,562,162,48656
HHS Region,hhs4,2008,38,0.648309097053899,1.79462451255818,170,,162.0,492,,32,856,160,47698
HHS Region,hhs4,2008,39,0.716336115479503,1.47599356765449,189,,180.0,364,,38,771,178,52236
HHS Region,hhs4,2008,40,0.99326431449469,1.21551010004461,338,,352.0,770,,66,1526,335,125544
HHS Region,hhs4,2008,41,0.98326127826781,1.29157644250266,594,,334.0,694,,66,1688,349,130693
HHS Region,hhs4,2008,42,0.92156028694699,1.18630214420484,504,,320.0,638,,91,1553,355,130911
HHS Region,hhs4,2008,43,1.04494679543705,1.34701409482232,576,,454.0,755,,91,1876,365,139271
HHS Region,hhs4,2008,44,1.27305056399488,1.5399519648011,681,,601.0,846,,161,2289,373,148641
HHS Region,hhs4,2008,45,1.14333173609359,1.51601261686227,697,,520.0,817,,100,2134,354,140764
HHS Region,hhs4,2008,46,1.33448364381978,1.72896610334787,822,,599.0,964,,97,2482,373,143554
HHS Region,hhs4,2008,47,1.34703333050122,1.64631840527254,809,,561.0,917,,151,2438,377,148088
HHS Region,hhs4,2008,48,1.53837326246406,2.09791499525087,963,,485.0,689,,138,2275,354,108441
HHS Region,hhs4,2008,49,1.42561198429586,1.84815478112798,911,,600.0,854,,153,2518,372,136244
HHS Region,hhs4,2008,50,1.55538744895004,2.04051490936227,961,,563.0,969,,132,2625,367,128644
HHS Region,hhs4,2008,51,1.41345931048855,1.91407745373011,1031,,470.0,826,,123,2450,359,127999
HHS Region,hhs4,2008,52,1.87587320197974,3.08701962516565,1225,,475.0,605,,141,2446,347,79235
HHS Region,hhs4,2008,53,1.57838226497635,2.47402025762191,1161,,547.0,576,,161,2445,353,98827
HHS Region,hhs4,2009,1,1.18101127336775,1.6768525592055,834,,568.0,679,,114,2195,362,130900
HHS Region,hhs4,2009,2,1.34443231114951,1.74842081833463,775,,482.0,925,,96,2278,359,130289
HHS Region,hhs4,2009,3,1.70731376087231,2.26547816796512,962,,583.0,1259,,101,2905,380,128229
HHS Region,hhs4,2009,4,2.026766469441,2.57272733413035,1022,,669.0,1995,,123,3809,377,148053
HHS Region,hhs4,2009,5,2.83552601459101,3.47235507939545,1294,,914.0,2733,,141,5082,390,146356
HHS Region,hhs4,2009,6,3.6390522602942,4.15004407299794,1494,,1131.0,3458,,273,6356,372,153155
HHS Region,hhs4,2009,7,3.10944312700761,3.49433406515484,1265,,1133.0,2571,,156,5125,372,146666
HHS Region,hhs4,2009,8,3.14349251884105,3.53559483994267,1298,,1283.0,2818,,151,5550,368,156975
HHS Region,hhs4,2009,9,3.08055977321168,3.54289683918027,1260,,1055.0,2435,,146,4896,362,138192
HHS Region,hhs4,2009,10,2.49006234900328,3.0325742288844,1146,,936.0,1962,,164,4208,363,138760
HHS Region,hhs4,2009,11,1.9384497094776,2.23064816139648,984,,678.0,1333,,123,3118,355,139780
HHS Region,hhs4,2009,12,1.45748934022557,1.80271208172481,783,,551.0,1151,,102,2587,351,143506
HHS Region,hhs4,2009,13,1.21884510794246,1.53181461115475,658,,421.0,869,,80,2028,324,132392
HHS Region,hhs4,2009,14,1.08534220990499,1.37661672429248,606,,379.0,662,,73,1720,330,124944
HHS Region,hhs4,2009,15,0.966986116314633,1.38792106967479,580,,384.0,666,,63,1693,327,121981
HHS Region,hhs4,2009,16,0.876776293549302,1.257796180522,557,,367.0,688,,80,1692,333,134521
HHS Region,hhs4,2009,17,1.87097655596874,2.58591557573353,1116,,699.0,1589,,116,3520,322,136122
HHS Region,hhs4,2009,18,1.78818566557236,2.40542747468272,1019,,719.0,1306,,108,3152,340,131037
HHS Region,hhs4,2009,19,1.19956241416295,1.71795300199511,549,,422.0,713,,64,1748,305,101749
HHS Region,hhs4,2009,20,0.997748776281077,1.49243044189853,471,,361.0,568,,59,1459,287,97760
HHS Region,hhs4,2009,21,0.986734788851288,1.43663637829991,471,,328.0,468,,69,1336,307,92995
HHS Region,hhs4,2009,22,0.866509072290195,1.1603197980223,368,,265.0,433,,37,1103,312,95060
HHS Region,hhs4,2009,23,0.846425830013223,1.16510191998647,322,,295.0,430,,55,1102,312,94584
HHS Region,hhs4,2009,24,0.932341245610727,1.20742422746569,370,,277.0,539,,37,1223,314,101290
HHS Region,hhs4,2009,25,1.13434722641732,1.48031115717865,441,,291.0,702,,37,1471,310,99371
HHS Region,hhs4,2009,26,1.29446612676322,1.77994624020239,573,,264.0,702,,37,1576,287,88542
HHS Region,hhs4,2009,27,1.3051188613521,1.34564363790725,368,,254.0,605,,41,1268,293,94230
HHS Region,hhs4,2009,28,1.25685152307025,1.44347297045345,365,,306.0,770,,30,1471,311,101907
HHS Region,hhs4,2009,29,1.33762064663199,1.5451710936575,434,,362.0,719,,51,1566,311,101348
HHS Region,hhs4,2009,30,1.4318939970065,1.66087048161029,414,,381.0,726,,55,1576,315,94890
HHS Region,hhs4,2009,31,1.51386557769058,1.71266744583296,513,,292.0,668,,51,1524,293,88984
HHS Region,hhs4,2009,32,1.47431508400511,1.96189316164956,521,,372.0,863,,48,1804,299,91952
HHS Region,hhs4,2009,33,2.50017087492748,3.09087310868431,802,,607.0,1979,,48,3436,331,111166
HHS Region,hhs4,2009,34,4.18771834710779,4.83532875368008,1207,,924.0,3947,,81,6159,337,127375
HHS Region,hhs4,2009,35,6.44410552398188,7.53764419266782,1726,,1463.0,6847,,236,10272,353,136276
HHS Region,hhs4,2009,36,6.77050665367021,7.62762762762763,1795,,1627.0,6341,,143,9906,343,129870
HHS Region,hhs4,2009,37,6.50293486987353,6.66514417748642,1697,,1640.0,6413,,173,9923,357,148879
HHS Region,hhs4,2009,38,5.90318840835435,6.23708064598596,1592,,1441.0,5345,,161,8539,332,136907
HHS Region,hhs4,2009,39,6.2250011407423,6.16419860309305,1539,,1487.0,5268,,152,8446,345,137017
HHS Region,hhs4,2009,40,6.02131560813806,6.32149239763444,2369,1731.0,2114.0,6579,383.0,151,11213,457,177379
HHS Region,hhs4,2009,41,5.31661658666252,5.597158166217,2405,1567.0,1996.0,5808,429.0,143,10352,464,184951
HHS Region,hhs4,2009,42,4.88022771867067,5.25304429278737,2357,1510.0,1891.0,5416,381.0,150,9814,466,186825
HHS Region,hhs4,2009,43,4.91160953517829,5.23026173010981,2540,1430.0,1820.0,5129,390.0,151,9640,466,184312
HHS Region,hhs4,2009,44,4.39153181765832,4.62492304507243,2393,1304.0,1691.0,4256,387.0,149,8489,465,183549
HHS Region,hhs4,2009,45,3.61954509611585,3.92458209437261,2101,1153.0,1473.0,3324,320.0,150,7048,464,179586
HHS Region,hhs4,2009,46,3.20093702994107,3.46671131201518,2011,1016.0,1319.0,2768,303.0,114,6212,460,179190
HHS Region,hhs4,2009,47,2.97643293998186,3.39414796892142,1834,734.0,970.0,1589,236.0,124,4517,455,133082
HHS Region,hhs4,2009,48,2.50257074140167,2.76015025807463,1815,752.0,1024.0,1781,272.0,134,4754,455,172237
HHS Region,hhs4,2009,49,2.21474450598393,2.49164968719937,1579,601.0,833.0,1634,232.0,124,4170,445,167359
HHS Region,hhs4,2009,50,2.15024714412537,2.54646644964822,1723,610.0,829.0,1224,219.0,104,3880,427,152368
HHS Region,hhs4,2009,51,2.47978889625447,3.25019536950729,1678,478.0,671.0,989,193.0,114,3452,400,106209
HHS Region,hhs4,2009,52,2.32255949266717,2.91229836129902,1683,565.0,806.0,777,241.0,148,3414,418,117227
HHS Region,hhs4,2010,1,1.67521715046248,2.10313057739617,1229,626.0,827.0,893,201.0,103,3052,440,145117
HHS Region,hhs4,2010,2,1.69669798676486,1.9437531110005,1177,532.0,712.0,1155,180.0,80,3124,437,160720
HHS Region,hhs4,2010,3,1.92472005318222,2.20530273645225,1265,541.0,709.0,1470,168.0,81,3525,447,159842
HHS Region,hhs4,2010,4,1.86223454846107,2.09706265724939,1141,496.0,651.0,1609,155.0,58,3459,442,164945
HHS Region,hhs4,2010,5,2.03624343225,2.41266389676284,1311,508.0,698.0,1650,190.0,69,3728,445,154518
HHS Region,hhs4,2010,6,1.87385317305363,2.26208178438662,1259,552.0,718.0,1562,166.0,112,3651,441,161400
HHS Region,hhs4,2010,7,1.98266939057481,2.35196272084049,1357,522.0,706.0,1707,184.0,76,3846,442,163523
HHS Region,hhs4,2010,8,2.02648157077747,2.40244092907026,1358,655.0,862.0,1988,207.0,99,4307,452,179276
HHS Region,hhs4,2010,9,1.87828162290376,2.2205718066018,1084,582.0,756.0,1615,174.0,103,3558,438,160229
HHS Region,hhs4,2010,10,2.15577428229636,2.59513253165768,1376,724.0,969.0,1585,245.0,138,4068,444,156755
HHS Region,hhs4,2010,11,1.82502673068723,2.09975266874271,1178,527.0,704.0,1291,177.0,104,3277,443,156066
HHS Region,hhs4,2010,12,1.60866339375158,1.84420098416801,1049,423.0,552.0,1217,129.0,79,2897,430,157087
HHS Region,hhs4,2010,13,1.51507533874838,1.67105663723842,902,374.0,503.0,1047,129.0,73,2525,427,151102
HHS Region,hhs4,2010,14,1.18214852860643,1.36744155021179,852,303.0,401.0,742,98.0,55,2050,424,149915
HHS Region,hhs4,2010,15,1.15590455256047,1.30456598093327,841,275.0,349.0,753,74.0,59,2002,416,153461
HHS Region,hhs4,2010,16,1.0450716498497,1.25601211130612,833,243.0,317.0,665,74.0,60,1875,404,149282
HHS Region,hhs4,2010,17,1.04641111048467,1.22995346676051,806,226.0,281.0,664,55.0,49,1800,398,146347
HHS Region,hhs4,2010,18,1.03243828088711,1.20894063655293,764,223.0,272.0,634,49.0,37,1707,400,141198
HHS Region,hhs4,2010,19,1.0705667028579,1.26997519693344,783,227.0,290.0,617,63.0,56,1746,390,137483
HHS Region,hhs4,2010,20,0.991342174404601,1.23291751730952,763,242.0,296.0,595,54.0,43,1697,385,137641
HHS Region,hhs4,2010,21,0.996843852167632,1.17266350919359,732,205.0,262.0,450,57.0,49,1493,349,127317
HHS Region,hhs4,2010,22,1.04356277886835,1.34893062642493,674,243.0,292.0,482,49.0,43,1491,353,110532
HHS Region,hhs4,2010,23,0.860783833333357,1.03794599241862,587,200.0,260.0,427,60.0,54,1328,363,127945
HHS Region,hhs4,2010,24,0.79632417940045,0.945159526277557,509,177.0,230.0,384,53.0,35,1158,341,122519
HHS Region,hhs4,2010,25,0.774363425938279,0.96838045833831,488,173.0,244.0,355,71.0,48,1135,320,117206
HHS Region,hhs4,2010,26,0.793977460724647,0.960425100306079,469,161.0,211.0,371,50.0,19,1070,311,111409
HHS Region,hhs4,2010,27,0.755132681415997,0.975801654161309,460,138.0,178.0,357,40.0,22,1017,325,104222
HHS Region,hhs4,2010,28,0.604081987008489,0.765121332850417,344,147.0,180.0,288,33.0,33,845,301,110440
HHS Region,hhs4,2010,29,0.636659374242959,0.766090649483781,359,141.0,192.0,245,51.0,41,837,291,109256
HHS Region,hhs4,2010,30,0.616992119967125,0.755844929878902,338,146.0,195.0,268,49.0,36,837,292,110737
HHS Region,hhs4,2010,31,0.619829914982459,0.816143581506971,351,149.0,185.0,304,36.0,34,874,295,107089
HHS Region,hhs4,2010,32,0.669693297665798,0.91668105132142,430,179.0,224.0,325,45.0,30,1009,285,110071
HHS Region,hhs4,2010,33,0.725081572628664,0.953255498710044,456,141.0,199.0,402,58.0,33,1090,282,114345
HHS Region,hhs4,2010,34,0.842481018330404,1.1063963799705,550,181.0,239.0,506,58.0,40,1335,282,120662
HHS Region,hhs4,2010,35,0.959482555001472,1.15832081667982,566,166.0,226.0,541,60.0,32,1365,270,117843
HHS Region,hhs4,2010,36,0.983336737952439,1.26456710572851,607,243.0,296.0,516,53.0,47,1466,290,115929
HHS Region,hhs4,2010,37,0.821917718279215,0.90994213824398,478,169.0,205.0,420,36.0,34,1137,291,124953
HHS Region,hhs4,2010,38,0.917465536523861,1.06166654387387,600,202.0,275.0,524,73.0,42,1441,300,135730
HHS Region,hhs4,2010,39,1.00374643663136,1.07842984357699,549,185.0,242.0,551,57.0,41,1383,303,128242
HHS Region,hhs4,2010,40,0.937956,1.15532,679,291.0,393.0,709,102.0,49,1830,409,158397
HHS Region,hhs4,2010,41,1.05782,1.28496,725,299.0,394.0,825,95.0,64,2008,412,156269
HHS Region,hhs4,2010,42,1.04967,1.27593,748,330.0,449.0,812,119.0,50,2059,405,161373
HHS Region,hhs4,2010,43,1.16973,1.38586,835,277.0,377.0,949,100.0,47,2208,417,159324
HHS Region,hhs4,2010,44,1.39923,1.67282,913,329.0,439.0,1149,110.0,66,2567,409,153453
HHS Region,hhs4,2010,45,1.56161,1.95809,1071,365.0,466.0,1440,101.0,53,3030,414,154743
HHS Region,hhs4,2010,46,1.82267,2.33141,1377,463.0,581.0,1804,118.0,70,3832,413,164364
HHS Region,hhs4,2010,47,2.19692,2.96651,1479,467.0,599.0,1386,132.0,73,3537,421,119231
HHS Region,hhs4,2010,48,1.94076,2.24884,1266,511.0,665.0,1477,154.0,114,3522,419,156614
HHS Region,hhs4,2010,49,2.24256,2.77862,1458,530.0,682.0,1804,152.0,90,4034,416,145180
HHS Region,hhs4,2010,50,3.33764,4.40479,2094,776.0,1024.0,2781,248.0,119,6018,413,136624
HHS Region,hhs4,2010,51,4.39114,6.00586,2445,1004.0,1322.0,2656,318.0,173,6596,383,109826
HHS Region,hhs4,2010,52,3.99718,5.12412,2393,1293.0,1667.0,1847,374.0,240,6147,407,119962
HHS Region,hhs4,2011,1,3.25044,3.89317,1989,1083.0,1452.0,1872,369.0,193,5506,422,141427
HHS Region,hhs4,2011,2,3.61067,3.84329,1668,802.0,1072.0,2098,270.0,124,4962,415,129108
HHS Region,hhs4,2011,3,4.23423,4.44884,1880,984.0,1266.0,3393,282.0,113,6652,427,149522
HHS Region,hhs4,2011,4,5.02216,5.15916,2345,1066.0,1421.0,4561,355.0,153,8480,429,164368
HHS Region,hhs4,2011,5,5.50707,5.60304,2464,1177.0,1566.0,4839,389.0,203,9072,427,161912
HHS Region,hhs4,2011,6,5.22451,5.42422,2411,1173.0,1507.0,4705,334.0,165,8788,428,162014
HHS Region,hhs4,2011,7,4.80563,4.96053,2228,1223.0,1621.0,4150,398.0,189,8188,409,165063
HHS Region,hhs4,2011,8,3.86862,4.04289,1999,1080.0,1424.0,3065,344.0,209,6697,411,165649
HHS Region,hhs4,2011,9,2.8014,2.90504,1367,701.0,958.0,2012,257.0,130,4467,398,153767
HHS Region,hhs4,2011,10,2.49945,2.58458,1212,523.0,714.0,1421,191.0,96,3443,382,133213
HHS Region,hhs4,2011,11,1.97996,2.07046,1094,408.0,575.0,1205,167.0,94,2968,386,143350
HHS Region,hhs4,2011,12,1.60573,1.66264,966,336.0,474.0,976,138.0,74,2490,381,149762
HHS Region,hhs4,2011,13,1.48932,1.58735,877,327.0,430.0,917,103.0,78,2302,370,145022
HHS Region,hhs4,2011,14,1.29491,1.42094,811,280.0,373.0,773,93.0,52,2009,365,141385
HHS Region,hhs4,2011,15,1.15797,1.27513,758,226.0,316.0,635,90.0,66,1775,361,139202
HHS Region,hhs4,2011,16,1.09327,1.19631,709,227.0,309.0,532,82.0,56,1606,352,134246
HHS Region,hhs4,2011,17,1.08827,1.13361,661,206.0,287.0,523,81.0,45,1516,347,133732
HHS Region,hhs4,2011,18,1.02882,1.15425,626,180.0,236.0,504,56.0,33,1399,341,121204
HHS Region,hhs4,2011,19,0.91854,1.1153,607,159.0,213.0,466,54.0,45,1331,336,119340
HHS Region,hhs4,2011,20,0.926207,1.09864,606,154.0,208.0,420,54.0,39,1273,329,115871
HHS Region,hhs4,2011,21,0.895342,1.02701,566,142.0,185.0,337,43.0,36,1124,305,109444
HHS Region,hhs4,2011,22,0.977316,1.21647,550,168.0,222.0,403,54.0,40,1215,301,99879
HHS Region,hhs4,2011,23,0.868304,0.988973,476,148.0,198.0,304,50.0,31,1009,280,102025
HHS Region,hhs4,2011,24,0.746858,0.865827,373,118.0,165.0,281,47.0,29,848,274,97941
HHS Region,hhs4,2011,25,0.732376,0.786176,370,117.0,138.0,220,21.0,35,763,271,97052
HHS Region,hhs4,2011,26,0.794476,0.765225,316,74.0,102.0,261,28.0,19,698,259,91215
HHS Region,hhs4,2011,27,0.830055,0.891008,316,117.0,154.0,266,37.0,21,757,259,84960
HHS Region,hhs4,2011,28,0.676871,0.711366,293,111.0,155.0,209,44.0,27,684,262,96153
HHS Region,hhs4,2011,29,0.623068,0.723598,299,113.0,145.0,222,32.0,20,686,258,94804
HHS Region,hhs4,2011,30,0.593878,0.663124,283,85.0,122.0,204,37.0,20,629,248,94854
HHS Region,hhs4,2011,31,0.512892,0.663192,203,113.0,154.0,204,41.0,9,570,252,85948
HHS Region,hhs4,2011,32,0.665358,0.770459,318,98.0,130.0,251,32.0,20,719,253,93321
HHS Region,hhs4,2011,33,0.853726,0.90734,392,142.0,175.0,315,33.0,18,900,255,99191
HHS Region,hhs4,2011,34,0.780236,1.02302,444,157.0,203.0,398,46.0,33,1078,247,105374
HHS Region,hhs4,2011,35,0.892271,1.03215,442,156.0,196.0,390,40.0,24,1052,242,101923
HHS Region,hhs4,2011,36,1.04968,1.23035,480,169.0,209.0,432,40.0,24,1145,238,93063
HHS Region,hhs4,2011,37,1.22621,1.25953,594,157.0,201.0,554,44.0,24,1373,246,109009
HHS Region,hhs4,2011,38,1.05809,1.14436,544,146.0,182.0,504,36.0,28,1258,243,109930
HHS Region,hhs4,2011,39,1.22019,1.41731,659,168.0,207.0,563,39.0,34,1463,238,103224
HHS Region,hhs4,2011,40,1.10567,1.22947,728,209.0,274.0,702,65.0,44,1748,350,142175
HHS Region,hhs4,2011,41,1.17395,1.27422,694,236.0,325.0,753,89.0,33,1805,347,141655
HHS Region,hhs4,2011,42,1.23406,1.25555,672,231.0,322.0,751,91.0,46,1791,361,142647
HHS Region,hhs4,2011,43,1.27831,1.33224,652,227.0,296.0,799,69.0,44,1791,360,134435
HHS Region,hhs4,2011,44,1.52004,1.48132,677,238.0,334.0,967,96.0,42,2020,349,136365
HHS Region,hhs4,2011,45,1.51566,1.55015,811,306.0,408.0,955,102.0,59,2233,371,144051
HHS Region,hhs4,2011,46,1.4143,1.46229,759,258.0,353.0,834,95.0,64,2010,355,137456
HHS Region,hhs4,2011,47,1.65971,1.70025,892,244.0,342.0,648,98.0,52,1934,367,113748
HHS Region,hhs4,2011,48,1.29746,1.36721,849,268.0,352.0,660,84.0,50,1911,366,139774
HHS Region,hhs4,2011,49,1.6816,1.65355,769,271.0,365.0,819,94.0,50,2003,351,121133
HHS Region,hhs4,2011,50,1.71943,1.77968,973,278.0,377.0,709,99.0,70,2129,350,119628
HHS Region,hhs4,2011,51,2.04108,2.22124,1193,273.0,373.0,640,100.0,64,2270,338,102195
HHS Region,hhs4,2011,52,2.29421,2.61997,1257,346.0,483.0,576,137.0,108,2424,345,92520
HHS Region,hhs4,2012,1,1.64029,1.77808,885,339.0,472.0,631,133.0,79,2067,355,116249
HHS Region,hhs4,2012,2,1.49847,1.61464,936,350.0,479.0,738,129.0,76,2229,355,138049
HHS Region,hhs4,2012,3,1.71568,1.76933,1044,290.0,391.0,834,101.0,78,2347,359,132649
HHS Region,hhs4,2012,4,1.74681,1.81499,1107,344.0,439.0,1013,95.0,53,2612,360,143913
HHS Region,hhs4,2012,5,1.81695,1.98469,1221,357.0,452.0,1115,95.0,84,2872,365,144708
HHS Region,hhs4,2012,6,1.91518,2.06106,1184,360.0,494.0,1254,134.0,81,3013,365,146187
HHS Region,hhs4,2012,7,2.04734,2.15643,1161,430.0,560.0,1322,130.0,94,3137,366,145472
HHS Region,hhs4,2012,8,1.98634,1.97614,992,443.0,609.0,1196,166.0,104,2901,366,146801
HHS Region,hhs4,2012,9,2.05788,2.0919,1109,395.0,548.0,1265,153.0,74,2996,355,143219
HHS Region,hhs4,2012,10,2.25509,2.28703,1021,459.0,613.0,1343,154.0,79,3056,356,133623
HHS Region,hhs4,2012,11,2.16834,2.27857,1040,456.0,634.0,1272,178.0,94,3040,348,133417
HHS Region,hhs4,2012,12,1.87943,1.87132,863,426.0,557.0,1100,131.0,73,2593,344,138565
HHS Region,hhs4,2012,13,1.65327,1.60269,748,298.0,402.0,1001,104.0,56,2207,341,137706
HHS Region,hhs4,2012,14,1.56245,1.60324,706,274.0,380.0,858,106.0,39,1983,338,123687
HHS Region,hhs4,2012,15,1.43713,1.36014,678,223.0,285.0,767,62.0,34,1764,331,129693
HHS Region,hhs4,2012,16,1.39023,1.33643,652,191.0,249.0,797,58.0,32,1730,331,129449
HHS Region,hhs4,2012,17,1.3119,1.23057,596,187.0,236.0,697,49.0,37,1566,324,127258
HHS Region,hhs4,2012,18,1.4572,1.30886,537,197.0,254.0,567,57.0,39,1397,291,106734
HHS Region,hhs4,2012,19,1.35872,1.24951,539,192.0,249.0,579,57.0,40,1407,310,112604
HHS Region,hhs4,2012,20,1.44199,1.38892,558,206.0,253.0,548,47.0,34,1393,299,100294
HHS Region,hhs4,2012,21,1.52885,1.4726,671,186.0,238.0,619,52.0,40,1568,290,106478
HHS Region,hhs4,2012,22,1.65722,1.57072,652,193.0,242.0,578,49.0,30,1502,287,95625
HHS Region,hhs4,2012,23,1.5339,1.48413,566,175.0,222.0,507,47.0,20,1315,276,88604
HHS Region,hhs4,2012,24,1.47358,1.22771,538,122.0,153.0,401,31.0,24,1116,252,90901
HHS Region,hhs4,2012,25,1.147,0.953404,404,151.0,207.0,308,56.0,31,950,268,99643
HHS Region,hhs4,2012,26,1.12131,1.04341,396,116.0,157.0,326,41.0,39,918,260,87981
HHS Region,hhs4,2012,27,1.24983,1.11197,404,124.0,172.0,326,48.0,23,925,259,83186
HHS Region,hhs4,2012,28,1.03401,0.889705,354,102.0,128.0,310,26.0,12,804,249,90367
HHS Region,hhs4,2012,29,0.937748,0.816355,336,79.0,102.0,247,23.0,19,704,242,86237
HHS Region,hhs4,2012,30,1.05714,0.968791,372,133.0,173.0,318,40.0,22,885,251,91351
HHS Region,hhs4,2012,31,0.9294,0.942593,343,139.0,179.0,311,40.0,19,852,253,90389
HHS Region,hhs4,2012,32,0.842897,0.889422,336,122.0,150.0,303,28.0,27,816,258,91745
HHS Region,hhs4,2012,33,1.04315,0.993822,418,111.0,160.0,398,49.0,23,999,259,100521
HHS Region,hhs4,2012,34,1.10959,1.10019,520,142.0,184.0,487,42.0,24,1215,255,110435
HHS Region,hhs4,2012,35,1.22904,1.11507,468,160.0,193.0,525,33.0,12,1198,247,107437
HHS Region,hhs4,2012,36,1.24787,1.20625,388,183.0,232.0,459,49.0,40,1119,248,92767
HHS Region,hhs4,2012,37,1.2567,1.05198,395,164.0,206.0,476,42.0,19,1096,244,104184
HHS Region,hhs4,2012,38,1.28421,1.10224,399,196.0,256.0,474,60.0,22,1151,249,104424
HHS Region,hhs4,2012,39,1.37866,1.18367,498,160.0,220.0,460,60.0,39,1217,238,102816
HHS Region,hhs4,2012,40,1.11705,1.12711,481,244.0,355.0,672,111.0,41,1549,353,137431
HHS Region,hhs4,2012,41,1.20971,1.2729,496,314.0,400.0,727,86.0,59,1682,343,132139
HHS Region,hhs4,2012,42,1.24451,1.26671,455,300.0,423.0,739,123.0,73,1690,342,133416
HHS Region,hhs4,2012,43,1.25841,1.29953,490,332.0,469.0,806,137.0,77,1842,358,141744
HHS Region,hhs4,2012,44,1.42213,1.43157,540,324.0,465.0,906,141.0,76,1987,357,138799
HHS Region,hhs4,2012,45,1.70575,1.77165,642,388.0,540.0,1251,152.0,84,2517,355,142071
HHS Region,hhs4,2012,46,2.06183,2.20839,761,591.0,765.0,1423,174.0,99,3048,354,138019
HHS Region,hhs4,2012,47,2.80769,3.2524,978,745.0,1041.0,1340,296.0,180,3539,360,108812
HHS Region,hhs4,2012,48,2.68446,2.99917,1068,952.0,1333.0,1866,381.0,225,4492,358,149775
HHS Region,hhs4,2012,49,4.20506,4.72987,1604,1269.0,1802.0,3550,533.0,278,7234,364,152943
HHS Region,hhs4,2012,50,4.69834,5.2121,1616,1351.0,1868.0,3557,517.0,304,7345,349,140922
HHS Region,hhs4,2012,51,4.95339,5.53354,1623,1379.0,1971.0,2720,592.0,346,6660,327,120357
HHS Region,hhs4,2012,52,6.29569,6.52386,1860,1809.0,2509.0,1914,700.0,463,6746,336,103405
HHS Region,hhs4,2013,1,4.44941,4.7746,1195,1582.0,2218.0,1450,636.0,438,5301,361,111025
HHS Region,hhs4,2013,2,3.48011,3.75821,1136,1490.0,2107.0,2008,617.0,324,5575,357,148342
HHS Region,hhs4,2013,3,3.12769,3.33814,1061,1011.0,1409.0,2116,398.0,249,4835,351,144841
HHS Region,hhs4,2013,4,2.49331,2.81438,852,744.0,1029.0,1708,285.0,170,3759,345,133564
HHS Region,hhs4,2013,5,2.53531,2.73516,796,796.0,1116.0,1815,320.0,183,3910,348,142953
HHS Region,hhs4,2013,6,2.28238,2.47271,739,699.0,985.0,1582,286.0,160,3466,345,140170
HHS Region,hhs4,2013,7,2.15986,2.32915,648,714.0,1009.0,1499,295.0,137,3293,349,141382
HHS Region,hhs4,2013,8,2.03482,2.21169,700,636.0,897.0,1385,261.0,153,3135,344,141747
HHS Region,hhs4,2013,9,1.94851,2.22137,676,592.0,833.0,1366,241.0,135,3010,323,135502
HHS Region,hhs4,2013,10,2.20722,2.4498,763,718.0,998.0,1406,280.0,132,3299,335,134664
HHS Region,hhs4,2013,11,2.04859,2.31047,740,642.0,877.0,1326,235.0,182,3125,329,135254
HHS Region,hhs4,2013,12,1.83444,1.94252,625,531.0,761.0,1209,230.0,145,2740,323,141054
HHS Region,hhs4,2013,13,1.73148,1.77597,618,477.0,657.0,1078,180.0,87,2440,321,137390
HHS Region,hhs4,2013,14,1.44116,1.55589,580,413.0,602.0,813,189.0,97,2092,322,134457
HHS Region,hhs4,2013,15,1.18925,1.23946,411,356.0,528.0,651,172.0,96,1686,313,136027
HHS Region,hhs4,2013,16,1.02839,1.03719,371,232.0,337.0,530,105.0,75,1313,312,126592
HHS Region,hhs4,2013,17,0.861119,0.86406,320,170.0,261.0,463,91.0,56,1100,304,127306
HHS Region,hhs4,2013,18,0.68861,0.821246,213,161.0,231.0,382,70.0,42,868,289,105693
HHS Region,hhs4,2013,19,0.703683,0.907083,264,187.0,260.0,327,73.0,40,891,282,98227
HHS Region,hhs4,2013,20,0.760478,0.92751,284,160.0,232.0,310,72.0,47,873,272,94123
HHS Region,hhs4,2013,21,0.817835,0.952326,268,165.0,230.0,289,65.0,41,828,253,86945
HHS Region,hhs4,2013,22,0.619213,0.833967,217,161.0,216.0,224,55.0,45,702,248,84176
HHS Region,hhs4,2013,23,0.583142,0.651368,178,117.0,168.0,156,51.0,18,520,217,79832
HHS Region,hhs4,2013,24,0.503904,0.700283,178,136.0,198.0,184,62.0,23,583,238,83252
HHS Region,hhs4,2013,25,0.509231,0.62742,175,91.0,131.0,163,40.0,30,499,235,79532
HHS Region,hhs4,2013,26,0.475328,0.609847,139,104.0,152.0,161,48.0,38,490,238,80348
HHS Region,hhs4,2013,27,0.637141,0.633886,130,92.0,127.0,177,35.0,27,461,230,72726
HHS Region,hhs4,2013,28,0.35574,0.47705,123,90.0,122.0,139,32.0,15,399,234,83639
HHS Region,hhs4,2013,29,0.377015,0.497201,114,91.0,121.0,140,30.0,22,397,229,79847
HHS Region,hhs4,2013,30,0.532806,0.570782,155,111.0,141.0,141,30.0,32,469,227,82168
HHS Region,hhs4,2013,31,0.364307,0.536082,121,103.0,152.0,144,49.0,25,442,228,82450
HHS Region,hhs4,2013,32,0.462664,0.538462,153,88.0,118.0,172,30.0,15,458,231,85057
HHS Region,hhs4,2013,33,0.550082,0.596913,177,96.0,137.0,178,41.0,15,507,226,84937
HHS Region,hhs4,2013,34,0.624262,0.771335,203,153.0,206.0,298,53.0,29,736,227,95419
HHS Region,hhs4,2013,35,0.659895,0.854275,227,167.0,233.0,324,66.0,39,823,222,96339
HHS Region,hhs4,2013,36,0.727483,0.87167,269,145.0,199.0,329,54.0,35,832,229,95449
HHS Region,hhs4,2013,37,0.7342,0.895653,302,182.0,235.0,342,53.0,42,921,225,102830
HHS Region,hhs4,2013,38,0.666963,0.85203,298,181.0,223.0,301,42.0,26,848,215,99527
HHS Region,hhs4,2013,39,0.974491,1.0157,321,217.0,284.0,404,67.0,31,1040,230,102392
HHS Region,hhs4,2013,40,0.943459,1.02004,432,249.0,311.0,666,62.0,44,1453,322,142445
HHS Region,hhs4,2013,41,1.00106,1.09219,479,243.0,342.0,666,99.0,59,1546,330,141550
HHS Region,hhs4,2013,42,1.0157,1.19934,507,305.0,435.0,695,130.0,68,1705,330,142161
HHS Region,hhs4,2013,43,1.23721,1.45576,678,368.0,473.0,891,105.0,65,2107,328,144735
HHS Region,hhs4,2013,44,1.29089,1.54214,650,438.0,552.0,956,114.0,50,2208,330,143178
HHS Region,hhs4,2013,45,1.49248,1.77416,824,439.0,583.0,1133,144.0,65,2605,332,146830
HHS Region,hhs4,2013,46,1.47521,1.81447,821,499.0,650.0,1066,151.0,85,2622,336,144505
HHS Region,hhs4,2013,47,1.69768,2.00787,855,612.0,799.0,1289,187.0,110,3053,330,152052
HHS Region,hhs4,2013,48,2.16364,2.48965,894,575.0,758.0,891,183.0,109,2652,326,106521
HHS Region,hhs4,2013,49,2.28842,2.78632,1062,861.0,1151.0,1664,290.0,144,4021,328,144312
HHS Region,hhs4,2013,50,2.36927,2.80848,1005,798.0,1067.0,1543,269.0,163,3778,330,134521
HHS Region,hhs4,2013,51,3.24327,3.66139,1220,1177.0,1589.0,1697,412.0,135,4641,327,126755
HHS Region,hhs4,2013,52,4.60815,4.97333,1274,1220.0,1747.0,1269,527.0,241,4531,318,91106
HHS Region,hhs4,2014,1,3.8926,4.23496,1247,1469.0,2084.0,1146,615.0,290,4767,334,112563
HHS Region,hhs4,2014,2,3.03608,3.22867,951,1240.0,1770.0,1346,530.0,218,4285,332,132717
HHS Region,hhs4,2014,3,2.82366,2.91163,808,1096.0,1508.0,1586,412.0,231,4133,337,141948
HHS Region,hhs4,2014,4,2.92565,2.99851,888,850.0,1266.0,1449,416.0,192,3795,336,126563
HHS Region,hhs4,2014,5,2.65887,2.59137,662,722.0,1031.0,1388,309.0,175,3256,329,125648
HHS Region,hhs4,2014,6,2.2635,2.27908,625,664.0,958.0,1181,294.0,147,2911,323,127727
HHS Region,hhs4,2014,7,1.97001,2.04474,475,486.0,699.0,879,213.0,116,2169,319,106077
HHS Region,hhs4,2014,8,1.52724,1.55525,479,438.0,607.0,812,169.0,92,1990,321,127954
HHS Region,hhs4,2014,9,1.35391,1.38942,424,364.0,524.0,788,160.0,111,1847,316,132933
HHS Region,hhs4,2014,10,1.34508,1.42609,409,348.0,496.0,647,148.0,88,1640,310,115000
HHS Region,hhs4,2014,11,1.14658,1.05182,351,268.0,389.0,422,121.0,60,1222,302,116180
HHS Region,hhs4,2014,12,1.04407,1.03332,332,249.0,365.0,501,116.0,75,1273,306,123195
HHS Region,hhs4,2014,13,0.961299,0.936132,313,264.0,355.0,472,91.0,66,1206,305,128828
HHS Region,hhs4,2014,14,0.870891,0.910819,296,209.0,317.0,437,108.0,76,1126,305,123625
HHS Region,hhs4,2014,15,0.839411,0.80887,265,202.0,298.0,384,96.0,67,1014,298,125360
HHS Region,hhs4,2014,16,0.786355,0.800096,285,189.0,270.0,374,81.0,66,995,297,124360
HHS Region,hhs4,2014,17,0.830922,0.784769,247,168.0,253.0,416,85.0,51,967,282,123221
HHS Region,hhs4,2014,18,0.738279,0.721856,203,165.0,245.0,375,80.0,42,865,282,119830
HHS Region,hhs4,2014,19,0.798053,0.731062,230,183.0,244.0,347,61.0,30,851,277,116406
HHS Region,hhs4,2014,20,0.69315,0.635477,216,120.0,179.0,241,59.0,46,682,260,107321
HHS Region,hhs4,2014,21,0.819168,0.792226,245,127.0,196.0,253,69.0,52,746,234,94165
HHS Region,hhs4,2014,22,0.720762,0.689758,227,125.0,176.0,238,51.0,50,691,252,100180
HHS Region,hhs4,2014,23,0.75304,0.696737,226,140.0,212.0,200,72.0,48,686,243,98459
HHS Region,hhs4,2014,24,0.683328,0.628556,210,117.0,168.0,178,51.0,35,591,236,94025
HHS Region,hhs4,2014,25,0.62098,0.612018,164,92.0,122.0,157,30.0,19,462,216,75488
HHS Region,hhs4,2014,26,0.565835,0.598252,142,109.0,150.0,143,41.0,21,456,217,76222
HHS Region,hhs4,2014,27,0.584482,0.569116,145,80.0,117.0,147,37.0,27,436,224,76610
HHS Region,hhs4,2014,28,0.513198,0.465752,129,82.0,115.0,129,33.0,29,402,223,86312
HHS Region,hhs4,2014,29,0.514565,0.489989,126,98.0,123.0,131,25.0,25,405,221,82655
HHS Region,hhs4,2014,30,0.546305,0.526981,130,91.0,131.0,150,40.0,31,442,219,83874
HHS Region,hhs4,2014,31,0.514144,0.444612,122,90.0,123.0,139,33.0,18,402,226,90416
HHS Region,hhs4,2014,32,0.560621,0.532143,142,109.0,140.0,155,31.0,22,459,215,86255
HHS Region,hhs4,2014,33,0.520256,0.584821,157,107.0,141.0,199,34.0,36,533,222,91139
HHS Region,hhs4,2014,34,0.578199,0.670612,203,107.0,147.0,282,40.0,32,664,225,99014
HHS Region,hhs4,2014,35,0.636997,0.694236,192,122.0,155.0,322,33.0,26,695,220,100110
HHS Region,hhs4,2014,36,0.714489,0.744,187,116.0,148.0,297,32.0,24,656,214,88172
HHS Region,hhs4,2014,37,0.760687,0.74378,212,135.0,195.0,329,60.0,38,774,217,104063
HHS Region,hhs4,2014,38,0.787284,0.800748,240,162.0,212.0,337,50.0,16,805,217,100531
HHS Region,hhs4,2014,39,0.871105,1.01091,251,150.0,210.0,382,60.0,37,880,208,87050
HHS Region,hhs4,2014,40,0.82892,0.911243,331,187.0,267.0,530,80.0,46,1174,299,128835
HHS Region,hhs4,2014,41,1.11516,1.1628,355,244.0,318.0,772,74.0,64,1509,306,129773
HHS Region,hhs4,2014,42,1.12567,1.04337,327,239.0,319.0,691,80.0,46,1383,306,132551
HHS Region,hhs4,2014,43,1.32159,1.2173,401,292.0,424.0,755,132.0,48,1628,292,133739
HHS Region,hhs4,2014,44,1.31158,1.22004,353,256.0,350.0,904,94.0,50,1657,318,135815
HHS Region,hhs4,2014,45,1.47672,1.5112,499,316.0,436.0,975,120.0,54,1964,307,129963
HHS Region,hhs4,2014,46,1.68447,1.74161,562,342.0,482.0,1198,140.0,64,2306,313,132406
HHS Region,hhs4,2014,47,2.18983,2.30004,652,500.0,668.0,1773,168.0,76,3169,317,137780
HHS Region,hhs4,2014,48,3.05208,3.09104,800,542.0,784.0,1403,242.0,145,3132,308,101325
HHS Region,hhs4,2014,49,2.90953,3.16435,868,855.0,1186.0,1782,331.0,217,4053,314,128083
HHS Region,hhs4,2014,50,3.78803,4.49862,1420,900.0,1230.0,2929,330.0,219,5798,318,128884
HHS Region,hhs4,2014,51,5.68061,6.44013,2042,1377.0,1964.0,4047,587.0,470,8523,308,132342
HHS Region,hhs4,2014,52,7.51699,8.18046,2257,1663.0,2424.0,2952,761.0,715,8348,301,102048
HHS Region,hhs4,2014,53,5.20532,5.32412,1538,1286.0,1977.0,1595,691.0,663,5773,314,108431
HHS Region,hhs4,2015,1,3.45636,3.67655,1099,1066.0,1573.0,1568,507.0,413,4653,306,126559
HHS Region,hhs4,2015,2,3.00525,3.21156,999,739.0,1086.0,1826,347.0,257,4168,304,129781
HHS Region,hhs4,2015,3,3.3436,3.6579,1279,710.0,1038.0,2122,328.0,225,4664,305,127505
HHS Region,hhs4,2015,4,3.04968,3.5345,1080,642.0,916.0,2141,274.0,191,4328,306,122450
HHS Region,hhs4,2015,5,2.84584,3.11478,1036,638.0,926.0,2030,288.0,200,4192,306,134584
HHS Region,hhs4,2015,6,2.60627,2.88473,970,647.0,909.0,1698,262.0,194,3771,285,130723
HHS Region,hhs4,2015,7,2.58839,3.17673,887,602.0,877.0,1594,275.0,173,3531,291,111152
HHS Region,hhs4,2015,8,2.36768,2.75487,791,613.0,897.0,1472,284.0,207,3367,283,122220
HHS Region,hhs4,2015,9,2.25227,2.66818,778,618.0,943.0,1373,325.0,163,3257,294,122068
HHS Region,hhs4,2015,10,1.89159,2.23114,667,525.0,808.0,945,283.0,126,2546,283,114112
HHS Region,hhs4,2015,11,1.4491,1.77631,585,400.0,639.0,863,239.0,115,2202,278,123965
HHS Region,hhs4,2015,12,1.36986,1.62321,513,397.0,557.0,718,160.0,109,1897,253,116867
HHS Region,hhs4,2015,13,1.31332,1.44721,470,267.0,403.0,660,136.0,99,1632,254,112769
HHS Region,hhs4,2015,14,1.1089,1.28915,507,268.0,408.0,583,140.0,93,1591,278,123415
HHS Region,hhs4,2015,15,0.933638,1.05181,424,207.0,321.0,477,114.0,66,1288,269,122456
HHS Region,hhs4,2015,16,0.915282,1.03552,379,211.0,321.0,440,110.0,63,1203,263,116174
HHS Region,hhs4,2015,17,0.969829,0.993708,407,178.0,259.0,405,81.0,63,1134,264,114118
HHS Region,hhs4,2015,18,0.941539,1.00456,337,184.0,284.0,373,100.0,80,1074,257,106913
HHS Region,hhs4,2015,19,1.00599,1.08632,361,209.0,302.0,410,93.0,58,1131,259,104113
HHS Region,hhs4,2015,20,0.919026,0.992777,302,206.0,285.0,351,79.0,64,1002,251,100929
HHS Region,hhs4,2015,21,0.741016,0.873298,290,162.0,249.0,241,87.0,54,834,248,95500
HHS Region,hhs4,2015,22,0.678372,0.740301,233,134.0,203.0,199,69.0,51,686,225,92665
HHS Region,hhs4,2015,23,0.698594,0.673239,214,102.0,158.0,177,56.0,41,590,208,87636
HHS Region,hhs4,2015,24,0.6595,0.599061,188,85.0,134.0,147,49.0,31,500,207,83464
HHS Region,hhs4,2015,25,0.610659,0.635747,181,96.0,156.0,137,60.0,44,518,201,81479
HHS Region,hhs4,2015,26,0.657713,0.630669,170,88.0,131.0,126,43.0,34,461,203,73097
HHS Region,hhs4,2015,27,0.554966,0.567621,164,100.0,150.0,124,50.0,28,466,201,82097
HHS Region,hhs4,2015,28,0.595175,0.559944,154,85.0,124.0,164,39.0,28,470,200,83937
HHS Region,hhs4,2015,29,0.588865,0.543941,149,94.0,142.0,131,48.0,32,454,205,83465
HHS Region,hhs4,2015,30,0.45585,0.504217,161,80.0,128.0,118,48.0,27,434,196,86074
HHS Region,hhs4,2015,31,0.439499,0.460041,163,79.0,108.0,93,29.0,31,395,197,85862
HHS Region,hhs4,2015,32,0.700063,0.635945,191,104.0,142.0,186,38.0,33,552,193,86800
HHS Region,hhs4,2015,33,0.716647,0.731319,246,103.0,142.0,303,39.0,26,717,199,98042
HHS Region,hhs4,2015,34,0.77271,0.794725,321,118.0,180.0,288,62.0,45,834,194,104942
HHS Region,hhs4,2015,35,0.707374,0.915494,322,142.0,209.0,323,67.0,39,893,196,97543
HHS Region,hhs4,2015,36,0.69155,0.944342,309,153.0,215.0,301,62.0,51,876,196,92763
HHS Region,hhs4,2015,37,0.793035,0.909504,360,149.0,204.0,335,55.0,41,940,190,103353
HHS Region,hhs4,2015,38,0.737125,0.956743,337,151.0,225.0,385,74.0,41,988,190,103267
HHS Region,hhs4,2015,39,0.855035,1.07366,444,171.0,257.0,382,86.0,37,1120,193,104316
HHS Region,hhs4,2015,40,1.01464,1.15781,486,231.0,330.0,613,99.0,75,1504,299,129900
HHS Region,hhs4,2015,41,1.07454,1.20254,486,285.0,406.0,637,121.0,72,1601,304,133135
HHS Region,hhs4,2015,42,1.04879,1.18186,489,323.0,460.0,628,137.0,69,1646,309,139272
HHS Region,hhs4,2015,43,1.07812,1.18476,494,284.0,412.0,646,128.0,95,1647,306,139016
HHS Region,hhs4,2015,44,1.08835,1.22063,503,348.0,475.0,764,127.0,64,1806,317,147956
HHS Region,hhs4,2015,45,1.0871,1.25194,510,320.0,444.0,709,124.0,89,1752,315,139943
HHS Region,hhs4,2015,46,1.26322,1.40808,617,391.0,536.0,795,145.0,89,2037,320,144665
HHS Region,hhs4,2015,47,1.56158,1.71174,601,342.0,468.0,566,126.0,89,1724,311,100716
HHS Region,hhs4,2015,48,1.31254,1.47822,616,466.0,645.0,738,179.0,100,2099,315,141995
HHS Region,hhs4,2015,49,1.33302,1.52444,576,430.0,606.0,764,176.0,98,2044,303,134082
HHS Region,hhs4,2015,50,1.4868,1.74325,687,413.0,589.0,854,176.0,135,2265,307,129930
HHS Region,hhs4,2015,51,1.86992,2.16333,683,420.0,610.0,743,190.0,138,2174,305,100493
HHS Region,hhs4,2015,52,1.72166,1.87398,663,435.0,660.0,650,225.0,149,2122,302,113235
HHS Region,hhs4,2016,1,1.36654,1.52148,617,475.0,676.0,662,201.0,133,2088,321,137235
HHS Region,hhs4,2016,2,1.48204,1.55632,580,429.0,632.0,828,203.0,132,2172,327,139560
HHS Region,hhs4,2016,3,1.74907,1.79697,646,448.0,627.0,919,179.0,106,2298,324,127882
HHS Region,hhs4,2016,4,1.8905,1.89499,673,507.0,682.0,1233,175.0,130,2718,323,143431
HHS Region,hhs4,2016,5,2.0207,1.91966,640,579.0,784.0,1213,205.0,128,2765,316,144036
HHS Region,hhs4,2016,6,2.24789,2.13808,679,681.0,935.0,1259,254.0,144,3017,318,141108
HHS Region,hhs4,2016,7,2.92328,2.7276,842,976.0,1353.0,1647,377.0,185,4027,318,147639
HHS Region,hhs4,2016,8,3.32059,3.28909,998,1130.0,1572.0,2118,442.0,184,4872,316,148126
HHS Region,hhs4,2016,9,3.2935,3.30436,1026,1190.0,1649.0,1985,459.0,214,4874,308,147502
HHS Region,hhs4,2016,10,3.63006,3.74218,1102,1388.0,1918.0,2147,530.0,272,5439,314,145343
HHS Region,hhs4,2016,11,2.85287,2.93586,854,957.0,1355.0,1543,398.0,198,3950,302,134543
HHS Region,hhs4,2016,12,2.76107,2.83183,913,830.0,1150.0,1534,320.0,187,3784,304,133624
HHS Region,hhs4,2016,13,2.65159,2.67654,882,762.0,1075.0,1449,313.0,188,3594,302,134278
HHS Region,hhs4,2016,14,2.13917,2.24439,758,640.0,929.0,1249,289.0,158,3094,303,137855
HHS Region,hhs4,2016,15,2.03332,2.18388,657,658.0,920.0,1202,262.0,135,2914,298,133432
HHS Region,hhs4,2016,16,1.99591,1.97062,620,447.0,637.0,1079,190.0,132,2468,289,125240
HHS Region,hhs4,2016,17,1.76476,1.76146,605,452.0,640.0,1019,188.0,118,2382,294,135229
HHS Region,hhs4,2016,18,1.67187,1.62314,505,398.0,553.0,847,155.0,92,1997,290,123033
HHS Region,hhs4,2016,19,1.47025,1.51762,488,332.0,454.0,744,122.0,76,1762,275,116103
HHS Region,hhs4,2016,20,1.21156,1.51019,510,268.0,378.0,626,110.0,72,1586,244,105020
HHS Region,hhs4,2016,21,1.06968,1.44559,503,226.0,324.0,520,98.0,53,1400,220,96846
HHS Region,hhs4,2016,22,1.0761,1.30713,428,266.0,366.0,393,100.0,55,1242,216,95017
HHS Region,hhs4,2016,23,0.958225,1.09416,352,216.0,290.0,349,74.0,65,1056,219,96512
HHS Region,hhs4,2016,24,0.995012,1.01514,333,189.0,307.0,311,118.0,52,1003,217,98804
HHS Region,hhs4,2016,25,0.844627,0.872678,301,172.0,237.0,272,65.0,36,846,210,96943
HHS Region,hhs4,2016,26,0.713695,0.810457,249,151.0,216.0,226,65.0,45,736,213,90813
HHS Region,hhs4,2016,27,0.675263,0.828523,269,108.0,152.0,253,44.0,48,722,211,87143
HHS Region,hhs4,2016,28,0.65847,0.749556,268,130.0,180.0,226,50.0,39,713,208,95123
HHS Region,hhs4,2016,29,0.637795,0.686011,231,121.0,169.0,237,48.0,51,688,228,100290
HHS Region,hhs4,2016,30,0.653224,0.684156,224,130.0,187.0,268,57.0,34,713,235,104216
HHS Region,hhs4,2016,31,0.615225,0.691657,254,125.0,177.0,219,52.0,34,684,228,98893
HHS Region,hhs4,2016,32,0.851918,0.959195,309,189.0,255.0,370,66.0,54,988,235,103003
HHS Region,hhs4,2016,33,0.859982,1.0949,385,222.0,291.0,472,69.0,44,1192,228,108868
HHS Region,hhs4,2016,34,0.992024,1.43913,428,247.0,333.0,606,86.0,66,1433,226,99574
HHS Region,hhs4,2016,35,1.01695,1.36672,409,216.0,292.0,495,76.0,62,1258,216,92045
HHS Region,hhs4,2016,36,0.900288,1.30371,386,218.0,294.0,488,76.0,52,1220,221,93579
HHS Region,hhs4,2016,37,1.07002,1.31358,414,264.0,350.0,540,86.0,66,1370,230,104295
HHS Region,hhs4,2016,38,1.1253,1.43168,500,298.0,388.0,573,90.0,71,1532,223,107007
HHS Region,hhs4,2016,39,1.31649,1.55261,485,295.0,394.0,587,99.0,65,1531,220,98608
HHS Region,hhs4,2016,40,1.17386,1.24963,645,379.0,496.0,806,117.0,85,2032,311,162608
HHS Region,hhs4,2016,41,1.23174,1.45288,714,399.0,552.0,769,153.0,96,2131,318,146674
HHS Region,hhs4,2016,42,1.2768,1.51243,782,414.0,599.0,898,185.0,93,2372,323,156834
HHS Region,hhs4,2016,43,1.38032,1.66763,789,532.0,730.0,994,198.0,109,2622,325,157229
HHS Region,hhs4,2016,44,1.64361,1.86843,928,518.0,713.0,1176,195.0,122,2939,328,157298
HHS Region,hhs4,2016,45,1.67847,1.96436,991,569.0,758.0,1170,189.0,140,3059,330,155725
HHS Region,hhs4,2016,46,1.9058,2.11566,972,598.0,823.0,1241,225.0,141,3177,321,150166
HHS Region,hhs4,2016,47,2.19048,2.50169,1115,613.0,881.0,1000,268.0,156,3152,328,125995
HHS Region,hhs4,2016,48,1.92682,2.21873,931,820.0,1124.0,1223,304.0,247,3525,328,158875
HHS Region,hhs4,2016,49,1.82204,2.1011,860,610.0,880.0,1138,270.0,196,3074,327,146304
HHS Region,hhs4,2016,50,2.27691,2.57596,954,720.0,1012.0,1306,292.0,183,3455,321,134125
HHS Region,hhs4,2016,51,2.93491,3.7227,1276,875.0,1246.0,1421,371.0,244,4187,318,112472
HHS Region,hhs4,2016,52,3.37282,4.03416,1380,992.0,1463.0,1211,471.0,367,4421,318,109589
HHS Region,hhs4,2017,1,2.91179,3.30407,1021,1053.0,1554.0,1239,501.0,368,4182,334,126571
HHS Region,hhs4,2017,2,2.89395,3.23855,908,964.0,1430.0,1816,466.0,354,4508,338,139198
HHS Region,hhs4,2017,3,3.68564,4.01468,1092,1072.0,1547.0,2715,475.0,314,5668,341,141182
HHS Region,hhs4,2017,4,3.69188,3.97422,1089,1053.0,1473.0,2965,420.0,281,5808,338,146142
HHS Region,hhs4,2017,5,4.53169,4.83396,1180,1238.0,1729.0,3778,491.0,335,7022,336,145264
HHS Region,hhs4,2017,6,5.11778,5.55331,1432,1656.0,2397.0,4227,741.0,481,8537,334,153728
HHS Region,hhs4,2017,7,5.5107,6.21084,1523,1889.0,2675.0,4376,786.0,576,9150,327,147323
HHS Region,hhs4,2017,8,5.48046,6.11492,1516,1882.0,2670.0,4246,788.0,574,9006,331,147279
HHS Region,hhs4,2017,9,4.52709,4.96305,1273,1545.0,2247.0,3161,702.0,499,7180,329,144669
HHS Region,hhs4,2017,10,4.53598,4.86562,1224,1359.0,1990.0,2963,631.0,413,6590,322,135440
HHS Region,hhs4,2017,11,3.878,4.54861,1200,1297.0,1862.0,2674,565.0,426,6162,323,135470
HHS Region,hhs4,2017,12,4.67964,5.09123,1342,1620.0,2296.0,3500,676.0,488,7626,319,149787
HHS Region,hhs4,2017,13,3.6751,4.02232,1114,1187.0,1707.0,2578,520.0,382,5781,315,143723
HHS Region,hhs4,2017,14,2.74066,2.9401,812,788.0,1124.0,1586,336.0,263,3785,305,128737
HHS Region,hhs4,2017,15,2.17782,2.39576,727,620.0,874.0,1248,254.0,218,3067,305,128018
HHS Region,hhs4,2017,16,1.79914,2.0172,605,511.0,731.0,1060,220.0,156,2552,298,126512
HHS Region,hhs4,2017,17,1.49321,1.67517,540,426.0,628.0,876,202.0,166,2210,298,131927
HHS Region,hhs4,2017,18,1.24508,1.54468,501,383.0,558.0,805,175.0,107,1971,290,127599
HHS Region,hhs4,2017,19,1.39615,1.63757,492,417.0,593.0,743,176.0,104,1932,283,117980
HHS Region,hhs4,2017,20,1.27115,1.56045,465,373.0,534.0,683,161.0,90,1772,282,113557
HHS Region,hhs4,2017,21,1.19756,1.49808,411,326.0,460.0,586,134.0,83,1540,267,102798
HHS Region,hhs4,2017,22,0.968787,1.18728,366,226.0,331.0,415,105.0,83,1195,257,100650
HHS Region,hhs4,2017,23,0.878384,1.0708,341,225.0,327.0,373,102.0,67,1108,253,103474
HHS Region,hhs4,2017,24,0.721797,1.0178,310,227.0,322.0,355,95.0,72,1059,253,104048
HHS Region,hhs4,2017,25,0.644565,0.852866,272,168.0,235.0,298,67.0,49,854,247,100133
HHS Region,hhs4,2017,26,0.603647,0.807608,225,135.0,190.0,276,55.0,58,749,229,92743
HHS Region,hhs4,2017,27,0.637539,0.936131,231,189.0,252.0,307,63.0,56,846,239,90372
HHS Region,hhs4,2017,28,0.593663,0.763305,215,147.0,209.0,291,62.0,43,758,232,99305
HHS Region,hhs4,2017,29,0.489899,0.716205,198,123.0,184.0,225,61.0,46,653,227,91175
HHS Region,hhs4,2017,30,0.535532,0.697502,187,130.0,188.0,227,58.0,38,640,234,91756
HHS Region,hhs4,2017,31,0.476357,0.685362,185,143.0,195.0,206,52.0,46,632,226,92214
HHS Region,hhs4,2017,32,0.483647,0.846747,237,148.0,209.0,298,61.0,54,798,228,94243
HHS Region,hhs4,2017,33,0.674289,1.0912,327,205.0,266.0,442,61.0,63,1098,224,100623
HHS Region,hhs4,2017,34,0.782429,1.36846,410,266.0,346.0,707,80.0,44,1507,238,110124
HHS Region,hhs4,2017,35,1.11294,1.52405,431,275.0,365.0,807,90.0,65,1668,227,109445
HHS Region,hhs4,2017,36,1.17542,1.44755,467,269.0,383.0,601,114.0,94,1545,244,106732
HHS Region,hhs4,2017,37,0.937823,1.35773,439,270.0,382.0,488,112.0,100,1409,238,103776
HHS Region,hhs4,2017,38,0.902408,1.30694,451,281.0,389.0,541,108.0,106,1487,239,113777
HHS Region,hhs4,2017,39,1.02557,1.48023,505,259.0,381.0,644,122.0,107,1637,234,110591
HHS Region,hhs4,2017,40,1.15704,1.56317,808,468.0,638.0,914,170.0,144,2504,373,160187
HHS Region,hhs4,2017,41,1.2559,1.61888,847,528.0,723.0,929,195.0,143,2642,379,163199
HHS Region,hhs4,2017,42,1.25906,1.63423,765,532.0,753.0,952,221.0,166,2636,378,161299
HHS Region,hhs4,2017,43,1.59472,1.965,973,629.0,859.0,1239,230.0,192,3263,386,166056
HHS Region,hhs4,2017,44,1.78955,2.17988,1012,721.0,1004.0,1372,283.0,193,3581,383,164275
HHS Region,hhs4,2017,45,2.12802,2.56589,1411,815.0,1116.0,1647,301.0,203,4377,396,170584
HHS Region,hhs4,2017,46,2.22418,2.83018,1584,999.0,1347.0,1775,348.0,239,4945,394,174724
HHS Region,hhs4,2017,47,2.54255,3.28494,1592,918.0,1306.0,1379,388.0,307,4584,385,139546
HHS Region,hhs4,2017,48,2.23681,2.93354,1515,1200.0,1683.0,1634,483.0,317,5149,385,175522
HHS Region,hhs4,2017,49,2.5325,3.24655,1378,1070.0,1529.0,1850,459.0,318,5075,388,156320
HHS Region,hhs4,2017,50,3.10558,4.09317,1679,1435.0,2012.0,2412,577.0,392,6495,386,158679
HHS Region,hhs4,2017,51,4.62754,6.40332,2375,2423.0,3462.0,3327,1039.0,841,10005,375,156247
HHS Region,hhs4,2017,52,5.3309,7.37201,2479,2712.0,4063.0,2535,1351.0,958,10035,381,136123
HHS Region,hhs5,2002,1,2.30058145406142,2.32113683301994,219,,238.0,214,,82,753,171,32441
HHS Region,hhs5,2002,2,1.51593365285358,1.63000199084213,189,,215.0,191,,60,655,166,40184
HHS Region,hhs5,2002,3,1.59560531835688,1.74433439261441,225,,188.0,281,,58,752,171,43111
HHS Region,hhs5,2002,4,2.03710961998935,2.32350312779267,316,,235.0,357,,54,962,169,41403
HHS Region,hhs5,2002,5,2.10729836539999,2.42101412829775,295,,262.0,443,,59,1059,165,43742
HHS Region,hhs5,2002,6,2.65315717057475,2.81483995503044,418,,310.0,511,,88,1327,169,47143
HHS Region,hhs5,2002,7,3.34884256890507,3.50983620764364,407,,423.0,651,,139,1620,169,46156
HHS Region,hhs5,2002,8,3.56580443260606,3.77980099280992,466,,451.0,680,,101,1698,161,44923
HHS Region,hhs5,2002,9,3.48358624680986,3.54071594010136,354,,449.0,597,,144,1544,166,43607
HHS Region,hhs5,2002,10,2.57895875072792,2.59084872630689,218,,303.0,497,,55,1073,161,41415
HHS Region,hhs5,2002,11,1.97920010906877,2.18065991506044,160,,217.0,376,,48,801,153,36732
HHS Region,hhs5,2002,12,1.86310596230504,2.10941186266619,142,,175.0,397,,46,760,150,36029
HHS Region,hhs5,2002,13,1.75181493156942,1.96400304860175,162,,165.0,307,,36,670,140,34114
HHS Region,hhs5,2002,14,1.47829149202059,1.52390210430009,134,,135.0,235,,29,533,140,34976
HHS Region,hhs5,2002,15,0.917702640630776,0.993413532197485,90,,83.0,171,,21,365,136,36742
HHS Region,hhs5,2002,16,0.816578746785824,0.865244581512893,60,,71.0,153,,19,303,135,35019
HHS Region,hhs5,2002,17,0.747375032368145,0.680553347114009,50,,43.0,108,,13,214,128,31445
HHS Region,hhs5,2002,18,0.482100619383559,0.501953807542015,36,,42.0,74,,6,158,124,31477
HHS Region,hhs5,2002,19,0.54917225779547,0.576331552533592,34,,60.0,75,,9,178,120,30885
HHS Region,hhs5,2002,20,0.467819589673363,0.418709515800021,34,,32.0,47,,4,117,113,27943
HHS Region,hhs5,2002,40,1.97716356521298,1.3756107924368,149,,134.0,193,,42,518,184,37656
HHS Region,hhs5,2002,41,2.20972735116758,1.60628662759723,173,,162.0,231,,37,603,192,37540
HHS Region,hhs5,2002,42,2.25004827686511,1.41682118575572,152,,161.0,259,,24,596,201,42066
HHS Region,hhs5,2002,43,1.9525011963292,1.51645941721298,174,,176.0,277,,23,650,207,42863
HHS Region,hhs5,2002,44,1.96181370633518,1.58903391976252,198,,183.0,320,,27,728,211,45814
HHS Region,hhs5,2002,45,1.8436741510026,1.64569418563263,197,,216.0,328,,45,786,221,47761
HHS Region,hhs5,2002,46,1.91772829409889,1.70372000880475,230,,202.0,313,,29,774,211,45430
HHS Region,hhs5,2002,47,1.83287435712411,1.53381101656964,192,,180.0,280,,33,685,214,44660
HHS Region,hhs5,2002,48,2.0041701305211,1.77282474102262,181,,155.0,219,,32,587,210,33111
HHS Region,hhs5,2002,49,1.89880141932832,1.55564321285933,176,,184.0,239,,32,631,210,40562
HHS Region,hhs5,2002,50,2.01067822084668,1.68397280113901,191,,167.0,300,,28,686,211,40737
HHS Region,hhs5,2002,51,1.94512646910687,1.82994557369766,200,,179.0,256,,24,659,200,36012
HHS Region,hhs5,2002,52,2.78992158935635,2.67080210217972,209,,162.0,236,,13,620,195,23214
HHS Region,hhs5,2003,1,2.7474532609291,2.58633521881512,245,,177.0,229,,44,695,200,26872
HHS Region,hhs5,2003,2,1.96998071216564,1.9315441870217,222,,204.0,280,,31,737,203,38156
HHS Region,hhs5,2003,3,2.05458806000744,2.08828212691535,249,,147.0,386,,18,800,202,38309
HHS Region,hhs5,2003,4,3.14542795208436,3.34886800621387,353,,233.0,699,,30,1315,204,39267
HHS Region,hhs5,2003,5,3.39176661416497,3.96965247185511,352,,243.0,976,,51,1622,203,40860
HHS Region,hhs5,2003,6,3.53829046303,4.24952198852772,406,,273.0,1060,,39,1778,200,41840
HHS Region,hhs5,2003,7,3.28726952810359,3.76591576885406,340,,251.0,920,,27,1538,203,40840
HHS Region,hhs5,2003,8,3.48201803267202,3.65658984336027,340,,258.0,835,,33,1466,198,40092
HHS Region,hhs5,2003,9,2.7551918323563,2.82621612544886,296,,209.0,555,,34,1094,191,38709
HHS Region,hhs5,2003,10,2.18818398967477,2.33157866751741,245,,187.0,415,,30,877,191,37614
HHS Region,hhs5,2003,11,1.68422098382091,1.86543820735938,167,,158.0,311,,20,656,187,35166
HHS Region,hhs5,2003,12,1.36867420453531,1.59731210927818,147,,133.0,277,,23,580,178,36311
HHS Region,hhs5,2003,13,0.877239631222024,1.10650069156293,123,,83.0,147,,15,368,176,33258
HHS Region,hhs5,2003,14,0.773904236710066,1.11378864464559,133,,86.0,152,,8,379,170,34028
HHS Region,hhs5,2003,15,0.633577245042934,0.84612973989345,101,,57.0,107,,5,270,163,31910
HHS Region,hhs5,2003,16,0.489592356114369,0.707411118195343,79,,51.0,94,,9,233,155,32937
HHS Region,hhs5,2003,17,0.467050505324157,0.674136831556892,73,,61.0,79,,9,222,158,32931
HHS Region,hhs5,2003,18,0.356750236324386,0.458375938789182,34,,38.0,55,,3,130,146,28361
HHS Region,hhs5,2003,19,0.358037808351393,0.420500287521564,27,,33.0,52,,5,117,144,27824
HHS Region,hhs5,2003,20,0.459532627080279,0.551772716600141,47,,36.0,53,,5,141,136,25554
HHS Region,hhs5,2003,21,0.296984530863399,0.369344413665743,29,,16.0,21,,6,72,101,19494
HHS Region,hhs5,2003,22,0.319754939275627,0.370622027302489,20,,14.0,22,,4,60,102,16189
HHS Region,hhs5,2003,23,0.320655532035369,0.33671923228015,23,,14.0,20,,3,60,91,17819
HHS Region,hhs5,2003,24,0.248533555084412,0.316346485678132,26,,16.0,11,,2,55,90,17386
HHS Region,hhs5,2003,25,0.130902472749869,0.19476031915562,16,,7.0,7,,1,31,87,15917
HHS Region,hhs5,2003,26,0.21819404027071,0.284671081131258,11,,24.0,10,,1,46,85,16159
HHS Region,hhs5,2003,27,0.239393422397751,0.264986034519802,11,,15.0,9,,2,37,79,13963
HHS Region,hhs5,2003,28,0.227055860169845,0.255914112727046,17,,10.0,13,,1,41,77,16021
HHS Region,hhs5,2003,29,0.202459180556006,0.156367275456592,12,,5.0,6,,2,25,78,15988
HHS Region,hhs5,2003,30,0.290327058579676,0.176868170046112,10,,10.0,8,,0,28,78,15831
HHS Region,hhs5,2003,31,0.326377653201431,0.296436455376853,12,,6.0,27,,2,47,78,15855
HHS Region,hhs5,2003,32,0.463089128524465,0.320225438708851,8,,17.0,21,,4,50,78,15614
HHS Region,hhs5,2003,33,0.199810632894343,0.265812431842966,15,,9.0,12,,3,39,73,14672
HHS Region,hhs5,2003,34,0.212266983440171,0.271862256456729,17,,11.0,13,,1,42,70,15449
HHS Region,hhs5,2003,35,0.259343036167765,0.314485591425454,13,,14.0,20,,2,49,71,15581
HHS Region,hhs5,2003,36,0.233276794810451,0.287454657449867,24,,8.0,9,,1,42,71,14611
HHS Region,hhs5,2003,37,0.153540823527794,0.237097485663873,14,,10.0,18,,1,43,72,18136
HHS Region,hhs5,2003,38,0.209454284221899,0.281285878300804,15,,18.0,12,,4,49,70,17420
HHS Region,hhs5,2003,39,0.28724839141386,0.35632183908046,16,,19.0,26,,1,62,72,17400
HHS Region,hhs5,2003,40,0.805570588503805,1.20605661619487,139,,108.0,169,,42,458,163,37975
HHS Region,hhs5,2003,41,0.951779184101429,1.15631290669912,169,,95.0,200,,30,494,178,42722
HHS Region,hhs5,2003,42,1.03855836336771,1.1330734331897,154,,110.0,182,,51,497,193,43863
HHS Region,hhs5,2003,43,1.05109150061107,1.22883552176918,165,,122.0,219,,63,569,191,46304
HHS Region,hhs5,2003,44,1.0394282990948,1.10499558842065,162,,100.0,240,,24,526,205,47602
HHS Region,hhs5,2003,45,1.18560724386547,1.26542760213957,179,,126.0,270,,33,608,208,48047
HHS Region,hhs5,2003,46,1.708754272741,1.79328923825416,230,,161.0,477,,24,892,217,49741
HHS Region,hhs5,2003,47,2.39965982388442,2.28890674339954,283,,200.0,694,,48,1225,215,53519
HHS Region,hhs5,2003,48,3.36340481691466,3.50980392156863,481,,275.0,591,,85,1432,220,40800
HHS Region,hhs5,2003,49,4.75101077899151,4.60189327627569,933,,561.0,1230,,115,2839,228,61692
HHS Region,hhs5,2003,50,8.08623640488707,8.05013884840209,1794,,916.0,2334,,203,5247,234,65179
HHS Region,hhs5,2003,51,9.48061258290647,9.57898416820656,1981,,1119.0,2366,,288,5754,224,60069
HHS Region,hhs5,2003,52,9.84777124874043,10.4313482536978,1640,,906.0,1227,,268,4041,218,38739
HHS Region,hhs5,2003,53,5.99576433933683,6.48413222736059,994,,706.0,641,,309,2650,216,40869
HHS Region,hhs5,2004,1,2.98285515896013,3.0698039539736,521,,428.0,388,,149,1486,226,48407
HHS Region,hhs5,2004,2,2.05001002971014,2.29553727354977,414,,252.0,341,,84,1091,218,47527
HHS Region,hhs5,2004,3,1.91208484205153,2.16348415012699,425,,163.0,293,,39,920,205,42524
HHS Region,hhs5,2004,4,1.56560231192149,1.8450184501845,361,,129.0,239,,36,765,198,41463
HHS Region,hhs5,2004,5,1.47045990502655,1.82425659873037,366,,156.0,254,,43,819,192,44895
HHS Region,hhs5,2004,6,1.35320170467722,1.57138080909395,313,,126.0,245,,21,705,185,44865
HHS Region,hhs5,2004,7,1.04477736322308,1.33179059718057,236,,88.0,209,,31,564,184,42349
HHS Region,hhs5,2004,8,1.06107282537617,1.28302707404588,266,,93.0,205,,26,590,176,45985
HHS Region,hhs5,2004,9,0.872607790761513,1.19444641547813,240,,93.0,149,,23,505,168,42279
HHS Region,hhs5,2004,10,0.892152121674779,1.29854339420762,262,,115.0,134,,23,534,165,41123
HHS Region,hhs5,2004,11,0.824276606828966,1.18369681446298,173,,114.0,161,,28,476,162,40213
HHS Region,hhs5,2004,12,0.823004134300069,1.26409556665465,198,,124.0,144,,25,491,158,38842
HHS Region,hhs5,2004,13,0.536556055426631,0.884911383520092,143,,85.0,109,,16,353,148,39891
HHS Region,hhs5,2004,14,0.597029245147427,0.960962595960146,133,,84.0,109,,27,353,137,36734
HHS Region,hhs5,2004,15,0.57253889094874,1.06150051273523,148,,94.0,121,,20,383,143,36081
HHS Region,hhs5,2004,16,0.579108083073848,0.956295612784162,138,,85.0,98,,21,342,129,35763
HHS Region,hhs5,2004,17,0.505671487248448,0.789755739831895,122,,59.0,86,,13,280,130,35454
HHS Region,hhs5,2004,18,0.529579143688105,0.932862596515399,125,,78.0,103,,19,325,126,34839
HHS Region,hhs5,2004,19,0.510716611375682,0.893141945773525,106,,61.0,99,,14,280,119,31350
HHS Region,hhs5,2004,20,0.563980922001566,1.02279771334114,130,,70.0,82,,15,297,109,29038
HHS Region,hhs5,2004,21,0.556891692549424,1.13962449782733,120,,56.0,85,,17,278,91,24394
HHS Region,hhs5,2004,22,0.596609476823409,1.3139896373057,145,,79.0,75,,18,317,97,24125
HHS Region,hhs5,2004,23,0.762225271574327,1.1353711790393,130,,68.0,100,,14,312,100,27480
HHS Region,hhs5,2004,24,0.56473917319374,1.09638357061037,130,,63.0,70,,5,268,88,24444
HHS Region,hhs5,2004,25,0.477746552820799,1.04243922538113,120,,54.0,63,,16,253,93,24270
HHS Region,hhs5,2004,26,0.462448459621329,1.01978823120986,93,,64.0,64,,14,235,86,23044
HHS Region,hhs5,2004,27,0.483832997583863,1.0925659026454,96,,62.0,62,,15,235,85,21509
HHS Region,hhs5,2004,28,0.453569970155166,0.958399598225496,86,,46.0,80,,17,229,84,23894
HHS Region,hhs5,2004,29,0.433274542666373,0.879293083184608,96,,43.0,51,,12,202,81,22973
HHS Region,hhs5,2004,30,0.472397702056301,0.951422099169393,98,,33.0,51,,7,189,77,19865
HHS Region,hhs5,2004,31,0.17749238404431,0.394892155810709,70,,41.0,63,,10,184,79,46595
HHS Region,hhs5,2004,32,0.475732042355818,0.940174730586722,80,,58.0,60,,14,212,78,22549
HHS Region,hhs5,2004,33,0.484001201202443,0.920945044541034,84,,54.0,59,,17,214,79,23237
HHS Region,hhs5,2004,34,0.679125243409275,1.23206658635418,91,,58.0,65,,11,225,75,18262
HHS Region,hhs5,2004,35,0.514561522553175,1.02247829262355,83,,63.0,90,,16,252,75,24646
HHS Region,hhs5,2004,36,0.561086150094843,1.09019674644408,100,,56.0,87,,13,256,75,23482
HHS Region,hhs5,2004,37,0.579311903068725,1.08679072605247,109,,60.0,103,,13,285,75,26224
HHS Region,hhs5,2004,38,0.585121816549118,1.13565650280025,109,,58.0,107,,18,292,75,25712
HHS Region,hhs5,2004,39,0.556880674653646,1.06840181547978,102,,57.0,90,,17,266,79,24897
HHS Region,hhs5,2004,40,0.819210819778615,1.03600318260178,169,,144.0,277,,35,625,234,60328
HHS Region,hhs5,2004,41,1.01795661210651,1.12318418556667,202,,157.0,279,,37,675,243,60097
HHS Region,hhs5,2004,42,0.996033478985427,1.07596332587668,217,,163.0,273,,30,683,247,63478
HHS Region,hhs5,2004,43,1.03063227615278,1.20521366503988,265,,193.0,312,,40,810,253,67208
HHS Region,hhs5,2004,44,1.11130713754353,1.32751894866432,269,,200.0,374,,52,895,267,67419
HHS Region,hhs5,2004,45,1.16083090258313,1.36410858665703,283,,213.0,354,,56,906,259,66417
HHS Region,hhs5,2004,46,1.21989247144578,1.37784152649194,295,,212.0,402,,42,951,266,69021
HHS Region,hhs5,2004,47,1.46288123935863,1.68570195062601,333,,205.0,290,,31,859,253,50958
HHS Region,hhs5,2004,48,1.23245896378682,1.37197316518384,326,,193.0,376,,58,953,267,69462
HHS Region,hhs5,2004,49,1.18572042640326,1.41211390954242,298,,205.0,413,,45,961,267,68054
HHS Region,hhs5,2004,50,1.28482700869381,1.42251862275724,312,,235.0,343,,40,930,268,65377
HHS Region,hhs5,2004,51,1.58558959510941,1.84069173326346,314,,217.0,269,,43,843,259,45798
HHS Region,hhs5,2004,52,2.11493180363772,2.49960851863451,462,,368.0,327,,120,1277,257,51088
HHS Region,hhs5,2005,1,2.06526376934355,2.32029548252675,378,,512.0,455,,125,1470,262,63354
HHS Region,hhs5,2005,2,2.24314216959706,2.44133859453598,430,,495.0,583,,113,1621,261,66398
HHS Region,hhs5,2005,3,2.70875134088841,2.97556286050983,500,,540.0,771,,108,1919,256,64492
HHS Region,hhs5,2005,4,3.38851784248786,3.68617406314383,631,,693.0,1173,,151,2648,256,71836
HHS Region,hhs5,2005,5,4.6998477666838,4.98819805438446,817,,915.0,1705,,219,3656,256,73293
HHS Region,hhs5,2005,6,5.59685190864321,5.7099252710241,977,,1197.0,1892,,274,4340,251,76008
HHS Region,hhs5,2005,7,6.09529512807031,5.89657163575812,1022,,1183.0,1888,,298,4391,245,74467
HHS Region,hhs5,2005,8,5.17170236140397,5.129763401058,921,,990.0,1580,,223,3714,239,72401
HHS Region,hhs5,2005,9,4.2933966451381,4.25173200345692,752,,829.0,1250,,170,3001,232,70583
HHS Region,hhs5,2005,10,3.711737949058,3.58324565817361,684,,684.0,855,,127,2350,225,65583
HHS Region,hhs5,2005,11,3.03462723259836,3.13038801626093,608,,508.0,745,,118,1979,217,63219
HHS Region,hhs5,2005,12,2.5130647289267,2.53534776664417,485,,378.0,517,,85,1465,210,57783
HHS Region,hhs5,2005,13,2.08347787716565,2.17062005826051,419,,361.0,457,,67,1304,197,60075
HHS Region,hhs5,2005,14,1.35728080481992,1.47102190920603,316,,207.0,290,,35,848,193,57647
HHS Region,hhs5,2005,15,1.22059639858174,1.36216491470556,275,,150.0,296,,28,749,183,54986
HHS Region,hhs5,2005,16,1.13828372690419,1.25726771099507,205,,148.0,300,,26,679,181,54006
HHS Region,hhs5,2005,17,0.828352216382059,0.998258850841555,183,,119.0,191,,23,516,173,51690
HHS Region,hhs5,2005,18,0.752673408401929,0.935599248287429,172,,87.0,188,,16,463,166,49487
HHS Region,hhs5,2005,19,0.732554789222071,1.02912621359223,181,,119.0,160,,17,477,157,46350
HHS Region,hhs5,2005,20,0.662591413023035,0.904476234425473,153,,100.0,125,,14,392,151,43340
HHS Region,hhs5,2005,21,0.731882463237369,1.04658264393981,164,,85.0,119,,9,377,126,36022
HHS Region,hhs5,2005,22,0.904001813042241,1.34296126332838,162,,98.0,121,,17,398,122,29636
HHS Region,hhs5,2005,23,0.587867432938038,0.779834325653637,87,,72.0,69,,13,241,118,30904
HHS Region,hhs5,2005,24,0.638714059867114,1.00778890478461,138,,59.0,99,,21,317,121,31455
HHS Region,hhs5,2005,25,0.642341863868358,1.0603374696343,137,,78.0,99,,9,323,117,30462
HHS Region,hhs5,2005,26,0.619755094445898,0.993038830787503,111,,67.0,113,,10,301,114,30311
HHS Region,hhs5,2005,27,0.769375682010046,1.12861772265058,133,,58.0,105,,7,303,111,26847
HHS Region,hhs5,2005,28,0.592073171676041,0.8975623023833,115,,48.0,88,,13,264,105,29413
HHS Region,hhs5,2005,29,0.688869623202031,1.01993008253144,115,,62.0,98,,8,283,101,27747
HHS Region,hhs5,2005,30,0.5873694945157,0.912793657720562,101,,45.0,101,,4,251,99,27498
HHS Region,hhs5,2005,31,0.618755411830903,0.888279049613635,90,,53.0,94,,9,246,99,27694
HHS Region,hhs5,2005,32,0.608838832549738,0.932920249242873,101,,62.0,89,,16,268,98,28727
HHS Region,hhs5,2005,33,0.571433817762818,0.889342469747777,101,,54.0,82,,7,244,93,27436
HHS Region,hhs5,2005,34,0.607210249644049,0.863041890725619,89,,70.0,89,,12,260,96,30126
HHS Region,hhs5,2005,35,0.577878438494286,0.843009906186446,88,,56.0,102,,11,257,93,30486
HHS Region,hhs5,2005,36,0.538223343156049,0.98052899713867,109,,58.0,103,,11,281,92,28658
HHS Region,hhs5,2005,37,0.557414345484801,0.847377836361925,92,,64.0,107,,7,270,94,31863
HHS Region,hhs5,2005,38,0.640659794694343,0.901067134114463,113,,56.0,113,,11,293,91,32517
HHS Region,hhs5,2005,39,0.648109793488834,0.763622650996166,86,,47.0,100,,10,243,100,31822
HHS Region,hhs5,2005,40,0.979261551247755,1.05325054910846,208,,137.0,232,,32,609,207,57821
HHS Region,hhs5,2005,41,1.17839206127485,1.2561563674429,280,,159.0,254,,39,732,214,58273
HHS Region,hhs5,2005,42,1.31469905461455,1.31768049477611,291,,174.0,306,,45,816,235,61927
HHS Region,hhs5,2005,43,1.33836437443029,1.34027821889094,286,,199.0,300,,59,844,238,62972
HHS Region,hhs5,2005,44,1.43754888039572,1.47548713892396,330,,235.0,336,,69,970,242,65741
HHS Region,hhs5,2005,45,1.34878112062488,1.36058677259434,262,,206.0,345,,57,870,237,63943
HHS Region,hhs5,2005,46,1.44347447018474,1.44975548193721,309,,223.0,318,,69,919,236,63390
HHS Region,hhs5,2005,47,1.72334695349301,1.85295019940689,338,,235.0,276,,57,906,236,48895
HHS Region,hhs5,2005,48,1.6012940194227,1.62871098705912,335,,277.0,339,,76,1027,240,63056
HHS Region,hhs5,2005,49,1.35314933089305,1.45915965302635,283,,211.0,341,,70,905,240,62022
HHS Region,hhs5,2005,50,1.48577087816105,1.5608723124477,315,,209.0,336,,54,914,232,58557
HHS Region,hhs5,2005,51,1.89127689616665,1.96126202947984,383,,247.0,269,,67,966,220,49254
HHS Region,hhs5,2005,52,2.38891704466356,2.59728403514778,441,,318.0,292,,87,1138,221,43815
HHS Region,hhs5,2006,1,2.13341533714104,2.44133901490482,495,,382.0,336,,99,1312,228,53741
HHS Region,hhs5,2006,2,1.8690014396593,2.04418292205915,438,,277.0,407,,80,1202,225,58801
HHS Region,hhs5,2006,3,1.86861039312104,2.01683559525855,391,,271.0,427,,85,1174,227,58210
HHS Region,hhs5,2006,4,2.06378538422051,2.17488478197204,530,,295.0,476,,110,1411,225,64877
HHS Region,hhs5,2006,5,2.12838186460285,2.35124608125653,509,,327.0,565,,84,1485,224,63158
HHS Region,hhs5,2006,6,2.42256049040682,2.71601138724321,560,,399.0,683,,123,1765,223,64985
HHS Region,hhs5,2006,7,2.72993654484904,2.96794871794872,603,,449.0,695,,105,1852,223,62400
HHS Region,hhs5,2006,8,3.06056931942528,3.30018939393939,583,,573.0,758,,177,2091,222,63360
HHS Region,hhs5,2006,9,3.27527122082139,3.34655189089854,533,,541.0,829,,173,2076,223,62034
HHS Region,hhs5,2006,10,3.44251991516215,3.57115034044343,567,,629.0,937,,159,2292,218,64181
HHS Region,hhs5,2006,11,3.07866113450259,3.09830630277492,525,,474.0,791,,107,1897,216,61227
HHS Region,hhs5,2006,12,2.59888399683872,2.70888332128264,398,,390.0,731,,92,1611,211,59471
HHS Region,hhs5,2006,13,2.73214163002,2.54621980277232,389,,328.0,662,,85,1464,203,57497
HHS Region,hhs5,2006,14,1.77940022070566,1.81644685274171,333,,241.0,427,,65,1066,199,58686
HHS Region,hhs5,2006,15,1.25959691703371,1.38366958178197,257,,177.0,305,,60,799,196,57745
HHS Region,hhs5,2006,16,1.00906536219773,1.18258376635012,218,,153.0,234,,55,660,190,55810
HHS Region,hhs5,2006,17,0.912240784551791,1.02146416251437,151,,109.0,241,,32,533,183,52180
HHS Region,hhs5,2006,18,0.870771556530419,0.949327032614658,120,,85.0,219,,26,450,167,47402
HHS Region,hhs5,2006,19,0.79640480764199,0.924241783342498,117,,96.0,186,,38,437,161,47282
HHS Region,hhs5,2006,20,0.75963988592554,1.00254804372157,129,,93.0,173,,26,421,157,41993
HHS Region,hhs5,2006,21,0.693703571172191,0.939343187941455,155,,79.0,132,,21,387,148,41199
HHS Region,hhs5,2006,22,0.617758165483135,0.809761102154478,76,,46.0,83,,16,221,119,27292
HHS Region,hhs5,2006,23,0.58276779446062,0.862645233168868,122,,61.0,76,,12,271,121,31415
HHS Region,hhs5,2006,24,0.586272694546097,0.881526687978301,111,,64.0,81,,17,273,118,30969
HHS Region,hhs5,2006,25,0.576080903089472,0.789765681091313,101,,47.0,72,,22,242,117,30642
HHS Region,hhs5,2006,26,0.559138699428214,0.815962943167647,114,,47.0,58,,10,229,109,28065
HHS Region,hhs5,2006,27,0.554648962965929,0.820084329426328,93,,46.0,65,,8,212,112,25851
HHS Region,hhs5,2006,28,0.530915238762304,0.779335692894092,103,,55.0,60,,11,229,111,29384
HHS Region,hhs5,2006,29,0.522030106331604,0.748701068189886,87,,48.0,74,,23,232,111,30987
HHS Region,hhs5,2006,30,0.437212936004528,0.62951904744775,77,,43.0,49,,6,175,108,27799
HHS Region,hhs5,2006,31,0.512717417563122,0.805663239507837,109,,32.0,87,,11,239,105,29665
HHS Region,hhs5,2006,32,0.469946559971085,0.593674666282877,56,,42.0,55,,12,165,108,27793
HHS Region,hhs5,2006,33,0.557644443473484,0.801458447991194,99,,47.0,75,,12,233,104,29072
HHS Region,hhs5,2006,34,0.50145947058679,0.797007156798959,87,,63.0,83,,12,245,102,30740
HHS Region,hhs5,2006,35,0.55281316956851,0.831832323563124,107,,48.0,83,,16,254,96,30535
HHS Region,hhs5,2006,36,0.678717778160451,1.06496272630458,108,,74.0,112,,16,310,98,29109
HHS Region,hhs5,2006,37,0.679169400649614,0.943659785814062,109,,71.0,106,,18,304,96,32215
HHS Region,hhs5,2006,38,0.733594295520298,0.966610673975186,119,,88.0,110,,11,328,96,33933
HHS Region,hhs5,2006,39,0.558629266725773,0.86420888112531,118,,50.0,96,,18,282,98,32631
HHS Region,hhs5,2006,40,1.05294145203027,1.31539327089177,240,,204.0,353,,33,830,205,63099
HHS Region,hhs5,2006,41,1.12725158377971,1.31484093402288,276,,208.0,319,,36,839,213,63810
HHS Region,hhs5,2006,42,1.19444116286737,1.32417631744322,283,,203.0,362,,37,885,227,66834
HHS Region,hhs5,2006,43,1.22763410808968,1.34286428686993,306,,199.0,370,,38,913,230,67989
HHS Region,hhs5,2006,44,1.17772712359635,1.29262692405817,265,,227.0,366,,54,912,234,70554
HHS Region,hhs5,2006,45,1.29568747639669,1.41575357781753,331,,201.0,428,,53,1013,237,71552
HHS Region,hhs5,2006,46,1.37961612566572,1.60761243798628,443,,228.0,476,,39,1186,238,73774
HHS Region,hhs5,2006,47,1.43957753999192,1.62127224087473,309,,202.0,331,,61,903,235,55697
HHS Region,hhs5,2006,48,1.47410092541055,1.62972160686317,388,,277.0,418,,72,1155,236,70871
HHS Region,hhs5,2006,49,1.59245236798133,1.7495601664386,411,,284.0,487,,71,1253,238,71618
HHS Region,hhs5,2006,50,1.73686862890952,1.9802399435427,462,,284.0,563,,94,1403,234,70850
HHS Region,hhs5,2006,51,2.17548036709641,2.50912909241933,582,,313.0,645,,61,1601,234,63807
HHS Region,hhs5,2006,52,2.66924681706829,3.0247777813955,734,,404.0,611,,109,1858,224,61426
HHS Region,hhs5,2007,1,2.39871080074112,2.63850994369707,623,,444.0,491,,115,1673,237,63407
HHS Region,hhs5,2007,2,1.97274961484797,2.13879472960132,529,,361.0,530,,88,1508,235,70507
HHS Region,hhs5,2007,3,2.15522966050316,2.27216634787438,459,,292.0,657,,65,1473,227,64828
HHS Region,hhs5,2007,4,2.42196506247557,2.56691590810577,570,,402.0,840,,83,1895,233,73824
HHS Region,hhs5,2007,5,3.21376413383288,3.40718803194066,688,,472.0,1205,,97,2462,233,72259
HHS Region,hhs5,2007,6,3.22325773043342,3.46119184409147,689,,469.0,1211,,89,2458,235,71016
HHS Region,hhs5,2007,7,3.35463033796127,3.64476233050216,674,,515.0,1179,,78,2446,231,67110
HHS Region,hhs5,2007,8,3.19892831110752,3.26784362172718,572,,585.0,1212,,91,2460,235,75279
HHS Region,hhs5,2007,9,2.91563979781786,3.03382035024593,499,,471.0,1058,,63,2091,226,68923
HHS Region,hhs5,2007,10,2.68712825854523,2.9797149122807,535,,476.0,1085,,78,2174,227,72960
HHS Region,hhs5,2007,11,2.76833041101504,3.04170199645417,483,,453.0,955,,82,1973,222,64865
HHS Region,hhs5,2007,12,2.68278613869856,2.95603089720737,494,,447.0,975,,74,1990,218,67320
HHS Region,hhs5,2007,13,1.74293312509353,1.88702123467269,337,,281.0,570,,57,1245,213,65977
HHS Region,hhs5,2007,14,1.34890114088182,1.45676614376718,269,,230.0,346,,40,885,199,60751
HHS Region,hhs5,2007,15,1.26973563521043,1.37446651208119,243,,202.0,326,,47,818,196,59514
HHS Region,hhs5,2007,16,1.11921322858544,1.26276577273373,243,,197.0,321,,39,800,194,63353
HHS Region,hhs5,2007,17,1.0603811187889,1.22896830028848,220,,187.0,288,,42,737,186,59969
HHS Region,hhs5,2007,18,0.905078243126974,1.08821104699093,192,,120.0,251,,31,594,173,54585
HHS Region,hhs5,2007,19,0.82691850803067,0.975701285298809,155,,118.0,224,,23,520,167,53295
HHS Region,hhs5,2007,20,0.830760059401011,1.00667735584827,174,,113.0,177,,32,496,165,49271
HHS Region,hhs5,2007,21,0.805393361387802,1.0361831838705,176,,100.0,195,,27,498,161,48061
HHS Region,hhs5,2007,22,0.853646314451369,1.00808568728342,149,,78.0,128,,29,384,135,38092
HHS Region,hhs5,2007,23,0.63253977593697,0.803900896151819,115,,75.0,94,,21,305,131,37940
HHS Region,hhs5,2007,24,0.496954299708423,0.726300726300726,122,,71.0,66,,10,269,125,37037
HHS Region,hhs5,2007,25,0.570812119871702,0.742348716299512,96,,68.0,95,,18,277,127,37314
HHS Region,hhs5,2007,26,0.715133542637437,0.714892218357117,98,,77.0,68,,18,261,126,36509
HHS Region,hhs5,2007,27,0.479501063625102,0.689676792375937,85,,62.0,57,,16,220,121,31899
HHS Region,hhs5,2007,28,0.436661022855509,0.479588593880912,46,,38.0,72,,10,166,123,34613
HHS Region,hhs5,2007,29,0.479370794106179,0.634045485871813,108,,48.0,64,,10,230,119,36275
HHS Region,hhs5,2007,30,0.438965950379436,0.660965357298159,105,,53.0,54,,16,228,117,34495
HHS Region,hhs5,2007,31,0.322982119243536,0.447560793674474,54,,40.0,49,,7,150,114,33515
HHS Region,hhs5,2007,32,0.504486531866758,0.696184906711222,97,,52.0,84,,17,250,116,35910
HHS Region,hhs5,2007,33,0.461841101511655,0.657019294743846,87,,61.0,78,,11,237,116,36072
HHS Region,hhs5,2007,34,0.456872818085217,0.684931506849315,82,,57.0,99,,11,249,114,36354
HHS Region,hhs5,2007,35,0.538357460513522,0.7631437424774,100,,58.0,126,,14,298,118,39049
HHS Region,hhs5,2007,36,0.797993811755865,1.03902453931485,109,,93.0,128,,10,340,117,32723
HHS Region,hhs5,2007,37,0.736036141263881,0.923794013590161,119,,75.0,121,,14,329,117,35614
HHS Region,hhs5,2007,38,0.904515780930895,1.06525750712968,120,,79.0,170,,12,381,114,35766
HHS Region,hhs5,2007,39,0.868047062059702,1.04210555883262,138,,96.0,121,,16,371,117,35601
HHS Region,hhs5,2007,40,0.853527441700492,1.12123900943777,281,,119.0,270,,25,695,203,61985
HHS Region,hhs5,2007,41,1.06192281144058,1.2032,282,,138.0,310,,22,752,208,62500
HHS Region,hhs5,2007,42,0.992093796306158,1.12761619439937,318,,146.0,317,,32,813,220,72099
HHS Region,hhs5,2007,43,1.16032921057797,1.33699531563685,394,,145.0,396,,24,959,216,71728
HHS Region,hhs5,2007,44,1.18562591901892,1.25075895567699,359,,150.0,383,,35,927,231,74115
HHS Region,hhs5,2007,45,1.20667897850041,1.37586956242204,372,,193.0,475,,30,1070,247,77769
HHS Region,hhs5,2007,46,1.39073087665763,1.55950454798842,386,,258.0,440,,63,1147,242,73549
HHS Region,hhs5,2007,47,1.41558725999744,1.64528274951373,371,,196.0,309,,46,922,244,56039
HHS Region,hhs5,2007,48,1.24002050460788,1.41400092721372,355,,226.0,405,,51,1037,248,73338
HHS Region,hhs5,2007,49,1.26466790625831,1.40455651404557,340,,228.0,387,,61,1016,237,72336
HHS Region,hhs5,2007,50,1.29716811033508,1.55333002423428,400,,244.0,367,,53,1064,247,68498
HHS Region,hhs5,2007,51,1.66581865666625,2.00910239327184,429,,273.0,392,,67,1161,233,57787
HHS Region,hhs5,2007,52,1.98365977767888,2.58686119075729,523,,317.0,317,,70,1227,230,47432
HHS Region,hhs5,2008,1,2.07722986961009,2.61642925677172,598,,356.0,362,,102,1418,237,54196
HHS Region,hhs5,2008,2,1.84041079432434,2.06401188870848,487,,414.0,492,,107,1500,241,72674
HHS Region,hhs5,2008,3,2.56758380281751,2.78356371899262,577,,429.0,808,,97,1911,243,68653
HHS Region,hhs5,2008,4,3.73075049939424,3.90027006460662,668,,646.0,1199,,101,2614,247,67021
HHS Region,hhs5,2008,5,4.68712363091833,4.89351632749645,730,,987.0,1751,,151,3619,252,73955
HHS Region,hhs5,2008,6,5.34771020499666,5.49856626954133,802,,1431.0,2132,,218,4583,246,83349
HHS Region,hhs5,2008,7,5.51726348601983,5.76635829237737,912,,1486.0,2115,,274,4787,245,83016
HHS Region,hhs5,2008,8,5.37578603697256,5.72692623503315,876,,1476.0,2017,,304,4673,239,81597
HHS Region,hhs5,2008,9,4.79521458843175,5.08780647428828,803,,1368.0,1756,,271,4198,239,82511
HHS Region,hhs5,2008,10,4.22162535101064,4.60773552011364,674,,1324.0,1348,,222,3568,230,77435
HHS Region,hhs5,2008,11,3.60562157104828,3.95861843839847,668,,1141.0,1095,,249,3153,232,79649
HHS Region,hhs5,2008,12,3.08464956522793,3.43269723804376,572,,879.0,857,,169,2477,227,72159
HHS Region,hhs5,2008,13,2.22452765068928,2.57294004488618,478,,679.0,624,,145,1926,225,74856
HHS Region,hhs5,2008,14,1.64184992314625,1.95385035499727,391,,500.0,421,,119,1431,217,73240
HHS Region,hhs5,2008,15,1.26240766458276,1.52868771093905,272,,365.0,362,,79,1078,210,70518
HHS Region,hhs5,2008,16,1.13791941671313,1.43029278750606,284,,261.0,309,,60,914,211,63903
HHS Region,hhs5,2008,17,0.913320099151793,1.22516930934717,239,,200.0,265,,54,758,200,61869
HHS Region,hhs5,2008,18,0.808578367458782,1.12240832799266,219,,146.0,249,,34,648,194,57733
HHS Region,hhs5,2008,19,0.661597776587766,0.92730669683413,207,,116.0,185,,33,541,192,58341
HHS Region,hhs5,2008,20,0.63513999279009,0.938787240157103,188,,109.0,159,,34,490,176,52195
HHS Region,hhs5,2008,21,0.711187021583102,0.979706088173548,204,,103.0,143,,26,476,161,48586
HHS Region,hhs5,2008,22,1.08517298077386,1.35096835144072,248,,133.0,154,,37,572,150,42340
HHS Region,hhs5,2008,23,0.688486713539606,0.962774469424696,150,,99.0,96,,22,367,130,38119
HHS Region,hhs5,2008,24,0.503617622285515,0.755831278953214,123,,67.0,71,,18,279,127,36913
HHS Region,hhs5,2008,25,0.610860976777797,0.864929838772897,166,,72.0,71,,22,331,134,38269
HHS Region,hhs5,2008,26,0.539020092629507,0.713295026748563,97,,62.0,73,,20,252,129,35329
HHS Region,hhs5,2008,27,0.444662285720489,0.73524690168882,101,,45.0,68,,15,229,122,31146
HHS Region,hhs5,2008,28,0.370016150576079,0.629579375848033,104,,56.0,62,,10,232,128,36850
HHS Region,hhs5,2008,29,0.596121899757474,0.731127125166165,88,,50.0,62,,9,209,121,28586
HHS Region,hhs5,2008,30,0.447740929060581,0.596811554707726,85,,44.0,78,,12,219,128,36695
HHS Region,hhs5,2008,31,0.523960122699017,0.729967069154775,114,,44.0,94,,14,266,128,36440
HHS Region,hhs5,2008,32,0.552679774693585,0.837561407747443,102,,56.0,68,,86,312,129,37251
HHS Region,hhs5,2008,33,0.510380529256312,0.677285503948601,95,,51.0,98,,9,253,124,37355
HHS Region,hhs5,2008,34,0.502758848302097,0.710159520907308,89,,64.0,100,,15,268,124,37738
HHS Region,hhs5,2008,35,0.54561095486289,0.780056731398647,98,,73.0,100,,15,286,120,36664
HHS Region,hhs5,2008,36,0.513412803580112,0.753439615636602,86,,67.0,116,,7,276,126,36632
HHS Region,hhs5,2008,37,0.551199895211798,0.745826336066383,96,,59.0,131,,16,302,127,40492
HHS Region,hhs5,2008,38,0.567864854340909,0.772618783986615,91,,79.0,121,,23,314,122,40641
HHS Region,hhs5,2008,39,0.642551020763326,0.811142536955014,93,,78.0,118,,15,304,126,37478
HHS Region,hhs5,2008,40,0.645468648458728,0.70697278509446,177,,155.0,241,,25,598,242,84586
HHS Region,hhs5,2008,41,0.630292611813215,0.724474643387481,216,,125.0,274,,29,644,251,88892
HHS Region,hhs5,2008,42,0.603090826191659,0.760073462704401,237,,153.0,253,,44,687,256,90386
HHS Region,hhs5,2008,43,0.686607994576512,0.835793678360542,238,,162.0,324,,46,770,259,92128
HHS Region,hhs5,2008,44,0.639525886070497,0.757117232120258,198,,194.0,242,,54,688,258,90871
HHS Region,hhs5,2008,45,0.745353573485067,0.873284805890228,251,,227.0,319,,38,835,267,95616
HHS Region,hhs5,2008,46,0.830781634890087,0.926453195496956,250,,199.0,339,,58,846,263,91316
HHS Region,hhs5,2008,47,0.805054714244852,0.934470023521398,249,,207.0,379,,43,878,263,93957
HHS Region,hhs5,2008,48,0.977129377855242,1.21954674220963,332,,180.0,294,,55,861,258,70600
HHS Region,hhs5,2008,49,0.967689272148475,1.03291856625418,298,,239.0,302,,65,904,255,87519
HHS Region,hhs5,2008,50,0.970485277917266,1.10437099608821,379,,220.0,318,,57,974,260,88195
HHS Region,hhs5,2008,51,1.09001936210546,1.23082775204119,280,,216.0,304,,106,906,246,73609
HHS Region,hhs5,2008,52,1.29399294100486,1.55928687659818,353,,206.0,252,,61,872,243,55923
HHS Region,hhs5,2008,53,1.26356109221303,1.49890483507143,384,,211.0,264,,58,917,244,61178
HHS Region,hhs5,2009,1,0.985655718864952,1.11417052966668,368,,242.0,281,,68,959,262,86073
HHS Region,hhs5,2009,2,1.01459855102145,1.1641910879165,358,,202.0,317,,51,928,254,79712
HHS Region,hhs5,2009,3,1.27018107661097,1.39397490356916,402,,209.0,489,,42,1142,249,81924
HHS Region,hhs5,2009,4,1.65404221139587,1.68565825078821,378,,243.0,678,,59,1358,248,80562
HHS Region,hhs5,2009,5,2.00195305940726,2.06256445513922,560,,313.0,989,,58,1920,259,93088
HHS Region,hhs5,2009,6,2.25445069319392,2.26926640186568,579,,353.0,1141,,58,2131,252,93907
HHS Region,hhs5,2009,7,2.50015152350963,2.50174287706145,626,,415.0,1095,,53,2189,248,87499
HHS Region,hhs5,2009,8,2.32680260297282,2.40317013933274,600,,464.0,1144,,48,2256,246,93876
HHS Region,hhs5,2009,9,2.58860017970258,2.72487484523874,653,,450.0,1358,,70,2531,242,92885
HHS Region,hhs5,2009,10,2.19691074404018,2.40366186385262,564,,407.0,1090,,71,2132,239,88698
HHS Region,hhs5,2009,11,1.80175201436663,1.86773673591307,463,,320.0,811,,63,1657,236,88717
HHS Region,hhs5,2009,12,1.49589656881133,1.64782833209019,452,,274.0,662,,48,1436,239,87145
HHS Region,hhs5,2009,13,1.26833515596083,1.44122202385879,402,,233.0,542,,42,1219,228,84581
HHS Region,hhs5,2009,14,1.11571127232516,1.26639474391227,337,,206.0,452,,42,1037,228,81886
HHS Region,hhs5,2009,15,0.900715714587707,1.18337502405234,377,,197.0,367,,43,984,227,83152
HHS Region,hhs5,2009,16,0.899894579517872,1.10515294203092,331,,215.0,333,,34,913,230,82613
HHS Region,hhs5,2009,17,1.72921259702863,2.30128153830325,618,,442.0,886,,67,2013,223,87473
HHS Region,hhs5,2009,18,1.59683258755757,1.99095788404816,503,,331.0,745,,68,1647,216,82724
HHS Region,hhs5,2009,19,1.3172906900802,1.63097973015853,402,,271.0,560,,52,1285,216,78787
HHS Region,hhs5,2009,20,1.37400243652637,1.67456178761461,359,,252.0,606,,45,1262,213,75363
HHS Region,hhs5,2009,21,1.29808862870217,1.76254849660524,331,,254.0,531,,47,1163,198,65984
HHS Region,hhs5,2009,22,1.24067497214577,1.71922185546738,330,,268.0,579,,47,1224,202,71195
HHS Region,hhs5,2009,23,1.27441113806768,1.72246867910351,311,,293.0,540,,48,1192,198,69203
HHS Region,hhs5,2009,24,1.2508509722687,1.67307990471761,338,,318.0,483,,48,1187,202,70947
HHS Region,hhs5,2009,25,0.93313529974489,1.26489485561513,275,,230.0,329,,46,880,200,69571
HHS Region,hhs5,2009,26,0.749516141901164,1.0162300823837,207,,144.0,237,,30,618,191,60813
HHS Region,hhs5,2009,27,0.71215056136553,0.887534576867891,207,,151.0,208,,34,600,194,67603
HHS Region,hhs5,2009,28,0.674695795951668,0.838539455328441,206,,152.0,172,,23,553,188,65948
HHS Region,hhs5,2009,29,0.655219839584224,0.784681586039517,194,,124.0,188,,21,527,189,67161
HHS Region,hhs5,2009,30,0.638032238452745,0.788080651876524,183,,143.0,172,,32,530,191,67252
HHS Region,hhs5,2009,31,0.682690033964848,0.87586473085716,221,,142.0,197,,30,590,189,67362
HHS Region,hhs5,2009,32,0.693278529612231,0.843760762254621,198,,155.0,200,,35,588,188,69688
HHS Region,hhs5,2009,33,0.625926893928968,0.808397348789484,201,,160.0,188,,34,583,191,72118
HHS Region,hhs5,2009,34,0.825208006998246,1.00371555372071,216,,169.0,364,,29,778,190,77512
HHS Region,hhs5,2009,35,1.80432835071759,1.92013779384294,295,,313.0,932,,43,1583,202,82442
HHS Region,hhs5,2009,36,2.39904001373165,2.5478159884341,422,,440.0,1233,,55,2150,211,84386
HHS Region,hhs5,2009,37,2.36772600655028,2.46833005221262,424,,494.0,1342,,47,2307,210,93464
HHS Region,hhs5,2009,38,2.27010957616567,2.4802202705497,445,,459.0,1312,,63,2279,209,91887
HHS Region,hhs5,2009,39,2.44232052996509,2.87884799402525,528,,479.0,1388,,72,2467,200,85694
HHS Region,hhs5,2009,40,4.04076136636916,4.42922862950679,938,769.0,952.0,2985,183.0,93,4968,281,112164
HHS Region,hhs5,2009,41,5.93343519831269,6.42618867588845,1289,1137.0,1447.0,4367,310.0,121,7224,281,112415
HHS Region,hhs5,2009,42,9.0680835708376,9.31437781543167,1947,1761.0,2224.0,6946,463.0,152,11269,286,120985
HHS Region,hhs5,2009,43,8.83227465322971,9.05223683341043,1835,1842.0,2270.0,6696,428.0,158,10959,292,121064
HHS Region,hhs5,2009,44,7.53862808075062,7.68449441350566,1624,1475.0,1853.0,5138,378.0,161,8776,290,114204
HHS Region,hhs5,2009,45,5.35622320851619,5.61559671256195,1301,1159.0,1479.0,3409,320.0,145,6334,296,112793
HHS Region,hhs5,2009,46,3.63265253786159,3.83660052262717,1037,816.0,1036.0,1967,220.0,115,4155,288,108299
HHS Region,hhs5,2009,47,2.66576176128699,2.94724245047614,693,488.0,639.0,895,151.0,88,2315,281,78548
HHS Region,hhs5,2009,48,1.86559025584466,1.99419361297427,612,445.0,584.0,725,139.0,71,1992,268,99890
HHS Region,hhs5,2009,49,1.84812825902858,2.0458114474468,580,400.0,512.0,724,112.0,73,1889,266,92335
HHS Region,hhs5,2009,50,1.47727199741622,1.57256269073296,457,290.0,377.0,540,87.0,74,1448,271,92079
HHS Region,hhs5,2009,51,1.84524718830549,2.26187327909401,650,248.0,336.0,404,88.0,64,1454,252,64283
HHS Region,hhs5,2009,52,1.9116101723529,2.23593271688705,640,270.0,376.0,311,106.0,90,1417,247,63374
HHS Region,hhs5,2010,1,1.33326835520245,1.59514415781487,601,265.0,352.0,296,87.0,65,1314,248,82375
HHS Region,hhs5,2010,2,1.19420495201029,1.39766266582438,513,235.0,333.0,326,98.0,67,1239,252,88648
HHS Region,hhs5,2010,3,1.24081948632142,1.44063100941951,578,199.0,286.0,408,87.0,54,1326,267,92043
HHS Region,hhs5,2010,4,1.2124394659813,1.42812286837233,556,205.0,282.0,425,77.0,56,1319,262,92359
HHS Region,hhs5,2010,5,1.34787793626527,1.53288087994383,552,234.0,315.0,517,81.0,57,1441,264,94006
HHS Region,hhs5,2010,6,1.42853459752338,1.65295661127288,594,244.0,331.0,509,87.0,59,1493,256,90323
HHS Region,hhs5,2010,7,1.29887925906644,1.55514291398634,518,225.0,316.0,522,91.0,51,1407,252,90474
HHS Region,hhs5,2010,8,1.11028474095098,1.22286502839552,399,203.0,280.0,421,77.0,52,1152,257,94205
HHS Region,hhs5,2010,9,1.04203263904246,1.1489518041438,361,193.0,266.0,358,73.0,47,1032,245,89821
HHS Region,hhs5,2010,10,0.901400667254109,0.995323313449084,293,170.0,237.0,326,67.0,40,896,250,90021
HHS Region,hhs5,2010,11,0.902605526392665,1.04694206617764,317,198.0,254.0,311,56.0,40,922,247,88066
HHS Region,hhs5,2010,12,0.827048049780466,0.918325091954303,303,128.0,166.0,244,38.0,41,754,234,82106
HHS Region,hhs5,2010,13,0.763555498462462,0.877762547194767,246,166.0,221.0,220,55.0,43,730,235,83166
HHS Region,hhs5,2010,14,0.674450708900679,0.776136692730959,222,138.0,182.0,223,44.0,43,670,234,86325
HHS Region,hhs5,2010,15,0.650239103044244,0.781345108846022,239,143.0,183.0,247,40.0,37,706,231,90357
HHS Region,hhs5,2010,16,0.56909325355035,0.680214575681423,181,113.0,146.0,206,33.0,30,563,211,82768
HHS Region,hhs5,2010,17,0.592188151371015,0.714201946757359,209,107.0,149.0,215,42.0,36,609,215,85270
HHS Region,hhs5,2010,18,0.588033840721198,0.744261449467595,225,111.0,144.0,203,33.0,34,606,214,81423
HHS Region,hhs5,2010,19,0.565158260397861,0.642029023956703,184,96.0,125.0,150,29.0,25,484,199,75386
HHS Region,hhs5,2010,20,0.65766630552834,0.853809812874449,274,124.0,169.0,169,45.0,35,647,198,75778
HHS Region,hhs5,2010,21,0.597874373443261,0.808412929172158,266,90.0,121.0,177,31.0,31,595,191,73601
HHS Region,hhs5,2010,22,0.69485218279788,0.963509304239764,288,79.0,106.0,182,27.0,21,597,190,61961
HHS Region,hhs5,2010,23,0.625239082567465,0.802067677094015,261,93.0,119.0,153,26.0,38,571,193,71191
HHS Region,hhs5,2010,24,0.685234735908609,0.858954563851954,254,87.0,123.0,168,36.0,28,573,192,66709
HHS Region,hhs5,2010,25,0.635145149737863,0.816002310803004,248,88.0,129.0,162,41.0,26,565,190,69240
HHS Region,hhs5,2010,26,0.526274807039542,0.731400130498779,203,81.0,112.0,142,31.0,25,482,190,65901
HHS Region,hhs5,2010,27,0.649489978001268,0.823573727826861,196,83.0,121.0,140,38.0,24,481,178,58404
HHS Region,hhs5,2010,28,0.58488415530776,0.681268999922052,148,76.0,110.0,153,34.0,26,437,178,64145
HHS Region,hhs5,2010,29,0.515754194389757,0.527729499130984,81,70.0,107.0,123,37.0,23,334,178,63290
HHS Region,hhs5,2010,30,0.475209813688523,0.51009735296484,101,68.0,91.0,108,23.0,17,317,173,62145
HHS Region,hhs5,2010,31,0.469681422783317,0.645845382687488,161,66.0,83.0,133,17.0,25,402,169,62244
HHS Region,hhs5,2010,32,0.584901755250074,0.661115834530476,158,78.0,103.0,150,25.0,40,451,178,68218
HHS Region,hhs5,2010,33,0.613539403277944,0.77857365306758,188,78.0,119.0,169,41.0,24,500,168,64220
HHS Region,hhs5,2010,34,0.54199671927443,0.645288934207923,125,92.0,129.0,150,37.0,20,424,167,65707
HHS Region,hhs5,2010,35,0.550613867527767,0.686491950693281,131,87.0,117.0,188,30.0,19,455,162,66279
HHS Region,hhs5,2010,36,0.658988963366379,0.853224055413691,203,82.0,124.0,203,42.0,28,558,172,65399
HHS Region,hhs5,2010,37,0.733305742347509,0.833368705519476,179,106.0,148.0,231,42.0,31,589,172,70677
HHS Region,hhs5,2010,38,0.710295461183311,0.828638556956269,218,119.0,155.0,245,36.0,38,656,180,79166
HHS Region,hhs5,2010,39,0.613512764491082,0.707688128226026,174,85.0,123.0,194,38.0,30,521,177,73620
HHS Region,hhs5,2010,40,0.673682,0.835133,188,156.0,216.0,303,60.0,51,758,262,90764
HHS Region,hhs5,2010,41,0.754806,0.923484,278,161.0,221.0,338,60.0,63,900,284,97457
HHS Region,hhs5,2010,42,0.863591,1.00959,337,184.0,251.0,346,67.0,53,987,278,97762
HHS Region,hhs5,2010,43,0.861809,0.988713,324,202.0,275.0,348,73.0,56,1003,288,101445
HHS Region,hhs5,2010,44,1.02943,1.12626,370,190.0,283.0,411,93.0,65,1129,287,100243
HHS Region,hhs5,2010,45,0.948068,1.07912,335,194.0,284.0,383,90.0,71,1073,282,99433
HHS Region,hhs5,2010,46,0.948368,1.08154,388,187.0,263.0,382,76.0,39,1072,280,99118
HHS Region,hhs5,2010,47,1.03662,1.26375,331,167.0,228.0,303,61.0,55,917,284,72562
HHS Region,hhs5,2010,48,0.926949,1.06968,328,179.0,267.0,378,88.0,64,1037,288,96945
HHS Region,hhs5,2010,49,0.964041,1.15761,362,207.0,286.0,385,79.0,58,1091,286,94246
HHS Region,hhs5,2010,50,1.06663,1.30506,380,213.0,283.0,418,70.0,57,1138,290,87199
HHS Region,hhs5,2010,51,1.38365,1.91246,535,231.0,332.0,409,101.0,65,1341,275,70119
HHS Region,hhs5,2010,52,1.69891,2.35286,642,320.0,419.0,447,99.0,105,1613,273,68555
HHS Region,hhs5,2011,1,1.52658,1.92114,563,361.0,495.0,525,134.0,94,1677,276,87292
HHS Region,hhs5,2011,2,1.73968,2.17022,610,393.0,504.0,715,111.0,99,1928,276,88839
HHS Region,hhs5,2011,3,2.44083,2.96976,760,469.0,606.0,1259,137.0,95,2720,277,91590
HHS Region,hhs5,2011,4,3.33709,3.83761,897,687.0,845.0,1966,158.0,75,3783,275,98577
HHS Region,hhs5,2011,5,3.78044,4.24329,860,812.0,1003.0,1763,191.0,82,3708,281,87385
HHS Region,hhs5,2011,6,3.3294,3.65033,831,768.0,961.0,1780,193.0,96,3668,284,100484
HHS Region,hhs5,2011,7,3.31857,3.60457,850,699.0,886.0,1827,187.0,96,3659,275,101510
HHS Region,hhs5,2011,8,3.13872,3.39766,852,632.0,815.0,1471,183.0,98,3236,273,95242
HHS Region,hhs5,2011,9,2.85753,3.09787,859,522.0,694.0,1304,172.0,105,2962,277,95614
HHS Region,hhs5,2011,10,2.51636,2.6587,761,470.0,610.0,1085,140.0,101,2557,271,96175
HHS Region,hhs5,2011,11,2.40202,2.54729,826,383.0,471.0,821,88.0,97,2215,261,86955
HHS Region,hhs5,2011,12,1.61533,1.88433,581,277.0,381.0,681,104.0,74,1717,260,91120
HHS Region,hhs5,2011,13,1.52675,1.74932,557,264.0,356.0,561,92.0,84,1558,253,89063
HHS Region,hhs5,2011,14,1.2669,1.50218,467,177.0,257.0,507,80.0,64,1295,250,86208
HHS Region,hhs5,2011,15,0.902013,1.05834,310,155.0,215.0,349,60.0,55,929,250,87779
HHS Region,hhs5,2011,16,0.853615,1.09488,345,137.0,176.0,331,39.0,40,892,242,81470
HHS Region,hhs5,2011,17,0.774965,0.95721,310,104.0,148.0,253,44.0,46,757,238,79084
HHS Region,hhs5,2011,18,0.751988,0.90715,250,105.0,158.0,264,53.0,42,714,234,78708
HHS Region,hhs5,2011,19,0.764519,1.02856,320,115.0,149.0,282,34.0,36,787,227,76515
HHS Region,hhs5,2011,20,0.767403,0.903942,210,109.0,160.0,212,51.0,34,616,216,68146
HHS Region,hhs5,2011,21,0.636552,0.824154,211,86.0,120.0,169,34.0,29,529,207,64187
HHS Region,hhs5,2011,22,0.821782,1.14252,279,95.0,129.0,227,34.0,40,675,204,59080
HHS Region,hhs5,2011,23,0.584781,0.810229,219,88.0,115.0,157,27.0,40,531,204,65537
HHS Region,hhs5,2011,24,0.50683,0.707976,157,62.0,90.0,149,28.0,32,428,202,60454
HHS Region,hhs5,2011,25,0.539359,0.703093,131,94.0,116.0,153,22.0,24,424,193,60305
HHS Region,hhs5,2011,26,0.636735,0.865801,195,91.0,130.0,150,39.0,31,506,191,58443
HHS Region,hhs5,2011,27,0.739607,1.01588,196,87.0,119.0,130,32.0,40,485,183,47742
HHS Region,hhs5,2011,28,0.401721,0.544218,124,64.0,88.0,89,24.0,27,328,188,60270
HHS Region,hhs5,2011,29,0.482063,0.708499,182,62.0,86.0,126,24.0,24,418,187,58998
HHS Region,hhs5,2011,30,0.440356,0.700266,163,60.0,88.0,140,28.0,25,416,181,59406
HHS Region,hhs5,2011,31,0.580668,0.83599,160,85.0,104.0,144,19.0,30,438,182,52393
HHS Region,hhs5,2011,32,0.460299,0.666306,162,71.0,89.0,130,18.0,13,394,178,59132
HHS Region,hhs5,2011,33,0.518811,0.736958,162,74.0,97.0,162,23.0,22,443,182,60112
HHS Region,hhs5,2011,34,0.55474,0.778956,207,74.0,105.0,176,31.0,24,512,188,65729
HHS Region,hhs5,2011,35,0.623698,0.860658,196,98.0,122.0,214,24.0,20,552,192,64137
HHS Region,hhs5,2011,36,0.658056,0.96108,211,84.0,117.0,216,33.0,20,564,184,58684
HHS Region,hhs5,2011,37,0.659795,0.864708,201,87.0,124.0,246,37.0,25,596,194,68925
HHS Region,hhs5,2011,38,0.838953,1.08681,254,110.0,154.0,275,44.0,25,708,192,65145
HHS Region,hhs5,2011,39,0.895283,1.07861,266,104.0,140.0,316,36.0,27,749,192,69441
HHS Region,hhs5,2011,40,0.941375,1.20081,473,187.0,260.0,440,73.0,59,1232,289,102597
HHS Region,hhs5,2011,41,0.943071,1.15466,459,180.0,251.0,462,71.0,41,1213,292,105053
HHS Region,hhs5,2011,42,1.05026,1.19336,462,173.0,238.0,457,65.0,49,1206,295,101059
HHS Region,hhs5,2011,43,0.998187,1.15846,435,147.0,208.0,506,61.0,41,1190,294,102723
HHS Region,hhs5,2011,44,1.0916,1.26719,433,199.0,266.0,564,67.0,38,1301,299,102668
HHS Region,hhs5,2011,45,1.11771,1.24388,421,215.0,284.0,496,69.0,54,1255,299,100894
HHS Region,hhs5,2011,46,1.02063,1.22069,448,194.0,258.0,481,64.0,48,1235,297,101172
HHS Region,hhs5,2011,47,1.24569,1.49326,434,178.0,257.0,400,79.0,55,1146,299,76745
HHS Region,hhs5,2011,48,1.05945,1.22097,458,190.0,283.0,427,93.0,41,1209,298,99020
HHS Region,hhs5,2011,49,1.0058,1.14749,353,188.0,279.0,423,91.0,41,1096,294,95513
HHS Region,hhs5,2011,50,1.14913,1.35855,441,185.0,274.0,410,89.0,59,1184,286,87152
HHS Region,hhs5,2011,51,1.24805,1.4839,476,205.0,273.0,383,68.0,48,1180,280,79520
HHS Region,hhs5,2011,52,1.54444,1.92713,653,236.0,319.0,327,83.0,72,1371,280,71142
HHS Region,hhs5,2012,1,1.24644,1.52881,530,221.0,310.0,325,89.0,75,1240,288,81109
HHS Region,hhs5,2012,2,1.15541,1.3455,478,210.0,296.0,400,86.0,84,1258,289,93497
HHS Region,hhs5,2012,3,1.17979,1.41144,541,184.0,267.0,380,83.0,62,1250,286,88562
HHS Region,hhs5,2012,4,1.2699,1.45821,554,206.0,282.0,542,76.0,57,1435,287,98408
HHS Region,hhs5,2012,5,1.45574,1.78312,706,243.0,332.0,551,89.0,70,1659,276,93039
HHS Region,hhs5,2012,6,1.39672,1.63845,575,244.0,328.0,536,84.0,59,1498,274,91428
HHS Region,hhs5,2012,7,1.55473,1.9682,719,269.0,380.0,687,111.0,98,1884,275,95722
HHS Region,hhs5,2012,8,1.77323,2.25828,814,322.0,458.0,807,136.0,84,2163,274,95781
HHS Region,hhs5,2012,9,1.81172,2.3062,804,341.0,460.0,816,119.0,89,2169,264,94051
HHS Region,hhs5,2012,10,2.04753,2.71249,857,342.0,464.0,1038,122.0,98,2457,252,90581
HHS Region,hhs5,2012,11,2.39583,3.13085,935,459.0,632.0,1122,173.0,121,2810,261,89752
HHS Region,hhs5,2012,12,1.88008,2.37347,734,353.0,488.0,842,135.0,110,2174,255,91596
HHS Region,hhs5,2012,13,1.34651,1.6846,539,238.0,354.0,578,116.0,60,1531,253,90882
HHS Region,hhs5,2012,14,1.44358,1.7253,488,258.0,353.0,541,95.0,82,1464,247,84855
HHS Region,hhs5,2012,15,1.15046,1.51455,456,226.0,314.0,467,88.0,69,1306,240,86230
HHS Region,hhs5,2012,16,1.0351,1.32771,379,207.0,293.0,454,86.0,58,1184,246,89176
HHS Region,hhs5,2012,17,0.935815,1.25156,351,201.0,267.0,436,66.0,59,1113,248,88929
HHS Region,hhs5,2012,18,1.04643,1.30865,341,177.0,250.0,403,73.0,65,1059,236,80923
HHS Region,hhs5,2012,19,0.959535,1.10342,265,135.0,204.0,311,69.0,41,821,223,74405
HHS Region,hhs5,2012,20,0.815303,1.04001,274,122.0,186.0,243,64.0,43,746,220,71730
HHS Region,hhs5,2012,21,0.664607,0.954904,240,93.0,133.0,206,40.0,41,620,198,64928
HHS Region,hhs5,2012,22,0.756688,1.09501,267,112.0,156.0,194,44.0,29,646,203,58995
HHS Region,hhs5,2012,23,0.64147,0.96736,256,101.0,143.0,166,42.0,39,604,199,62438
HHS Region,hhs5,2012,24,0.528765,0.774507,195,90.0,121.0,130,31.0,26,472,186,60942
HHS Region,hhs5,2012,25,0.570694,0.813344,242,75.0,102.0,122,27.0,26,492,186,60491
HHS Region,hhs5,2012,26,0.545464,0.8244,225,89.0,128.0,112,39.0,21,486,184,58952
HHS Region,hhs5,2012,27,0.708251,0.962452,199,77.0,109.0,149,32.0,29,486,187,50496
HHS Region,hhs5,2012,28,0.611442,0.842733,225,83.0,127.0,143,44.0,22,517,186,61348
HHS Region,hhs5,2012,29,0.498103,0.79474,198,75.0,105.0,148,30.0,24,475,180,59768
HHS Region,hhs5,2012,30,0.607256,0.8756,229,91.0,131.0,157,40.0,28,545,195,62243
HHS Region,hhs5,2012,31,0.716939,1.06037,252,111.0,147.0,175,36.0,33,607,195,57244
HHS Region,hhs5,2012,32,0.61208,0.842252,188,70.0,107.0,161,37.0,28,484,197,57465
HHS Region,hhs5,2012,33,0.490029,0.811346,212,93.0,130.0,150,37.0,32,524,200,64584
HHS Region,hhs5,2012,34,0.619186,0.921397,276,87.0,121.0,217,34.0,34,648,201,70328
HHS Region,hhs5,2012,35,0.651238,0.982919,264,121.0,155.0,267,34.0,31,717,205,72946
HHS Region,hhs5,2012,36,0.745864,1.05881,245,131.0,168.0,217,37.0,27,657,194,62051
HHS Region,hhs5,2012,37,0.763046,1.1181,283,139.0,196.0,332,57.0,49,860,201,76916
HHS Region,hhs5,2012,38,0.831471,1.11213,242,159.0,200.0,346,41.0,39,827,206,74362
HHS Region,hhs5,2012,39,0.795032,1.09653,313,126.0,174.0,295,48.0,40,822,211,74964
HHS Region,hhs5,2012,40,1.0259,1.19206,367,160.0,241.0,447,81.0,45,1100,270,92277
HHS Region,hhs5,2012,41,0.970531,1.18175,385,167.0,227.0,450,60.0,65,1127,272,95367
HHS Region,hhs5,2012,42,1.00308,1.23319,422,196.0,274.0,467,78.0,51,1214,276,98444
HHS Region,hhs5,2012,43,0.951917,1.17471,382,184.0,253.0,432,69.0,62,1129,273,96109
HHS Region,hhs5,2012,44,1.0639,1.32829,421,192.0,285.0,497,93.0,50,1253,268,94332
HHS Region,hhs5,2012,45,1.14892,1.43007,449,235.0,356.0,521,121.0,66,1392,276,97338
HHS Region,hhs5,2012,46,1.21418,1.46109,456,229.0,334.0,524,105.0,70,1384,276,94724
HHS Region,hhs5,2012,47,1.56902,1.83668,481,212.0,306.0,493,94.0,65,1345,275,73230
HHS Region,hhs5,2012,48,1.54942,1.81878,596,331.0,467.0,694,136.0,81,1838,285,101057
HHS Region,hhs5,2012,49,2.13984,2.5101,711,405.0,576.0,1066,171.0,119,2472,275,98482
HHS Region,hhs5,2012,50,2.96882,3.40169,953,542.0,789.0,1493,247.0,154,3389,280,99627
HHS Region,hhs5,2012,51,4.16172,4.55663,1131,762.0,1057.0,1620,295.0,197,4005,268,87894
HHS Region,hhs5,2012,52,5.71232,5.99424,1116,828.0,1225.0,1208,397.0,340,3889,267,64879
HHS Region,hhs5,2013,1,4.48158,4.65144,968,874.0,1372.0,850,498.0,355,3545,277,76213
HHS Region,hhs5,2013,2,3.82974,3.96729,958,941.0,1398.0,1302,457.0,335,3993,280,100648
HHS Region,hhs5,2013,3,3.70465,3.8255,934,703.0,1039.0,1560,336.0,285,3818,283,99804
HHS Region,hhs5,2013,4,3.31545,3.45205,776,562.0,812.0,1379,250.0,185,3152,279,91308
HHS Region,hhs5,2013,5,2.97914,3.17701,799,500.0,745.0,1244,245.0,188,2976,269,93673
HHS Region,hhs5,2013,6,2.68669,2.89049,692,530.0,736.0,1140,206.0,151,2719,272,94067
HHS Region,hhs5,2013,7,2.43442,2.65489,639,440.0,640.0,1020,200.0,138,2437,265,91793
HHS Region,hhs5,2013,8,2.29596,2.43505,562,388.0,552.0,919,164.0,149,2182,270,89608
HHS Region,hhs5,2013,9,2.14368,2.41769,601,389.0,585.0,893,196.0,129,2208,263,91327
HHS Region,hhs5,2013,10,1.9789,2.24547,594,347.0,514.0,753,167.0,103,1964,266,87465
HHS Region,hhs5,2013,11,2.14009,2.45176,531,350.0,548.0,807,198.0,119,2005,257,81778
HHS Region,hhs5,2013,12,1.77107,2.11537,510,312.0,469.0,694,157.0,114,1787,261,84477
HHS Region,hhs5,2013,13,1.5748,1.908,464,291.0,443.0,571,152.0,87,1565,259,82023
HHS Region,hhs5,2013,14,1.39945,1.73596,452,270.0,386.0,515,116.0,103,1456,255,83873
HHS Region,hhs5,2013,15,1.22036,1.45884,401,232.0,344.0,405,112.0,92,1242,254,85136
HHS Region,hhs5,2013,16,1.13168,1.36569,342,202.0,302.0,417,100.0,95,1156,254,84646
HHS Region,hhs5,2013,17,0.971924,1.23527,338,175.0,266.0,390,91.0,69,1063,255,86054
HHS Region,hhs5,2013,18,0.843975,1.12282,330,140.0,196.0,334,56.0,62,922,252,82115
HHS Region,hhs5,2013,19,0.857398,1.16595,340,157.0,234.0,295,77.0,58,927,238,79506
HHS Region,hhs5,2013,20,0.852781,1.21809,329,113.0,181.0,271,68.0,74,855,234,70192
HHS Region,hhs5,2013,21,0.816745,1.10151,272,121.0,175.0,232,54.0,78,757,218,68724
HHS Region,hhs5,2013,22,0.994613,1.297,293,112.0,187.0,222,75.0,70,772,215,59522
HHS Region,hhs5,2013,23,0.878761,1.22065,299,130.0,205.0,233,75.0,76,813,207,66604
HHS Region,hhs5,2013,24,0.860912,1.18467,266,122.0,183.0,181,61.0,57,687,208,57991
HHS Region,hhs5,2013,25,0.793133,1.09397,246,122.0,193.0,185,71.0,64,688,205,62890
HHS Region,hhs5,2013,26,0.771008,1.00396,239,106.0,162.0,179,56.0,69,649,206,64644
HHS Region,hhs5,2013,27,0.92703,1.09102,230,76.0,124.0,185,48.0,48,587,203,53803
HHS Region,hhs5,2013,28,0.717799,0.948489,225,107.0,172.0,170,65.0,55,622,202,65578
HHS Region,hhs5,2013,29,0.666799,0.827758,173,100.0,146.0,166,46.0,26,511,196,61733
HHS Region,hhs5,2013,30,0.624777,0.81389,200,91.0,154.0,139,63.0,40,533,206,65488
HHS Region,hhs5,2013,31,0.669585,0.798004,182,98.0,139.0,133,41.0,29,483,194,60526
HHS Region,hhs5,2013,32,0.538487,0.713946,151,83.0,121.0,138,38.0,40,450,194,63030
HHS Region,hhs5,2013,33,0.722201,0.883865,190,106.0,161.0,156,55.0,38,545,190,61661
HHS Region,hhs5,2013,34,0.64833,0.77196,170,108.0,153.0,162,45.0,35,520,190,67361
HHS Region,hhs5,2013,35,0.731347,0.839949,186,112.0,164.0,185,52.0,48,583,189,69409
HHS Region,hhs5,2013,36,0.730498,0.941123,205,108.0,158.0,225,50.0,37,625,198,66410
HHS Region,hhs5,2013,37,0.819736,1.03654,237,109.0,163.0,304,54.0,44,748,198,72163
HHS Region,hhs5,2013,38,0.886773,1.13413,285,132.0,207.0,283,75.0,31,806,194,71068
HHS Region,hhs5,2013,39,0.887615,1.13465,265,135.0,204.0,307,69.0,52,828,199,72974
HHS Region,hhs5,2013,40,0.885838,1.13913,402,207.0,317.0,435,110.0,76,1230,270,107977
HHS Region,hhs5,2013,41,1.03914,1.24152,480,244.0,344.0,470,100.0,93,1387,283,111718
HHS Region,hhs5,2013,42,0.987201,1.24377,453,227.0,346.0,495,119.0,87,1381,280,111033
HHS Region,hhs5,2013,43,1.11493,1.34964,501,241.0,363.0,557,122.0,91,1512,285,112030
HHS Region,hhs5,2013,44,1.17731,1.41782,546,245.0,374.0,558,129.0,97,1575,287,111086
HHS Region,hhs5,2013,45,1.2143,1.45459,540,262.0,407.0,572,145.0,84,1603,282,110203
HHS Region,hhs5,2013,46,1.16591,1.43983,568,277.0,400.0,533,123.0,96,1597,288,110916
HHS Region,hhs5,2013,47,1.20015,1.49496,553,267.0,388.0,568,121.0,73,1582,289,105822
HHS Region,hhs5,2013,48,1.68542,1.98714,550,277.0,402.0,478,125.0,97,1527,286,76844
HHS Region,hhs5,2013,49,1.56576,1.91821,716,356.0,518.0,656,162.0,119,2009,290,104733
HHS Region,hhs5,2013,50,1.72177,2.08861,694,381.0,535.0,693,154.0,89,2011,290,96284
HHS Region,hhs5,2013,51,2.14509,2.51292,831,544.0,744.0,814,200.0,120,2509,290,99844
HHS Region,hhs5,2013,52,3.59674,4.03615,980,656.0,909.0,813,253.0,134,2836,291,70265
HHS Region,hhs5,2014,1,3.3706,3.89165,961,802.0,1178.0,644,376.0,211,2994,290,76934
HHS Region,hhs5,2014,2,2.79666,3.08383,830,732.0,1088.0,671,356.0,171,2760,306,89499
HHS Region,hhs5,2014,3,2.51919,2.6772,776,717.0,1061.0,854,344.0,195,2886,300,107799
HHS Region,hhs5,2014,4,2.64636,2.69733,735,573.0,842.0,967,269.0,157,2701,304,100136
HHS Region,hhs5,2014,5,2.22933,2.27611,586,524.0,767.0,783,243.0,128,2264,305,99468
HHS Region,hhs5,2014,6,2.03344,2.05615,552,443.0,657.0,791,214.0,105,2105,308,102376
HHS Region,hhs5,2014,7,1.91478,1.94789,596,430.0,607.0,735,177.0,114,2052,296,105345
HHS Region,hhs5,2014,8,1.98346,2.00191,606,437.0,643.0,742,206.0,129,2120,299,105899
HHS Region,hhs5,2014,9,1.81723,1.88872,605,387.0,587.0,773,200.0,120,2085,297,110392
HHS Region,hhs5,2014,10,1.75243,1.76914,553,384.0,571.0,649,187.0,97,1870,292,105701
HHS Region,hhs5,2014,11,1.64571,1.77612,578,357.0,536.0,632,179.0,108,1854,287,104385
HHS Region,hhs5,2014,12,1.61678,1.65121,492,375.0,545.0,573,170.0,121,1731,287,104832
HHS Region,hhs5,2014,13,1.50233,1.68954,556,367.0,537.0,597,170.0,99,1789,284,105887
HHS Region,hhs5,2014,14,1.45804,1.64196,545,345.0,528.0,575,183.0,133,1781,281,108468
HHS Region,hhs5,2014,15,1.33854,1.57427,574,338.0,523.0,539,185.0,95,1731,277,109956
HHS Region,hhs5,2014,16,1.22855,1.43858,467,298.0,455.0,453,157.0,105,1480,264,102879
HHS Region,hhs5,2014,17,1.21509,1.47101,512,328.0,473.0,453,145.0,103,1541,263,104758
HHS Region,hhs5,2014,18,1.21623,1.39635,403,293.0,446.0,493,153.0,104,1446,261,103556
HHS Region,hhs5,2014,19,1.2569,1.55181,538,264.0,406.0,471,142.0,87,1502,256,96790
HHS Region,hhs5,2014,20,1.177,1.3623,402,218.0,399.0,355,181.0,83,1239,252,90949
HHS Region,hhs5,2014,21,1.2187,1.4297,425,216.0,338.0,352,122.0,63,1178,228,82395
HHS Region,hhs5,2014,22,0.754199,1.20369,349,163.0,256.0,249,93.0,69,923,230,76681
HHS Region,hhs5,2014,23,0.852767,1.19401,364,190.0,306.0,260,116.0,72,1002,217,83919
HHS Region,hhs5,2014,24,0.813025,1.13225,299,168.0,268.0,244,100.0,65,876,202,77368
HHS Region,hhs5,2014,25,0.761923,1.09123,300,151.0,255.0,229,104.0,69,853,203,78169
HHS Region,hhs5,2014,26,0.761998,0.923741,244,113.0,186.0,177,73.0,39,646,190,69933
HHS Region,hhs5,2014,27,0.697358,0.809821,209,77.0,128.0,129,51.0,38,504,174,62236
HHS Region,hhs5,2014,28,0.528833,0.726552,209,85.0,129.0,117,44.0,40,495,173,68130
HHS Region,hhs5,2014,29,0.487223,0.650579,174,90.0,137.0,114,47.0,29,454,171,69784
HHS Region,hhs5,2014,30,0.477651,0.63345,182,87.0,120.0,107,33.0,38,447,171,70566
HHS Region,hhs5,2014,31,0.547902,0.651512,176,84.0,119.0,128,35.0,35,458,173,70298
HHS Region,hhs5,2014,32,0.60005,0.703334,176,103.0,143.0,137,40.0,22,478,170,67962
HHS Region,hhs5,2014,33,0.585832,0.702245,157,114.0,158.0,138,44.0,34,487,172,69349
HHS Region,hhs5,2014,34,0.543032,0.747741,165,113.0,157.0,167,44.0,34,523,168,69944
HHS Region,hhs5,2014,35,0.550582,0.682008,155,94.0,137.0,187,43.0,26,505,168,74046
HHS Region,hhs5,2014,36,0.704256,0.932002,239,131.0,187.0,262,56.0,25,713,190,76502
HHS Region,hhs5,2014,37,0.870702,1.3048,372,182.0,279.0,476,97.0,57,1184,197,90742
HHS Region,hhs5,2014,38,0.968542,1.34266,384,207.0,304.0,473,97.0,56,1217,195,90641
HHS Region,hhs5,2014,39,0.781532,1.13788,289,199.0,300.0,354,101.0,56,999,196,87795
HHS Region,hhs5,2014,40,0.744546,1.01395,358,181.0,261.0,400,80.0,64,1083,261,106810
HHS Region,hhs5,2014,41,0.810322,1.04025,338,182.0,287.0,443,105.0,48,1116,271,107282
HHS Region,hhs5,2014,42,0.881259,1.13501,401,190.0,290.0,471,100.0,65,1227,276,108105
HHS Region,hhs5,2014,43,1.01134,1.19461,394,247.0,348.0,506,101.0,84,1332,278,111501
HHS Region,hhs5,2014,44,1.06422,1.26694,456,240.0,362.0,558,122.0,65,1441,285,113739
HHS Region,hhs5,2014,45,1.18259,1.41913,490,249.0,355.0,705,106.0,76,1626,283,114577
HHS Region,hhs5,2014,46,1.23456,1.51924,557,272.0,387.0,715,115.0,59,1718,286,113083
HHS Region,hhs5,2014,47,1.46924,1.82442,588,323.0,452.0,831,129.0,79,1950,277,106883
HHS Region,hhs5,2014,48,1.85963,2.60148,692,325.0,457.0,985,132.0,127,2261,288,86912
HHS Region,hhs5,2014,49,2.40791,3.11597,1018,558.0,793.0,1618,235.0,205,3634,291,116625
HHS Region,hhs5,2014,50,3.87368,4.43107,1251,822.0,1165.0,2599,343.0,273,5288,289,119339
HHS Region,hhs5,2014,51,4.89175,5.21334,1547,940.0,1373.0,2629,433.0,350,5899,284,113152
HHS Region,hhs5,2014,52,6.61818,6.11677,1198,974.0,1436.0,1531,462.0,518,4683,277,76560
HHS Region,hhs5,2014,53,4.81118,4.56835,1184,840.0,1279.0,895,439.0,460,3818,278,83575
HHS Region,hhs5,2015,1,3.18768,3.09148,807,667.0,1010.0,787,343.0,287,2891,282,93515
HHS Region,hhs5,2015,2,2.61885,2.47511,701,477.0,761.0,855,284.0,201,2518,287,101733
HHS Region,hhs5,2015,3,2.25666,2.19637,690,394.0,601.0,794,207.0,145,2230,282,101531
HHS Region,hhs5,2015,4,1.91831,1.99028,695,359.0,534.0,691,175.0,119,2039,270,102448
HHS Region,hhs5,2015,5,1.90558,1.99139,655,282.0,453.0,703,171.0,99,1910,272,95913
HHS Region,hhs5,2015,6,1.87613,2.00117,777,342.0,536.0,762,194.0,116,2191,279,109486
HHS Region,hhs5,2015,7,1.82722,1.98855,700,347.0,526.0,740,179.0,101,2067,284,103945
HHS Region,hhs5,2015,8,1.6269,1.84283,644,364.0,531.0,701,167.0,129,2005,280,108800
HHS Region,hhs5,2015,9,1.76895,2.04404,633,413.0,587.0,743,174.0,121,2084,266,101955
HHS Region,hhs5,2015,10,1.84069,2.08168,639,397.0,612.0,870,215.0,130,2251,263,108134
HHS Region,hhs5,2015,11,1.89009,2.20639,680,448.0,677.0,858,229.0,127,2342,268,106146
HHS Region,hhs5,2015,12,2.01196,2.26263,665,410.0,640.0,833,230.0,138,2276,259,100591
HHS Region,hhs5,2015,13,1.80398,2.18224,671,401.0,575.0,844,174.0,93,2183,262,100035
HHS Region,hhs5,2015,14,1.66844,1.9831,615,433.0,631.0,654,198.0,109,2009,253,101306
HHS Region,hhs5,2015,15,1.42249,1.62119,544,329.0,504.0,556,175.0,113,1717,261,105910
HHS Region,hhs5,2015,16,1.21027,1.41614,427,273.0,402.0,500,129.0,67,1396,250,98578
HHS Region,hhs5,2015,17,1.22808,1.41633,456,220.0,326.0,557,106.0,82,1421,256,100330
HHS Region,hhs5,2015,18,1.04621,1.26549,380,240.0,328.0,476,88.0,67,1251,252,98855
HHS Region,hhs5,2015,19,1.00154,1.19592,367,193.0,296.0,374,103.0,57,1094,237,91478
HHS Region,hhs5,2015,20,0.842797,1.11277,349,169.0,271.0,297,102.0,44,961,234,86361
HHS Region,hhs5,2015,21,0.716242,0.980323,248,109.0,172.0,230,63.0,46,696,225,70997
HHS Region,hhs5,2015,22,0.682971,0.96625,248,117.0,184.0,223,67.0,43,698,207,72238
HHS Region,hhs5,2015,23,0.642671,0.888264,231,112.0,175.0,208,63.0,37,651,215,73289
HHS Region,hhs5,2015,24,0.548483,0.753907,182,118.0,170.0,158,52.0,38,548,212,72688
HHS Region,hhs5,2015,25,0.632007,0.897927,238,122.0,185.0,191,63.0,47,661,207,73614
HHS Region,hhs5,2015,26,0.560284,0.821031,196,80.0,126.0,165,46.0,48,535,195,65162
HHS Region,hhs5,2015,27,0.589775,0.785497,180,111.0,178.0,163,67.0,44,565,188,71929
HHS Region,hhs5,2015,28,0.50997,0.735135,173,100.0,151.0,170,51.0,50,544,195,74000
HHS Region,hhs5,2015,29,0.503062,0.725861,183,109.0,148.0,141,39.0,31,503,180,69297
HHS Region,hhs5,2015,30,0.581513,0.796939,150,115.0,179.0,176,64.0,49,554,181,69516
HHS Region,hhs5,2015,31,0.585031,0.810165,182,111.0,165.0,173,54.0,36,556,179,68628
HHS Region,hhs5,2015,32,0.597183,0.76974,168,106.0,172.0,164,66.0,43,547,177,71063
HHS Region,hhs5,2015,33,0.581626,0.714199,155,114.0,181.0,159,67.0,34,529,173,74069
HHS Region,hhs5,2015,34,0.653146,0.781331,176,137.0,199.0,185,62.0,46,606,187,77560
HHS Region,hhs5,2015,35,0.595369,0.746803,162,117.0,172.0,209,55.0,31,574,188,76861
HHS Region,hhs5,2015,36,0.628781,0.844191,197,125.0,177.0,206,52.0,42,622,187,73680
HHS Region,hhs5,2015,37,0.698491,0.959238,207,149.0,230.0,310,81.0,55,802,205,83608
HHS Region,hhs5,2015,38,0.795037,0.995571,223,150.0,217.0,298,67.0,60,798,197,80155
HHS Region,hhs5,2015,39,0.879066,0.967398,223,144.0,227.0,304,83.0,54,808,202,83523
HHS Region,hhs5,2015,40,1.04259,1.17723,384,238.0,397.0,444,159.0,103,1328,284,112807
HHS Region,hhs5,2015,41,1.16893,1.27682,444,243.0,364.0,560,121.0,97,1465,288,114738
HHS Region,hhs5,2015,42,1.06713,1.15997,401,232.0,338.0,496,106.0,86,1321,290,113882
HHS Region,hhs5,2015,43,1.115,1.23559,407,249.0,370.0,515,121.0,91,1383,288,111930
HHS Region,hhs5,2015,44,1.21929,1.33523,477,238.0,345.0,633,107.0,88,1543,294,115561
HHS Region,hhs5,2015,45,1.30849,1.45087,509,293.0,425.0,640,132.0,97,1671,292,115172
HHS Region,hhs5,2015,46,1.24532,1.37789,479,306.0,440.0,547,134.0,91,1557,289,112999
HHS Region,hhs5,2015,47,1.43337,1.53387,398,251.0,384.0,443,133.0,66,1291,285,84166
HHS Region,hhs5,2015,48,1.14488,1.35145,473,285.0,424.0,564,139.0,88,1549,292,114618
HHS Region,hhs5,2015,49,1.38051,1.53142,487,291.0,463.0,670,172.0,116,1736,294,113359
HHS Region,hhs5,2015,50,1.44161,1.56788,497,303.0,455.0,583,152.0,94,1629,292,103898
HHS Region,hhs5,2015,51,1.8278,2.02272,562,250.0,408.0,429,158.0,116,1515,284,74899
HHS Region,hhs5,2015,52,1.73677,1.90992,550,279.0,441.0,367,162.0,124,1482,283,77595
HHS Region,hhs5,2016,1,1.40441,1.66397,561,339.0,530.0,512,191.0,134,1737,290,104389
HHS Region,hhs5,2016,2,1.36099,1.69529,547,307.0,464.0,575,157.0,106,1692,285,99806
HHS Region,hhs5,2016,3,1.43821,1.71493,578,353.0,513.0,609,160.0,117,1817,292,105952
HHS Region,hhs5,2016,4,1.45151,1.78828,606,374.0,544.0,716,170.0,116,1982,291,110833
HHS Region,hhs5,2016,5,1.57564,1.96362,698,390.0,558.0,821,168.0,109,2186,283,111325
HHS Region,hhs5,2016,6,1.82622,2.26647,778,440.0,661.0,900,221.0,122,2461,292,108583
HHS Region,hhs5,2016,7,2.38921,2.79189,884,581.0,868.0,1093,287.0,145,2990,287,107096
HHS Region,hhs5,2016,8,2.69171,2.98204,915,694.0,997.0,1261,303.0,173,3346,288,112205
HHS Region,hhs5,2016,9,2.9944,3.26501,1010,711.0,1048.0,1508,337.0,163,3729,292,114211
HHS Region,hhs5,2016,10,3.41225,3.41492,1005,853.0,1223.0,1504,370.0,215,3947,293,115581
HHS Region,hhs5,2016,11,2.60673,2.74642,852,664.0,977.0,1049,313.0,173,3051,286,111090
HHS Region,hhs5,2016,12,2.31501,2.4162,712,501.0,761.0,1004,260.0,144,2621,293,108476
HHS Region,hhs5,2016,13,2.00175,2.1611,577,494.0,741.0,844,247.0,148,2310,288,106890
HHS Region,hhs5,2016,14,1.59107,1.69396,504,344.0,561.0,635,217.0,140,1840,285,108621
HHS Region,hhs5,2016,15,1.45157,1.5853,422,330.0,510.0,671,180.0,142,1745,277,110074
HHS Region,hhs5,2016,16,1.46162,1.52015,394,339.0,514.0,590,175.0,111,1609,273,105845
HHS Region,hhs5,2016,17,1.34292,1.36907,389,258.0,414.0,514,156.0,109,1426,279,104158
HHS Region,hhs5,2016,18,1.03214,1.12813,297,217.0,327.0,429,110.0,64,1117,274,99013
HHS Region,hhs5,2016,19,1.11499,1.20272,366,200.0,307.0,415,107.0,73,1161,267,96531
HHS Region,hhs5,2016,20,1.04588,1.09584,298,193.0,306.0,351,113.0,77,1032,264,94174
HHS Region,hhs5,2016,21,0.803267,0.97272,257,129.0,200.0,222,71.0,83,762,233,78337
HHS Region,hhs5,2016,22,0.912362,1.04936,223,156.0,234.0,220,78.0,72,749,233,71377
HHS Region,hhs5,2016,23,0.838666,0.848477,236,133.0,194.0,188,61.0,45,663,229,78140
HHS Region,hhs5,2016,24,0.702271,0.675057,155,77.0,134.0,148,57.0,35,472,212,69920
HHS Region,hhs5,2016,25,0.57142,0.699422,181,70.0,115.0,159,45.0,29,484,218,69200
HHS Region,hhs5,2016,26,0.561355,0.764048,184,83.0,126.0,134,43.0,30,474,209,62038
HHS Region,hhs5,2016,27,0.528919,0.638404,124,78.0,122.0,114,44.0,38,398,209,62343
HHS Region,hhs5,2016,28,0.530323,0.635038,148,103.0,159.0,117,56.0,41,465,210,73224
HHS Region,hhs5,2016,29,0.524615,0.609041,148,87.0,133.0,118,46.0,27,426,205,69946
HHS Region,hhs5,2016,30,0.571754,0.588923,132,89.0,126.0,120,37.0,25,403,197,68430
HHS Region,hhs5,2016,31,0.559739,0.584812,120,85.0,124.0,138,39.0,32,414,207,70792
HHS Region,hhs5,2016,32,0.499993,0.560735,127,93.0,133.0,118,40.0,28,406,212,72405
HHS Region,hhs5,2016,33,0.534359,0.562241,120,65.0,111.0,151,46.0,38,420,207,74701
HHS Region,hhs5,2016,34,0.69594,0.702729,170,99.0,159.0,175,60.0,35,539,200,76701
HHS Region,hhs5,2016,35,0.638424,0.673107,135,90.0,130.0,199,40.0,30,494,193,73391
HHS Region,hhs5,2016,36,0.695816,0.794094,153,120.0,172.0,209,52.0,35,569,199,71654
HHS Region,hhs5,2016,37,0.794893,0.926678,179,113.0,162.0,351,49.0,38,730,200,78776
HHS Region,hhs5,2016,38,0.854437,0.970038,206,116.0,185.0,374,69.0,46,811,209,83605
HHS Region,hhs5,2016,39,0.983237,1.17604,231,158.0,247.0,416,89.0,63,957,211,81375
HHS Region,hhs5,2016,40,1.00259,1.04084,331,173.0,262.0,470,89.0,82,1145,296,110007
HHS Region,hhs5,2016,41,0.977935,1.01481,352,166.0,268.0,420,102.0,66,1106,295,108986
HHS Region,hhs5,2016,42,1.0411,1.17932,386,163.0,271.0,581,108.0,76,1314,292,111420
HHS Region,hhs5,2016,43,1.10603,1.22897,417,194.0,276.0,572,82.0,80,1345,297,109441
HHS Region,hhs5,2016,44,1.26644,1.38324,499,229.0,343.0,647,114.0,78,1567,292,113285
HHS Region,hhs5,2016,45,1.2373,1.4202,491,232.0,335.0,620,103.0,66,1512,289,106464
HHS Region,hhs5,2016,46,1.21417,1.44566,518,261.0,376.0,608,115.0,82,1584,291,109569
HHS Region,hhs5,2016,47,1.26992,1.51988,418,208.0,321.0,407,113.0,86,1232,284,81059
HHS Region,hhs5,2016,48,1.24656,1.37543,467,289.0,411.0,572,122.0,92,1542,294,112110
HHS Region,hhs5,2016,49,1.48693,1.6194,507,310.0,456.0,624,146.0,109,1696,295,104730
HHS Region,hhs5,2016,50,1.55394,1.74084,557,328.0,472.0,618,144.0,85,1732,293,99492
HHS Region,hhs5,2016,51,1.84416,2.02093,594,295.0,457.0,587,162.0,104,1742,292,86198
HHS Region,hhs5,2016,52,2.36953,2.58476,695,395.0,577.0,575,182.0,190,2037,277,78808
HHS Region,hhs5,2017,1,2.10416,2.35385,757,434.0,650.0,589,216.0,175,2171,298,92232
HHS Region,hhs5,2017,2,2.11757,2.29415,769,446.0,690.0,766,244.0,236,2461,297,107273
HHS Region,hhs5,2017,3,2.4432,2.54237,745,431.0,709.0,1101,278.0,220,2775,297,109150
HHS Region,hhs5,2017,4,2.76295,2.81205,860,474.0,726.0,1453,252.0,193,3232,296,114934
HHS Region,hhs5,2017,5,3.182,3.07009,960,602.0,918.0,1798,316.0,203,3879,295,126348
HHS Region,hhs5,2017,6,3.9176,3.96033,1100,711.0,1125.0,2281,414.0,290,4796,302,121101
HHS Region,hhs5,2017,7,4.31787,4.36675,1214,806.0,1209.0,2375,403.0,370,5168,295,118349
HHS Region,hhs5,2017,8,4.26139,4.29165,1109,842.0,1276.0,2239,434.0,378,5002,291,116552
HHS Region,hhs5,2017,9,3.04485,3.17637,878,610.0,954.0,1544,344.0,241,3617,296,113872
HHS Region,hhs5,2017,10,3.31743,3.30437,919,612.0,938.0,1586,326.0,254,3697,295,111882
HHS Region,hhs5,2017,11,2.99882,2.98238,838,554.0,835.0,1259,281.0,206,3138,290,105218
HHS Region,hhs5,2017,12,2.81307,2.90768,827,532.0,817.0,1356,285.0,194,3194,286,109847
HHS Region,hhs5,2017,13,2.38582,2.52413,690,468.0,705.0,1091,237.0,200,2686,270,106413
HHS Region,hhs5,2017,14,2.08707,2.09087,633,385.0,616.0,871,231.0,176,2296,287,109811
HHS Region,hhs5,2017,15,1.59399,1.55635,439,353.0,511.0,604,158.0,134,1688,284,108459
HHS Region,hhs5,2017,16,1.43122,1.39188,434,271.0,407.0,537,136.0,102,1480,276,106331
HHS Region,hhs5,2017,17,1.28566,1.29093,432,260.0,378.0,497,118.0,98,1405,280,108836
HHS Region,hhs5,2017,18,1.13294,1.14916,362,179.0,306.0,466,127.0,69,1203,277,104685
HHS Region,hhs5,2017,19,1.12252,1.24621,365,209.0,310.0,503,101.0,84,1262,269,101267
HHS Region,hhs5,2017,20,0.93765,1.09245,307,188.0,297.0,343,109.0,72,1019,255,93277
HHS Region,hhs5,2017,21,0.823691,0.994678,214,133.0,217.0,298,84.0,56,785,225,78920
HHS Region,hhs5,2017,22,0.785368,0.958927,218,137.0,207.0,218,70.0,49,692,220,72164
HHS Region,hhs5,2017,23,0.717118,0.851404,199,126.0,200.0,173,74.0,57,629,199,73878
HHS Region,hhs5,2017,24,0.639736,0.758219,148,112.0,167.0,163,55.0,58,536,200,70692
HHS Region,hhs5,2017,25,0.659815,0.762994,190,124.0,188.0,135,64.0,46,559,202,73264
HHS Region,hhs5,2017,26,0.572332,0.701646,144,97.0,139.0,136,42.0,35,454,192,64705
HHS Region,hhs5,2017,27,0.486301,0.605981,124,70.0,114.0,101,44.0,29,368,187,60728
HHS Region,hhs5,2017,28,0.559928,0.660922,154,106.0,152.0,116,46.0,29,451,184,68238
HHS Region,hhs5,2017,29,0.553207,0.603404,143,80.0,119.0,122,39.0,29,413,189,68445
HHS Region,hhs5,2017,30,0.559602,0.611616,144,85.0,130.0,119,45.0,28,421,186,68834
HHS Region,hhs5,2017,31,0.602327,0.639481,149,80.0,127.0,125,47.0,29,430,188,67242
HHS Region,hhs5,2017,32,0.612967,0.612002,139,85.0,129.0,121,44.0,28,417,186,68137
HHS Region,hhs5,2017,33,0.637141,0.654256,160,92.0,135.0,131,43.0,27,453,186,69239
HHS Region,hhs5,2017,34,0.627954,0.650544,167,102.0,146.0,136,44.0,22,471,190,72401
HHS Region,hhs5,2017,35,0.724628,0.751118,177,104.0,152.0,195,48.0,47,571,197,76020
HHS Region,hhs5,2017,36,0.859425,0.929336,167,138.0,205.0,212,67.0,62,646,192,69512
HHS Region,hhs5,2017,37,1.04165,1.06798,253,148.0,243.0,360,95.0,60,916,203,85769
HHS Region,hhs5,2017,38,1.11121,1.14762,281,183.0,279.0,373,96.0,70,1003,214,87398
HHS Region,hhs5,2017,39,1.29017,1.23893,353,187.0,282.0,376,95.0,79,1090,213,87979
HHS Region,hhs5,2017,40,1.13883,1.10788,358,213.0,316.0,504,103.0,73,1251,287,112918
HHS Region,hhs5,2017,41,1.16684,1.16117,428,234.0,340.0,448,106.0,77,1293,296,111353
HHS Region,hhs5,2017,42,1.14011,1.10251,435,239.0,339.0,428,100.0,77,1279,303,116008
HHS Region,hhs5,2017,43,1.23078,1.18805,461,226.0,330.0,488,104.0,74,1353,300,113884
HHS Region,hhs5,2017,44,1.22608,1.16856,447,202.0,316.0,509,114.0,67,1339,303,114585
HHS Region,hhs5,2017,45,1.32897,1.34042,507,249.0,372.0,597,123.0,80,1556,310,116083
HHS Region,hhs5,2017,46,1.21085,1.26252,432,231.0,343.0,554,112.0,87,1416,301,112157
HHS Region,hhs5,2017,47,1.54292,1.58138,492,212.0,327.0,413,115.0,108,1340,301,84736
HHS Region,hhs5,2017,48,1.59701,1.61978,552,363.0,486.0,684,123.0,175,1897,298,117115
HHS Region,hhs5,2017,49,1.92288,1.88726,617,417.0,625.0,786,208.0,168,2196,303,116359
HHS Region,hhs5,2017,50,2.18404,2.35642,783,427.0,653.0,954,226.0,203,2593,305,110040
HHS Region,hhs5,2017,51,3.19187,3.32804,949,644.0,982.0,1083,338.0,384,3398,285,102102
HHS Region,hhs5,2017,52,4.75027,5.04884,972,839.0,1353.0,1045,514.0,620,3990,279,79028
HHS Region,hhs6,2002,1,0.8055940257737,0.20185708518369,4,,5.0,4,,2,15,56,7431
HHS Region,hhs6,2002,2,1.02898745144891,0.45144113902072,6,,24.0,9,,0,39,62,8639
HHS Region,hhs6,2002,3,4.27770218370966,1.48464510880618,27,,63.0,52,,4,146,59,9834
HHS Region,hhs6,2002,4,3.17802163882869,1.22525918944392,23,,54.0,53,,0,130,60,10610
HHS Region,hhs6,2002,5,5.05560522718185,2.46339533043134,48,,113.0,87,,1,249,58,10108
HHS Region,hhs6,2002,6,4.2113893890143,1.68523805138595,38,,74.0,59,,12,183,59,10859
HHS Region,hhs6,2002,7,4.01688422781246,2.29366987179487,43,,78.0,79,,29,229,56,9984
HHS Region,hhs6,2002,8,4.07770553258528,2.21828785669652,34,,91.0,71,,17,213,55,9602
HHS Region,hhs6,2002,9,2.70945963327647,2.19405687506657,25,,117.0,54,,10,206,51,9389
HHS Region,hhs6,2002,10,1.9023749633597,1.28120893561104,12,,62.0,39,,4,117,58,9132
HHS Region,hhs6,2002,11,2.06970410462109,1.38973546263562,16,,39.0,57,,2,114,53,8203
HHS Region,hhs6,2002,12,0.679587998986154,0.671140939597315,6,,22.0,12,,2,42,48,6258
HHS Region,hhs6,2002,13,0.4816777914231,0.275157232704403,0,,11.0,1,,2,14,35,5088
HHS Region,hhs6,2002,14,0.693878832526277,0.24831011173955,3,,12.0,2,,1,18,48,7249
HHS Region,hhs6,2002,15,0.979513314031697,0.864960282436011,45,,2.0,1,,1,49,41,5665
HHS Region,hhs6,2002,16,0.415340899881728,0.0672494956287828,0,,2.0,1,,0,3,24,4461
HHS Region,hhs6,2002,17,0.0,0.0,0,,0.0,0,,0,0,23,4331
HHS Region,hhs6,2002,18,0.0,0.0,0,,0.0,0,,0,0,23,4290
HHS Region,hhs6,2002,19,0.0,0.0,0,,0.0,0,,0,0,23,4094
HHS Region,hhs6,2002,20,0.0,0.0,0,,0.0,0,,0,0,23,4009
HHS Region,hhs6,2002,40,0.428283458682137,0.14494369494927,1,,3.0,9,,0,13,56,8969
HHS Region,hhs6,2002,41,0.665571215146042,0.210153744054861,0,,3.0,16,,0,19,49,9041
HHS Region,hhs6,2002,42,1.17910093284007,0.338834845338288,1,,15.0,15,,0,31,65,9149
HHS Region,hhs6,2002,43,0.992243357830205,0.430469773535467,5,,15.0,26,,0,46,70,10686
HHS Region,hhs6,2002,44,1.3432272118285,0.670863011429518,11,,18.0,52,,0,81,81,12074
HHS Region,hhs6,2002,45,1.7157557305032,1.08969740634006,35,,19.0,63,,4,121,77,11104
HHS Region,hhs6,2002,46,1.38439416733157,0.725653500453533,18,,31.0,37,,2,88,81,12127
HHS Region,hhs6,2002,47,1.328999726839,1.02233406731677,22,,52.0,55,,1,130,81,12716
HHS Region,hhs6,2002,48,1.423322810361,0.882711991736313,13,,27.0,41,,13,94,80,10649
HHS Region,hhs6,2002,49,1.79257699675452,1.03152977812378,20,,25.0,58,,3,106,70,10276
HHS Region,hhs6,2002,50,2.88248297314461,1.78571428571429,39,,38.0,132,,2,211,81,11816
HHS Region,hhs6,2002,51,6.04978987940042,3.78780828292229,70,,41.0,288,,8,407,78,10745
HHS Region,hhs6,2002,52,4.12240889580132,2.82888229475767,48,,22.0,71,,2,143,44,5055
HHS Region,hhs6,2003,1,3.78321391786339,2.71192528735632,53,,17.0,81,,0,151,41,5568
HHS Region,hhs6,2003,2,1.93178121422982,2.31318333785127,73,,62.0,116,,5,256,76,11067
HHS Region,hhs6,2003,3,2.71071009862959,2.91338582677165,55,,79.0,122,,3,259,58,8890
HHS Region,hhs6,2003,4,3.78946287246297,4.49699054170249,117,,52.0,350,,4,523,79,11630
HHS Region,hhs6,2003,5,3.73256609521066,4.14998946703181,57,,93.0,241,,3,394,58,9494
HHS Region,hhs6,2003,6,3.04651834781937,3.41814159292035,48,,93.0,156,,12,309,54,9040
HHS Region,hhs6,2003,7,2.78385552648408,3.02063059556248,69,,96.0,222,,1,388,83,12845
HHS Region,hhs6,2003,8,1.83982087933301,1.51497629235573,16,,34.0,79,,2,131,58,8647
HHS Region,hhs6,2003,9,1.0687203487097,1.20158979572973,28,,48.0,51,,3,130,78,10819
HHS Region,hhs6,2003,10,1.84166940836869,1.78973013493253,23,,29.0,136,,3,191,70,10672
HHS Region,hhs6,2003,11,1.55836983148127,1.14918512327622,22,,29.0,54,,5,110,77,9572
HHS Region,hhs6,2003,12,1.2344633445966,0.700957646361931,13,,14.0,42,,2,71,77,10129
HHS Region,hhs6,2003,13,0.819839646266194,0.471278676862885,18,,10.0,25,,0,53,81,11246
HHS Region,hhs6,2003,14,0.859968131669997,0.493039443155452,12,,9.0,26,,4,51,80,10344
HHS Region,hhs6,2003,15,1.11282385115884,0.469671230138903,20,,8.0,19,,0,47,81,10007
HHS Region,hhs6,2003,16,1.04207836363311,0.575867148788,11,,9.0,23,,0,43,51,7467
HHS Region,hhs6,2003,17,0.834560345253024,0.294446136663621,8,,2.0,19,,0,29,79,9849
HHS Region,hhs6,2003,18,0.625751953240824,0.248621770619393,4,,5.0,13,,1,23,76,9251
HHS Region,hhs6,2003,19,0.478398751255895,0.189083574940124,4,,4.0,7,,0,15,72,7933
HHS Region,hhs6,2003,20,0.398766406359213,0.19774011299435,1,,3.0,3,,0,7,33,3540
HHS Region,hhs6,2003,21,1.14352204930207,1.26960418222554,2,,9.0,5,,1,17,9,1339
HHS Region,hhs6,2003,22,1.15287393915251,1.22982321291314,5,,3.0,6,,2,16,12,1301
HHS Region,hhs6,2003,23,0.824802234675758,0.884955752212389,1,,6.0,5,,1,13,12,1469
HHS Region,hhs6,2003,24,0.701011403556901,0.747282608695652,1,,3.0,7,,0,11,12,1472
HHS Region,hhs6,2003,25,0.570228452091175,0.602863602110023,1,,4.0,3,,0,8,11,1327
HHS Region,hhs6,2003,26,1.23987023119825,1.31291028446389,1,,11.0,6,,0,18,10,1371
HHS Region,hhs6,2003,27,0.429093355158384,0.475059382422803,0,,2.0,4,,0,6,10,1263
HHS Region,hhs6,2003,28,0.637283094142637,0.668896321070234,1,,2.0,5,,0,8,10,1196
HHS Region,hhs6,2003,29,0.88528100542733,0.928270042194093,2,,3.0,6,,0,11,10,1185
HHS Region,hhs6,2003,30,0.690106024405797,0.761421319796954,0,,2.0,7,,0,9,9,1182
HHS Region,hhs6,2003,31,0.23127209061628,0.255102040816327,0,,2.0,1,,0,3,8,1176
HHS Region,hhs6,2003,32,0.966665367519731,1.06820049301561,5,,1.0,7,,0,13,8,1217
HHS Region,hhs6,2003,33,1.14384145102525,1.25786163522013,7,,2.0,5,,0,14,8,1113
HHS Region,hhs6,2003,34,1.16402116402116,1.16402116402116,3,,6.0,2,,0,11,6,945
HHS Region,hhs6,2003,35,0.852459016393443,0.852459016393443,4,,3.0,6,,0,13,6,1525
HHS Region,hhs6,2003,36,1.15012573158648,0.972644376899696,4,,2.0,10,,0,16,6,1645
HHS Region,hhs6,2003,37,0.956937799043062,0.956937799043062,3,,2.0,13,,0,18,5,1881
HHS Region,hhs6,2003,38,0.842105263157895,0.842105263157895,2,,4.0,10,,0,16,5,1900
HHS Region,hhs6,2003,39,1.34843581445523,1.34843581445523,1,,5.0,19,,0,25,5,1854
HHS Region,hhs6,2003,40,1.34451467168762,1.04223806911684,13,,11.0,51,,1,76,41,7292
HHS Region,hhs6,2003,41,1.76665692564869,1.12765395119373,42,,23.0,61,,2,128,75,11351
HHS Region,hhs6,2003,42,2.12371725283046,1.4189366733818,40,,29.0,90,,3,162,68,11417
HHS Region,hhs6,2003,43,3.28583465937796,2.54659268743776,79,,69.0,203,,7,358,84,14058
HHS Region,hhs6,2003,44,6.1412680169029,4.60181516042439,159,,94.0,453,,14,720,90,15646
HHS Region,hhs6,2003,45,9.32216667386522,7.88131664348632,355,,125.0,870,,10,1360,95,17256
HHS Region,hhs6,2003,46,9.2909434847023,7.39948897116337,497,,101.0,812,,9,1419,96,19177
HHS Region,hhs6,2003,47,10.4211060135952,8.14306045417982,414,,147.0,742,,13,1316,78,16161
HHS Region,hhs6,2003,48,8.57337002271885,8.42179759377212,265,,202.0,472,,13,952,67,11304
HHS Region,hhs6,2003,49,8.65077268057724,9.2682663207955,391,,614.0,642,,68,1715,98,18504
HHS Region,hhs6,2003,50,8.84931161862397,8.17783920755586,348,,466.0,557,,49,1420,98,17364
HHS Region,hhs6,2003,51,8.46450763026773,7.14835818805573,319,,188.0,481,,33,1021,83,14283
HHS Region,hhs6,2003,52,8.65342090164667,5.17574692442882,192,,111.0,259,,27,589,100,11380
HHS Region,hhs6,2003,53,5.79973083291926,3.64986081039282,138,,116.0,178,,40,472,105,12932
HHS Region,hhs6,2004,1,3.67381964366231,2.10829862223646,110,,71.0,131,,17,329,101,15605
HHS Region,hhs6,2004,2,3.28451858450338,1.89405700801093,110,,55.0,133,,7,305,102,16103
HHS Region,hhs6,2004,3,2.46696617041366,1.62330757779826,94,,38.0,91,,6,229,81,14107
HHS Region,hhs6,2004,4,2.68056025276976,1.51179080084053,77,,50.0,115,,17,259,102,17132
HHS Region,hhs6,2004,5,1.92051771034997,1.03939752287297,68,,13.0,82,,4,167,101,16067
HHS Region,hhs6,2004,6,1.74717643862877,1.15836505047162,64,,15.0,60,,1,140,72,12086
HHS Region,hhs6,2004,7,1.71419653299818,0.898472596585804,57,,19.0,49,,5,130,96,14469
HHS Region,hhs6,2004,8,1.13431215458126,0.618122537698682,34,,9.0,46,,2,91,93,14722
HHS Region,hhs6,2004,9,1.16215847392152,0.771187135942243,32,,22.0,35,,5,94,67,12189
HHS Region,hhs6,2004,10,0.996325909160793,0.49467010381105,21,,14.0,35,,1,71,94,14353
HHS Region,hhs6,2004,11,1.06777838959546,0.522528696248073,20,,16.0,24,,1,61,80,11674
HHS Region,hhs6,2004,12,0.653765264593017,0.398293029871977,19,,9.0,27,,1,56,97,14060
HHS Region,hhs6,2004,13,0.5178550861888,0.299458426250398,10,,11.0,24,,2,47,104,15695
HHS Region,hhs6,2004,14,0.562030711811354,0.301932367149758,12,,9.0,21,,3,45,99,14904
HHS Region,hhs6,2004,15,0.500526836640565,0.269355618481939,10,,9.0,18,,2,39,93,14479
HHS Region,hhs6,2004,16,0.453672476811347,0.326832988342957,8,,10.0,12,,0,30,47,9179
HHS Region,hhs6,2004,17,0.530174971935867,0.322654989628947,8,,5.0,13,,2,28,46,8678
HHS Region,hhs6,2004,18,0.612580549210059,0.386230058774139,4,,4.0,14,,1,23,29,5955
HHS Region,hhs6,2004,19,0.344409614816323,0.235507246376812,4,,2.0,7,,0,13,28,5520
HHS Region,hhs6,2004,20,0.50980115564912,0.358959018845348,2,,4.0,6,,0,12,23,3343
HHS Region,hhs6,2004,21,0.339278660242996,0.314748201438849,2,,2.0,2,,1,7,15,2224
HHS Region,hhs6,2004,22,0.464519243767576,0.555555555555556,3,,2.0,4,,0,9,14,1620
HHS Region,hhs6,2004,23,0.716927871191153,0.777977259126272,7,,2.0,4,,0,13,13,1671
HHS Region,hhs6,2004,24,0.58177276260704,0.611995104039168,2,,2.0,6,,0,10,12,1634
HHS Region,hhs6,2004,25,0.380973027857251,0.428396572827417,5,,0.0,2,,0,7,13,1634
HHS Region,hhs6,2004,26,0.325282661485949,0.382409177820268,2,,1.0,3,,0,6,12,1569
HHS Region,hhs6,2004,27,1.56482861400894,1.56482861400894,8,,6.0,7,,0,21,10,1342
HHS Region,hhs6,2004,28,0.833333333333333,0.833333333333333,5,,1.0,5,,0,11,9,1320
HHS Region,hhs6,2004,29,1.33239831697055,1.33239831697055,7,,3.0,9,,0,19,8,1426
HHS Region,hhs6,2004,30,1.2037037037037,1.2037037037037,4,,2.0,7,,0,13,7,1080
HHS Region,hhs6,2004,31,0.657894736842105,0.657894736842105,3,,2.0,2,,0,7,7,1064
HHS Region,hhs6,2004,32,0.569568755085435,0.569568755085435,1,,0.0,6,,0,7,7,1229
HHS Region,hhs6,2004,33,1.55677655677656,1.55677655677656,3,,3.0,11,,0,17,7,1092
HHS Region,hhs6,2004,34,1.16279069767442,1.16279069767442,5,,7.0,7,,0,19,7,1634
HHS Region,hhs6,2004,35,1.10236220472441,1.10236220472441,4,,6.0,11,,0,21,7,1905
HHS Region,hhs6,2004,36,1.02471368294153,1.02471368294153,2,,1.0,13,,1,17,7,1659
HHS Region,hhs6,2004,37,1.11976630963973,1.11976630963973,6,,3.0,14,,0,23,7,2054
HHS Region,hhs6,2004,38,1.30536130536131,1.30536130536131,6,,5.0,15,,2,28,8,2145
HHS Region,hhs6,2004,39,0.965589547169107,0.526946107784431,4,,3.0,15,,0,22,22,4175
HHS Region,hhs6,2004,40,1.20624943533105,1.10542879622345,38,,102.0,133,,8,281,102,25420
HHS Region,hhs6,2004,41,0.920724752660908,0.936321997486928,41,,77.0,108,,5,231,79,24671
HHS Region,hhs6,2004,42,2.18945439523182,1.63765754951556,123,,97.0,154,,8,382,134,23326
HHS Region,hhs6,2004,43,1.1171926857433,0.983037779491133,34,,102.0,112,,7,255,125,25940
HHS Region,hhs6,2004,44,1.26378957242585,1.19490865009958,50,,91.0,122,,13,276,96,23098
HHS Region,hhs6,2004,45,1.4429440955306,1.17590857310844,71,,108.0,126,,15,320,139,27213
HHS Region,hhs6,2004,46,1.51000280296973,1.19203372583224,45,,86.0,108,,7,246,97,20637
HHS Region,hhs6,2004,47,1.67478724046766,1.38744543753897,47,,114.0,97,,9,267,102,19244
HHS Region,hhs6,2004,48,2.37690508308487,1.73793103448276,61,,134.0,170,,13,378,119,21750
HHS Region,hhs6,2004,49,1.59530599886708,1.3353115727003,41,,93.0,124,,3,261,90,19546
HHS Region,hhs6,2004,50,1.9713172575786,1.37495879832368,58,,109.0,117,,8,292,134,21237
HHS Region,hhs6,2004,51,2.50621729713628,2.06444413446785,68,,117.0,105,,6,296,83,14338
HHS Region,hhs6,2004,52,2.35798310689586,1.81135182421654,41,,180.0,116,,15,352,132,19433
HHS Region,hhs6,2005,1,2.35274005867072,1.87666444740346,85,,195.0,151,,20,451,136,24032
HHS Region,hhs6,2005,2,2.36785584141912,2.08487357681502,91,,139.0,181,,12,423,88,20289
HHS Region,hhs6,2005,3,3.2564361764611,2.67271810388301,105,,228.0,284,,19,636,118,23796
HHS Region,hhs6,2005,4,4.34683622128327,3.66919286039674,120,,316.0,427,,23,886,97,24147
HHS Region,hhs6,2005,5,7.82310075710038,6.9577317794399,194,,594.0,753,,59,1600,90,22996
HHS Region,hhs6,2005,6,8.21776277122046,7.37128600589703,235,,655.0,1009,,51,1950,118,26454
HHS Region,hhs6,2005,7,8.64111394838631,7.23611260149515,213,,768.0,979,,63,2023,139,27957
HHS Region,hhs6,2005,8,6.48391117577281,5.73403674731672,255,,577.0,684,,60,1576,113,27485
HHS Region,hhs6,2005,9,4.89043316005639,4.04990189908563,157,,420.0,456,,61,1094,140,27013
HHS Region,hhs6,2005,10,4.25111436016702,3.69103002806721,167,,347.0,404,,42,960,136,26009
HHS Region,hhs6,2005,11,3.24370706239474,2.84523144367559,147,,270.0,226,,19,662,122,23267
HHS Region,hhs6,2005,12,2.40066586433878,1.92915066154503,94,,166.0,172,,20,452,117,23430
HHS Region,hhs6,2005,13,2.25717072398023,1.69646750981247,67,,155.0,153,,14,389,114,22930
HHS Region,hhs6,2005,14,1.83309849167055,1.38260757203773,61,,132.0,121,,7,321,115,23217
HHS Region,hhs6,2005,15,1.50551049198857,1.35631534331732,47,,104.0,129,,8,288,91,21234
HHS Region,hhs6,2005,16,1.64093868373504,1.49785323965652,74,,104.0,121,,8,307,83,20496
HHS Region,hhs6,2005,17,1.39831678264341,1.37526106316744,52,,106.0,174,,17,349,114,25377
HHS Region,hhs6,2005,18,1.28164010301404,1.1505016722408,50,,73.0,120,,15,258,128,22425
HHS Region,hhs6,2005,19,1.65508764959498,1.3097732901505,50,,79.0,136,,10,275,122,20996
HHS Region,hhs6,2005,20,1.37832998926966,1.01940491591203,39,,54.0,98,,6,197,115,19325
HHS Region,hhs6,2005,21,1.46609401412154,1.6907058935906,44,,56.0,69,,8,177,81,10469
HHS Region,hhs6,2005,22,1.94825736031655,1.89873417721519,25,,56.0,74,,7,162,67,8532
HHS Region,hhs6,2005,23,1.70419889699236,1.65713618858677,33,,40.0,62,,7,142,68,8569
HHS Region,hhs6,2005,24,1.44526972267385,1.40530182050463,20,,46.0,59,,7,132,66,9393
HHS Region,hhs6,2005,25,1.27119954154886,1.23304562268804,14,,46.0,44,,6,110,61,8921
HHS Region,hhs6,2005,26,1.20017644720925,1.1760752688172,21,,39.0,43,,2,105,59,8928
HHS Region,hhs6,2005,27,1.03865934752516,0.969381723607991,17,,34.0,29,,2,82,59,8459
HHS Region,hhs6,2005,28,1.16575198580144,1.14776134836108,14,,44.0,49,,4,111,62,9671
HHS Region,hhs6,2005,29,1.00399084802037,0.996712967871912,18,,30.0,43,,3,94,63,9431
HHS Region,hhs6,2005,30,1.19935395860772,1.13661940130542,14,,32.0,51,,4,101,59,8886
HHS Region,hhs6,2005,31,1.00086465979219,0.970459635277807,15,,39.0,34,,3,91,59,9377
HHS Region,hhs6,2005,32,0.86388089223658,0.847457627118644,14,,33.0,33,,0,80,58,9440
HHS Region,hhs6,2005,33,0.738157283478081,0.733698460266612,13,,25.0,30,,3,71,59,9677
HHS Region,hhs6,2005,34,1.49715115431453,1.47118369550547,25,,38.0,45,,1,109,9,7409
HHS Region,hhs6,2005,35,2.37433431595295,2.64255910987483,52,,66.0,87,,4,209,9,7909
HHS Region,hhs6,2005,36,1.55699590277996,1.73433188805676,27,,39.0,65,,1,132,9,7611
HHS Region,hhs6,2005,37,1.84924687145074,2.05571279606733,24,,54.0,59,,1,138,8,6713
HHS Region,hhs6,2005,38,1.9786394494862,2.09875179498509,32,,56.0,98,,4,190,9,9053
HHS Region,hhs6,2005,39,1.64598919660749,1.72153427967381,29,,59.0,78,,5,171,23,9933
HHS Region,hhs6,2005,40,0.878791156774194,0.836692781623184,62,,59.0,93,,6,220,121,26294
HHS Region,hhs6,2005,41,1.16806723758647,0.979913800113849,74,,58.0,104,,5,241,122,24594
HHS Region,hhs6,2005,42,1.22295657642309,1.04664308376792,93,,66.0,124,,4,287,122,27421
HHS Region,hhs6,2005,43,1.21401502099312,1.09642420537897,85,,83.0,116,,3,287,103,26176
HHS Region,hhs6,2005,44,1.48679878700242,1.29766838293775,97,,54.0,151,,8,310,106,23889
HHS Region,hhs6,2005,45,1.85033793221097,1.65359244072027,87,,118.0,148,,18,371,100,22436
HHS Region,hhs6,2005,46,1.97265983677984,1.79473234402921,129,,150.0,163,,20,462,109,25742
HHS Region,hhs6,2005,47,2.02691169581823,1.8153784939819,107,,116.0,132,,10,365,110,20106
HHS Region,hhs6,2005,48,1.94760571186818,1.77257403849639,150,,154.0,170,,15,489,113,27587
HHS Region,hhs6,2005,49,2.34115305530436,2.02649424381012,134,,148.0,225,,7,514,109,25364
HHS Region,hhs6,2005,50,3.10522585950987,2.78115084805515,170,,223.0,301,,16,710,104,25529
HHS Region,hhs6,2005,51,4.76019847197649,4.31822421190077,225,,309.0,360,,32,926,103,21444
HHS Region,hhs6,2005,52,5.9924626113589,5.64616689111676,269,,480.0,329,,54,1132,99,20049
HHS Region,hhs6,2006,1,5.06608031545615,5.21464313932052,258,,520.0,319,,91,1188,107,22782
HHS Region,hhs6,2006,2,4.30729048277532,4.29146508106511,301,,339.0,461,,61,1162,121,27077
HHS Region,hhs6,2006,3,5.72340986045083,5.35081646780959,350,,385.0,518,,61,1314,94,24557
HHS Region,hhs6,2006,4,4.68854309749139,4.72589167767503,388,,395.0,592,,56,1431,133,30280
HHS Region,hhs6,2006,5,4.66311792349675,4.32870822747704,350,,375.0,544,,60,1329,131,30702
HHS Region,hhs6,2006,6,4.11305406546588,3.82397474308173,326,,320.0,499,,42,1187,132,31041
HHS Region,hhs6,2006,7,5.67923340868509,4.78901649477828,328,,499.0,581,,64,1472,126,30737
HHS Region,hhs6,2006,8,5.44283427291337,4.70710933426039,306,,348.0,640,,60,1354,119,28765
HHS Region,hhs6,2006,9,5.89019206802967,4.88690014798112,270,,367.0,699,,51,1387,127,28382
HHS Region,hhs6,2006,10,4.78492468225192,4.04265532848718,250,,349.0,499,,81,1179,127,29164
HHS Region,hhs6,2006,11,3.39459253230732,3.0439364461738,204,,202.0,304,,41,751,124,24672
HHS Region,hhs6,2006,12,3.45401592583365,2.96957403651116,178,,179.0,342,,33,732,125,24650
HHS Region,hhs6,2006,13,2.95334709153719,2.83247500757346,165,,178.0,377,,28,748,123,26408
HHS Region,hhs6,2006,14,3.2677113693194,3.26236129082853,214,,148.0,443,,27,832,124,25503
HHS Region,hhs6,2006,15,2.29651144789645,2.38230490662501,160,,117.0,373,,21,671,123,28166
HHS Region,hhs6,2006,16,2.28708359747745,2.19756954735995,145,,95.0,266,,13,519,122,23617
HHS Region,hhs6,2006,17,1.96025765433689,1.92572214580468,109,,126.0,251,,18,504,132,26172
HHS Region,hhs6,2006,18,1.49392714990061,1.49653006629706,92,,80.0,198,,16,386,128,25793
HHS Region,hhs6,2006,19,1.82136848155281,1.65670367207515,105,,97.0,173,,13,388,126,23420
HHS Region,hhs6,2006,20,2.19859793816343,1.83910356263504,93,,76.0,181,,16,366,108,19901
HHS Region,hhs6,2006,21,1.65683286397808,1.57028913260219,72,,58.0,112,,10,252,87,16048
HHS Region,hhs6,2006,22,2.62347703315361,2.64859597838604,100,,71.0,119,,9,299,67,11289
HHS Region,hhs6,2006,23,2.10106044952456,2.22078482104355,110,,65.0,124,,10,309,66,13914
HHS Region,hhs6,2006,24,1.45962550358276,1.52492223655261,66,,56.0,73,,6,201,67,13181
HHS Region,hhs6,2006,25,1.39324606931899,1.4721801255683,64,,50.0,84,,6,204,70,13857
HHS Region,hhs6,2006,26,1.4752017204554,1.55541153596889,78,,36.0,95,,7,216,65,13887
HHS Region,hhs6,2006,27,1.68020672176805,1.76126811304139,62,,54.0,96,,8,220,62,12491
HHS Region,hhs6,2006,28,1.36050029647942,1.45673925838729,67,,39.0,82,,10,198,61,13592
HHS Region,hhs6,2006,29,1.18288901109897,1.25125511701552,48,,36.0,69,,9,162,60,12947
HHS Region,hhs6,2006,30,1.18069755000526,1.29647910496874,72,,49.0,62,,14,197,60,15195
HHS Region,hhs6,2006,31,1.26797964583841,1.39612419254011,71,,49.0,74,,7,201,60,14397
HHS Region,hhs6,2006,32,1.46100246796171,1.58089003412494,78,,33.0,105,,11,227,61,14359
HHS Region,hhs6,2006,33,1.66640694700994,1.82131266971323,94,,52.0,120,,9,275,62,15099
HHS Region,hhs6,2006,34,1.45148209122153,1.56907768848067,78,,48.0,111,,9,246,61,15678
HHS Region,hhs6,2006,35,1.86538391390447,2.12739094754119,92,,83.0,144,,18,337,60,15841
HHS Region,hhs6,2006,36,2.05942485875729,2.20308431804526,104,,85.0,130,,11,330,59,14979
HHS Region,hhs6,2006,37,1.65387347256331,1.7346172232466,73,,71.0,105,,5,254,57,14643
HHS Region,hhs6,2006,38,1.77529472407783,1.94990488268865,72,,72.0,94,,8,246,34,12616
HHS Region,hhs6,2006,39,1.72222791664441,2.16224276767074,64,,101.0,118,,7,290,34,13412
HHS Region,hhs6,2006,40,1.29969427676109,1.2435459239328,94,,86.0,151,,11,342,129,27502
HHS Region,hhs6,2006,41,1.65739826558395,1.58423069903267,136,,116.0,167,,15,434,127,27395
HHS Region,hhs6,2006,42,1.98233983776563,1.98894443122008,298,,175.0,235,,44,752,149,37809
HHS Region,hhs6,2006,43,2.04055020312907,2.01559079502376,263,,187.0,275,,30,755,150,37458
HHS Region,hhs6,2006,44,2.36277747496176,2.35835734056375,281,,198.0,314,,42,835,142,35406
HHS Region,hhs6,2006,45,3.13318600144697,3.05079535848767,489,,258.0,392,,52,1191,146,39039
HHS Region,hhs6,2006,46,3.36411234595205,3.3115193566191,566,,251.0,380,,63,1260,143,38049
HHS Region,hhs6,2006,47,3.72799782992441,3.71689785624212,518,,277.0,281,,103,1179,149,31720
HHS Region,hhs6,2006,48,3.27970850194256,3.29146932041935,470,,353.0,337,,77,1237,144,37582
HHS Region,hhs6,2006,49,3.39291605531505,3.38837154706941,429,,331.0,432,,107,1299,154,38337
HHS Region,hhs6,2006,50,4.65278564036747,4.60618947731387,591,,295.0,634,,83,1603,145,34801
HHS Region,hhs6,2006,51,4.68878288875544,4.71262807898487,571,,217.0,545,,56,1389,141,29474
HHS Region,hhs6,2006,52,5.6690613196765,5.66241985177783,580,,299.0,375,,106,1360,111,24018
HHS Region,hhs6,2007,1,3.85813257176523,3.90649318309158,474,,352.0,339,,90,1255,162,32126
HHS Region,hhs6,2007,2,3.54881066276516,3.45314616781483,410,,326.0,371,,91,1198,146,34693
HHS Region,hhs6,2007,3,4.1699849249337,4.10758295531664,456,,182.0,470,,42,1150,148,27997
HHS Region,hhs6,2007,4,5.71282297097453,5.25576730190572,754,,355.0,857,,130,2096,163,39880
HHS Region,hhs6,2007,5,5.67756512198841,5.33403551008125,725,,467.0,849,,86,2127,159,39876
HHS Region,hhs6,2007,6,7.26662036550568,6.60920243896466,804,,595.0,1240,,60,2699,150,40837
HHS Region,hhs6,2007,7,7.56284706276028,7.26146547179758,903,,654.0,1095,,103,2755,156,37940
HHS Region,hhs6,2007,8,7.29034502692107,6.94871188844245,863,,691.0,1196,,190,2940,162,42310
HHS Region,hhs6,2007,9,6.14836221162247,5.97099172945248,738,,616.0,921,,158,2433,152,40747
HHS Region,hhs6,2007,10,5.08329610168413,4.99339846844468,593,,468.0,746,,84,1891,150,37870
HHS Region,hhs6,2007,11,4.45923318424251,4.58341425519518,496,,535.0,515,,106,1652,137,36043
HHS Region,hhs6,2007,12,3.04200635250669,2.93945346152521,248,,259.0,311,,35,853,130,29019
HHS Region,hhs6,2007,13,2.61560356509786,2.76905763193745,248,,311.0,298,,78,935,130,33766
HHS Region,hhs6,2007,14,2.58950730656867,2.73250239693193,304,,340.0,290,,92,1026,152,37548
HHS Region,hhs6,2007,15,3.02539049053796,3.00212615166549,332,,276.0,348,,103,1059,149,35275
HHS Region,hhs6,2007,16,2.14240221694203,2.2381732888713,231,,252.0,235,,74,792,145,35386
HHS Region,hhs6,2007,17,2.21711573932073,2.23834516826181,207,,218.0,243,,57,725,128,32390
HHS Region,hhs6,2007,18,1.94261482789962,1.95078031212485,168,,201.0,237,,44,650,142,33320
HHS Region,hhs6,2007,19,2.0261003298579,2.0101129908234,178,,206.0,213,,47,644,131,32038
HHS Region,hhs6,2007,20,1.92851776689917,1.91910721197265,155,,171.0,211,,58,595,131,31004
HHS Region,hhs6,2007,21,1.69418300461808,1.85436786251974,152,,176.0,143,,34,505,111,27233
HHS Region,hhs6,2007,22,1.80458760320192,1.93659985710525,149,,186.0,145,,35,515,110,26593
HHS Region,hhs6,2007,23,1.55479628070254,1.67893961708395,168,,134.0,108,,46,456,108,27160
HHS Region,hhs6,2007,24,1.5624959388545,1.60894768133175,134,,119.0,131,,49,433,109,26912
HHS Region,hhs6,2007,25,1.33389069436997,1.45660606982582,107,,142.0,105,,29,383,107,26294
HHS Region,hhs6,2007,26,1.71027322859508,1.80003341129302,115,,157.0,122,,37,431,104,23944
HHS Region,hhs6,2007,27,1.34110226088274,1.2951352340854,79,,95.0,81,,28,283,105,21851
HHS Region,hhs6,2007,28,1.06314406460995,1.00087032201915,57,,61.0,85,,4,207,98,20682
HHS Region,hhs6,2007,29,1.45692040460942,1.4564790197665,107,,128.0,101,,42,378,103,25953
HHS Region,hhs6,2007,30,1.5203644679131,1.567766122619,110,,163.0,106,,35,414,104,26407
HHS Region,hhs6,2007,31,1.55284208808284,1.39470013947001,77,,141.0,80,,22,320,99,22944
HHS Region,hhs6,2007,32,1.65420953502461,1.33441164577436,74,,75.0,100,,15,264,97,19784
HHS Region,hhs6,2007,33,1.33615681873661,1.36571143591514,105,,108.0,101,,42,356,101,26067
HHS Region,hhs6,2007,34,1.67296713587646,1.62718446601942,139,,132.0,118,,30,419,105,25750
HHS Region,hhs6,2007,35,1.54033295301594,1.57565878837272,123,,126.0,114,,43,406,103,25767
HHS Region,hhs6,2007,36,1.56957819989806,1.37762579384465,89,,73.0,118,,2,282,94,20470
HHS Region,hhs6,2007,37,1.9062520727489,1.95656427313637,128,,132.0,212,,28,500,101,25555
HHS Region,hhs6,2007,38,2.28819434152754,2.45666239922494,218,,225.0,217,,50,710,103,28901
HHS Region,hhs6,2007,39,2.29888720125224,2.16717080828579,183,,170.0,166,,47,566,100,26117
HHS Region,hhs6,2007,40,2.14618586310999,2.12385039852851,305,,229.0,270,,62,866,168,40775
HHS Region,hhs6,2007,41,2.71430424089767,2.68001693691001,387,,238.0,386,,65,1076,173,40149
HHS Region,hhs6,2007,42,2.91430707162615,2.79809758335144,395,,313.0,395,,56,1159,166,41421
HHS Region,hhs6,2007,43,3.16726680746857,2.96898324763642,499,,246.0,449,,59,1253,170,42203
HHS Region,hhs6,2007,44,3.48540086519779,3.26226621615191,589,,243.0,475,,64,1371,160,42026
HHS Region,hhs6,2007,45,3.64890699518488,3.40431428703404,586,,311.0,519,,58,1474,176,43298
HHS Region,hhs6,2007,46,3.42364733645795,3.20621869388527,561,,260.0,458,,78,1357,167,42324
HHS Region,hhs6,2007,47,3.8894741163877,3.91783318147933,615,,301.0,426,,77,1419,180,36219
HHS Region,hhs6,2007,48,3.73961396078652,3.56670165670211,661,,351.0,459,,92,1563,173,43822
HHS Region,hhs6,2007,49,3.07706295405007,2.84288078586301,379,,221.0,440,,25,1065,168,37462
HHS Region,hhs6,2007,50,2.9002091807084,2.52785292492073,324,,182.0,332,,31,869,166,34377
HHS Region,hhs6,2007,51,3.04823628730086,2.66715260751441,239,,254.0,264,,48,805,147,30182
HHS Region,hhs6,2007,52,3.96793054120433,3.38421488581233,277,,232.0,313,,36,858,152,25353
HHS Region,hhs6,2008,1,3.94391515581815,3.73479745906087,322,,399.0,398,,51,1170,169,31327
HHS Region,hhs6,2008,2,4.72509435787691,4.68063456824384,496,,740.0,643,,145,2024,183,43242
HHS Region,hhs6,2008,3,4.78586028995747,4.51431893435786,455,,536.0,735,,60,1786,170,39563
HHS Region,hhs6,2008,4,7.61877942578112,7.10403726708075,629,,909.0,1275,,115,2928,169,41216
HHS Region,hhs6,2008,5,10.2370103041121,9.44138806601777,902,,1428.0,1910,,222,4462,177,47260
HHS Region,hhs6,2008,6,10.3372173038393,9.36141758609161,902,,1532.0,1848,,198,4480,181,47856
HHS Region,hhs6,2008,7,9.70153489670113,8.8333615436696,897,,1353.0,1666,,259,4175,187,47264
HHS Region,hhs6,2008,8,8.20702980593336,7.5514924551162,676,,1241.0,1315,,196,3428,185,45395
HHS Region,hhs6,2008,9,6.60167684795472,6.06394956090971,608,,1026.0,914,,145,2693,175,44410
HHS Region,hhs6,2008,10,6.32418110410613,5.69589702333065,655,,781.0,893,,149,2478,184,43505
HHS Region,hhs6,2008,11,4.93447213070732,4.60423311104668,369,,579.0,552,,88,1588,155,34490
HHS Region,hhs6,2008,12,4.51542672666688,4.20222634508349,302,,557.0,410,,90,1359,160,32340
HHS Region,hhs6,2008,13,3.05562982516021,2.86374801329288,253,,371.0,303,,64,991,163,34605
HHS Region,hhs6,2008,14,2.76555717235757,3.01790138923689,348,,354.0,297,,85,1084,147,35919
HHS Region,hhs6,2008,15,2.17982562873909,2.20648008361398,302,,293.0,253,,102,950,163,43055
HHS Region,hhs6,2008,16,2.06148310791931,2.12412177985948,262,,310.0,279,,56,907,171,42700
HHS Region,hhs6,2008,17,1.40762421543923,1.29590922663482,122,,146.0,147,,19,434,141,33490
HHS Region,hhs6,2008,18,1.16304495605966,1.18681465632522,116,,115.0,118,,6,355,138,29912
HHS Region,hhs6,2008,19,1.42668488524936,1.3850325025316,113,,142.0,155,,14,424,136,30613
HHS Region,hhs6,2008,20,1.24626985254388,1.1705532693187,118,,150.0,104,,12,384,150,32805
HHS Region,hhs6,2008,21,1.377200997457,1.34202005227636,93,,118.0,123,,10,344,117,25633
HHS Region,hhs6,2008,22,1.787432534528,1.92967248332265,129,,204.0,129,,50,512,106,26533
HHS Region,hhs6,2008,23,1.27025712478796,1.32306952128939,57,,106.0,98,,14,275,93,20785
HHS Region,hhs6,2008,24,1.61694553583461,1.70644438328156,119,,145.0,115,,55,434,103,25433
HHS Region,hhs6,2008,25,1.30053842656956,1.41896629955039,73,,141.0,103,,27,344,97,24243
HHS Region,hhs6,2008,26,1.35668549336243,1.34810805290303,42,,123.0,88,,11,264,90,19583
HHS Region,hhs6,2008,27,1.21758120230179,1.36426914153132,74,,107.0,76,,37,294,84,21550
HHS Region,hhs6,2008,28,1.28951143111507,1.35598895120114,78,,143.0,79,,24,324,82,23894
HHS Region,hhs6,2008,29,1.64681164461141,1.66700221461647,102,,163.0,87,,62,414,81,24835
HHS Region,hhs6,2008,30,1.322729575041,1.43013798775473,73,,121.0,84,,35,313,78,21886
HHS Region,hhs6,2008,31,1.23310235907479,1.46171432854841,108,,152.0,88,,42,390,71,26681
HHS Region,hhs6,2008,32,1.4811603737728,1.68946098149638,72,,154.0,84,,26,336,58,19888
HHS Region,hhs6,2008,33,1.42177713800441,1.68818747011,104,,128.0,69,,52,353,55,20910
HHS Region,hhs6,2008,34,1.0729622860407,1.40259186176737,63,,106.0,67,,27,263,56,18751
HHS Region,hhs6,2008,35,0.646587296762323,0.858342209134766,48,,36.0,43,,10,137,44,15961
HHS Region,hhs6,2008,36,1.25761016657433,1.69365067522197,54,,66.0,94,,13,227,44,13403
HHS Region,hhs6,2008,37,1.9503136469771,2.41138609373584,135,,185.0,164,,48,532,51,22062
HHS Region,hhs6,2008,38,2.26597470550742,2.81783055319951,195,,192.0,164,,47,598,49,21222
HHS Region,hhs6,2008,39,1.52085035122117,1.57878507554733,41,,116.0,85,,14,256,46,16215
HHS Region,hhs6,2008,40,2.10321742650032,1.90442706044359,157,,205.0,260,,28,650,140,34131
HHS Region,hhs6,2008,41,1.65349712123858,1.63341965225805,159,,163.0,219,,33,574,149,35141
HHS Region,hhs6,2008,42,1.38716478861399,1.36207881210737,145,,121.0,194,,17,477,152,35020
HHS Region,hhs6,2008,43,1.54191078363174,1.57039213885573,167,,136.0,190,,20,513,135,32667
HHS Region,hhs6,2008,44,2.16741419577615,2.02609793742107,203,,172.0,299,,48,722,148,35635
HHS Region,hhs6,2008,45,1.6304129886711,1.53990131019227,164,,159.0,178,,42,543,144,35262
HHS Region,hhs6,2008,46,1.48737053762479,1.44450286410051,155,,146.0,180,,41,522,150,36137
HHS Region,hhs6,2008,47,1.85477731507048,1.80583687558839,196,,177.0,226,,34,633,148,35053
HHS Region,hhs6,2008,48,2.17762333074179,2.08765120397935,182,,164.0,170,,38,554,137,26537
HHS Region,hhs6,2008,49,1.78131524148106,1.78616211998774,198,,213.0,204,,26,641,149,35887
HHS Region,hhs6,2008,50,1.63763639395949,1.73059537646907,172,,136.0,191,,37,536,130,30972
HHS Region,hhs6,2008,51,2.46804926988292,2.45424584531239,235,,214.0,224,,27,700,122,28522
HHS Region,hhs6,2008,52,2.87520059498815,3.19682826457894,238,,182.0,175,,42,637,132,19926
HHS Region,hhs6,2008,53,4.33445299202433,2.73297846984984,239,,216.0,178,,55,688,124,25174
HHS Region,hhs6,2009,1,2.50721484026174,2.29405293470524,219,,224.0,218,,48,709,132,30906
HHS Region,hhs6,2009,2,3.16186133631291,2.85292077565668,251,,276.0,358,,61,946,130,33159
HHS Region,hhs6,2009,3,3.7099895079866,3.46769341836121,287,,481.0,622,,51,1441,156,41555
HHS Region,hhs6,2009,4,5.28209191771275,4.73706068628978,434,,478.0,850,,63,1825,148,38526
HHS Region,hhs6,2009,5,5.95372324126346,5.369409785504,463,,641.0,1144,,50,2298,147,42798
HHS Region,hhs6,2009,6,6.50086923955028,5.99828006306435,548,,560.0,1321,,82,2511,157,41862
HHS Region,hhs6,2009,7,5.25934572153584,4.86654022297266,438,,563.0,1022,,81,2104,151,43234
HHS Region,hhs6,2009,8,4.26105359017231,4.11546622519645,418,,446.0,823,,78,1765,149,42887
HHS Region,hhs6,2009,9,4.10177253051327,3.8567908684065,343,,402.0,697,,92,1534,150,39774
HHS Region,hhs6,2009,10,2.48249648264102,2.12138287646259,360,,323.0,513,,84,1280,149,60338
HHS Region,hhs6,2009,11,3.39527479278175,3.12029025955903,311,,267.0,455,,85,1118,150,35830
HHS Region,hhs6,2009,12,2.44903533762774,2.33367394846585,211,,318.0,286,,30,845,142,36209
HHS Region,hhs6,2009,13,2.10540321459465,1.9903793530547,199,,215.0,247,,30,691,147,34717
HHS Region,hhs6,2009,14,2.38182639174405,2.33239405183718,221,,301.0,256,,58,836,152,35843
HHS Region,hhs6,2009,15,1.50474578029387,1.46405300035443,138,,185.0,183,,31,537,147,36679
HHS Region,hhs6,2009,16,1.86474023866881,1.80918020698918,196,,197.0,260,,34,687,159,37973
HHS Region,hhs6,2009,17,4.19802713681589,4.31687331278817,383,,537.0,822,,65,1807,149,41859
HHS Region,hhs6,2009,18,3.44945752340687,3.58601678987596,344,,402.0,623,,62,1431,140,39905
HHS Region,hhs6,2009,19,3.05823538293522,3.17077693306138,322,,355.0,470,,50,1197,148,37751
HHS Region,hhs6,2009,20,2.43862385536911,2.39896912869441,222,,242.0,394,,17,875,144,36474
HHS Region,hhs6,2009,21,1.49154395077419,1.50331692702761,221,,208.0,359,,55,843,147,56076
HHS Region,hhs6,2009,22,1.09285663034108,1.11984190467228,198,,179.0,288,,49,714,150,63759
HHS Region,hhs6,2009,23,1.73939033356123,1.49129582318341,166,,108.0,203,,25,502,149,33662
HHS Region,hhs6,2009,24,0.857873750508941,0.990717160929927,154,,172.0,244,,33,603,140,60865
HHS Region,hhs6,2009,25,0.902505884118985,0.995843282922084,163,,156.0,204,,40,563,139,56535
HHS Region,hhs6,2009,26,0.990338967121258,1.11882003124633,172,,179.0,252,,63,666,146,59527
HHS Region,hhs6,2009,27,1.4503970613517,1.66729631028838,199,,169.0,240,,54,662,140,39705
HHS Region,hhs6,2009,28,0.932089300302762,1.14907923127101,194,,211.0,232,,50,687,143,59787
HHS Region,hhs6,2009,29,0.952242036801557,1.10811772480049,194,,180.0,260,,20,654,138,59019
HHS Region,hhs6,2009,30,1.16424253886104,1.60738610564553,156,,124.0,196,,55,531,139,33035
HHS Region,hhs6,2009,31,0.750677256550775,0.838030380667449,147,,156.0,185,,19,507,136,60499
HHS Region,hhs6,2009,32,0.891254743146327,1.00261694471704,154,,162.0,259,,38,613,130,61140
HHS Region,hhs6,2009,33,1.70169221411208,2.57385329183062,310,,440.0,858,,145,1753,148,68108
HHS Region,hhs6,2009,34,3.3715140191413,4.42607871940253,506,,735.0,1794,,189,3224,147,72841
HHS Region,hhs6,2009,35,4.70666482838903,7.71391487960326,579,,808.0,2520,,75,3982,144,51621
HHS Region,hhs6,2009,36,5.50065138912587,6.86246535137779,615,,741.0,1949,,62,3367,136,49064
HHS Region,hhs6,2009,37,7.27392072360853,8.89480876680102,913,,1309.0,2708,,212,5142,143,57809
HHS Region,hhs6,2009,38,7.65388679150073,8.34848374663661,683,,786.0,1864,,111,3444,131,41253
HHS Region,hhs6,2009,39,9.45473480534523,9.86590038314176,926,,1220.0,3138,,72,5356,137,54288
HHS Region,hhs6,2009,40,12.8256743395917,11.9249133363856,2304,1342.0,1918.0,4694,576.0,200,9116,209,76445
HHS Region,hhs6,2009,41,13.3821802308376,13.1759863379603,2563,1378.0,1795.0,4499,417.0,170,9027,213,68511
HHS Region,hhs6,2009,42,11.3106203129789,10.8968408023181,2293,1130.0,1504.0,3801,374.0,149,7747,205,71094
HHS Region,hhs6,2009,43,9.206987881798,8.80658560989661,1940,966.0,1245.0,2460,279.0,164,5809,204,65962
HHS Region,hhs6,2009,44,6.69823401247614,6.64084248433372,1671,954.0,1239.0,2575,285.0,121,5606,220,84417
HHS Region,hhs6,2009,45,6.42334430950731,6.09713436142611,1296,633.0,864.0,1908,231.0,115,4183,209,68606
HHS Region,hhs6,2009,46,5.81342666430545,5.52461783590213,1239,546.0,746.0,1425,200.0,92,3502,204,63389
HHS Region,hhs6,2009,47,4.38152055997718,4.56324423349155,1080,440.0,604.0,970,164.0,86,2740,214,60045
HHS Region,hhs6,2009,48,3.89652314606114,4.03431982759775,1179,501.0,673.0,1069,172.0,93,3014,208,74709
HHS Region,hhs6,2009,49,3.56213727649201,3.79088752826962,1028,435.0,637.0,995,202.0,89,2749,208,72516
HHS Region,hhs6,2009,50,4.59567441487876,4.23508471914426,1015,396.0,541.0,781,145.0,90,2427,196,57307
HHS Region,hhs6,2009,51,3.96591967535885,4.19929127676279,861,321.0,445.0,600,124.0,73,1979,196,47127
HHS Region,hhs6,2009,52,3.65888902315888,3.926318445622,1027,462.0,632.0,592,170.0,83,2334,191,59445
HHS Region,hhs6,2010,1,2.68679913962152,2.94322850719657,755,489.0,726.0,671,237.0,126,2278,203,77398
HHS Region,hhs6,2010,2,3.0323574195569,3.15460458829634,962,486.0,693.0,869,207.0,90,2614,206,82863
HHS Region,hhs6,2010,3,2.73487322844327,3.03097426809909,855,452.0,664.0,838,212.0,106,2463,201,81261
HHS Region,hhs6,2010,4,2.78097067800447,2.97587131367292,816,391.0,534.0,917,143.0,64,2331,196,78330
HHS Region,hhs6,2010,5,3.35978956381445,3.66482357026471,1092,415.0,573.0,986,158.0,93,2744,187,74874
HHS Region,hhs6,2010,6,2.74204982803558,2.96687016271169,822,405.0,577.0,820,172.0,104,2323,192,78298
HHS Region,hhs6,2010,7,2.89691025781557,3.21589055882111,929,571.0,808.0,894,237.0,110,2741,180,85233
HHS Region,hhs6,2010,8,2.92040871201583,3.40075074233851,866,633.0,916.0,1093,283.0,160,3035,193,89245
HHS Region,hhs6,2010,9,2.8744292995966,3.11829104840527,777,567.0,782.0,950,215.0,120,2629,187,84309
HHS Region,hhs6,2010,10,2.91635919746125,3.08933650664654,910,482.0,716.0,921,234.0,114,2661,188,86135
HHS Region,hhs6,2010,11,2.15222083000507,2.48471515527783,554,434.0,617.0,577,183.0,93,1841,182,74093
HHS Region,hhs6,2010,12,1.8883219278833,2.11484186146583,483,385.0,563.0,555,178.0,70,1671,189,79013
HHS Region,hhs6,2010,13,1.65918760713587,1.87245736454994,436,284.0,407.0,483,123.0,64,1390,184,74234
HHS Region,hhs6,2010,14,1.48764762838133,1.6919871287651,388,314.0,427.0,424,113.0,44,1283,184,75828
HHS Region,hhs6,2010,15,1.48392389115292,1.57649498444741,433,229.0,329.0,438,100.0,62,1262,185,80051
HHS Region,hhs6,2010,16,1.51426765293529,1.6029541353699,421,178.0,239.0,443,61.0,43,1146,173,71493
HHS Region,hhs6,2010,17,1.43873473911751,1.59645401780611,471,237.0,327.0,395,90.0,64,1257,191,78737
HHS Region,hhs6,2010,18,1.41357880044445,1.54016302789497,398,207.0,297.0,393,90.0,40,1128,176,73239
HHS Region,hhs6,2010,19,1.39148769457008,1.5111135916505,405,214.0,284.0,363,70.0,31,1083,179,71669
HHS Region,hhs6,2010,20,1.18618985427834,1.3201563537134,312,161.0,216.0,317,55.0,50,895,164,67795
HHS Region,hhs6,2010,21,1.21409867999246,1.34260369216015,318,177.0,239.0,295,62.0,44,896,156,66736
HHS Region,hhs6,2010,22,1.30991498308587,1.48726495416833,278,171.0,215.0,302,44.0,26,821,136,55202
HHS Region,hhs6,2010,23,0.962931405870105,1.12076706003079,239,161.0,205.0,220,44.0,35,699,133,62368
HHS Region,hhs6,2010,24,0.851095205589661,0.938066491842517,180,112.0,139.0,202,27.0,12,533,128,56819
HHS Region,hhs6,2010,25,0.936451704599842,1.03246864799863,223,102.0,140.0,219,38.0,19,601,135,58210
HHS Region,hhs6,2010,26,0.911912951507353,1.0076241500103,165,103.0,132.0,168,29.0,24,489,123,48530
HHS Region,hhs6,2010,27,0.982479707709764,1.03075363298412,158,80.0,112.0,188,32.0,30,488,123,47344
HHS Region,hhs6,2010,28,0.940340880454896,0.999878063650774,147,125.0,152.0,177,27.0,16,492,113,49206
HHS Region,hhs6,2010,29,0.812194996179111,0.938462109128677,173,94.0,143.0,155,49.0,35,506,117,53918
HHS Region,hhs6,2010,30,0.753385750662549,0.757618377871542,162,95.0,125.0,114,30.0,3,404,113,53325
HHS Region,hhs6,2010,31,0.719030350848334,0.77706412858997,138,110.0,143.0,147,33.0,39,467,117,60098
HHS Region,hhs6,2010,32,0.541568892492172,0.605536332179931,103,83.0,116.0,110,33.0,21,350,105,57800
HHS Region,hhs6,2010,33,0.792130506600196,0.902906229425965,170,147.0,190.0,193,43.0,23,576,108,63794
HHS Region,hhs6,2010,34,0.817809086149756,0.863120066739395,187,112.0,152.0,167,40.0,32,538,115,62332
HHS Region,hhs6,2010,35,1.12364621146392,1.27663008392511,208,224.0,292.0,255,68.0,36,791,110,61960
HHS Region,hhs6,2010,36,1.31940284682106,1.46753868240549,228,214.0,284.0,277,70.0,39,828,113,56421
HHS Region,hhs6,2010,37,1.13150103623282,1.22572191537709,190,166.0,215.0,311,49.0,23,739,105,60291
HHS Region,hhs6,2010,38,1.21762003082854,1.28708185107715,211,205.0,278.0,307,73.0,47,843,108,65497
HHS Region,hhs6,2010,39,1.33965801487399,1.47432560703022,288,227.0,301.0,320,74.0,54,963,121,65318
HHS Region,hhs6,2010,40,1.84949,2.01923,572,333.0,438.0,552,105.0,76,1638,194,81120
HHS Region,hhs6,2010,41,1.86262,1.98193,531,330.0,448.0,531,118.0,65,1575,189,79468
HHS Region,hhs6,2010,42,1.99312,2.06312,564,347.0,434.0,653,87.0,54,1705,200,82642
HHS Region,hhs6,2010,43,1.99243,2.08067,581,315.0,411.0,619,96.0,82,1693,191,81368
HHS Region,hhs6,2010,44,2.24871,2.35225,620,378.0,512.0,764,134.0,71,1967,192,83622
HHS Region,hhs6,2010,45,2.36384,2.32952,668,349.0,500.0,812,151.0,113,2093,198,89847
HHS Region,hhs6,2010,46,2.40205,2.43491,664,386.0,523.0,781,137.0,97,2065,190,84808
HHS Region,hhs6,2010,47,2.61929,2.69265,688,306.0,420.0,518,114.0,82,1708,188,63432
HHS Region,hhs6,2010,48,2.46261,2.53594,759,379.0,533.0,682,154.0,102,2076,192,81863
HHS Region,hhs6,2010,49,2.33473,2.40649,541,400.0,525.0,823,125.0,63,1952,190,81114
HHS Region,hhs6,2010,50,2.8973,2.90562,683,388.0,526.0,949,138.0,63,2221,182,76438
HHS Region,hhs6,2010,51,3.8447,3.81037,731,493.0,668.0,881,175.0,120,2400,160,62986
HHS Region,hhs6,2010,52,3.77879,4.1885,917,804.0,1073.0,868,269.0,204,3062,183,73105
HHS Region,hhs6,2011,1,3.33221,3.4825,897,666.0,879.0,956,213.0,177,2909,185,83532
HHS Region,hhs6,2011,2,4.42108,4.39163,1025,725.0,987.0,1349,262.0,174,3535,179,80494
HHS Region,hhs6,2011,3,5.74786,5.67214,1423,984.0,1331.0,2196,347.0,180,5130,193,90442
HHS Region,hhs6,2011,4,6.90089,6.37602,1419,1161.0,1484.0,2665,323.0,146,5714,188,89617
HHS Region,hhs6,2011,5,7.60514,7.63539,1449,1327.0,1769.0,2846,442.0,293,6357,200,83257
HHS Region,hhs6,2011,6,7.77494,7.47696,1320,1420.0,1823.0,2416,403.0,226,5785,189,77371
HHS Region,hhs6,2011,7,7.94874,7.84706,1533,1850.0,2530.0,3344,680.0,281,7688,189,97973
HHS Region,hhs6,2011,8,6.25285,6.08464,1398,1253.0,1619.0,2507,366.0,191,5715,187,93925
HHS Region,hhs6,2011,9,4.74045,4.66002,1051,795.0,1068.0,1510,273.0,224,3853,167,82682
HHS Region,hhs6,2011,10,3.57418,3.59841,827,638.0,839.0,1163,201.0,115,2944,172,81814
HHS Region,hhs6,2011,11,3.01461,3.09767,722,563.0,769.0,891,206.0,80,2462,180,79479
HHS Region,hhs6,2011,12,2.89336,2.94501,666,421.0,570.0,690,149.0,105,2031,176,68964
HHS Region,hhs6,2011,13,2.00158,2.06325,532,326.0,429.0,648,103.0,65,1674,174,81134
HHS Region,hhs6,2011,14,1.83492,1.99956,480,288.0,411.0,580,123.0,91,1562,175,78117
HHS Region,hhs6,2011,15,1.46036,1.56035,369,244.0,327.0,431,83.0,50,1177,166,75432
HHS Region,hhs6,2011,16,1.47911,1.58658,357,228.0,294.0,391,66.0,47,1089,158,68638
HHS Region,hhs6,2011,17,1.32832,1.50336,369,207.0,273.0,389,66.0,43,1074,160,71440
HHS Region,hhs6,2011,18,1.41019,1.52937,289,224.0,283.0,392,59.0,38,1002,145,65517
HHS Region,hhs6,2011,19,1.44453,1.49276,299,233.0,307.0,348,74.0,33,987,147,66119
HHS Region,hhs6,2011,20,1.21322,1.30721,279,199.0,255.0,318,56.0,32,884,142,67625
HHS Region,hhs6,2011,21,1.09818,1.17903,230,173.0,212.0,256,39.0,18,716,120,60728
HHS Region,hhs6,2011,22,1.22396,1.25445,195,194.0,225.0,243,31.0,34,697,119,55562
HHS Region,hhs6,2011,23,0.939862,1.00705,192,165.0,208.0,193,43.0,23,616,114,61169
HHS Region,hhs6,2011,24,1.1047,1.18269,209,156.0,234.0,196,78.0,34,673,108,56904
HHS Region,hhs6,2011,25,0.908702,0.995137,169,140.0,181.0,186,41.0,39,575,105,57781
HHS Region,hhs6,2011,26,1.16308,1.18643,152,131.0,174.0,164,43.0,23,513,98,43239
HHS Region,hhs6,2011,27,0.906745,0.989863,139,120.0,149.0,155,29.0,13,456,90,46067
HHS Region,hhs6,2011,28,0.915695,1.00361,172,147.0,181.0,177,34.0,23,553,96,55101
HHS Region,hhs6,2011,29,0.739525,0.908809,147,138.0,170.0,160,32.0,22,499,96,54907
HHS Region,hhs6,2011,30,0.811418,0.943828,176,122.0,163.0,158,41.0,18,515,94,54565
HHS Region,hhs6,2011,31,0.779258,0.890037,155,109.0,144.0,152,35.0,28,479,92,53818
HHS Region,hhs6,2011,32,0.856841,0.883874,126,124.0,154.0,164,30.0,26,470,76,53175
HHS Region,hhs6,2011,33,0.885646,0.983188,148,147.0,184.0,200,37.0,23,555,89,56449
HHS Region,hhs6,2011,34,0.972444,1.08961,163,149.0,189.0,273,40.0,39,664,94,60939
HHS Region,hhs6,2011,35,1.27984,1.41095,227,179.0,241.0,317,62.0,43,828,96,58684
HHS Region,hhs6,2011,36,1.5286,1.63387,228,185.0,248.0,294,63.0,38,808,89,49453
HHS Region,hhs6,2011,37,1.57697,1.61876,160,203.0,255.0,295,52.0,30,740,80,45714
HHS Region,hhs6,2011,38,1.59488,1.54188,166,194.0,236.0,274,42.0,25,701,77,45464
HHS Region,hhs6,2011,39,1.48378,1.57638,199,203.0,260.0,286,57.0,25,770,82,48846
HHS Region,hhs6,2011,40,1.86381,1.97601,371,345.0,450.0,492,105.0,41,1354,155,68522
HHS Region,hhs6,2011,41,1.68396,1.80612,383,284.0,365.0,413,81.0,42,1203,152,66607
HHS Region,hhs6,2011,42,1.94358,2.02106,401,320.0,432.0,497,112.0,46,1376,162,68083
HHS Region,hhs6,2011,43,1.87213,2.0015,437,326.0,418.0,491,92.0,42,1388,153,69348
HHS Region,hhs6,2011,44,1.86579,2.02281,429,352.0,457.0,554,105.0,32,1472,164,72770
HHS Region,hhs6,2011,45,2.02278,2.06932,420,340.0,440.0,496,100.0,53,1409,153,68090
HHS Region,hhs6,2011,46,2.22927,2.30977,483,401.0,533.0,558,132.0,70,1644,156,71176
HHS Region,hhs6,2011,47,2.14262,2.34223,449,314.0,403.0,398,89.0,46,1296,154,55332
HHS Region,hhs6,2011,48,2.15272,2.24239,419,396.0,542.0,483,146.0,66,1510,153,67339
HHS Region,hhs6,2011,49,1.96344,2.06985,403,263.0,357.0,392,94.0,54,1206,153,58265
HHS Region,hhs6,2011,50,2.11156,2.28868,465,343.0,472.0,468,129.0,49,1454,148,63530
HHS Region,hhs6,2011,51,2.24022,2.36386,504,328.0,432.0,380,104.0,64,1380,147,58379
HHS Region,hhs6,2011,52,2.29386,2.48387,452,329.0,462.0,314,133.0,69,1297,140,52217
HHS Region,hhs6,2012,1,2.13777,2.28109,488,361.0,485.0,391,124.0,81,1445,159,63347
HHS Region,hhs6,2012,2,2.07773,2.15305,419,322.0,451.0,437,129.0,77,1384,156,64281
HHS Region,hhs6,2012,3,2.18854,2.24208,457,363.0,444.0,484,81.0,70,1455,155,64895
HHS Region,hhs6,2012,4,2.35321,2.3215,527,382.0,492.0,578,110.0,45,1642,160,70730
HHS Region,hhs6,2012,5,2.45197,2.38334,550,358.0,488.0,613,130.0,59,1710,154,71748
HHS Region,hhs6,2012,6,2.68775,2.64315,587,449.0,563.0,723,114.0,63,1936,158,73246
HHS Region,hhs6,2012,7,3.03924,2.97602,601,531.0,694.0,761,163.0,72,2128,156,71505
HHS Region,hhs6,2012,8,3.33632,3.13812,687,470.0,650.0,750,180.0,118,2205,158,70265
HHS Region,hhs6,2012,9,3.49991,3.32995,655,655.0,839.0,961,184.0,106,2561,155,76908
HHS Region,hhs6,2012,10,3.35928,3.21959,582,415.0,557.0,858,142.0,90,2087,151,64822
HHS Region,hhs6,2012,11,4.10656,3.79715,676,656.0,876.0,939,220.0,102,2593,154,68288
HHS Region,hhs6,2012,12,2.93849,2.81459,532,481.0,634.0,731,153.0,76,1973,152,70099
HHS Region,hhs6,2012,13,2.5656,2.56547,431,459.0,590.0,747,131.0,57,1825,146,71137
HHS Region,hhs6,2012,14,2.36481,2.38629,404,357.0,457.0,632,100.0,72,1565,139,65583
HHS Region,hhs6,2012,15,1.93999,2.02017,366,313.0,399.0,559,86.0,58,1382,142,68410
HHS Region,hhs6,2012,16,2.01636,2.06347,408,306.0,409.0,572,103.0,61,1450,146,70270
HHS Region,hhs6,2012,17,1.93504,1.92402,340,297.0,379.0,525,82.0,46,1290,135,67047
HHS Region,hhs6,2012,18,1.88552,1.90776,341,254.0,343.0,503,89.0,63,1250,136,65522
HHS Region,hhs6,2012,19,1.90734,1.88319,315,262.0,339.0,463,77.0,58,1175,129,62394
HHS Region,hhs6,2012,20,1.88577,1.88469,327,249.0,313.0,448,64.0,47,1135,132,60222
HHS Region,hhs6,2012,21,1.9224,1.91024,307,301.0,368.0,499,67.0,54,1228,118,64285
HHS Region,hhs6,2012,22,2.19488,1.86476,229,181.0,227.0,323,46.0,37,816,116,43759
HHS Region,hhs6,2012,23,1.45448,1.55676,303,213.0,277.0,296,64.0,40,916,107,58840
HHS Region,hhs6,2012,24,1.29741,1.43768,254,179.0,233.0,290,54.0,30,807,108,56132
HHS Region,hhs6,2012,25,1.45649,1.44764,246,208.0,258.0,284,50.0,44,832,105,57473
HHS Region,hhs6,2012,26,2.15795,1.90411,224,227.0,300.0,307,73.0,36,867,104,45533
HHS Region,hhs6,2012,27,1.49991,1.50808,182,209.0,279.0,266,70.0,42,769,101,50992
HHS Region,hhs6,2012,28,1.31529,1.36619,204,193.0,241.0,265,48.0,33,743,97,54385
HHS Region,hhs6,2012,29,1.23195,1.31934,199,197.0,246.0,259,49.0,35,739,94,56013
HHS Region,hhs6,2012,30,1.17031,1.19235,179,178.0,242.0,228,64.0,34,683,100,57282
HHS Region,hhs6,2012,31,1.29867,1.34286,221,200.0,276.0,266,76.0,38,801,103,59649
HHS Region,hhs6,2012,32,1.25579,1.38205,239,203.0,280.0,299,77.0,35,853,105,61720
HHS Region,hhs6,2012,33,1.14701,1.26019,212,201.0,264.0,275,63.0,48,799,100,63403
HHS Region,hhs6,2012,34,1.41152,1.55733,288,269.0,340.0,355,71.0,38,1021,100,65561
HHS Region,hhs6,2012,35,1.43111,1.64202,319,271.0,350.0,341,79.0,45,1055,101,64250
HHS Region,hhs6,2012,36,1.64163,1.72518,261,270.0,359.0,344,89.0,59,1023,97,59298
HHS Region,hhs6,2012,37,1.87249,1.98307,360,267.0,362.0,501,95.0,56,1279,100,64496
HHS Region,hhs6,2012,38,1.81293,1.99765,381,288.0,362.0,486,74.0,62,1291,101,64626
HHS Region,hhs6,2012,39,1.91308,1.98614,366,322.0,427.0,490,105.0,41,1324,103,66662
HHS Region,hhs6,2012,40,1.92793,2.07659,417,344.0,444.0,652,100.0,45,1558,151,75027
HHS Region,hhs6,2012,41,2.23852,2.32587,485,420.0,567.0,766,147.0,76,1894,166,81432
HHS Region,hhs6,2012,42,1.81741,1.95098,474,299.0,377.0,739,78.0,53,1643,168,84214
HHS Region,hhs6,2012,43,2.38553,2.54369,603,403.0,527.0,811,124.0,85,2026,163,79648
HHS Region,hhs6,2012,44,2.4706,2.60291,580,415.0,540.0,915,125.0,65,2100,165,80679
HHS Region,hhs6,2012,45,2.90487,3.18332,749,537.0,710.0,1166,173.0,106,2731,174,85791
HHS Region,hhs6,2012,46,2.93099,3.26598,769,505.0,650.0,1127,145.0,74,2620,158,80221
HHS Region,hhs6,2012,47,4.39504,4.54593,899,651.0,874.0,1187,223.0,97,3057,161,67247
HHS Region,hhs6,2012,48,3.67382,3.89375,830,862.0,1162.0,1350,300.0,179,3521,174,90427
HHS Region,hhs6,2012,49,4.60617,4.70096,1005,1014.0,1305.0,1914,291.0,162,4386,179,93300
HHS Region,hhs6,2012,50,5.55733,5.75432,1245,1154.0,1497.0,2291,343.0,186,5219,180,90697
HHS Region,hhs6,2012,51,7.18653,7.24731,1349,1393.0,1836.0,2598,443.0,204,5987,164,82610
HHS Region,hhs6,2012,52,9.25411,9.05061,1526,1696.0,2283.0,2156,587.0,344,6309,170,69708
HHS Region,hhs6,2013,1,7.66877,7.405,1491,1697.0,2385.0,1647,688.0,401,5924,176,80000
HHS Region,hhs6,2013,2,7.26613,6.89569,1330,1960.0,2644.0,2232,684.0,430,6636,182,96234
HHS Region,hhs6,2013,3,7.3695,6.73411,1323,1471.0,1955.0,2748,484.0,318,6344,184,94207
HHS Region,hhs6,2013,4,7.10997,6.57881,1283,1562.0,2154.0,2511,592.0,272,6220,180,94546
HHS Region,hhs6,2013,5,5.82086,5.39727,1066,1148.0,1569.0,2128,421.0,238,5001,185,92658
HHS Region,hhs6,2013,6,4.4613,4.3701,812,938.0,1243.0,1588,305.0,213,3856,180,88236
HHS Region,hhs6,2013,7,3.85266,3.71666,809,773.0,1034.0,1205,261.0,181,3229,181,86879
HHS Region,hhs6,2013,8,3.28524,3.32377,616,706.0,973.0,1080,267.0,146,2815,175,84693
HHS Region,hhs6,2013,9,3.22203,3.16205,588,713.0,911.0,1111,198.0,145,2755,175,87127
HHS Region,hhs6,2013,10,3.14942,3.15576,678,659.0,863.0,1071,204.0,132,2744,169,86952
HHS Region,hhs6,2013,11,3.04121,3.18152,630,574.0,746.0,826,172.0,148,2350,164,73864
HHS Region,hhs6,2013,12,2.56286,2.61251,575,531.0,709.0,792,178.0,113,2189,167,83789
HHS Region,hhs6,2013,13,2.33966,2.49484,606,484.0,625.0,731,141.0,117,2079,168,83332
HHS Region,hhs6,2013,14,2.23433,2.41288,546,475.0,633.0,646,158.0,122,1947,163,80692
HHS Region,hhs6,2013,15,2.02133,2.09722,508,365.0,502.0,632,137.0,117,1759,160,83873
HHS Region,hhs6,2013,16,1.9546,1.93265,434,381.0,490.0,613,109.0,75,1612,158,83409
HHS Region,hhs6,2013,17,1.87992,1.87937,411,364.0,476.0,569,112.0,91,1547,161,82315
HHS Region,hhs6,2013,18,1.65645,1.76952,392,302.0,413.0,508,111.0,82,1395,154,78835
HHS Region,hhs6,2013,19,1.73602,1.91816,392,344.0,443.0,561,99.0,82,1478,150,77053
HHS Region,hhs6,2013,20,1.63421,1.87254,421,335.0,470.0,522,135.0,92,1505,150,80372
HHS Region,hhs6,2013,21,1.47642,1.72979,402,284.0,361.0,431,77.0,56,1250,142,72263
HHS Region,hhs6,2013,22,1.51067,1.63769,354,234.0,323.0,406,89.0,51,1134,141,69244
HHS Region,hhs6,2013,23,1.3348,1.42228,310,240.0,323.0,320,83.0,48,1001,135,70380
HHS Region,hhs6,2013,24,1.24818,1.31163,272,237.0,332.0,296,95.0,47,947,132,72200
HHS Region,hhs6,2013,25,1.58591,1.54003,305,234.0,353.0,375,119.0,68,1101,137,71492
HHS Region,hhs6,2013,26,1.42071,1.34103,256,239.0,310.0,329,71.0,32,927,134,69126
HHS Region,hhs6,2013,27,1.55464,1.46876,250,227.0,288.0,323,61.0,49,910,132,61957
HHS Region,hhs6,2013,28,1.42515,1.33907,246,233.0,298.0,307,65.0,45,896,129,66912
HHS Region,hhs6,2013,29,1.35908,1.30814,230,196.0,258.0,286,62.0,34,808,126,61767
HHS Region,hhs6,2013,30,1.20512,1.22122,202,195.0,257.0,285,62.0,39,783,120,64116
HHS Region,hhs6,2013,31,1.37829,1.49746,145,179.0,255.0,259,76.0,40,699,106,46679
HHS Region,hhs6,2013,32,1.161,1.21405,233,204.0,261.0,278,57.0,50,822,140,67707
HHS Region,hhs6,2013,33,1.29592,1.32053,245,226.0,294.0,330,68.0,36,905,134,68533
HHS Region,hhs6,2013,34,1.41086,1.41378,275,252.0,314.0,417,62.0,41,1047,139,74057
HHS Region,hhs6,2013,35,1.69677,1.71471,364,263.0,396.0,444,133.0,123,1327,142,77389
HHS Region,hhs6,2013,36,2.33453,2.13561,426,357.0,494.0,489,137.0,134,1543,144,72251
HHS Region,hhs6,2013,37,2.29547,2.25613,511,369.0,497.0,655,128.0,129,1792,153,79428
HHS Region,hhs6,2013,38,2.4592,2.36611,494,405.0,556.0,707,151.0,179,1936,165,81822
HHS Region,hhs6,2013,39,2.63031,2.58086,550,434.0,655.0,660,221.0,193,2058,188,79741
HHS Region,hhs6,2013,40,2.1557,2.09784,585,418.0,538.0,709,120.0,78,1910,235,91046
HHS Region,hhs6,2013,41,2.23693,2.21748,644,469.0,632.0,774,163.0,103,2153,247,97092
HHS Region,hhs6,2013,42,2.43559,2.34977,669,506.0,657.0,728,151.0,81,2135,246,90860
HHS Region,hhs6,2013,43,2.39649,2.41742,716,559.0,720.0,888,161.0,69,2393,250,98990
HHS Region,hhs6,2013,44,2.51041,2.50366,757,505.0,696.0,807,191.0,102,2362,248,94342
HHS Region,hhs6,2013,45,2.91517,2.85511,778,559.0,740.0,972,181.0,84,2574,226,90154
HHS Region,hhs6,2013,46,3.29638,3.17205,884,786.0,1047.0,1112,261.0,109,3152,249,99368
HHS Region,hhs6,2013,47,3.70307,3.43496,867,890.0,1139.0,1258,249.0,89,3353,236,97614
HHS Region,hhs6,2013,48,4.39287,4.13207,896,935.0,1221.0,940,286.0,123,3180,247,76959
HHS Region,hhs6,2013,49,4.94593,4.61421,934,1440.0,1914.0,1415,474.0,200,4463,245,96723
HHS Region,hhs6,2013,50,5.60209,5.34457,991,1626.0,2168.0,1788,542.0,198,5145,250,96266
HHS Region,hhs6,2013,51,8.00422,6.90014,1156,2286.0,3027.0,2308,741.0,204,6695,239,97027
HHS Region,hhs6,2013,52,9.86221,9.21926,1643,2524.0,3473.0,1992,949.0,323,7431,242,80603
HHS Region,hhs6,2014,1,8.5737,8.26957,1635,2785.0,3817.0,1822,1032.0,453,7727,247,93439
HHS Region,hhs6,2014,2,6.94006,6.88999,1275,2315.0,3191.0,1839,876.0,353,6658,244,96633
HHS Region,hhs6,2014,3,5.78707,5.7519,1120,1830.0,2431.0,1864,601.0,278,5693,238,98976
HHS Region,hhs6,2014,4,5.30023,5.10502,1019,1396.0,1876.0,1575,480.0,211,4681,240,91694
HHS Region,hhs6,2014,5,5.2044,4.80805,1040,1262.0,1690.0,1589,428.0,231,4550,249,94633
HHS Region,hhs6,2014,6,4.56823,4.08569,934,1100.0,1524.0,1276,424.0,212,3946,250,96581
HHS Region,hhs6,2014,7,3.88266,3.64261,772,896.0,1197.0,1202,301.0,192,3363,234,92324
HHS Region,hhs6,2014,8,3.7722,3.4244,801,901.0,1185.0,1206,284.0,136,3328,238,97185
HHS Region,hhs6,2014,9,3.59481,3.28347,729,769.0,1010.0,1088,241.0,145,2972,225,90514
HHS Region,hhs6,2014,10,3.43723,3.16521,757,794.0,1029.0,973,235.0,134,2893,232,91400
HHS Region,hhs6,2014,11,3.19107,2.78015,629,694.0,946.0,755,252.0,140,2470,225,88844
HHS Region,hhs6,2014,12,3.00339,2.78187,640,693.0,940.0,835,247.0,136,2551,225,91701
HHS Region,hhs6,2014,13,2.85576,2.68909,521,644.0,842.0,850,198.0,98,2311,221,85940
HHS Region,hhs6,2014,14,2.7703,2.59806,559,592.0,812.0,844,220.0,98,2313,219,89028
HHS Region,hhs6,2014,15,2.87728,2.67498,610,570.0,752.0,944,182.0,117,2423,220,90580
HHS Region,hhs6,2014,16,2.61257,2.46615,563,565.0,738.0,812,173.0,82,2195,217,89005
HHS Region,hhs6,2014,17,2.46958,2.3187,476,558.0,729.0,744,171.0,104,2053,214,88541
HHS Region,hhs6,2014,18,2.1299,2.01211,513,415.0,543.0,649,128.0,66,1771,208,88017
HHS Region,hhs6,2014,19,2.13556,2.0276,491,453.0,602.0,615,149.0,105,1813,210,89416
HHS Region,hhs6,2014,20,2.35974,2.1584,462,462.0,626.0,674,164.0,86,1848,214,85619
HHS Region,hhs6,2014,21,2.23412,2.19835,502,430.0,560.0,656,130.0,79,1797,197,81743
HHS Region,hhs6,2014,22,2.22923,2.15621,424,397.0,536.0,539,139.0,103,1602,202,74297
HHS Region,hhs6,2014,23,1.97798,1.92871,369,402.0,513.0,504,111.0,68,1454,192,75387
HHS Region,hhs6,2014,24,1.74785,1.72225,362,370.0,465.0,448,95.0,65,1340,195,77805
HHS Region,hhs6,2014,25,1.54353,1.51133,292,360.0,456.0,370,96.0,79,1197,197,79202
HHS Region,hhs6,2014,26,2.31159,1.64896,274,321.0,423.0,373,102.0,63,1133,187,68710
HHS Region,hhs6,2014,27,1.52067,1.50673,278,281.0,374.0,327,93.0,54,1033,184,68559
HHS Region,hhs6,2014,28,1.49204,1.45062,247,307.0,398.0,384,91.0,62,1091,185,75209
HHS Region,hhs6,2014,29,1.40095,1.40392,248,309.0,394.0,319,85.0,61,1022,179,72796
HHS Region,hhs6,2014,30,1.25428,1.22244,226,295.0,365.0,302,70.0,43,936,185,76568
HHS Region,hhs6,2014,31,1.33401,1.3724,214,323.0,420.0,379,97.0,45,1058,180,77091
HHS Region,hhs6,2014,32,1.20459,1.20784,232,282.0,378.0,338,96.0,60,1008,189,83455
HHS Region,hhs6,2014,33,1.21144,1.24384,251,267.0,363.0,377,96.0,67,1058,185,85059
HHS Region,hhs6,2014,34,1.23828,1.31664,274,329.0,403.0,400,74.0,63,1140,189,86584
HHS Region,hhs6,2014,35,1.36612,1.5233,348,336.0,433.0,484,97.0,63,1328,187,87179
HHS Region,hhs6,2014,36,1.68378,1.71714,346,375.0,495.0,537,120.0,57,1435,188,83569
HHS Region,hhs6,2014,37,1.82467,1.80059,428,390.0,506.0,659,116.0,71,1664,185,92414
HHS Region,hhs6,2014,38,1.94603,1.90027,396,441.0,557.0,644,116.0,84,1681,184,88461
HHS Region,hhs6,2014,39,1.91276,1.80696,405,438.0,547.0,632,109.0,64,1648,188,91203
HHS Region,hhs6,2014,40,1.60474,1.64727,446,410.0,521.0,636,111.0,77,1680,226,101987
HHS Region,hhs6,2014,41,1.79716,1.85474,540,451.0,619.0,741,168.0,97,1997,235,107670
HHS Region,hhs6,2014,42,1.93309,2.20357,735,518.0,690.0,865,172.0,102,2392,243,108551
HHS Region,hhs6,2014,43,2.02657,2.19023,624,511.0,668.0,948,157.0,86,2326,241,106199
HHS Region,hhs6,2014,44,2.10772,2.21109,660,530.0,664.0,963,134.0,75,2362,236,106825
HHS Region,hhs6,2014,45,2.23149,2.53587,777,543.0,697.0,1055,154.0,85,2614,240,103081
HHS Region,hhs6,2014,46,2.25351,2.60525,849,475.0,627.0,1087,152.0,129,2692,217,103330
HHS Region,hhs6,2014,47,3.52525,3.67982,900,714.0,905.0,1690,191.0,111,3606,236,97994
HHS Region,hhs6,2014,48,4.20214,4.81184,1242,1010.0,1282.0,1693,272.0,211,4428,242,92023
HHS Region,hhs6,2014,49,4.41652,4.65076,1247,1334.0,1733.0,2022,399.0,314,5316,246,114304
HHS Region,hhs6,2014,50,7.57329,6.04865,1367,1191.0,1567.0,2703,376.0,266,5903,244,97592
HHS Region,hhs6,2014,51,10.6204,7.90353,1667,1373.0,1780.0,3134,407.0,370,6951,221,87948
HHS Region,hhs6,2014,52,7.53666,7.35707,1777,1144.0,1561.0,2060,417.0,399,5797,210,78795
HHS Region,hhs6,2014,53,9.56718,7.30457,1617,1538.0,2158.0,1464,620.0,475,5714,217,78225
HHS Region,hhs6,2015,1,7.71853,5.70935,1142,1386.0,1916.0,1535,530.0,332,4925,223,86262
HHS Region,hhs6,2015,2,8.83368,6.58423,1274,1440.0,1943.0,2425,503.0,295,5937,229,90170
HHS Region,hhs6,2015,3,7.27476,6.21332,1487,1458.0,1951.0,2864,493.0,304,6606,232,106320
HHS Region,hhs6,2015,4,6.39277,5.35649,1283,1328.0,1804.0,2469,476.0,262,5818,237,108616
HHS Region,hhs6,2015,5,5.85114,5.03891,1183,1191.0,1662.0,2229,471.0,262,5336,239,105896
HHS Region,hhs6,2015,6,5.49937,4.52796,1131,1105.0,1502.0,1909,397.0,247,4789,236,105765
HHS Region,hhs6,2015,7,4.97422,4.15804,1060,1064.0,1469.0,1657,405.0,250,4436,243,106685
HHS Region,hhs6,2015,8,4.26325,3.68883,892,930.0,1256.0,1405,326.0,204,3757,239,101848
HHS Region,hhs6,2015,9,4.22797,3.6295,864,932.0,1236.0,1472,304.0,198,3770,243,103871
HHS Region,hhs6,2015,10,4.23676,3.69611,914,948.0,1288.0,1522,340.0,190,3914,244,105895
HHS Region,hhs6,2015,11,3.65129,3.262,892,892.0,1208.0,1217,316.0,186,3503,242,107388
HHS Region,hhs6,2015,12,3.23939,2.94079,859,756.0,1018.0,1113,262.0,166,3156,237,107318
HHS Region,hhs6,2015,13,2.95894,2.76647,739,604.0,822.0,926,218.0,156,2643,233,95537
HHS Region,hhs6,2015,14,2.45254,2.32239,696,535.0,787.0,770,252.0,151,2404,227,103514
HHS Region,hhs6,2015,15,2.3405,2.0872,595,435.0,618.0,766,183.0,126,2105,226,100853
HHS Region,hhs6,2015,16,1.60486,1.73977,600,327.0,456.0,614,129.0,99,1769,227,101680
HHS Region,hhs6,2015,17,2.21258,2.0314,510,451.0,633.0,751,182.0,104,1998,222,98356
HHS Region,hhs6,2015,18,2.10266,1.9761,544,466.0,628.0,708,162.0,113,1993,226,100855
HHS Region,hhs6,2015,19,1.9477,1.91057,425,412.0,587.0,664,175.0,119,1795,219,93951
HHS Region,hhs6,2015,20,1.90513,1.82341,435,398.0,536.0,654,138.0,82,1707,215,93616
HHS Region,hhs6,2015,21,1.80231,1.66425,427,299.0,415.0,476,116.0,96,1414,203,84963
HHS Region,hhs6,2015,22,2.02649,1.55998,329,255.0,345.0,351,90.0,86,1111,190,71219
HHS Region,hhs6,2015,23,1.42131,1.38016,308,265.0,352.0,384,87.0,67,1111,179,80498
HHS Region,hhs6,2015,24,1.44189,1.2792,301,232.0,313.0,375,81.0,75,1064,198,83177
HHS Region,hhs6,2015,25,1.21399,1.23466,299,246.0,327.0,329,81.0,95,1050,196,85044
HHS Region,hhs6,2015,26,1.28068,1.24029,249,240.0,307.0,273,67.0,68,897,185,72322
HHS Region,hhs6,2015,27,1.1037,1.07528,214,228.0,298.0,301,70.0,75,888,193,82583
HHS Region,hhs6,2015,28,1.12435,1.16789,245,243.0,298.0,283,55.0,79,905,182,77490
HHS Region,hhs6,2015,29,1.0912,1.11114,230,212.0,284.0,257,72.0,75,846,191,76138
HHS Region,hhs6,2015,30,0.95152,1.04122,227,171.0,232.0,211,61.0,61,731,158,70206
HHS Region,hhs6,2015,31,0.907402,0.983029,199,184.0,256.0,234,72.0,64,753,172,76600
HHS Region,hhs6,2015,32,0.954889,0.976281,168,192.0,250.0,262,58.0,58,738,167,75593
HHS Region,hhs6,2015,33,1.28703,1.20624,235,271.0,349.0,347,78.0,81,1012,187,83897
HHS Region,hhs6,2015,34,1.02144,1.22318,345,252.0,323.0,391,71.0,65,1124,190,91892
HHS Region,hhs6,2015,35,1.30774,1.45296,329,281.0,377.0,454,96.0,69,1229,181,84586
HHS Region,hhs6,2015,36,1.67823,1.73843,385,317.0,406.0,501,89.0,61,1353,183,77829
HHS Region,hhs6,2015,37,1.65947,1.71876,446,349.0,450.0,564,101.0,77,1537,191,89425
HHS Region,hhs6,2015,38,1.77297,1.76573,423,361.0,483.0,571,122.0,88,1565,192,88632
HHS Region,hhs6,2015,39,1.81608,1.83003,450,439.0,600.0,545,161.0,85,1680,193,91802
HHS Region,hhs6,2015,40,2.5431,2.0819,559,476.0,675.0,698,199.0,100,2032,267,97603
HHS Region,hhs6,2015,41,2.80592,2.19389,640,483.0,686.0,765,203.0,110,2201,265,100324
HHS Region,hhs6,2015,42,2.98999,2.38991,661,585.0,789.0,895,204.0,106,2451,268,102556
HHS Region,hhs6,2015,43,3.09627,2.33874,588,535.0,752.0,819,217.0,98,2257,267,96505
HHS Region,hhs6,2015,44,2.87066,2.31086,656,496.0,708.0,846,212.0,116,2326,270,100655
HHS Region,hhs6,2015,45,3.26718,2.59119,735,590.0,798.0,963,208.0,109,2605,263,100533
HHS Region,hhs6,2015,46,3.27454,2.62398,683,597.0,859.0,969,262.0,150,2661,265,101411
HHS Region,hhs6,2015,47,4.08707,3.11083,750,602.0,860.0,807,258.0,149,2566,270,82486
HHS Region,hhs6,2015,48,3.638,2.82482,735,713.0,1001.0,911,288.0,180,2827,271,100077
HHS Region,hhs6,2015,49,3.6785,2.74956,731,681.0,980.0,814,299.0,152,2677,260,97361
HHS Region,hhs6,2015,50,3.75233,2.91253,807,700.0,979.0,735,279.0,179,2700,256,92703
HHS Region,hhs6,2015,51,4.27091,3.27205,807,678.0,938.0,691,260.0,198,2634,263,80500
HHS Region,hhs6,2015,52,4.63939,3.29259,815,804.0,1172.0,608,368.0,231,2826,258,85829
HHS Region,hhs6,2016,1,3.77153,2.85428,655,754.0,1099.0,653,345.0,213,2620,258,91792
HHS Region,hhs6,2016,2,3.53418,2.88479,765,602.0,857.0,825,255.0,150,2597,261,90024
HHS Region,hhs6,2016,3,3.78371,3.10965,899,718.0,977.0,908,259.0,179,2963,262,95284
HHS Region,hhs6,2016,4,4.19069,3.21492,898,730.0,1059.0,1153,329.0,186,3296,262,102522
HHS Region,hhs6,2016,5,4.15589,3.28488,933,738.0,1083.0,1107,345.0,210,3333,264,101465
HHS Region,hhs6,2016,6,4.8437,3.85269,1000,907.0,1272.0,1333,365.0,206,3811,252,98918
HHS Region,hhs6,2016,7,5.31515,4.14243,999,1044.0,1537.0,1527,493.0,266,4329,259,104504
HHS Region,hhs6,2016,8,4.16406,3.72049,967,741.0,1091.0,1356,350.0,215,3629,242,97541
HHS Region,hhs6,2016,9,4.48291,4.16819,1080,864.0,1197.0,1591,333.0,232,4100,241,98364
HHS Region,hhs6,2016,10,4.14826,3.97048,949,849.0,1185.0,1407,336.0,241,3782,239,95253
HHS Region,hhs6,2016,11,3.66362,3.39334,799,714.0,1010.0,1111,296.0,198,3118,241,91886
HHS Region,hhs6,2016,12,3.43738,3.25656,754,671.0,901.0,1099,230.0,184,2938,232,90218
HHS Region,hhs6,2016,13,3.05546,2.87614,709,555.0,779.0,887,224.0,160,2535,218,88139
HHS Region,hhs6,2016,14,2.70478,2.45404,537,515.0,723.0,727,208.0,149,2136,197,87040
HHS Region,hhs6,2016,15,3.03213,2.41962,560,461.0,630.0,860,169.0,134,2184,209,90262
HHS Region,hhs6,2016,16,3.12015,2.43227,597,395.0,579.0,891,184.0,128,2195,208,90245
HHS Region,hhs6,2016,17,2.63344,2.18103,530,390.0,531.0,748,141.0,109,1918,211,87940
HHS Region,hhs6,2016,18,2.52747,2.01892,480,364.0,495.0,694,131.0,115,1784,211,88364
HHS Region,hhs6,2016,19,2.08684,1.82483,497,315.0,417.0,544,102.0,118,1576,202,86364
HHS Region,hhs6,2016,20,2.09639,1.84785,458,309.0,441.0,535,132.0,115,1549,203,83827
HHS Region,hhs6,2016,21,2.17518,1.84914,431,268.0,388.0,483,120.0,101,1403,189,75873
HHS Region,hhs6,2016,22,1.96065,1.66605,415,229.0,329.0,331,100.0,95,1170,182,70226
HHS Region,hhs6,2016,23,1.59479,1.33246,274,218.0,319.0,242,101.0,100,935,161,70171
HHS Region,hhs6,2016,24,1.64698,1.37774,352,231.0,309.0,278,78.0,87,1026,183,74470
HHS Region,hhs6,2016,25,1.44474,1.26708,330,188.0,272.0,244,84.0,89,935,180,73792
HHS Region,hhs6,2016,26,1.42227,1.211,304,182.0,261.0,234,79.0,72,871,173,71924
HHS Region,hhs6,2016,27,1.36613,1.17803,284,175.0,260.0,218,85.0,82,844,177,71645
HHS Region,hhs6,2016,28,1.28243,1.14763,260,174.0,237.0,210,63.0,88,795,179,69273
HHS Region,hhs6,2016,29,1.16551,1.08412,288,154.0,221.0,232,67.0,65,806,175,74346
HHS Region,hhs6,2016,30,1.2563,1.07687,252,174.0,228.0,181,54.0,68,729,177,67696
HHS Region,hhs6,2016,31,1.03208,1.00787,228,138.0,193.0,185,55.0,66,672,176,66675
HHS Region,hhs6,2016,32,1.0707,1.00096,197,132.0,185.0,170,53.0,60,612,155,61141
HHS Region,hhs6,2016,33,1.11025,1.13323,272,177.0,238.0,255,61.0,73,838,173,73948
HHS Region,hhs6,2016,34,1.41844,1.31775,289,188.0,259.0,361,71.0,83,992,171,75280
HHS Region,hhs6,2016,35,2.21023,1.62182,337,181.0,273.0,524,92.0,77,1211,170,74669
HHS Region,hhs6,2016,36,2.30176,1.7575,408,254.0,338.0,521,84.0,89,1356,164,77155
HHS Region,hhs6,2016,37,2.09464,1.68932,369,244.0,337.0,541,93.0,108,1355,167,80210
HHS Region,hhs6,2016,38,2.00967,1.53791,377,199.0,294.0,408,95.0,72,1151,166,74842
HHS Region,hhs6,2016,39,2.22051,1.73079,395,238.0,327.0,442,89.0,106,1270,168,73377
HHS Region,hhs6,2016,40,1.76526,1.61677,493,313.0,434.0,614,121.0,96,1637,252,101251
HHS Region,hhs6,2016,41,1.82039,1.67473,467,289.0,387.0,624,98.0,101,1579,251,94284
HHS Region,hhs6,2016,42,1.65697,1.58149,458,292.0,400.0,545,108.0,104,1507,249,95290
HHS Region,hhs6,2016,43,2.00697,1.80517,534,333.0,460.0,699,127.0,85,1778,255,98495
HHS Region,hhs6,2016,44,1.96261,1.87861,594,305.0,423.0,716,118.0,96,1829,251,97359
HHS Region,hhs6,2016,45,2.05983,2.02869,632,344.0,486.0,618,142.0,114,1850,251,91192
HHS Region,hhs6,2016,46,2.25577,2.09569,698,327.0,475.0,744,148.0,126,2043,253,97486
HHS Region,hhs6,2016,47,2.46228,2.23475,693,359.0,513.0,534,154.0,127,1867,265,83544
HHS Region,hhs6,2016,48,2.40277,2.26631,721,418.0,614.0,679,196.0,138,2152,267,94956
HHS Region,hhs6,2016,49,2.82109,2.49382,747,497.0,706.0,766,209.0,150,2369,274,94995
HHS Region,hhs6,2016,50,3.29508,2.86057,868,516.0,744.0,930,228.0,132,2674,267,93478
HHS Region,hhs6,2016,51,3.75623,3.37127,998,634.0,920.0,860,286.0,217,2995,267,88839
HHS Region,hhs6,2016,52,4.15913,3.74427,1109,811.0,1223.0,755,412.0,304,3391,263,90565
HHS Region,hhs6,2017,1,4.03886,3.56561,950,941.0,1346.0,823,405.0,297,3416,273,95804
HHS Region,hhs6,2017,2,4.80185,3.81225,910,894.0,1352.0,1322,458.0,321,3905,271,102433
HHS Region,hhs6,2017,3,5.26955,4.28871,967,989.0,1425.0,1743,436.0,287,4422,270,103108
HHS Region,hhs6,2017,4,6.10427,4.74476,1120,1035.0,1510.0,2075,475.0,264,4969,266,104726
HHS Region,hhs6,2017,5,8.13221,6.29514,1355,1419.0,2023.0,3074,604.0,390,6842,266,108687
HHS Region,hhs6,2017,6,9.87589,7.61495,1498,1852.0,2668.0,3864,816.0,519,8549,273,112266
HHS Region,hhs6,2017,7,8.79917,6.77883,1236,1697.0,2422.0,3133,725.0,417,7208,249,106331
HHS Region,hhs6,2017,8,8.34112,6.30694,1255,1486.0,2187.0,2877,701.0,410,6729,269,106692
HHS Region,hhs6,2017,9,6.90124,5.46935,1124,1354.0,1903.0,2234,549.0,375,5636,260,103047
HHS Region,hhs6,2017,10,6.46666,4.96286,1003,1312.0,1903.0,1952,591.0,334,5192,264,104617
HHS Region,hhs6,2017,11,5.35945,4.30806,877,1043.0,1550.0,1486,507.0,288,4201,264,97515
HHS Region,hhs6,2017,12,4.41414,3.74759,813,904.0,1329.0,1415,425.0,251,3808,254,101612
HHS Region,hhs6,2017,13,3.68979,3.07808,695,734.0,1033.0,1125,299.0,187,3040,251,98763
HHS Region,hhs6,2017,14,3.27296,2.75521,643,607.0,858.0,981,251.0,167,2649,258,96145
HHS Region,hhs6,2017,15,3.02577,2.53967,613,528.0,759.0,927,231.0,145,2444,244,96233
HHS Region,hhs6,2017,16,2.89176,2.33685,569,420.0,625.0,699,205.0,171,2064,238,88324
HHS Region,hhs6,2017,17,2.4434,2.15606,573,471.0,700.0,738,229.0,158,2169,258,100600
HHS Region,hhs6,2017,18,2.30211,1.98062,514,394.0,570.0,626,176.0,107,1817,251,91739
HHS Region,hhs6,2017,19,1.66187,1.76524,475,347.0,484.0,564,137.0,121,1644,240,93132
HHS Region,hhs6,2017,20,2.05313,1.91182,475,392.0,576.0,571,184.0,135,1757,252,91902
HHS Region,hhs6,2017,21,1.83173,1.82355,425,365.0,524.0,460,159.0,117,1526,238,83683
HHS Region,hhs6,2017,22,1.59942,1.7236,398,336.0,487.0,399,151.0,106,1390,233,80645
HHS Region,hhs6,2017,23,1.50041,1.4616,316,293.0,416.0,338,123.0,111,1181,225,80802
HHS Region,hhs6,2017,24,1.37974,1.51529,343,287.0,415.0,330,128.0,114,1202,223,79325
HHS Region,hhs6,2017,25,1.32368,1.42266,328,267.0,393.0,307,126.0,121,1149,235,80764
HHS Region,hhs6,2017,26,1.2837,1.25723,284,242.0,348.0,258,106.0,93,983,206,78188
HHS Region,hhs6,2017,27,1.20651,1.30399,341,230.0,342.0,257,112.0,95,1035,230,79372
HHS Region,hhs6,2017,28,1.06283,1.0904,269,178.0,272.0,259,94.0,53,853,219,78228
HHS Region,hhs6,2017,29,1.20983,1.20275,319,165.0,245.0,234,80.0,84,882,212,73332
HHS Region,hhs6,2017,30,1.14309,1.15093,341,210.0,301.0,284,91.0,97,1023,221,88885
HHS Region,hhs6,2017,31,1.15229,1.25318,311,232.0,319.0,257,87.0,114,1001,220,79877
HHS Region,hhs6,2017,32,0.96867,1.15964,303,231.0,336.0,225,105.0,79,943,224,81318
HHS Region,hhs6,2017,33,1.02289,1.31887,337,240.0,330.0,301,90.0,97,1065,209,80751
HHS Region,hhs6,2017,34,1.66769,1.74927,452,269.0,374.0,550,105.0,100,1476,208,84378
HHS Region,hhs6,2017,35,1.74834,1.93005,501,292.0,388.0,539,96.0,116,1544,202,79998
HHS Region,hhs6,2017,36,1.78512,1.91853,500,351.0,482.0,521,131.0,121,1624,200,84648
HHS Region,hhs6,2017,37,1.76123,1.91196,571,365.0,512.0,544,147.0,119,1746,222,91320
HHS Region,hhs6,2017,38,1.60371,1.79808,573,297.0,435.0,535,138.0,121,1664,224,92543
HHS Region,hhs6,2017,39,1.79261,1.96395,610,342.0,491.0,569,149.0,128,1798,220,91550
HHS Region,hhs6,2017,40,1.91763,1.9123,734,401.0,578.0,736,177.0,132,2180,285,113999
HHS Region,hhs6,2017,41,2.04769,1.9931,795,475.0,635.0,702,160.0,143,2275,286,114144
HHS Region,hhs6,2017,42,2.02153,2.18832,819,495.0,689.0,783,194.0,176,2467,282,112735
HHS Region,hhs6,2017,43,2.23701,2.35963,972,500.0,705.0,870,205.0,146,2693,286,114128
HHS Region,hhs6,2017,44,2.94144,2.91365,1018,583.0,827.0,1123,244.0,198,3166,249,108661
HHS Region,hhs6,2017,45,3.31967,3.28045,1166,800.0,1110.0,1309,310.0,193,3778,282,115167
HHS Region,hhs6,2017,46,3.92209,3.51841,1336,949.0,1339.0,1603,390.0,280,4558,285,129547
HHS Region,hhs6,2017,47,4.11395,4.16976,1414,897.0,1266.0,1142,369.0,283,4105,282,98447
HHS Region,hhs6,2017,48,4.61822,4.24095,1414,1344.0,1874.0,1515,530.0,402,5205,288,122732
HHS Region,hhs6,2017,49,5.14474,4.59628,1374,1204.0,1726.0,1768,522.0,361,5229,285,113766
HHS Region,hhs6,2017,50,7.99198,6.58633,1757,1906.0,2695.0,2961,789.0,496,7909,280,120082
HHS Region,hhs6,2017,51,11.6106,9.40005,2339,3053.0,4391.0,4042,1338.0,813,11585,271,123244
HHS Region,hhs6,2017,52,10.4245,9.91457,2480,2884.0,4121.0,2624,1237.0,895,10120,233,102072
HHS Region,hhs7,2002,1,1.34629031194983,1.06494675266237,10,,32.0,20,,9,71,53,6667
HHS Region,hhs7,2002,2,1.79072901330996,1.28287363694676,22,,51.0,43,,4,120,54,9354
HHS Region,hhs7,2002,3,2.34168429457682,1.20185203428234,23,,46.0,45,,8,122,56,10151
HHS Region,hhs7,2002,4,2.8977401258279,2.54831375521031,61,,85.0,114,,9,269,58,10556
HHS Region,hhs7,2002,5,3.63893126473832,3.36334471696161,70,,105.0,143,,7,325,57,9663
HHS Region,hhs7,2002,6,4.33047657989144,3.45512654400967,71,,124.0,186,,19,400,58,11577
HHS Region,hhs7,2002,7,4.93481151171255,3.99761336515513,91,,163.0,193,,22,469,58,11732
HHS Region,hhs7,2002,8,4.05044665696756,3.1647257534003,78,,117.0,129,,32,356,56,11249
HHS Region,hhs7,2002,9,3.35367126120839,2.80728376327769,67,,100.0,108,,21,296,56,10544
HHS Region,hhs7,2002,10,2.98812360102195,2.56586034668495,51,,74.0,103,,34,262,53,10211
HHS Region,hhs7,2002,11,1.9021438460901,1.70800696257615,28,,66.0,52,,11,157,54,9192
HHS Region,hhs7,2002,12,1.57776496569339,1.47008547008547,18,,52.0,52,,7,129,54,8775
HHS Region,hhs7,2002,13,1.09436779482599,0.966356478167502,13,,33.0,31,,4,81,54,8382
HHS Region,hhs7,2002,14,1.34785959399645,1.21252204585538,14,,42.0,43,,11,110,54,9072
HHS Region,hhs7,2002,15,1.05361429846816,0.95839915745129,15,,29.0,42,,5,91,54,9495
HHS Region,hhs7,2002,16,1.05259682376723,0.954575378538512,17,,22.0,40,,8,87,51,9114
HHS Region,hhs7,2002,17,0.857572770107659,0.779448896695576,22,,16.0,33,,0,71,54,9109
HHS Region,hhs7,2002,18,0.720638829569046,0.787025995707131,15,,19.0,29,,3,66,49,8386
HHS Region,hhs7,2002,19,0.908111321954123,0.688572118869292,10,,19.0,24,,4,57,46,8278
HHS Region,hhs7,2002,20,1.01988986029948,0.796080832823025,15,,19.0,27,,4,65,47,8165
HHS Region,hhs7,2002,40,0.881132024923426,1.00198591803575,15,,44.0,49,,3,111,59,11078
HHS Region,hhs7,2002,41,0.741349320522093,0.810933940774487,27,,25.0,36,,1,89,60,10975
HHS Region,hhs7,2002,42,0.920056170042975,0.974354260501884,24,,44.0,34,,4,106,60,10879
HHS Region,hhs7,2002,43,0.890115118778305,0.916802330562934,28,,30.0,45,,4,107,61,11671
HHS Region,hhs7,2002,44,1.05124325550229,1.06560106560107,28,,38.0,53,,9,128,61,12012
HHS Region,hhs7,2002,45,1.32233682528257,1.36431288242104,38,,57.0,67,,3,165,63,12094
HHS Region,hhs7,2002,46,1.30643625437082,1.334664971854,34,,46.0,60,,7,147,62,11014
HHS Region,hhs7,2002,47,0.952185792727919,0.990188953488372,25,,29.0,45,,10,109,61,11008
HHS Region,hhs7,2002,48,1.21355927022784,1.02137767220903,18,,21.0,43,,4,86,63,8420
HHS Region,hhs7,2002,49,1.39595551877574,1.32176128672665,39,,54.0,69,,4,166,63,12559
HHS Region,hhs7,2002,50,1.2705162580253,1.28931091558498,24,,30.0,89,,5,148,62,11479
HHS Region,hhs7,2002,51,1.77609013031689,1.74569869911876,39,,54.0,111,,4,208,63,11915
HHS Region,hhs7,2002,52,3.12275361249712,2.96953926220726,49,,47.0,94,,4,194,62,6533
HHS Region,hhs7,2003,1,2.87196255481641,2.80465401102266,65,,51.0,97,,16,229,62,8165
HHS Region,hhs7,2003,2,1.99184286887412,1.96132596685083,39,,65.0,99,,10,213,63,10860
HHS Region,hhs7,2003,3,2.82652842195909,2.73815222594543,52,,69.0,157,,8,286,62,10445
HHS Region,hhs7,2003,4,4.06207498221237,3.67796610169492,78,,93.0,253,,10,434,62,11800
HHS Region,hhs7,2003,5,4.28483953058382,3.69192585123711,78,,89.0,292,,17,476,63,12893
HHS Region,hhs7,2003,6,3.41779069128093,2.9316488500162,65,,79.0,210,,8,362,61,12348
HHS Region,hhs7,2003,7,2.33329294623746,1.95566045688274,36,,83.0,108,,5,232,62,11863
HHS Region,hhs7,2003,8,1.91418602108969,1.63707444209155,59,,64.0,77,,1,201,62,12278
HHS Region,hhs7,2003,9,2.11881483597802,1.9559275708917,56,,70.0,96,,7,229,61,11708
HHS Region,hhs7,2003,10,1.27650351472882,1.15172759138708,33,,41.0,59,,5,138,61,11982
HHS Region,hhs7,2003,11,1.15617351511062,1.08934301638237,28,,46.0,49,,6,129,63,11842
HHS Region,hhs7,2003,12,1.1035710097795,1.01000826370398,30,,34.0,40,,6,110,62,10891
HHS Region,hhs7,2003,13,1.18188140640352,1.06844388024966,25,,35.0,33,,8,101,62,9453
HHS Region,hhs7,2003,14,0.930534250379722,0.8499665743482,22,,40.0,22,,5,89,61,10471
HHS Region,hhs7,2003,15,0.81146257215174,0.815758058097891,16,,28.0,33,,5,82,61,10052
HHS Region,hhs7,2003,16,0.867922065642028,0.850409836065574,16,,40.0,24,,3,83,60,9760
HHS Region,hhs7,2003,17,0.913152958705099,0.863144758735441,23,,26.0,28,,6,83,56,9616
HHS Region,hhs7,2003,18,0.912471563883783,0.872999376429017,26,,27.0,30,,1,84,55,9622
HHS Region,hhs7,2003,19,0.627925225155341,0.734843845682792,7,,28.0,23,,2,60,47,8165
HHS Region,hhs7,2003,20,0.878383616631086,1.04939851548503,20,,38.0,21,,3,82,43,7814
HHS Region,hhs7,2003,21,0.453362131985183,0.567986230636833,7,,15.0,11,,0,33,35,5810
HHS Region,hhs7,2003,22,0.878039918083448,1.07442859933581,11,,25.0,18,,1,55,35,5119
HHS Region,hhs7,2003,23,0.681625384958588,0.66045066045066,13,,14.0,7,,0,34,33,5148
HHS Region,hhs7,2003,24,0.49981535301087,0.597076384599547,8,,11.0,8,,2,29,31,4857
HHS Region,hhs7,2003,25,0.462606402752105,0.49061433447099,5,,14.0,3,,1,23,29,4688
HHS Region,hhs7,2003,26,0.437133402801877,0.472204335694355,2,,9.0,11,,0,22,28,4659
HHS Region,hhs7,2003,27,0.481321215569587,0.517687661777394,4,,9.0,5,,0,18,27,3477
HHS Region,hhs7,2003,28,0.527463425162243,0.552120141342756,3,,13.0,7,,2,25,28,4528
HHS Region,hhs7,2003,29,0.538223686497612,0.54168629298163,6,,9.0,5,,3,23,27,4246
HHS Region,hhs7,2003,30,0.379318929473492,0.382958353279081,1,,7.0,7,,1,16,27,4178
HHS Region,hhs7,2003,31,0.510644856191778,0.489432703003337,6,,10.0,6,,0,22,27,4495
HHS Region,hhs7,2003,32,0.502695717963971,0.48828125,6,,10.0,4,,0,20,26,4096
HHS Region,hhs7,2003,33,0.316774436079537,0.344268934791414,2,,11.0,3,,1,17,27,4938
HHS Region,hhs7,2003,34,0.342980849973416,0.382262996941896,3,,6.0,9,,2,20,27,5232
HHS Region,hhs7,2003,35,0.38583631495836,0.442033353425759,6,,10.0,6,,0,22,27,4977
HHS Region,hhs7,2003,36,0.378981821163828,0.456100342075257,1,,10.0,8,,1,20,26,4385
HHS Region,hhs7,2003,37,0.682089089117472,0.798333911836168,9,,20.0,15,,2,46,26,5762
HHS Region,hhs7,2003,38,0.785612474848208,0.92670598146588,12,,20.0,22,,1,55,27,5935
HHS Region,hhs7,2003,39,0.675273742268501,0.774293457220287,6,,21.0,10,,3,40,23,5166
HHS Region,hhs7,2003,40,0.924914354294477,0.988745135163564,20,,27.0,46,,1,94,52,9507
HHS Region,hhs7,2003,41,1.48504391718566,1.42579390797148,36,,46.0,68,,4,154,56,10801
HHS Region,hhs7,2003,42,0.915427510982353,0.978037062457104,33,,27.0,48,,6,114,57,11656
HHS Region,hhs7,2003,43,1.18513574512725,1.13384078655249,43,,31.0,65,,4,143,58,12612
HHS Region,hhs7,2003,44,1.34690296940396,1.31262305841173,54,,48.0,68,,10,180,63,13713
HHS Region,hhs7,2003,45,1.17974856134932,1.15035764324165,54,,34.0,65,,3,156,65,13561
HHS Region,hhs7,2003,46,1.6348156632411,1.62024269167126,46,,62.0,117,,10,235,66,14504
HHS Region,hhs7,2003,47,1.87755807540994,1.76649595487271,49,,60.0,118,,11,238,60,13473
HHS Region,hhs7,2003,48,5.00742598369226,4.8997995991984,120,,128.0,200,,41,489,64,9980
HHS Region,hhs7,2003,49,5.76101216897648,5.65491507977355,233,,205.0,406,,35,879,62,15544
HHS Region,hhs7,2003,50,11.448865229217,12.1801164997709,645,,267.0,889,,60,1861,63,15279
HHS Region,hhs7,2003,51,9.57362926758996,9.81778850153923,391,,229.0,500,,60,1180,59,12019
HHS Region,hhs7,2003,52,8.37237395833609,10.241273100616,352,,125.0,295,,26,798,56,7792
HHS Region,hhs7,2003,53,4.31498222822928,4.20779738757603,104,,150.0,130,,38,422,61,10029
HHS Region,hhs7,2004,1,1.77970233367193,1.79199738155634,70,,71.0,63,,15,219,64,12221
HHS Region,hhs7,2004,2,1.11556023791585,1.1101753311385,42,,46.0,52,,5,145,66,13061
HHS Region,hhs7,2004,3,1.25740946402573,1.29188198033006,57,,23.0,67,,8,155,64,11998
HHS Region,hhs7,2004,4,1.26187664797293,1.16689053055742,46,,36.0,54,,3,139,63,11912
HHS Region,hhs7,2004,5,0.934263314377219,0.926979996747439,34,,31.0,39,,10,114,64,12298
HHS Region,hhs7,2004,6,1.08571985185084,1.04103802051901,35,,56.0,43,,4,138,63,13256
HHS Region,hhs7,2004,7,1.038754078921,0.995256978462017,31,,44.0,49,,4,128,62,12861
HHS Region,hhs7,2004,8,0.972074835071771,0.919883638650837,31,,44.0,41,,1,117,59,12719
HHS Region,hhs7,2004,9,0.915826106853879,0.93015093015093,22,,40.0,39,,5,106,57,11396
HHS Region,hhs7,2004,10,1.06483380387269,1.06671329894203,37,,38.0,43,,4,122,59,11437
HHS Region,hhs7,2004,11,0.556151647447536,0.588939908165303,15,,22.0,18,,4,59,53,10018
HHS Region,hhs7,2004,12,0.805933414568816,0.852878464818763,22,,30.0,22,,2,76,57,8911
HHS Region,hhs7,2004,13,0.335608025775403,0.354543758163837,15,,9.0,12,,2,38,55,10718
HHS Region,hhs7,2004,14,0.524914602398496,0.442522377552047,20,,9.0,15,,0,44,52,9943
HHS Region,hhs7,2004,15,0.638484207267168,0.525543876802738,11,,12.0,19,,1,43,44,8182
HHS Region,hhs7,2004,16,0.382994237712437,0.291749328976543,6,,10.0,9,,0,25,46,8569
HHS Region,hhs7,2004,17,0.532091553722071,0.413662687625576,15,,10.0,6,,4,35,47,8461
HHS Region,hhs7,2004,18,1.01384219167442,0.808417810855896,25,,18.0,19,,1,63,44,7793
HHS Region,hhs7,2004,19,0.740348750661536,0.53043697903511,12,,16.0,14,,0,42,43,7918
HHS Region,hhs7,2004,20,0.678537758696931,0.497512437810945,10,,14.0,9,,1,34,38,6834
HHS Region,hhs7,2004,21,0.669390172568636,0.513160072835623,16,,8.0,7,,0,31,35,6041
HHS Region,hhs7,2004,22,0.354071805259291,0.25485198980592,4,,5.0,4,,0,13,35,5101
HHS Region,hhs7,2004,23,1.76118944001488,1.23019885406134,24,,17.0,30,,2,73,34,5934
HHS Region,hhs7,2004,24,0.417773129931162,0.268477574226153,7,,4.0,5,,1,17,34,6332
HHS Region,hhs7,2004,25,0.628949671662684,0.505627140760072,10,,13.0,8,,0,31,34,6131
HHS Region,hhs7,2004,26,0.568890164088041,0.423011844331641,11,,7.0,6,,1,25,33,5910
HHS Region,hhs7,2004,27,0.302737561075367,0.27643400138217,4,,4.0,3,,1,12,28,4341
HHS Region,hhs7,2004,28,0.58197012147725,0.450528504591925,7,,8.0,9,,2,26,34,5771
HHS Region,hhs7,2004,29,0.476718632236643,0.368756285618505,9,,4.0,9,,0,22,35,5966
HHS Region,hhs7,2004,30,0.535740984152177,0.376010528294792,10,,4.0,5,,1,20,32,5319
HHS Region,hhs7,2004,31,0.733045547008782,0.627734449305688,6,,14.0,11,,2,33,33,5257
HHS Region,hhs7,2004,32,0.596889411813881,0.488485694347523,15,,8.0,4,,1,28,30,5732
HHS Region,hhs7,2004,33,0.631177182503365,0.5588543485854,7,,14.0,9,,2,32,30,5726
HHS Region,hhs7,2004,34,0.608394422840541,0.510677808727948,11,,13.0,7,,2,33,32,6462
HHS Region,hhs7,2004,35,0.620255413464231,0.573394495412844,11,,15.0,8,,1,35,28,6104
HHS Region,hhs7,2004,36,0.708192224595173,0.593057735914879,14,,6.0,13,,1,34,31,5733
HHS Region,hhs7,2004,37,0.635208596968848,0.579794173068561,17,,14.0,8,,1,40,31,6899
HHS Region,hhs7,2004,38,0.737939475152401,0.595238095238095,15,,8.0,13,,0,36,26,6048
HHS Region,hhs7,2004,39,1.20014512366922,0.953591862682772,15,,21.0,20,,4,60,32,6292
HHS Region,hhs7,2004,40,0.648219595558351,0.579475776564922,25,,36.0,25,,0,86,71,14841
HHS Region,hhs7,2004,41,0.598032570788196,0.555141831968045,25,,27.0,27,,3,82,71,14771
HHS Region,hhs7,2004,42,0.732682166833497,0.719249055223699,30,,41.0,44,,3,118,72,16406
HHS Region,hhs7,2004,43,0.731540886425527,0.69185737094199,35,,34.0,32,,3,104,71,15032
HHS Region,hhs7,2004,44,0.921940771769622,0.881612090680101,39,,41.0,64,,3,147,76,16674
HHS Region,hhs7,2004,45,0.949684437059298,0.934286430900426,55,,33.0,55,,6,149,76,15948
HHS Region,hhs7,2004,46,0.948548215869136,0.936354112100576,31,,47.0,62,,3,143,75,15272
HHS Region,hhs7,2004,47,1.12398501749801,1.02790014684288,38,,33.0,37,,4,112,77,10896
HHS Region,hhs7,2004,48,0.784744015863843,0.750274138627575,35,,33.0,57,,5,130,79,17327
HHS Region,hhs7,2004,49,0.896697683209539,0.858881068829775,34,,46.0,61,,3,144,76,16766
HHS Region,hhs7,2004,50,1.09831121488686,1.0543289506326,36,,45.0,85,,4,170,76,16124
HHS Region,hhs7,2004,51,1.64856979433184,1.57029524822115,42,,60.0,77,,13,192,74,12227
HHS Region,hhs7,2004,52,1.6582145444152,1.502560228322,49,,68.0,50,,12,179,76,11913
HHS Region,hhs7,2005,1,1.42509531414416,1.49807178878671,44,,77.0,66,,15,202,77,13484
HHS Region,hhs7,2005,2,1.46992479466361,1.54246664497234,50,,74.0,80,,33,237,75,15365
HHS Region,hhs7,2005,3,2.21448869264667,2.39667972175133,66,,153.0,157,,34,410,77,17107
HHS Region,hhs7,2005,4,3.01225442882774,3.16993282629212,100,,179.0,257,,35,571,76,18013
HHS Region,hhs7,2005,5,4.06363735923347,4.35941665359887,143,,304.0,306,,81,834,77,19131
HHS Region,hhs7,2005,6,4.88903371618068,4.99770044458071,168,,301.0,426,,83,978,78,19569
HHS Region,hhs7,2005,7,4.15765733904931,3.88957886417523,142,,220.0,299,,28,689,76,17714
HHS Region,hhs7,2005,8,3.32575110121367,3.11457174638487,118,,156.0,240,,18,532,75,17081
HHS Region,hhs7,2005,9,2.63041826236501,2.47343117408907,70,,99.0,208,,14,391,74,15808
HHS Region,hhs7,2005,10,1.77703180575094,1.64588212951826,49,,88.0,106,,17,260,73,15797
HHS Region,hhs7,2005,11,1.5686802063565,1.54481289119723,53,,51.0,114,,14,232,73,15018
HHS Region,hhs7,2005,12,1.2539736894277,1.28922403308198,54,,41.0,54,,10,159,71,12333
HHS Region,hhs7,2005,13,0.795923982144323,0.75592382613752,36,,25.0,37,,6,104,70,13758
HHS Region,hhs7,2005,14,0.580304656693993,0.558699753301408,16,,18.0,36,,7,77,69,13782
HHS Region,hhs7,2005,15,0.206194191202669,0.215276670387498,11,,7.0,9,,0,27,64,12542
HHS Region,hhs7,2005,16,0.236120802898829,0.233626037219045,8,,6.0,15,,0,29,66,12413
HHS Region,hhs7,2005,17,0.0820002802728996,0.087123192193762,1,,3.0,4,,2,10,61,11478
HHS Region,hhs7,2005,18,0.407487269383697,0.397853441894893,5,,32.0,6,,0,43,56,10808
HHS Region,hhs7,2005,19,0.143621213335717,0.183097234268093,8,,5.0,6,,0,19,53,10377
HHS Region,hhs7,2005,20,0.114008411971991,0.160042678047479,4,,4.0,3,,1,12,46,7498
HHS Region,hhs7,2005,21,0.0607218836993564,0.0612369871402327,1,,1.0,1,,1,4,41,6532
HHS Region,hhs7,2005,22,0.170988136755035,0.157586672669968,4,,2.0,1,,0,7,35,4442
HHS Region,hhs7,2005,23,0.0,0.0,0,,0.0,0,,0,0,38,5895
HHS Region,hhs7,2005,24,0.0,0.0,0,,0.0,0,,0,0,37,5984
HHS Region,hhs7,2005,25,0.0,0.0,0,,0.0,0,,0,0,38,5893
HHS Region,hhs7,2005,26,0.091026432247631,0.0897464662328921,1,,2.0,1,,0,4,30,4457
HHS Region,hhs7,2005,27,0.0548343945982563,0.0526315789473684,1,,1.0,0,,0,2,31,3800
HHS Region,hhs7,2005,28,0.0,0.0,0,,0.0,0,,0,0,33,4448
HHS Region,hhs7,2005,29,0.105211619616945,0.103605470368835,2,,0.0,2,,1,5,33,4826
HHS Region,hhs7,2005,30,0.0587308135932176,0.0638297872340425,3,,0.0,0,,0,3,33,4700
HHS Region,hhs7,2005,31,0.0315672139891825,0.0261711593823606,0,,0.0,0,,1,1,30,3821
HHS Region,hhs7,2005,32,0.0,0.0,0,,0.0,0,,0,0,28,3806
HHS Region,hhs7,2005,33,0.0514894936054862,0.0410172272354389,0,,2.0,0,,0,2,30,4876
HHS Region,hhs7,2005,34,0.0746869207534246,0.0522375065296883,2,,1.0,0,,0,3,31,5743
HHS Region,hhs7,2005,35,0.118107980773616,0.0828225940036442,4,,1.0,0,,0,5,29,6037
HHS Region,hhs7,2005,36,0.0678632878926447,0.0386473429951691,2,,0.0,0,,0,2,29,5175
HHS Region,hhs7,2005,37,0.124543106946569,0.0668449197860963,2,,1.0,1,,0,4,27,5984
HHS Region,hhs7,2005,38,0.485455551910664,0.303354746609565,11,,3.0,3,,0,17,30,5604
HHS Region,hhs7,2005,39,0.126371829800306,0.12773431262973,4,,1.0,3,,0,8,30,6263
HHS Region,hhs7,2005,40,0.356650306739619,0.44728874208643,20,,14.0,30,,1,65,72,14532
HHS Region,hhs7,2005,41,0.196875491089073,0.246212121212121,19,,11.0,7,,2,39,76,15840
HHS Region,hhs7,2005,42,0.213045857172191,0.287158281644843,17,,10.0,21,,2,50,75,17412
HHS Region,hhs7,2005,43,0.332044544044983,0.412601059381098,26,,18.0,26,,4,74,77,17935
HHS Region,hhs7,2005,44,0.279905099164429,0.332551927165676,24,,17.0,15,,5,61,75,18343
HHS Region,hhs7,2005,45,0.308059477469068,0.329555100614171,22,,17.0,25,,2,66,79,20027
HHS Region,hhs7,2005,46,0.359638709908269,0.408796895213454,21,,23.0,31,,4,79,78,19325
HHS Region,hhs7,2005,47,0.585169343384415,0.531954746384955,31,,7.0,28,,5,71,76,13347
HHS Region,hhs7,2005,48,0.587814889389767,0.565193060996083,42,,9.0,42,,8,101,75,17870
HHS Region,hhs7,2005,49,0.350408367666075,0.400594430445177,20,,17.0,19,,6,62,72,15477
HHS Region,hhs7,2005,50,0.386244200449233,0.423219902773806,21,,16.0,36,,1,74,80,17485
HHS Region,hhs7,2005,51,0.734862364090382,0.822842675293621,45,,19.0,44,,9,117,78,14219
HHS Region,hhs7,2005,52,1.023883827438,1.1714757449485,54,,39.0,46,,10,149,77,12719
HHS Region,hhs7,2006,1,0.766120050968791,0.924806146403927,37,,48.0,34,,11,130,78,14057
HHS Region,hhs7,2006,2,1.0652507901155,1.22528543581175,60,,62.0,83,,15,220,83,17955
HHS Region,hhs7,2006,3,1.40181337253811,1.64025268757619,54,,77.0,140,,25,296,80,18046
HHS Region,hhs7,2006,4,1.92616510929237,2.20758010925269,92,,111.0,140,,49,392,75,17757
HHS Region,hhs7,2006,5,2.18360184206118,2.29160096709766,106,,105.0,190,,35,436,77,19026
HHS Region,hhs7,2006,6,2.48312456385095,2.52954703460078,142,,117.0,186,,28,473,75,18699
HHS Region,hhs7,2006,7,2.36201298604555,2.36580192527329,111,,120.0,179,,25,435,78,18387
HHS Region,hhs7,2006,8,2.58996321619138,2.64640883977901,123,,125.0,214,,17,479,76,18100
HHS Region,hhs7,2006,9,2.0816452386177,2.0818630910374,75,,114.0,133,,32,354,73,17004
HHS Region,hhs7,2006,10,1.53726480769711,1.58870255957635,47,,92.0,106,,25,270,74,16995
HHS Region,hhs7,2006,11,1.13705841373342,1.03733023954139,22,,52.0,67,,11,152,73,14653
HHS Region,hhs7,2006,12,1.23054636451562,1.13046390889298,27,,31.0,61,,16,135,69,11942
HHS Region,hhs7,2006,13,0.947294392239468,0.82120497601431,24,,24.0,48,,5,101,69,12299
HHS Region,hhs7,2006,14,0.527806735026285,0.421455938697318,13,,16.0,23,,3,55,66,13050
HHS Region,hhs7,2006,15,0.394165231358338,0.368098159509202,6,,19.0,18,,5,48,58,13040
HHS Region,hhs7,2006,16,0.216153684003713,0.24983344437042,7,,4.0,17,,2,30,60,12008
HHS Region,hhs7,2006,17,0.248480807569161,0.248182946286119,4,,8.0,16,,0,28,55,11282
HHS Region,hhs7,2006,18,0.304850379114776,0.289044289044289,8,,8.0,12,,3,31,53,10725
HHS Region,hhs7,2006,19,0.457316880353293,0.434475093462665,11,,4.0,27,,1,43,50,9897
HHS Region,hhs7,2006,20,0.278903581742751,0.28604118993135,4,,13.0,2,,6,25,50,8740
HHS Region,hhs7,2006,21,0.381480966304211,0.341110656296903,7,,10.0,6,,2,25,46,7329
HHS Region,hhs7,2006,22,0.481863660435097,0.523952095808383,7,,7.0,7,,7,28,40,5344
HHS Region,hhs7,2006,23,0.358687200660016,0.388259046435782,6,,5.0,8,,6,25,40,6439
HHS Region,hhs7,2006,24,0.261154500570427,0.307929176289453,5,,5.0,5,,5,20,42,6495
HHS Region,hhs7,2006,25,0.328518377254345,0.360840916222152,5,,7.0,7,,4,23,40,6374
HHS Region,hhs7,2006,26,0.431782042499445,0.439686484419805,8,,10.0,1,,4,23,37,5231
HHS Region,hhs7,2006,27,0.410143522451504,0.355351170568562,2,,9.0,3,,3,17,36,4784
HHS Region,hhs7,2006,28,0.370004360689262,0.32015065913371,4,,4.0,7,,2,17,34,5310
HHS Region,hhs7,2006,29,0.390049793398174,0.33037732568249,4,,6.0,5,,4,19,38,5751
HHS Region,hhs7,2006,30,0.504810101212999,0.460747829168882,8,,6.0,8,,4,26,37,5643
HHS Region,hhs7,2006,31,0.533029514903152,0.48692515779982,6,,9.0,8,,4,27,36,5545
HHS Region,hhs7,2006,32,0.389882851520585,0.347991142043657,4,,9.0,6,,3,22,35,6322
HHS Region,hhs7,2006,33,0.325189486785362,0.379506641366224,9,,7.0,3,,3,22,33,5797
HHS Region,hhs7,2006,34,0.342996494806338,0.405383492784174,6,,9.0,7,,3,25,35,6167
HHS Region,hhs7,2006,35,0.405468515220647,0.444225074037512,6,,4.0,14,,3,27,36,6078
HHS Region,hhs7,2006,36,0.52067905057365,0.475462727118356,4,,8.0,11,,5,28,36,5889
HHS Region,hhs7,2006,37,0.308553251770885,0.29673590504451,3,,5.0,10,,2,20,36,6740
HHS Region,hhs7,2006,38,0.327561263897627,0.405336936328323,6,,6.0,8,,4,24,33,5921
HHS Region,hhs7,2006,39,0.478632922485273,0.466055615970172,9,,10.0,9,,2,30,35,6437
HHS Region,hhs7,2006,40,0.413714929114396,0.489522028491282,36,,18.0,27,,8,89,80,18181
HHS Region,hhs7,2006,41,0.405593968266026,0.428457552809884,28,,20.0,26,,12,86,82,20072
HHS Region,hhs7,2006,42,0.579659640291717,0.646854785787944,51,,24.0,50,,13,138,80,21334
HHS Region,hhs7,2006,43,0.602320198626658,0.63425847096884,56,,36.0,39,,18,149,84,23492
HHS Region,hhs7,2006,44,0.670511336466875,0.673795861589289,60,,26.0,63,,6,155,86,23004
HHS Region,hhs7,2006,45,0.6242477478814,0.717380164904272,63,,36.0,49,,6,154,89,21467
HHS Region,hhs7,2006,46,0.765374204148869,0.811747065818727,52,,39.0,47,,19,157,90,19341
HHS Region,hhs7,2006,47,0.742449416268689,0.834228654490299,42,,29.0,51,,10,132,85,15823
HHS Region,hhs7,2006,48,1.08809817823603,1.15473441108545,82,,43.0,81,,14,220,89,19052
HHS Region,hhs7,2006,49,1.25397112567805,1.30367716574613,100,,55.0,88,,19,262,88,20097
HHS Region,hhs7,2006,50,1.57910261141304,1.52083440374043,105,,62.0,108,,21,296,87,19463
HHS Region,hhs7,2006,51,2.31495635037726,2.26510067114094,138,,71.0,146,,23,378,85,16688
HHS Region,hhs7,2006,52,2.74889991455876,2.65205091937765,144,,71.0,134,,26,375,82,14140
HHS Region,hhs7,2007,1,2.11955111451809,2.24215246636771,130,,79.0,105,,21,335,90,14941
HHS Region,hhs7,2007,2,1.52074653330589,1.56265356265356,93,,53.0,153,,19,318,92,20350
HHS Region,hhs7,2007,3,1.622988185764,1.68083555987369,101,,76.0,155,,14,346,89,20585
HHS Region,hhs7,2007,4,2.14961943778835,2.24305323066622,131,,118.0,264,,23,536,92,23896
HHS Region,hhs7,2007,5,2.83402345663843,3.02273740526081,180,,133.0,348,,17,678,91,22430
HHS Region,hhs7,2007,6,2.66559968446263,2.72263187748157,170,,126.0,364,,12,672,90,24682
HHS Region,hhs7,2007,7,2.52187077733192,2.65982051993709,176,,111.0,268,,20,575,90,21618
HHS Region,hhs7,2007,8,2.60980647691022,2.82804311282508,180,,116.0,256,,20,572,89,20226
HHS Region,hhs7,2007,9,1.6926845734861,1.84341675151385,88,,78.0,152,,26,344,83,18661
HHS Region,hhs7,2007,10,1.35016562397461,1.39752350613986,74,,71.0,116,,11,272,81,19463
HHS Region,hhs7,2007,11,1.43639243323591,1.55710355324006,99,,50.0,97,,20,266,77,17083
HHS Region,hhs7,2007,12,0.861383917532404,1.01010101010101,49,,35.0,50,,15,149,74,14751
HHS Region,hhs7,2007,13,0.79097301125656,0.760933806146572,38,,22.0,40,,3,103,68,13536
HHS Region,hhs7,2007,14,0.677013274454924,0.609316648103256,20,,20.0,43,,10,93,67,15263
HHS Region,hhs7,2007,15,0.661974184795684,0.691003001326167,35,,29.0,29,,6,99,66,14327
HHS Region,hhs7,2007,16,0.605115491375754,0.706004756242568,38,,20.0,31,,6,95,62,13456
HHS Region,hhs7,2007,17,0.495269246210299,0.656801456041782,27,,27.0,21,,8,83,59,12637
HHS Region,hhs7,2007,18,0.353551236325763,0.560006892392522,25,,15.0,20,,5,65,58,11607
HHS Region,hhs7,2007,19,0.374139719512858,0.786885245901639,31,,26.0,18,,9,84,57,10675
HHS Region,hhs7,2007,20,0.319489770793783,0.615715402658327,25,,9.0,17,,12,63,56,10232
HHS Region,hhs7,2007,21,0.222457016622395,0.218579234972678,7,,3.0,7,,3,20,52,9150
HHS Region,hhs7,2007,22,0.2814024169574,0.291928185666326,4,,6.0,7,,3,20,46,6851
HHS Region,hhs7,2007,23,0.204737778547928,0.229357798165138,3,,6.0,3,,2,14,40,6104
HHS Region,hhs7,2007,24,0.15813831445247,0.134210173131123,1,,4.0,3,,2,10,42,7451
HHS Region,hhs7,2007,25,0.206177322172513,0.186422246388069,4,,4.0,3,,1,12,41,6437
HHS Region,hhs7,2007,26,0.253884796191663,0.209745079057761,5,,4.0,4,,0,13,39,6198
HHS Region,hhs7,2007,27,0.319380341968452,0.255241567912489,4,,5.0,2,,3,14,39,5485
HHS Region,hhs7,2007,28,0.201084661866622,0.170068027210884,3,,5.0,1,,2,11,37,6468
HHS Region,hhs7,2007,29,0.281243158399984,0.25802752293578,3,,5.0,7,,3,18,39,6976
HHS Region,hhs7,2007,30,0.251613165810613,0.21014710297208,4,,4.0,5,,1,14,38,6662
HHS Region,hhs7,2007,31,0.183648776749631,0.17531556802244,1,,4.0,4,,1,10,36,5704
HHS Region,hhs7,2007,32,0.216459878608192,0.213642606439799,1,,8.0,3,,2,14,37,6553
HHS Region,hhs7,2007,33,0.222956811436993,0.223290965304019,2,,6.0,3,,2,13,37,5822
HHS Region,hhs7,2007,34,0.192090459738402,0.155213771694652,2,,3.0,4,,2,11,38,7087
HHS Region,hhs7,2007,35,0.246950905934227,0.21978021978022,2,,7.0,3,,3,15,38,6825
HHS Region,hhs7,2007,36,0.297699300620538,0.226364846870839,2,,5.0,6,,4,17,37,7510
HHS Region,hhs7,2007,37,0.439910888680757,0.440399295361127,4,,9.0,14,,3,30,36,6812
HHS Region,hhs7,2007,38,0.430644673295567,0.454380225372592,3,,8.0,11,,3,25,38,5502
HHS Region,hhs7,2007,39,0.299239012746768,0.348229831688915,2,,8.0,5,,3,18,34,5169
HHS Region,hhs7,2007,40,0.461687569558258,0.50565348690217,14,,14.0,39,,5,72,67,14239
HHS Region,hhs7,2007,41,0.30449845840293,0.329942260104482,8,,14.0,21,,5,48,68,14548
HHS Region,hhs7,2007,42,0.601577700706727,0.61123214717986,29,,19.0,39,,14,101,68,16524
HHS Region,hhs7,2007,43,0.697844061178311,0.696947849074742,39,,23.0,41,,13,116,68,16644
HHS Region,hhs7,2007,44,0.831841274988996,0.928478982612121,45,,41.0,62,,17,165,70,17771
HHS Region,hhs7,2007,45,0.563684758650846,0.577580889362418,37,,15.0,44,,7,103,69,17833
HHS Region,hhs7,2007,46,0.706872925256354,0.690315084409815,38,,19.0,34,,10,101,69,14631
HHS Region,hhs7,2007,47,0.73085857623102,0.742432895488292,37,,25.0,29,,13,104,73,14008
HHS Region,hhs7,2007,48,0.719729137334857,0.653523581309226,35,,21.0,56,,8,120,75,18362
HHS Region,hhs7,2007,49,1.02118879669254,1.01161916873808,56,,46.0,61,,12,175,72,17299
HHS Region,hhs7,2007,50,1.17368003483253,1.40333897894992,48,,41.0,58,,27,174,73,12399
HHS Region,hhs7,2007,51,1.05295250815235,0.958764636008824,47,,19.0,34,,13,113,71,11786
HHS Region,hhs7,2007,52,1.74162692527201,1.87703044158344,64,,33.0,37,,22,156,69,8311
HHS Region,hhs7,2008,1,1.38367663909251,1.40571606088847,56,,55.0,45,,25,181,75,12876
HHS Region,hhs7,2008,2,1.33307027181302,1.47947620246789,61,,61.0,62,,51,235,74,15884
HHS Region,hhs7,2008,3,1.46635170736257,1.57392124498939,83,,60.0,99,,25,267,75,16964
HHS Region,hhs7,2008,4,2.27307397391489,2.41607619932629,79,,76.0,227,,34,416,74,17218
HHS Region,hhs7,2008,5,4.31217874636733,4.33492315845257,121,,134.0,529,,34,818,75,18870
HHS Region,hhs7,2008,6,5.3375130628428,5.63182527301092,147,,248.0,639,,49,1083,76,19230
HHS Region,hhs7,2008,7,6.63937120674073,6.8772945860696,200,,401.0,636,,93,1330,77,19339
HHS Region,hhs7,2008,8,6.68552423110144,7.40911891558842,222,,455.0,640,,126,1443,75,19476
HHS Region,hhs7,2008,9,6.3655873409389,7.05176294073518,204,,505.0,477,,130,1316,75,18662
HHS Region,hhs7,2008,10,4.64294100233619,5.07839127471029,165,,345.0,299,,85,894,74,17604
HHS Region,hhs7,2008,11,3.30120570643662,3.63723955196917,93,,203.0,230,,78,604,68,16606
HHS Region,hhs7,2008,12,2.36191866008233,2.6395733477351,76,,135.0,117,,63,391,72,14813
HHS Region,hhs7,2008,13,2.1038730646852,2.30397388411074,73,,122.0,99,,73,367,68,15929
HHS Region,hhs7,2008,14,1.70095259470375,1.87297907388201,52,,98.0,92,,65,307,67,16391
HHS Region,hhs7,2008,15,1.06217144868618,1.14,42,,46.0,56,,27,171,64,15000
HHS Region,hhs7,2008,16,1.07025456827377,1.08711200114433,34,,46.0,52,,20,152,58,13982
HHS Region,hhs7,2008,17,0.874566138136745,0.797508734619474,26,,32.0,29,,18,105,57,13166
HHS Region,hhs7,2008,18,0.666545346033082,0.615996025832091,28,,15.0,12,,7,62,52,10065
HHS Region,hhs7,2008,19,0.641965473082061,0.584608843537415,23,,11.0,14,,7,55,50,9408
HHS Region,hhs7,2008,20,0.408883240779059,0.359674177509785,14,,6.0,11,,3,34,49,9453
HHS Region,hhs7,2008,21,0.499311974125668,0.469759248385203,19,,4.0,11,,6,40,43,8515
HHS Region,hhs7,2008,22,0.505166793337318,0.41568769202964,12,,4.0,3,,4,23,33,5533
HHS Region,hhs7,2008,23,0.636344476321898,0.50125313283208,6,,6.0,9,,5,26,28,5187
HHS Region,hhs7,2008,24,0.520545828789864,0.441276306856755,10,,3.0,9,,4,26,28,5892
HHS Region,hhs7,2008,25,0.51274291896639,0.462449130595634,11,,3.0,7,,4,25,26,5406
HHS Region,hhs7,2008,26,0.679340340988623,0.613379336783592,16,,7.0,7,,2,32,26,5217
HHS Region,hhs7,2008,27,0.617089668639641,0.641482537419815,11,,3.0,11,,2,27,27,4209
HHS Region,hhs7,2008,28,0.630217699090462,0.51309271054494,12,,7.0,6,,4,29,27,5652
HHS Region,hhs7,2008,29,0.546444192068334,0.459908018396321,9,,6.0,6,,2,23,25,5001
HHS Region,hhs7,2008,30,0.632506766722087,0.546860267772959,9,,8.0,9,,3,29,26,5303
HHS Region,hhs7,2008,31,0.654066373560462,0.654338549075391,7,,6.0,6,,4,23,24,3515
HHS Region,hhs7,2008,32,0.652643720167567,0.686324351804779,9,,7.0,7,,4,27,26,3934
HHS Region,hhs7,2008,33,0.434162280743205,0.494715538565325,7,,7.0,5,,3,22,26,4447
HHS Region,hhs7,2008,34,0.320157122792012,0.37870818430465,5,,6.0,6,,1,18,26,4753
HHS Region,hhs7,2008,35,0.278705971616769,0.341571227647177,3,,7.0,5,,2,17,25,4977
HHS Region,hhs7,2008,36,0.55647072347257,0.619035336600464,7,,4.0,8,,5,24,24,3877
HHS Region,hhs7,2008,37,0.779406458527799,0.712025316455696,9,,10.0,8,,9,36,25,5056
HHS Region,hhs7,2008,38,0.381381337090326,0.49001130795326,11,,5.0,8,,2,26,26,5306
HHS Region,hhs7,2008,39,0.378678183803438,0.4510045100451,7,,6.0,8,,1,22,26,4878
HHS Region,hhs7,2008,40,0.528797053095186,0.50130476582887,9,,12.0,48,,4,73,64,14562
HHS Region,hhs7,2008,41,0.32097314525151,0.411554589221929,15,,10.0,23,,5,53,65,12878
HHS Region,hhs7,2008,42,0.542403316101771,0.59890998382943,22,,25.0,41,,12,100,71,16697
HHS Region,hhs7,2008,43,0.377615561318668,0.438239529205534,10,,21.0,34,,5,70,70,15973
HHS Region,hhs7,2008,44,0.238077380342929,0.284504432976049,5,,9.0,27,,2,43,67,15114
HHS Region,hhs7,2008,45,0.246876388338518,0.252032008065024,8,,12.0,16,,4,40,69,15871
HHS Region,hhs7,2008,46,0.387510914133697,0.484126984126984,19,,12.0,25,,5,61,64,12600
HHS Region,hhs7,2008,47,0.629104725568465,0.674257362763183,24,,27.0,50,,5,106,70,15721
HHS Region,hhs7,2008,48,0.366794997392284,0.477495799805465,15,,16.0,22,,1,54,67,11309
HHS Region,hhs7,2008,49,0.301020176178134,0.303720577069096,13,,12.0,21,,2,48,70,15804
HHS Region,hhs7,2008,50,0.274851190743334,0.282578694880726,14,,4.0,20,,5,43,69,15217
HHS Region,hhs7,2008,51,0.709199954004182,0.642398286937901,20,,22.0,23,,4,69,66,10741
HHS Region,hhs7,2008,52,0.416744966145416,0.445859872611465,17,,8.0,8,,2,35,66,7850
HHS Region,hhs7,2008,53,0.349841957060317,0.401284109149278,19,,9.0,11,,1,40,67,9968
HHS Region,hhs7,2009,1,0.406349067830877,0.4375,21,,17.0,20,,5,63,69,14400
HHS Region,hhs7,2009,2,0.403269434384978,0.437451492274042,25,,9.0,27,,1,62,67,14173
HHS Region,hhs7,2009,3,0.589838538094816,0.62788932588146,31,,18.0,39,,3,91,67,14493
HHS Region,hhs7,2009,4,1.00426004367853,1.06917336394948,41,,20.0,86,,2,149,67,13936
HHS Region,hhs7,2009,5,1.1552111362881,1.28140703517588,47,,24.0,132,,1,204,67,15920
HHS Region,hhs7,2009,6,1.42570131982864,1.54520014600316,48,,30.0,171,,5,254,67,16438
HHS Region,hhs7,2009,7,1.6483705836084,1.72680571888346,51,,42.0,184,,2,279,65,16157
HHS Region,hhs7,2009,8,2.08299697073998,2.3343653250774,73,,53.0,243,,8,377,65,16150
HHS Region,hhs7,2009,9,2.36558266798408,2.58064516129032,88,,55.0,284,,5,432,67,16740
HHS Region,hhs7,2009,10,1.56432288694887,1.64225749126785,68,,47.0,145,,8,268,67,16319
HHS Region,hhs7,2009,11,1.62115327017118,1.72225259704757,66,,50.0,124,,12,252,65,14632
HHS Region,hhs7,2009,12,1.25346573059968,1.40533712300647,40,,42.0,88,,8,178,63,12666
HHS Region,hhs7,2009,13,1.06866450906782,1.15329791369703,35,,38.0,95,,10,178,67,15434
HHS Region,hhs7,2009,14,1.02048510196227,1.0126797719343,43,,11.0,61,,4,119,61,11751
HHS Region,hhs7,2009,15,0.496310697000885,0.561167227833895,28,,10.0,44,,3,85,64,15147
HHS Region,hhs7,2009,16,0.548174405814249,0.643961076130509,31,,16.0,39,,4,90,61,13976
HHS Region,hhs7,2009,17,0.816381180576402,0.993088639871167,39,,29.0,75,,5,148,59,14903
HHS Region,hhs7,2009,18,0.798534775135898,0.879745081740094,32,,29.0,60,,6,127,59,14436
HHS Region,hhs7,2009,19,1.00758766035259,1.12785610111813,30,,30.0,51,,5,116,53,10285
HHS Region,hhs7,2009,20,0.791805583290137,0.884466556108347,33,,20.0,39,,4,96,55,10854
HHS Region,hhs7,2009,21,0.791945182885358,0.899185443774463,32,,18.0,32,,3,85,55,9453
HHS Region,hhs7,2009,22,0.418591624503134,0.491992044383963,25,,5.0,14,,3,47,50,9553
HHS Region,hhs7,2009,23,0.359990179633466,0.422764227642276,13,,8.0,16,,2,39,49,9225
HHS Region,hhs7,2009,24,0.193264149702288,0.291055636404343,10,,4.0,12,,0,26,47,8933
HHS Region,hhs7,2009,25,0.343677189292038,0.475944128297982,20,,9.0,15,,2,46,50,9665
HHS Region,hhs7,2009,26,0.299792084403433,0.409747681690748,15,,8.0,13,,2,38,51,9274
HHS Region,hhs7,2009,27,0.30394063748722,0.403930131004367,13,,9.0,13,,2,37,49,9160
HHS Region,hhs7,2009,28,0.408520482805818,0.575373993095512,16,,6.0,27,,1,50,48,8690
HHS Region,hhs7,2009,29,0.449194868543287,0.686253484880978,20,,8.0,32,,4,64,46,9326
HHS Region,hhs7,2009,30,0.49654447487123,0.578034682080925,25,,9.0,18,,2,54,46,9342
HHS Region,hhs7,2009,31,0.397632437617501,0.531116499249509,14,,15.0,15,,2,46,47,8661
HHS Region,hhs7,2009,32,0.476854429683326,0.771107857491459,23,,24.0,31,,1,79,50,10245
HHS Region,hhs7,2009,33,1.06619311098211,1.01827676240209,26,,9.0,80,,2,117,49,11490
HHS Region,hhs7,2009,34,4.70044114821539,4.30201342281879,48,,54.0,533,,6,641,52,14900
HHS Region,hhs7,2009,35,4.14098642391116,3.791329904482,58,,27.0,427,,4,516,55,13610
HHS Region,hhs7,2009,36,4.48007385358559,3.99266919753895,71,,76.0,459,,4,610,60,15278
HHS Region,hhs7,2009,37,5.12187087700613,4.68693839407663,73,,134.0,436,,9,652,56,13911
HHS Region,hhs7,2009,38,4.94458874534424,5.24805939925751,113,,192.0,606,,22,933,60,17778
HHS Region,hhs7,2009,39,4.72640681759328,5.15670835263239,166,,185.0,633,,18,1002,61,19431
HHS Region,hhs7,2009,40,6.89545528188393,7.14187686987072,373,437.0,517.0,1677,80.0,35,2602,126,36433
HHS Region,hhs7,2009,41,10.2902122174996,10.3967828418231,586,610.0,736.0,2503,126.0,53,3878,128,37300
HHS Region,hhs7,2009,42,11.3129261366402,11.2669937646939,700,746.0,886.0,2766,140.0,57,4409,130,39132
HHS Region,hhs7,2009,43,8.29832872263862,8.25412706353177,593,582.0,726.0,1762,144.0,54,3135,133,37981
HHS Region,hhs7,2009,44,7.12289957035428,6.95149425911349,463,454.0,541.0,1512,87.0,45,2561,132,36841
HHS Region,hhs7,2009,45,5.00398572517074,4.84877716620326,347,308.0,405.0,908,97.0,49,1709,128,35246
HHS Region,hhs7,2009,46,2.90064101264675,2.94778466792487,214,216.0,267.0,462,51.0,41,984,127,33381
HHS Region,hhs7,2009,47,2.650417051424,2.53723523688347,197,145.0,182.0,262,37.0,37,678,131,26722
HHS Region,hhs7,2009,48,2.45012159169095,2.18071217468652,184,172.0,242.0,282,70.0,52,760,132,34851
HHS Region,hhs7,2009,49,2.27852119443511,1.93259486212585,142,113.0,159.0,231,46.0,42,574,129,29701
HHS Region,hhs7,2009,50,1.56203607936966,1.50813996071512,134,79.0,111.0,177,32.0,31,453,127,30037
HHS Region,hhs7,2009,51,1.96804646644858,1.85666921703647,105,69.0,112.0,108,43.0,39,364,125,19605
HHS Region,hhs7,2009,52,1.93750326039427,1.78915238318854,98,81.0,127.0,109,46.0,47,381,118,21295
HHS Region,hhs7,2010,1,1.80300307618277,1.78479931682323,133,96.0,133.0,123,37.0,29,418,118,23420
HHS Region,hhs7,2010,2,1.12252816582133,1.17943845624611,113,66.0,99.0,119,33.0,29,360,124,30523
HHS Region,hhs7,2010,3,1.58443436333508,1.52303961196443,169,79.0,116.0,160,37.0,26,471,127,30925
HHS Region,hhs7,2010,4,1.40700700030398,1.46581960161472,155,85.0,113.0,157,28.0,18,443,122,30222
HHS Region,hhs7,2010,5,1.93462510771177,2.09826785219826,231,116.0,159.0,254,43.0,38,682,125,32503
HHS Region,hhs7,2010,6,2.09190755631448,2.15030340749961,234,119.0,159.0,257,40.0,41,691,124,32135
HHS Region,hhs7,2010,7,2.16435890841532,2.15351812366738,197,123.0,173.0,305,50.0,32,707,124,32830
HHS Region,hhs7,2010,8,1.70587177041901,1.91441109769387,197,115.0,159.0,257,44.0,37,650,127,33953
HHS Region,hhs7,2010,9,2.25341541722215,2.34298331697743,187,123.0,181.0,361,58.0,35,764,125,32608
HHS Region,hhs7,2010,10,1.5908768286039,1.72298693454557,154,81.0,125.0,237,44.0,26,542,121,31457
HHS Region,hhs7,2010,11,1.96924425843794,1.92971336009578,146,97.0,131.0,230,34.0,41,548,122,28398
HHS Region,hhs7,2010,12,1.41759265925776,1.26997955969574,86,78.0,112.0,138,34.0,43,379,119,29843
HHS Region,hhs7,2010,13,1.20007731648777,1.16074316311496,86,71.0,99.0,102,28.0,36,323,115,27827
HHS Region,hhs7,2010,14,1.02274199258018,0.997028722350611,75,73.0,99.0,111,26.0,17,302,117,30290
HHS Region,hhs7,2010,15,0.863461429851082,0.857340066116903,82,49.0,60.0,74,11.0,20,236,106,27527
HHS Region,hhs7,2010,16,0.745363245049984,0.72867232166212,50,32.0,50.0,76,18.0,19,195,101,26761
HHS Region,hhs7,2010,17,0.770604368083026,0.823585581284316,56,41.0,63.0,70,22.0,18,207,99,25134
HHS Region,hhs7,2010,18,0.582312093809288,0.682079549510251,37,42.0,52.0,63,10.0,20,172,96,25217
HHS Region,hhs7,2010,19,1.2175842588833,1.00881577751522,62,53.0,78.0,69,25.0,13,222,91,22006
HHS Region,hhs7,2010,20,0.683712870361948,0.77930770701855,49,42.0,50.0,46,8.0,18,163,90,20916
HHS Region,hhs7,2010,21,0.956677596890669,0.815824765310684,49,24.0,35.0,53,11.0,9,146,80,17896
HHS Region,hhs7,2010,22,0.524188842793345,0.566518141311267,16,16.0,24.0,34,8.0,15,89,76,15710
HHS Region,hhs7,2010,23,0.450604586911616,0.580758794687485,43,24.0,32.0,37,8.0,10,122,89,21007
HHS Region,hhs7,2010,24,0.386901398516231,0.455673130474406,30,16.0,21.0,29,5.0,10,90,88,19751
HHS Region,hhs7,2010,25,0.443387131317524,0.502229283042074,29,18.0,30.0,33,12.0,6,98,85,19513
HHS Region,hhs7,2010,26,0.445185121085869,0.454959053685168,22,13.0,18.0,33,5.0,7,80,82,17584
HHS Region,hhs7,2010,27,0.38425600303273,0.459742302341056,22,15.0,22.0,26,7.0,6,76,83,16531
HHS Region,hhs7,2010,28,0.450680063658733,0.483939265622164,34,10.0,17.0,27,7.0,2,80,76,16531
HHS Region,hhs7,2010,29,0.330178527994481,0.405945913676795,25,9.0,15.0,27,6.0,1,68,74,16751
HHS Region,hhs7,2010,30,1.21122602462755,0.641470180305132,34,18.0,23.0,48,5.0,6,111,72,17304
HHS Region,hhs7,2010,31,0.36233230003662,0.346109473144469,16,12.0,16.0,20,4.0,2,54,68,15602
HHS Region,hhs7,2010,32,0.505694610820131,0.380879832412874,16,15.0,19.0,23,4.0,2,60,65,15753
HHS Region,hhs7,2010,33,0.428593101680244,0.296908656924958,12,15.0,18.0,20,3.0,1,51,65,17177
HHS Region,hhs7,2010,34,0.470618085075006,0.467419731790106,24,10.0,14.0,41,4.0,5,84,61,17971
HHS Region,hhs7,2010,35,0.534042143110225,0.528158201805564,19,19.0,22.0,45,3.0,0,86,59,16283
HHS Region,hhs7,2010,36,0.639604707067268,0.655052264808362,25,17.0,20.0,43,3.0,6,94,56,14350
HHS Region,hhs7,2010,37,0.610826961125829,0.603844662345576,35,22.0,25.0,46,3.0,3,109,60,18051
HHS Region,hhs7,2010,38,0.984455591648581,0.753432980921133,20,34.0,43.0,53,9.0,8,124,60,16458
HHS Region,hhs7,2010,39,0.94470341005671,0.854894412047783,42,29.0,37.0,69,8.0,3,151,61,17663
HHS Region,hhs7,2010,40,0.991063,0.93958,58,48.0,65.0,78,17.0,15,216,92,22989
HHS Region,hhs7,2010,41,1.08027,0.988418,54,44.0,59.0,100,15.0,14,227,91,22966
HHS Region,hhs7,2010,42,1.06182,1.01452,74,46.0,66.0,81,20.0,20,241,95,23755
HHS Region,hhs7,2010,43,0.845718,0.784242,56,53.0,70.0,78,17.0,9,213,98,27160
HHS Region,hhs7,2010,44,0.742364,0.667116,44,47.0,61.0,65,14.0,8,178,98,26682
HHS Region,hhs7,2010,45,1.17186,1.11553,94,50.0,64.0,123,14.0,25,306,100,27431
HHS Region,hhs7,2010,46,1.07974,1.00709,65,61.0,81.0,108,20.0,16,270,100,26810
HHS Region,hhs7,2010,47,1.00558,0.99356,47,39.0,52.0,52,13.0,11,162,96,16305
HHS Region,hhs7,2010,48,1.39302,1.33174,99,70.0,100.0,103,30.0,21,323,97,24254
HHS Region,hhs7,2010,49,1.3103,1.25906,86,62.0,80.0,111,18.0,41,318,100,25257
HHS Region,hhs7,2010,50,1.55739,1.45739,103,68.0,96.0,127,28.0,36,362,98,24839
HHS Region,hhs7,2010,51,1.98246,1.74216,106,80.0,101.0,97,21.0,31,335,99,19229
HHS Region,hhs7,2010,52,2.28887,2.2279,114,82.0,121.0,100,39.0,40,375,94,16832
HHS Region,hhs7,2011,1,1.67952,1.66817,119,84.0,114.0,124,30.0,32,389,99,23319
HHS Region,hhs7,2011,2,1.74762,1.64076,98,69.0,111.0,140,42.0,31,380,98,23160
HHS Region,hhs7,2011,3,1.95837,1.92172,135,103.0,135.0,192,32.0,27,489,100,25446
HHS Region,hhs7,2011,4,3.27881,3.21918,176,160.0,204.0,461,44.0,37,878,99,27274
HHS Region,hhs7,2011,5,4.31794,4.04619,188,132.0,174.0,472,42.0,28,862,96,21304
HHS Region,hhs7,2011,6,3.68418,3.51263,201,167.0,212.0,504,45.0,26,943,95,26846
HHS Region,hhs7,2011,7,4.52672,4.29399,256,202.0,256.0,642,54.0,32,1186,96,27620
HHS Region,hhs7,2011,8,4.67032,4.41171,308,231.0,287.0,627,56.0,54,1276,98,28923
HHS Region,hhs7,2011,9,3.73408,3.6887,235,184.0,241.0,537,57.0,43,1056,98,28628
HHS Region,hhs7,2011,10,3.46795,3.32065,202,157.0,207.0,387,50.0,42,838,95,25236
HHS Region,hhs7,2011,11,2.28107,2.20245,134,121.0,158.0,184,37.0,24,500,90,22702
HHS Region,hhs7,2011,12,1.74696,1.7106,103,83.0,110.0,123,27.0,17,353,86,20636
HHS Region,hhs7,2011,13,1.39176,1.37669,72,55.0,69.0,103,14.0,13,257,84,18668
HHS Region,hhs7,2011,14,1.21802,1.13805,64,41.0,51.0,97,10.0,18,230,86,20210
HHS Region,hhs7,2011,15,1.04518,0.975513,47,33.0,47.0,92,14.0,10,196,83,20092
HHS Region,hhs7,2011,16,0.790359,0.757343,46,28.0,41.0,48,13.0,13,148,83,19542
HHS Region,hhs7,2011,17,0.645403,0.654554,38,26.0,39.0,34,13.0,5,116,76,17722
HHS Region,hhs7,2011,18,0.473599,0.488315,26,19.0,26.0,29,7.0,3,84,75,17202
HHS Region,hhs7,2011,19,0.558647,0.540941,41,12.0,19.0,28,7.0,7,95,74,17562
HHS Region,hhs7,2011,20,0.537655,0.58281,36,9.0,17.0,31,8.0,7,91,76,15614
HHS Region,hhs7,2011,21,0.541853,0.586581,18,16.0,20.0,26,4.0,9,73,62,12445
HHS Region,hhs7,2011,22,0.181779,0.269804,11,2.0,4.0,7,2.0,3,25,65,9266
HHS Region,hhs7,2011,23,0.1855,0.262097,16,5.0,7.0,2,2.0,1,26,58,9920
HHS Region,hhs7,2011,24,0.0603154,0.0879894,3,1.0,3.0,2,2.0,0,8,56,9092
HHS Region,hhs7,2011,25,0.241549,0.271893,13,1.0,3.0,6,2.0,2,24,54,8827
HHS Region,hhs7,2011,26,0.0788898,0.084406,2,2.0,3.0,3,1.0,0,8,57,9478
HHS Region,hhs7,2011,27,0.128025,0.122055,2,1.0,2.0,4,1.0,2,10,57,8193
HHS Region,hhs7,2011,28,0.0756533,0.0830134,2,4.0,4.0,2,0.0,0,8,56,9637
HHS Region,hhs7,2011,29,0.135862,0.209059,2,7.0,10.0,5,3.0,1,18,56,8610
HHS Region,hhs7,2011,30,0.122922,0.204874,10,3.0,6.0,3,3.0,0,19,57,9274
HHS Region,hhs7,2011,31,0.123973,0.137655,4,0.0,1.0,4,1.0,2,11,51,7991
HHS Region,hhs7,2011,32,0.0966253,0.13197,4,3.0,3.0,4,0.0,1,12,55,9093
HHS Region,hhs7,2011,33,0.0735469,0.0869282,4,0.0,3.0,1,3.0,0,8,51,9203
HHS Region,hhs7,2011,34,0.105808,0.153002,5,3.0,4.0,6,1.0,2,17,55,11111
HHS Region,hhs7,2011,35,0.237367,0.279122,12,5.0,5.0,12,0.0,1,30,54,10748
HHS Region,hhs7,2011,36,0.485177,0.592965,20,13.0,16.0,22,3.0,1,59,54,9950
HHS Region,hhs7,2011,37,0.872045,0.90462,24,15.0,24.0,43,9.0,12,103,56,11386
HHS Region,hhs7,2011,38,0.448749,0.488273,26,6.0,11.0,13,5.0,6,56,55,11469
HHS Region,hhs7,2011,39,0.490696,0.586386,27,10.0,12.0,29,2.0,1,69,56,11767
HHS Region,hhs7,2011,40,0.890842,0.882539,61,42.0,59.0,90,17.0,13,223,97,25268
HHS Region,hhs7,2011,41,0.851874,0.824058,63,42.0,55.0,82,13.0,11,211,99,25605
HHS Region,hhs7,2011,42,0.761474,0.736383,54,34.0,49.0,70,15.0,11,184,99,24987
HHS Region,hhs7,2011,43,0.961229,0.983802,69,61.0,85.0,106,24.0,20,280,102,28461
HHS Region,hhs7,2011,44,1.14083,1.08856,68,64.0,93.0,129,29.0,13,303,104,27835
HHS Region,hhs7,2011,45,0.90938,0.897603,72,47.0,64.0,102,17.0,17,255,104,28409
HHS Region,hhs7,2011,46,0.839903,0.78681,63,48.0,67.0,77,19.0,13,220,102,27961
HHS Region,hhs7,2011,47,0.862174,0.847761,49,33.0,46.0,56,13.0,15,166,104,19581
HHS Region,hhs7,2011,48,1.03336,0.972036,77,62.0,93.0,85,31.0,21,276,105,28394
HHS Region,hhs7,2011,49,0.821731,0.803122,53,48.0,64.0,83,16.0,12,212,106,26397
HHS Region,hhs7,2011,50,1.4333,1.43405,93,68.0,99.0,114,31.0,27,333,99,23221
HHS Region,hhs7,2011,51,1.41392,1.3659,73,48.0,75.0,93,27.0,28,269,102,19694
HHS Region,hhs7,2011,52,1.89373,1.86163,112,70.0,107.0,85,37.0,38,342,100,18371
HHS Region,hhs7,2012,1,1.47953,1.37576,93,55.0,86.0,92,31.0,42,313,102,22751
HHS Region,hhs7,2012,2,1.49896,1.3979,128,82.0,112.0,87,30.0,37,364,104,26039
HHS Region,hhs7,2012,3,1.60103,1.57727,127,75.0,110.0,139,35.0,31,407,103,25804
HHS Region,hhs7,2012,4,1.75629,1.60643,128,85.0,122.0,178,37.0,36,464,106,28884
HHS Region,hhs7,2012,5,2.59091,2.31062,187,98.0,138.0,297,40.0,21,643,104,27828
HHS Region,hhs7,2012,6,2.81845,2.63334,217,122.0,166.0,315,44.0,49,747,102,28367
HHS Region,hhs7,2012,7,3.1466,2.945,239,150.0,212.0,334,62.0,54,839,104,28489
HHS Region,hhs7,2012,8,3.03559,3.01694,231,152.0,208.0,312,56.0,56,807,98,26749
HHS Region,hhs7,2012,9,3.4431,3.38514,238,185.0,250.0,368,65.0,61,917,95,27089
HHS Region,hhs7,2012,10,3.12669,3.18703,236,129.0,187.0,361,58.0,75,859,98,26953
HHS Region,hhs7,2012,11,2.64834,2.69423,187,127.0,171.0,276,44.0,45,679,100,25202
HHS Region,hhs7,2012,12,1.69387,1.69354,100,79.0,120.0,141,41.0,35,396,96,23383
HHS Region,hhs7,2012,13,1.209,1.22104,74,50.0,74.0,102,24.0,23,273,95,22358
HHS Region,hhs7,2012,14,0.886149,0.930704,62,33.0,50.0,86,17.0,13,211,91,22671
HHS Region,hhs7,2012,15,0.790334,0.748573,49,34.0,48.0,60,14.0,20,177,91,23645
HHS Region,hhs7,2012,16,0.751913,0.711544,47,41.0,55.0,54,14.0,9,165,86,23189
HHS Region,hhs7,2012,17,0.692067,0.649082,42,29.0,44.0,64,15.0,7,157,87,24188
HHS Region,hhs7,2012,18,0.837067,0.666356,40,28.0,41.0,50,13.0,12,143,78,21460
HHS Region,hhs7,2012,19,0.664338,0.575122,31,17.0,22.0,30,5.0,14,97,73,16866
HHS Region,hhs7,2012,20,0.517189,0.510746,31,6.0,10.0,29,4.0,7,77,70,15076
HHS Region,hhs7,2012,21,0.440619,0.490726,20,7.0,13.0,17,6.0,9,59,58,12023
HHS Region,hhs7,2012,22,0.274068,0.275716,8,6.0,8.0,7,2.0,3,26,56,9430
HHS Region,hhs7,2012,23,0.0857011,0.0787247,2,3.0,3.0,1,0.0,2,8,48,10162
HHS Region,hhs7,2012,24,0.0813149,0.0899191,4,1.0,2.0,3,1.0,0,9,51,10009
HHS Region,hhs7,2012,25,0.0474986,0.0518027,1,2.0,3.0,1,1.0,0,5,48,9652
HHS Region,hhs7,2012,26,0.0886178,0.0787608,1,1.0,3.0,2,2.0,0,6,48,7618
HHS Region,hhs7,2012,27,0.174976,0.211218,5,2.0,6.0,5,4.0,2,18,51,8522
HHS Region,hhs7,2012,28,0.170595,0.145335,1,4.0,6.0,8,2.0,0,15,48,10321
HHS Region,hhs7,2012,29,0.132304,0.136206,2,2.0,3.0,5,1.0,1,11,48,8076
HHS Region,hhs7,2012,30,0.134456,0.175549,4,1.0,2.0,7,1.0,1,14,47,7975
HHS Region,hhs7,2012,31,0.17458,0.248919,5,5.0,8.0,5,3.0,1,19,46,7633
HHS Region,hhs7,2012,32,0.113721,0.129608,1,3.0,4.0,4,1.0,0,9,42,6944
HHS Region,hhs7,2012,33,0.150156,0.16989,3,2.0,3.0,7,1.0,0,13,43,7652
HHS Region,hhs7,2012,34,0.39313,0.563969,19,4.0,6.0,22,2.0,7,54,43,9575
HHS Region,hhs7,2012,35,0.478097,0.548022,16,10.0,13.0,28,3.0,2,59,48,10766
HHS Region,hhs7,2012,36,0.660782,0.710649,17,13.0,18.0,26,5.0,6,67,45,9428
HHS Region,hhs7,2012,37,0.912734,0.835092,26,15.0,22.0,35,7.0,8,91,46,10897
HHS Region,hhs7,2012,38,0.761901,0.703118,24,13.0,20.0,24,7.0,8,76,48,10809
HHS Region,hhs7,2012,39,0.963943,0.895795,26,13.0,20.0,40,7.0,12,98,48,10940
HHS Region,hhs7,2012,40,1.09049,1.10339,73,57.0,77.0,81,20.0,23,254,85,23020
HHS Region,hhs7,2012,41,1.06337,1.12241,68,57.0,66.0,97,9.0,24,255,88,22719
HHS Region,hhs7,2012,42,1.35229,1.41499,101,54.0,77.0,128,23.0,17,323,88,22827
HHS Region,hhs7,2012,43,1.32045,1.31458,84,47.0,82.0,103,35.0,16,285,86,21680
HHS Region,hhs7,2012,44,1.49968,1.61112,113,60.0,85.0,158,25.0,22,378,88,23462
HHS Region,hhs7,2012,45,1.5617,1.54314,105,66.0,89.0,126,23.0,20,340,92,22033
HHS Region,hhs7,2012,46,1.963,1.8545,115,72.0,97.0,163,25.0,40,415,94,22378
HHS Region,hhs7,2012,47,2.31375,2.13466,119,56.0,77.0,127,21.0,34,357,96,16724
HHS Region,hhs7,2012,48,2.17001,2.03447,132,96.0,131.0,206,35.0,41,510,96,25068
HHS Region,hhs7,2012,49,2.31408,2.23927,146,98.0,134.0,268,36.0,33,581,98,25946
HHS Region,hhs7,2012,50,2.79395,2.69846,167,120.0,161.0,307,41.0,35,670,96,24829
HHS Region,hhs7,2012,51,4.08107,4.32918,222,175.0,247.0,359,72.0,40,868,94,20050
HHS Region,hhs7,2012,52,6.71975,6.89419,286,231.0,379.0,321,148.0,119,1105,98,16028
HHS Region,hhs7,2013,1,5.80882,6.18247,282,311.0,465.0,293,154.0,133,1173,99,18973
HHS Region,hhs7,2013,2,5.06625,5.52516,313,328.0,471.0,432,143.0,107,1323,97,23945
HHS Region,hhs7,2013,3,5.21627,5.703,334,287.0,403.0,595,116.0,112,1444,98,25320
HHS Region,hhs7,2013,4,5.34475,5.71792,342,266.0,372.0,564,106.0,115,1393,98,24362
HHS Region,hhs7,2013,5,5.16544,5.60388,300,211.0,315.0,569,104.0,98,1282,97,22877
HHS Region,hhs7,2013,6,4.34939,4.76438,240,199.0,306.0,476,107.0,79,1101,94,23109
HHS Region,hhs7,2013,7,3.42581,3.67367,190,148.0,222.0,342,74.0,57,811,94,22076
HHS Region,hhs7,2013,8,3.06399,3.26561,148,124.0,180.0,234,56.0,60,622,91,19047
HHS Region,hhs7,2013,9,2.37917,2.51853,111,93.0,142.0,166,49.0,60,479,87,19019
HHS Region,hhs7,2013,10,2.26166,2.23793,99,111.0,158.0,157,47.0,42,456,86,20376
HHS Region,hhs7,2013,11,1.90794,1.89974,70,88.0,118.0,130,30.0,42,360,84,18950
HHS Region,hhs7,2013,12,1.51602,1.65729,73,71.0,97.0,65,26.0,42,277,84,16714
HHS Region,hhs7,2013,13,1.50791,1.42633,53,69.0,89.0,76,20.0,27,245,81,17177
HHS Region,hhs7,2013,14,1.1312,1.08834,46,47.0,65.0,55,18.0,30,196,77,18009
HHS Region,hhs7,2013,15,1.02376,1.02141,52,31.0,49.0,56,18.0,20,177,74,17329
HHS Region,hhs7,2013,16,0.926927,0.844123,43,29.0,36.0,56,7.0,13,148,76,17533
HHS Region,hhs7,2013,17,0.949618,0.945938,30,36.0,51.0,68,15.0,16,165,74,17443
HHS Region,hhs7,2013,18,0.840615,0.807375,41,23.0,27.0,53,4.0,20,141,74,17464
HHS Region,hhs7,2013,19,0.769543,0.70701,29,22.0,38.0,39,16.0,12,118,71,16690
HHS Region,hhs7,2013,20,0.603697,0.585987,24,18.0,21.0,32,3.0,15,92,68,15700
HHS Region,hhs7,2013,21,0.729762,0.814359,40,18.0,23.0,24,5.0,11,98,62,12034
HHS Region,hhs7,2013,22,0.770442,0.739223,26,15.0,20.0,24,5.0,13,83,61,11228
HHS Region,hhs7,2013,23,0.184536,0.210993,8,3.0,7.0,3,4.0,2,20,60,9479
HHS Region,hhs7,2013,24,0.169888,0.177561,3,4.0,5.0,3,1.0,5,16,57,9011
HHS Region,hhs7,2013,25,0.257195,0.251457,8,0.0,4.0,8,4.0,2,22,54,8749
HHS Region,hhs7,2013,26,0.123,0.140318,5,2.0,3.0,4,1.0,0,12,56,8552
HHS Region,hhs7,2013,27,0.100862,0.122063,1,1.0,2.0,2,1.0,3,8,51,6554
HHS Region,hhs7,2013,28,0.104753,0.0978953,4,1.0,1.0,3,0.0,0,8,52,8172
HHS Region,hhs7,2013,29,0.131559,0.145406,2,0.0,0.0,8,0.0,1,11,49,7565
HHS Region,hhs7,2013,30,0.13277,0.123625,5,0.0,0.0,5,0.0,0,10,47,8089
HHS Region,hhs7,2013,31,0.124041,0.118782,1,3.0,5.0,2,2.0,0,8,47,6735
HHS Region,hhs7,2013,32,0.706188,0.862417,20,13.0,19.0,19,6.0,6,64,43,7421
HHS Region,hhs7,2013,33,0.470713,0.660899,16,8.0,14.0,18,6.0,7,55,44,8322
HHS Region,hhs7,2013,34,0.46699,0.55889,17,7.0,8.0,25,1.0,4,54,45,9662
HHS Region,hhs7,2013,35,0.199123,0.221361,5,4.0,4.0,9,0.0,2,20,42,9035
HHS Region,hhs7,2013,36,0.703354,0.78457,15,13.0,21.0,31,8.0,5,72,44,9177
HHS Region,hhs7,2013,37,0.859606,0.919693,25,16.0,24.0,35,8.0,13,97,44,10547
HHS Region,hhs7,2013,38,0.760087,0.825253,24,18.0,27.0,26,9.0,3,80,41,9694
HHS Region,hhs7,2013,39,0.878809,0.357187,50,18.0,29.0,50,11.0,14,143,46,40035
HHS Region,hhs7,2013,40,0.649922,0.339711,48,39.0,56.0,71,17.0,7,182,90,53575
HHS Region,hhs7,2013,41,0.848308,0.443926,66,44.0,60.0,89,16.0,21,236,91,53162
HHS Region,hhs7,2013,42,0.708172,0.398099,48,47.0,63.0,93,16.0,13,217,96,54509
HHS Region,hhs7,2013,43,0.912239,0.491462,61,66.0,92.0,107,26.0,16,276,93,56159
HHS Region,hhs7,2013,44,0.796841,0.501769,82,49.0,67.0,98,18.0,21,268,90,53411
HHS Region,hhs7,2013,45,0.893907,0.527024,74,73.0,92.0,113,19.0,11,290,92,55026
HHS Region,hhs7,2013,46,0.864878,0.468759,57,55.0,68.0,107,13.0,11,243,92,51839
HHS Region,hhs7,2013,47,1.03842,0.580976,64,67.0,85.0,120,18.0,21,290,91,49916
HHS Region,hhs7,2013,48,1.121,0.569211,55,71.0,91.0,63,20.0,11,220,92,38650
HHS Region,hhs7,2013,49,1.2566,0.656758,70,88.0,111.0,145,23.0,16,342,95,52074
HHS Region,hhs7,2013,50,1.52616,0.802976,71,108.0,146.0,162,38.0,16,395,94,49192
HHS Region,hhs7,2013,51,2.80787,1.35933,125,191.0,235.0,259,44.0,21,640,94,47082
HHS Region,hhs7,2013,52,4.4809,2.30112,173,238.0,329.0,213,91.0,31,746,93,32419
HHS Region,hhs7,2014,1,4.06436,2.09829,167,296.0,371.0,236,75.0,50,824,93,39270
HHS Region,hhs7,2014,2,3.04754,1.69006,170,252.0,329.0,240,77.0,39,778,93,46034
HHS Region,hhs7,2014,3,3.06195,1.81746,210,235.0,320.0,334,85.0,50,914,93,50290
HHS Region,hhs7,2014,4,2.95351,1.71393,173,218.0,305.0,334,87.0,33,845,94,49302
HHS Region,hhs7,2014,5,2.75317,1.67764,156,203.0,250.0,351,47.0,30,787,91,46911
HHS Region,hhs7,2014,6,2.0535,1.15321,127,132.0,172.0,197,40.0,33,529,91,45872
HHS Region,hhs7,2014,7,1.59839,0.966601,121,124.0,171.0,158,47.0,20,470,93,48624
HHS Region,hhs7,2014,8,1.38378,0.891492,90,110.0,138.0,154,28.0,32,414,90,46439
HHS Region,hhs7,2014,9,1.29389,0.75502,90,95.0,121.0,148,26.0,26,385,87,50992
HHS Region,hhs7,2014,10,1.09709,0.625914,93,62.0,80.0,107,18.0,28,308,89,49208
HHS Region,hhs7,2014,11,1.36946,0.734178,91,84.0,114.0,126,30.0,22,353,82,48081
HHS Region,hhs7,2014,12,0.989103,0.586841,80,65.0,92.0,65,27.0,18,255,86,43453
HHS Region,hhs7,2014,13,0.834714,0.403899,51,40.0,58.0,64,18.0,23,196,86,48527
HHS Region,hhs7,2014,14,0.988517,0.495124,57,56.0,81.0,74,25.0,18,230,79,46453
HHS Region,hhs7,2014,15,0.650163,0.396323,52,38.0,53.0,70,15.0,13,188,79,47436
HHS Region,hhs7,2014,16,0.623494,0.359968,46,41.0,55.0,54,14.0,12,167,77,46393
HHS Region,hhs7,2014,17,0.664668,0.387939,48,39.0,49.0,64,10.0,15,176,75,45368
HHS Region,hhs7,2014,18,0.526637,0.312087,40,29.0,44.0,53,15.0,7,144,72,46141
HHS Region,hhs7,2014,19,0.643012,0.320752,49,22.0,26.0,58,4.0,9,142,67,44271
HHS Region,hhs7,2014,20,0.47847,0.265668,28,25.0,34.0,37,9.0,11,110,64,41405
HHS Region,hhs7,2014,21,0.503571,0.248299,22,30.0,39.0,33,9.0,6,100,62,40274
HHS Region,hhs7,2014,22,0.509952,0.306662,36,23.0,31.0,32,8.0,10,109,59,35544
HHS Region,hhs7,2014,23,0.25283,0.159655,16,18.0,21.0,18,3.0,2,57,53,35702
HHS Region,hhs7,2014,24,0.154496,0.148945,25,9.0,11.0,14,2.0,4,54,55,36255
HHS Region,hhs7,2014,25,0.216845,0.200832,23,12.0,19.0,20,7.0,7,69,51,34357
HHS Region,hhs7,2014,26,0.148706,0.114723,8,5.0,11.0,15,6.0,5,39,48,33995
HHS Region,hhs7,2014,27,0.225714,0.157596,11,8.0,13.0,20,5.0,1,45,49,28554
HHS Region,hhs7,2014,28,0.136949,0.146885,27,7.0,9.0,12,2.0,3,51,50,34721
HHS Region,hhs7,2014,29,0.213722,0.155745,11,7.0,12.0,24,5.0,5,52,52,33388
HHS Region,hhs7,2014,30,0.217949,0.155628,18,14.0,19.0,11,5.0,4,52,51,33413
HHS Region,hhs7,2014,31,0.313622,0.166681,19,11.0,11.0,25,0.0,2,57,52,34197
HHS Region,hhs7,2014,32,0.325167,0.171125,19,5.0,8.0,28,3.0,2,57,49,33309
HHS Region,hhs7,2014,33,0.222623,0.276663,1,3.0,8.0,11,5.0,0,20,44,7229
HHS Region,hhs7,2014,34,0.238344,0.154141,21,11.0,14.0,20,3.0,3,58,47,37628
HHS Region,hhs7,2014,35,0.277064,0.206523,30,3.0,6.0,43,3.0,3,82,46,39705
HHS Region,hhs7,2014,36,0.289342,0.347996,5,7.0,11.0,8,4.0,1,25,36,7184
HHS Region,hhs7,2014,37,0.639136,0.315514,29,32.0,34.0,55,2.0,5,123,44,38984
HHS Region,hhs7,2014,38,0.546197,0.354837,42,11.0,21.0,64,10.0,6,133,42,37482
HHS Region,hhs7,2014,39,0.488454,0.276683,28,16.0,22.0,57,6.0,6,113,44,40841
HHS Region,hhs7,2014,40,0.697022,0.437619,50,43.0,58.0,98,15.0,14,220,84,50272
HHS Region,hhs7,2014,41,0.855509,0.536455,57,56.0,74.0,124,18.0,14,269,84,50144
HHS Region,hhs7,2014,42,0.969308,0.56031,53,72.0,95.0,129,23.0,15,292,83,52114
HHS Region,hhs7,2014,43,0.904469,0.55867,68,56.0,83.0,130,27.0,8,289,86,51730
HHS Region,hhs7,2014,44,0.708,0.471052,54,36.0,49.0,113,13.0,11,227,83,48190
HHS Region,hhs7,2014,45,0.771349,0.502444,48,59.0,72.0,124,13.0,12,256,84,50951
HHS Region,hhs7,2014,46,1.09371,0.582536,63,62.0,84.0,143,22.0,7,297,87,50984
HHS Region,hhs7,2014,47,1.02392,0.647857,75,58.0,78.0,163,20.0,8,324,84,50011
HHS Region,hhs7,2014,48,1.84161,1.00656,79,88.0,111.0,166,23.0,17,373,86,37057
HHS Region,hhs7,2014,49,1.78968,0.970964,92,122.0,163.0,243,41.0,26,524,85,53967
HHS Region,hhs7,2014,50,3.69204,2.0656,170,222.0,288.0,577,66.0,69,1104,86,53447
HHS Region,hhs7,2014,51,4.88784,2.52241,223,282.0,386.0,667,104.0,83,1359,83,53877
HHS Region,hhs7,2014,52,6.37908,3.2928,218,286.0,419.0,417,133.0,143,1197,86,36352
HHS Region,hhs7,2014,53,5.80073,3.0148,275,319.0,442.0,326,123.0,171,1214,87,40268
HHS Region,hhs7,2015,1,4.49153,4.72868,147,288.0,380.0,278,92.0,110,915,81,19350
HHS Region,hhs7,2015,2,3.5907,4.01302,145,183.0,257.0,355,74.0,69,826,78,20583
HHS Region,hhs7,2015,3,4.18716,4.95617,180,170.0,238.0,426,68.0,55,899,77,18139
HHS Region,hhs7,2015,4,4.15542,4.92245,163,180.0,269.0,430,89.0,106,968,78,19665
HHS Region,hhs7,2015,5,3.24206,3.85041,153,158.0,229.0,319,71.0,99,800,81,20777
HHS Region,hhs7,2015,6,2.67652,3.08221,141,153.0,217.0,226,64.0,53,637,76,20667
HHS Region,hhs7,2015,7,2.386,2.74801,123,125.0,176.0,210,51.0,32,541,75,19687
HHS Region,hhs7,2015,8,2.40328,2.70847,134,140.0,180.0,227,40.0,30,571,77,21082
HHS Region,hhs7,2015,9,2.29133,2.72157,132,122.0,179.0,219,57.0,47,577,76,21201
HHS Region,hhs7,2015,10,2.44562,2.94771,92,102.0,149.0,195,47.0,55,491,75,16657
HHS Region,hhs7,2015,11,2.13252,2.38305,65,105.0,153.0,106,48.0,27,351,75,14729
HHS Region,hhs7,2015,12,1.87386,2.0536,57,89.0,116.0,114,27.0,31,318,73,15485
HHS Region,hhs7,2015,13,1.79584,1.93347,56,92.0,130.0,128,38.0,33,347,73,17947
HHS Region,hhs7,2015,14,1.44629,1.58184,61,71.0,106.0,107,35.0,20,294,71,18586
HHS Region,hhs7,2015,15,1.1344,1.24484,43,61.0,88.0,85,27.0,16,232,70,18637
HHS Region,hhs7,2015,16,1.07016,1.16601,49,50.0,66.0,69,16.0,10,194,69,16638
HHS Region,hhs7,2015,17,1.06369,1.25084,31,61.0,71.0,89,10.0,14,205,62,16389
HHS Region,hhs7,2015,18,0.817134,0.8753,32,34.0,48.0,57,14.0,5,142,62,16223
HHS Region,hhs7,2015,19,0.844882,0.93889,25,30.0,40.0,44,10.0,5,114,52,12142
HHS Region,hhs7,2015,20,0.614542,0.665779,25,21.0,28.0,26,7.0,6,85,54,12767
HHS Region,hhs7,2015,21,0.253158,0.347102,12,6.0,7.0,6,1.0,5,30,49,8643
HHS Region,hhs7,2015,22,0.251815,0.326008,7,4.0,4.0,8,0.0,8,27,47,8282
HHS Region,hhs7,2015,23,0.212758,0.308818,4,9.0,13.0,7,4.0,3,27,44,8743
HHS Region,hhs7,2015,24,0.229008,0.305568,6,7.0,12.0,5,5.0,4,27,45,8836
HHS Region,hhs7,2015,25,0.382385,0.470561,12,11.0,17.0,6,6.0,6,41,45,8713
HHS Region,hhs7,2015,26,0.298164,0.310278,4,7.0,10.0,7,3.0,3,24,45,7735
HHS Region,hhs7,2015,27,0.115022,0.167304,2,6.0,8.0,3,2.0,1,14,44,8368
HHS Region,hhs7,2015,28,0.290084,0.303693,3,5.0,10.0,9,5.0,3,25,45,8232
HHS Region,hhs7,2015,29,0.228075,0.256004,2,8.0,10.0,7,2.0,2,21,44,8203
HHS Region,hhs7,2015,30,0.213522,0.290874,2,6.0,9.0,9,3.0,4,24,44,8251
HHS Region,hhs7,2015,31,0.280848,0.297427,4,6.0,9.0,4,3.0,6,23,43,7733
HHS Region,hhs7,2015,32,0.116262,0.145879,2,3.0,7.0,2,4.0,1,12,42,8226
HHS Region,hhs7,2015,33,0.283492,0.289519,4,12.0,17.0,8,5.0,1,30,43,10362
HHS Region,hhs7,2015,34,0.212095,0.263397,5,4.0,5.0,16,1.0,3,29,44,11010
HHS Region,hhs7,2015,35,0.180017,0.208914,4,6.0,11.0,5,5.0,4,24,44,11488
HHS Region,hhs7,2015,36,0.315453,0.318506,7,8.0,13.0,7,5.0,2,29,40,9105
HHS Region,hhs7,2015,37,0.526178,0.617538,13,18.0,24.0,21,6.0,2,60,42,9716
HHS Region,hhs7,2015,38,0.684635,0.802603,12,20.0,32.0,23,12.0,7,74,40,9220
HHS Region,hhs7,2015,39,1.02699,1.09902,22,19.0,28.0,37,9.0,11,98,41,8917
HHS Region,hhs7,2015,40,0.873934,0.957817,46,46.0,61.0,77,15.0,14,198,77,20672
HHS Region,hhs7,2015,41,0.887407,0.927315,43,50.0,68.0,74,18.0,19,204,77,21999
HHS Region,hhs7,2015,42,1.12273,1.12114,63,57.0,77.0,89,20.0,22,251,78,22388
HHS Region,hhs7,2015,43,0.854524,0.926501,45,55.0,79.0,70,24.0,15,209,82,22558
HHS Region,hhs7,2015,44,1.15375,1.22368,65,72.0,102.0,89,30.0,20,276,79,22555
HHS Region,hhs7,2015,45,1.20878,1.26729,78,67.0,89.0,107,22.0,10,284,81,22410
HHS Region,hhs7,2015,46,1.05016,1.15463,63,64.0,82.0,91,18.0,19,255,80,22085
HHS Region,hhs7,2015,47,1.31092,1.43597,48,63.0,81.0,66,18.0,13,208,78,14485
HHS Region,hhs7,2015,48,0.95359,1.05228,49,53.0,76.0,85,23.0,12,222,78,21097
HHS Region,hhs7,2015,49,0.912263,1.02175,54,51.0,66.0,72,15.0,18,210,80,20553
HHS Region,hhs7,2015,50,1.19874,1.25181,59,63.0,83.0,90,20.0,10,242,81,19332
HHS Region,hhs7,2015,51,1.39056,1.40241,51,49.0,69.0,51,20.0,12,183,80,13049
HHS Region,hhs7,2015,52,1.55082,1.54091,40,60.0,78.0,52,18.0,24,194,79,12590
HHS Region,hhs7,2016,1,1.41906,1.42283,62,83.0,117.0,55,34.0,21,255,74,17922
HHS Region,hhs7,2016,2,1.1452,1.14412,37,58.0,84.0,78,26.0,19,218,78,19054
HHS Region,hhs7,2016,3,1.15409,1.179,66,41.0,53.0,93,12.0,13,225,79,19084
HHS Region,hhs7,2016,4,1.175,1.2446,54,66.0,88.0,114,22.0,12,268,81,21533
HHS Region,hhs7,2016,5,1.12489,1.29184,69,59.0,74.0,98,15.0,11,252,74,19507
HHS Region,hhs7,2016,6,1.50883,1.55898,87,75.0,110.0,127,35.0,8,332,80,21296
HHS Region,hhs7,2016,7,1.81036,1.91185,102,95.0,128.0,164,33.0,22,416,78,21759
HHS Region,hhs7,2016,8,1.8449,1.95496,98,104.0,147.0,176,43.0,20,441,76,22558
HHS Region,hhs7,2016,9,2.40642,2.51827,118,131.0,181.0,209,50.0,33,541,77,21483
HHS Region,hhs7,2016,10,2.50362,2.72519,126,127.0,187.0,239,60.0,31,583,77,21393
HHS Region,hhs7,2016,11,1.99971,2.18219,106,114.0,148.0,130,34.0,17,401,76,18376
HHS Region,hhs7,2016,12,2.05839,2.19942,80,114.0,150.0,160,36.0,28,418,72,19005
HHS Region,hhs7,2016,13,2.09375,2.12925,90,88.0,132.0,156,44.0,21,399,73,18739
HHS Region,hhs7,2016,14,1.54483,1.74506,61,69.0,95.0,163,26.0,19,338,70,19369
HHS Region,hhs7,2016,15,1.39301,1.54365,58,81.0,117.0,122,36.0,19,316,73,20471
HHS Region,hhs7,2016,16,1.20827,1.26975,44,59.0,75.0,125,16.0,18,262,71,20634
HHS Region,hhs7,2016,17,0.986163,1.04524,35,51.0,67.0,90,16.0,9,201,70,19230
HHS Region,hhs7,2016,18,0.908619,0.962876,38,41.0,57.0,71,16.0,14,180,69,18694
HHS Region,hhs7,2016,19,0.704888,0.800274,28,38.0,49.0,56,11.0,7,140,66,17494
HHS Region,hhs7,2016,20,0.59335,0.620655,12,22.0,30.0,27,8.0,6,75,62,12084
HHS Region,hhs7,2016,21,0.32297,0.39173,4,11.0,15.0,15,4.0,2,36,45,9190
HHS Region,hhs7,2016,22,0.395716,0.397562,15,5.0,8.0,4,3.0,3,30,46,7546
HHS Region,hhs7,2016,23,0.527908,0.527496,10,10.0,17.0,9,7.0,4,40,42,7583
HHS Region,hhs7,2016,24,0.309099,0.2577,3,4.0,6.0,10,2.0,2,21,42,8149
HHS Region,hhs7,2016,25,0.306155,0.342195,6,8.0,11.0,7,3.0,2,26,40,7598
HHS Region,hhs7,2016,26,0.294126,0.345837,5,11.0,14.0,5,3.0,2,26,41,7518
HHS Region,hhs7,2016,27,0.373576,0.37464,8,5.0,9.0,6,4.0,3,26,42,6940
HHS Region,hhs7,2016,28,0.266904,0.264584,6,4.0,8.0,5,4.0,2,21,43,7937
HHS Region,hhs7,2016,29,0.162856,0.159314,4,6.0,7.0,1,1.0,1,13,41,8160
HHS Region,hhs7,2016,30,0.325119,0.233243,5,4.0,6.0,8,2.0,0,19,42,8146
HHS Region,hhs7,2016,31,0.222125,0.275862,5,5.0,5.0,11,0.0,1,22,41,7975
HHS Region,hhs7,2016,32,0.279177,0.271605,2,7.0,12.0,8,5.0,0,22,39,8100
HHS Region,hhs7,2016,33,0.141758,0.170919,2,4.0,6.0,5,2.0,1,14,37,8191
HHS Region,hhs7,2016,34,0.283671,0.267994,3,7.0,8.0,16,1.0,1,28,40,10448
HHS Region,hhs7,2016,35,0.29973,0.327133,5,13.0,21.0,8,8.0,1,35,42,10699
HHS Region,hhs7,2016,36,0.428906,0.428671,10,11.0,14.0,17,3.0,2,43,42,10031
HHS Region,hhs7,2016,37,0.273509,0.291751,13,6.0,10.0,9,4.0,1,33,42,11311
HHS Region,hhs7,2016,38,0.360435,0.349181,6,8.0,13.0,19,5.0,1,39,39,11169
HHS Region,hhs7,2016,39,0.286907,0.316397,2,3.0,6.0,22,3.0,4,34,40,10746
HHS Region,hhs7,2016,40,0.600404,0.651,26,29.0,44.0,52,15.0,19,141,72,21659
HHS Region,hhs7,2016,41,0.694833,0.719224,27,40.0,58.0,58,18.0,12,155,75,21551
HHS Region,hhs7,2016,42,0.77907,0.866598,31,52.0,79.0,72,27.0,11,193,77,22271
HHS Region,hhs7,2016,43,0.692503,0.691776,28,52.0,68.0,52,16.0,14,162,79,23418
HHS Region,hhs7,2016,44,0.842297,0.856978,28,51.0,71.0,79,20.0,15,193,77,22521
HHS Region,hhs7,2016,45,0.915289,0.908094,45,51.0,60.0,92,9.0,10,207,78,22795
HHS Region,hhs7,2016,46,0.969142,0.986947,43,47.0,66.0,97,19.0,11,217,75,21987
HHS Region,hhs7,2016,47,1.42912,1.57276,55,50.0,70.0,75,20.0,18,218,76,13861
HHS Region,hhs7,2016,48,1.38821,1.37507,63,68.0,94.0,127,26.0,38,322,79,23417
HHS Region,hhs7,2016,49,1.26835,1.27062,70,60.0,72.0,100,12.0,13,255,74,20069
HHS Region,hhs7,2016,50,1.26776,1.27988,62,63.0,94.0,91,31.0,18,265,73,20705
HHS Region,hhs7,2016,51,1.75768,1.86084,71,75.0,110.0,103,35.0,19,303,73,16283
HHS Region,hhs7,2016,52,2.69374,2.646,100,120.0,177.0,90,57.0,24,391,73,14777
HHS Region,hhs7,2017,1,2.90667,2.86315,121,137.0,187.0,127,50.0,42,477,74,16660
HHS Region,hhs7,2017,2,2.75581,2.86255,109,144.0,206.0,175,62.0,39,529,74,18480
HHS Region,hhs7,2017,3,3.46528,3.76017,127,188.0,258.0,337,70.0,45,767,71,20398
HHS Region,hhs7,2017,4,4.56991,4.65791,138,178.0,256.0,563,78.0,54,1011,71,21705
HHS Region,hhs7,2017,5,5.52653,5.94077,173,227.0,332.0,721,105.0,78,1304,70,21950
HHS Region,hhs7,2017,6,6.35948,6.9993,198,329.0,468.0,830,139.0,113,1609,71,22988
HHS Region,hhs7,2017,7,4.91892,5.39353,192,247.0,362.0,528,115.0,96,1178,69,21841
HHS Region,hhs7,2017,8,4.04323,4.47199,146,225.0,303.0,438,78.0,87,974,71,21780
HHS Region,hhs7,2017,9,2.82773,3.138,97,152.0,214.0,334,62.0,49,694,72,22116
HHS Region,hhs7,2017,10,2.76664,3.07111,104,131.0,170.0,309,39.0,35,618,68,20123
HHS Region,hhs7,2017,11,2.39066,2.86025,97,135.0,188.0,211,53.0,30,526,70,18390
HHS Region,hhs7,2017,12,2.04061,2.20377,65,126.0,170.0,157,44.0,38,430,69,19512
HHS Region,hhs7,2017,13,1.69023,1.76761,71,73.0,106.0,140,33.0,30,347,66,19631
HHS Region,hhs7,2017,14,1.36816,1.48155,53,67.0,83.0,151,16.0,23,310,68,20924
HHS Region,hhs7,2017,15,0.972039,1.06921,38,48.0,64.0,92,16.0,13,207,64,19360
HHS Region,hhs7,2017,16,0.852059,0.933038,32,53.0,66.0,76,13.0,7,181,65,19399
HHS Region,hhs7,2017,17,0.760244,0.836993,24,36.0,47.0,83,11.0,8,162,62,19355
HHS Region,hhs7,2017,18,0.746471,0.793696,18,44.0,50.0,67,6.0,4,139,60,17513
HHS Region,hhs7,2017,19,0.439723,0.498352,14,17.0,23.0,26,6.0,2,65,57,13043
HHS Region,hhs7,2017,20,0.305088,0.316706,6,8.0,10.0,14,2.0,2,32,53,10104
HHS Region,hhs7,2017,21,0.159971,0.209309,0,8.0,8.0,11,0.0,2,21,51,10033
HHS Region,hhs7,2017,22,0.222973,0.250744,4,6.0,6.0,6,0.0,0,16,43,6381
HHS Region,hhs7,2017,23,0.170425,0.161005,3,3.0,3.0,10,0.0,4,20,42,12422
HHS Region,hhs7,2017,24,0.204266,0.237563,3,3.0,4.0,8,1.0,2,17,38,7156
HHS Region,hhs7,2017,25,0.100721,0.149762,2,1.0,2.0,5,1.0,2,11,40,7345
HHS Region,hhs7,2017,26,0.264192,0.29098,3,8.0,10.0,4,2.0,4,21,40,7217
HHS Region,hhs7,2017,27,0.191394,0.224486,2,4.0,6.0,3,2.0,2,13,39,5791
HHS Region,hhs7,2017,28,0.0792569,0.081092,0,3.0,4.0,2,1.0,0,6,39,7399
HHS Region,hhs7,2017,29,0.0831066,0.123035,0,1.0,3.0,4,2.0,2,9,40,7315
HHS Region,hhs7,2017,30,0.186993,0.288973,2,3.0,3.0,14,0.0,0,19,38,6575
HHS Region,hhs7,2017,31,0.174172,0.305577,2,7.0,9.0,6,2.0,3,20,39,6545
HHS Region,hhs7,2017,32,0.115888,0.202869,3,1.0,4.0,5,3.0,2,14,37,6901
HHS Region,hhs7,2017,33,0.112074,0.153218,1,2.0,6.0,4,4.0,1,12,38,7832
HHS Region,hhs7,2017,34,0.233776,0.255428,4,4.0,6.0,12,2.0,2,24,40,9396
HHS Region,hhs7,2017,35,0.142496,0.136943,2,3.0,5.0,3,2.0,3,13,37,9493
HHS Region,hhs7,2017,36,0.396513,0.323625,1,3.0,6.0,16,3.0,3,26,36,8034
HHS Region,hhs7,2017,37,0.27963,0.247721,3,9.0,11.0,8,2.0,3,25,36,10092
HHS Region,hhs7,2017,38,0.535088,0.535077,9,11.0,15.0,22,4.0,8,54,36,10092
HHS Region,hhs7,2017,39,0.54052,0.508388,13,6.0,13.0,15,7.0,9,50,35,9835
HHS Region,hhs7,2017,40,0.625799,0.859623,65,33.0,46.0,88,13.0,7,206,110,23964
HHS Region,hhs7,2017,41,0.700961,0.946268,64,37.0,57.0,93,20.0,16,230,113,24306
HHS Region,hhs7,2017,42,0.832588,1.1854,107,55.0,75.0,115,20.0,17,314,112,26489
HHS Region,hhs7,2017,43,0.943455,1.28195,113,53.0,75.0,134,22.0,18,340,110,26522
HHS Region,hhs7,2017,44,1.16063,1.42252,132,76.0,98.0,165,22.0,25,420,113,29525
HHS Region,hhs7,2017,45,1.25143,1.48451,112,64.0,89.0,150,25.0,19,370,113,24924
HHS Region,hhs7,2017,46,1.40765,1.74539,172,97.0,128.0,180,31.0,17,497,113,28475
HHS Region,hhs7,2017,47,1.72814,2.25138,186,81.0,113.0,156,32.0,34,489,114,21720
HHS Region,hhs7,2017,48,1.47504,1.7391,148,85.0,111.0,179,26.0,43,481,111,27658
HHS Region,hhs7,2017,49,2.05556,2.15962,167,118.0,159.0,252,41.0,33,611,116,28292
HHS Region,hhs7,2017,50,2.75354,3.0159,204,157.0,213.0,327,56.0,68,812,114,26924
HHS Region,hhs7,2017,51,4.32304,4.44507,281,273.0,366.0,362,93.0,94,1103,110,24814
HHS Region,hhs7,2017,52,7.25157,6.33974,361,243.0,375.0,304,132.0,108,1148,112,18108
HHS Region,hhs8,2002,1,1.59438408994763,1.65416252372774,55,,48.0,75,,5,183,54,11063
HHS Region,hhs8,2002,2,1.87297017756013,1.91036536645602,62,,82.0,105,,14,263,57,13767
HHS Region,hhs8,2002,3,2.42528050425104,2.55246738513897,115,,84.0,196,,10,405,59,15867
HHS Region,hhs8,2002,4,2.7229984311773,3.64081918431647,110,,77.0,219,,10,416,49,11426
HHS Region,hhs8,2002,5,3.64278810642089,3.70038588754135,142,,122.0,248,,25,537,55,14512
HHS Region,hhs8,2002,6,3.83065022942866,3.8037080635668,125,,130.0,251,,11,517,51,13592
HHS Region,hhs8,2002,7,2.36588397722128,2.42450638792102,92,,89.0,144,,9,334,50,13776
HHS Region,hhs8,2002,8,1.81293925335483,2.27456041296983,46,,86.0,140,,10,282,55,12398
HHS Region,hhs8,2002,9,1.55448069173885,1.94543297746145,39,,85.0,110,,12,246,55,12645
HHS Region,hhs8,2002,10,1.29305691039236,1.53487119648146,24,,53.0,85,,9,171,51,11141
HHS Region,hhs8,2002,11,1.05458778386976,1.52006673463713,17,,85.0,49,,13,164,56,10789
HHS Region,hhs8,2002,12,0.438088900179538,0.58864751226349,6,,13.0,19,,4,42,37,7135
HHS Region,hhs8,2002,13,0.381959066501701,0.476437079233558,5,,15.0,21,,5,46,43,9655
HHS Region,hhs8,2002,14,0.471862908237025,0.567665758401453,12,,14.0,23,,1,50,38,8808
HHS Region,hhs8,2002,15,0.354269223606824,0.474847900281941,5,,11.0,15,,1,32,34,6739
HHS Region,hhs8,2002,16,0.331637028965144,0.436427116671516,10,,5.0,14,,1,30,33,6874
HHS Region,hhs8,2002,17,0.259067284614872,0.375690607734807,7,,2.0,8,,0,17,32,4525
HHS Region,hhs8,2002,18,0.470450512653214,0.586435492095869,3,,5.0,15,,0,23,30,3922
HHS Region,hhs8,2002,19,0.45077688254236,0.687103594080338,0,,5.0,21,,0,26,29,3784
HHS Region,hhs8,2002,20,0.494259769983278,0.740537575425123,1,,6.0,20,,0,27,28,3646
HHS Region,hhs8,2002,40,0.555000292586445,0.859537282429625,48,,20.0,36,,16,120,57,13961
HHS Region,hhs8,2002,41,0.505407897366895,0.751166861143524,54,,10.0,39,,0,103,56,13712
HHS Region,hhs8,2002,42,0.492651398373406,0.822987864416237,58,,16.0,34,,10,118,57,14338
HHS Region,hhs8,2002,43,0.574425238521061,1.04108570366239,64,,41.0,47,,16,168,58,16137
HHS Region,hhs8,2002,44,0.705004364823931,1.29593364819721,78,,40.0,89,,18,225,62,17362
HHS Region,hhs8,2002,45,0.654430475646886,0.971090523495926,62,,44.0,62,,6,174,72,17918
HHS Region,hhs8,2002,46,0.684114329742407,0.956639284600187,48,,50.0,75,,11,184,73,19234
HHS Region,hhs8,2002,47,0.763239331482859,1.07374816677142,63,,38.0,97,,7,205,72,19092
HHS Region,hhs8,2002,48,0.832561395139151,0.704361873990307,81,,48.0,79,,10,218,77,30950
HHS Region,hhs8,2002,49,0.632438633510107,0.521015048961459,61,,61.0,86,,16,224,79,42993
HHS Region,hhs8,2002,50,0.774698580366452,0.617875275409522,95,,52.0,102,,9,258,77,41756
HHS Region,hhs8,2002,51,1.15111453841647,0.786138717989168,110,,52.0,119,,18,299,73,38034
HHS Region,hhs8,2002,52,1.06511845004833,0.856878184344604,86,,44.0,72,,20,222,77,25908
HHS Region,hhs8,2003,1,0.853741036668051,0.706506648566933,92,,60.0,68,,9,229,76,32413
HHS Region,hhs8,2003,2,0.952076155994595,0.764411330704662,91,,80.0,118,,27,316,77,41339
HHS Region,hhs8,2003,3,1.02979615661723,0.76586159429358,98,,49.0,140,,19,306,74,39955
HHS Region,hhs8,2003,4,1.18968240725596,1.02571341190863,123,,69.0,222,,22,436,80,42507
HHS Region,hhs8,2003,5,1.79776219466722,1.62530150357296,157,,119.0,429,,16,721,76,44361
HHS Region,hhs8,2003,6,1.9107116176396,1.79153094462541,201,,142.0,394,,22,759,76,42366
HHS Region,hhs8,2003,7,2.15763189837948,1.86787012661402,224,,182.0,463,,25,894,72,47862
HHS Region,hhs8,2003,8,2.27358823492136,1.90885570517652,246,,205.0,453,,33,937,74,49087
HHS Region,hhs8,2003,9,2.08572261260994,1.64695313669711,176,,179.0,393,,22,770,68,46753
HHS Region,hhs8,2003,10,1.87054667509864,1.46517044251535,138,,178.0,349,,27,692,71,47230
HHS Region,hhs8,2003,11,1.53211658248404,1.1783189316575,133,,133.0,251,,23,540,72,45828
HHS Region,hhs8,2003,12,1.38278936347635,1.18438506727307,105,,83.0,177,,10,375,68,31662
HHS Region,hhs8,2003,13,1.28019072289734,0.7903981264637,79,,92.0,140,,13,324,65,40992
HHS Region,hhs8,2003,14,1.1318716078059,0.618882067214044,63,,68.0,107,,13,251,61,40557
HHS Region,hhs8,2003,15,1.06472200275156,0.51014121300244,60,,59.0,80,,8,207,62,40577
HHS Region,hhs8,2003,16,0.673067563128508,0.316034163031838,58,,26.0,32,,5,121,60,38287
HHS Region,hhs8,2003,17,0.586444580760669,0.235888795282224,26,,22.0,34,,2,84,55,35610
HHS Region,hhs8,2003,18,0.702696201298228,0.151408944343194,21,,10.0,23,,0,54,53,35665
HHS Region,hhs8,2003,19,0.117173378337752,0.0605271918409345,0,,8.0,10,,2,20,44,33043
HHS Region,hhs8,2003,20,0.0819138427009831,0.0405768150321493,2,,6.0,3,,2,13,42,32038
HHS Region,hhs8,2003,21,0.0236151971171022,0.084411930219471,0,,3.0,0,,0,3,22,3554
HHS Region,hhs8,2003,22,0.035840018683758,0.115964437572478,0,,2.0,0,,1,3,17,2587
HHS Region,hhs8,2003,23,0.120850111164097,0.212615166548547,1,,1.0,1,,0,3,8,1411
HHS Region,hhs8,2003,24,0.0,0.0,0,,0.0,0,,0,0,7,1107
HHS Region,hhs8,2003,25,0.0153511199934531,0.0918273645546373,1,,0.0,0,,0,1,7,1089
HHS Region,hhs8,2003,26,0.0,0.0,0,,0.0,0,,0,0,6,1018
HHS Region,hhs8,2003,27,0.0717486038403686,0.48661800486618,2,,2.0,0,,0,4,6,822
HHS Region,hhs8,2003,28,0.0,0.0,0,,0.0,0,,0,0,6,949
HHS Region,hhs8,2003,29,0.0,0.0,0,,0.0,0,,0,0,6,914
HHS Region,hhs8,2003,30,0.0168500509019048,0.104712041884817,0,,0.0,1,,0,1,6,955
HHS Region,hhs8,2003,31,0.0489035679270265,0.29673590504451,1,,0.0,2,,0,3,5,1011
HHS Region,hhs8,2003,32,0.0,0.0,0,,0.0,0,,0,0,5,990
HHS Region,hhs8,2003,33,0.0145056959938137,0.0897666068222621,0,,0.0,1,,0,1,5,1114
HHS Region,hhs8,2003,34,0.0,0.0,0,,0.0,0,,0,0,5,1034
HHS Region,hhs8,2003,35,0.0266194953077963,0.17683465959328,0,,1.0,0,,1,2,6,1131
HHS Region,hhs8,2003,36,0.0163011893090088,0.105374077976818,0,,0.0,1,,0,1,6,949
HHS Region,hhs8,2003,37,0.0349351840688706,0.206185567010309,1,,0.0,1,,0,2,5,970
HHS Region,hhs8,2003,38,0.0123872898957072,0.0865800865800866,0,,1.0,0,,0,1,6,1155
HHS Region,hhs8,2003,39,0.0165163865276096,0.0971817298347911,0,,0.0,1,,0,1,5,1029
HHS Region,hhs8,2003,40,0.529924465653311,0.334457254731347,50,,32.0,37,,4,123,59,36776
HHS Region,hhs8,2003,41,0.814402722888639,0.639578630549285,109,,49.0,90,,7,255,65,39870
HHS Region,hhs8,2003,42,1.136589244367,0.726375008901655,81,,107.0,107,,11,306,70,42127
HHS Region,hhs8,2003,43,0.670375866187296,0.447473026689381,76,,42.0,70,,9,197,73,44025
HHS Region,hhs8,2003,44,1.2022492095694,0.847070642495091,98,,134.0,115,,24,371,78,43798
HHS Region,hhs8,2003,45,1.18920520874453,1.06877226608888,120,,109.0,270,,14,513,83,47999
HHS Region,hhs8,2003,46,3.3291283782945,2.99866181653693,276,,333.0,933,,49,1591,83,53057
HHS Region,hhs8,2003,47,5.56098403608343,5.15438510016548,589,,693.0,1542,,104,2928,85,56806
HHS Region,hhs8,2003,48,6.75308015950809,6.47978650669372,820,,761.0,1209,,148,2938,85,45341
HHS Region,hhs8,2003,49,6.20962620613607,5.66207945661018,776,,1051.0,1142,,232,3201,82,56534
HHS Region,hhs8,2003,50,5.25473128649014,4.51295544242979,627,,637.0,965,,138,2367,83,52449
HHS Region,hhs8,2003,51,4.04562053130464,3.17170196753037,363,,465.0,540,,107,1475,83,46505
HHS Region,hhs8,2003,52,3.91721417523774,2.98563101531788,224,,298.0,285,,74,881,81,29508
HHS Region,hhs8,2003,53,2.42841976423472,1.87454155233774,140,,275.0,196,,79,690,85,36809
HHS Region,hhs8,2004,1,2.82540867053231,1.08238378115553,129,,166.0,164,,53,512,84,47303
HHS Region,hhs8,2004,2,1.54717748783941,0.777591036414566,86,,118.0,106,,37,347,82,44625
HHS Region,hhs8,2004,3,1.69076821596507,0.999333777481679,133,,150.0,132,,35,450,81,45030
HHS Region,hhs8,2004,4,1.28665134377188,0.859434682964095,131,,94.0,138,,42,405,82,47124
HHS Region,hhs8,2004,5,1.23485559149104,0.851855907149896,147,,103.0,122,,17,389,79,45665
HHS Region,hhs8,2004,6,1.18467784329999,0.733654446525734,140,,67.0,98,,24,329,76,44844
HHS Region,hhs8,2004,7,1.0693316944378,0.635315547459849,89,,68.0,108,,21,286,77,45017
HHS Region,hhs8,2004,8,0.621297888752262,0.419646684565575,60,,48.0,74,,4,186,73,44323
HHS Region,hhs8,2004,9,0.94811367360389,0.497048772910842,93,,45.0,69,,17,224,73,45066
HHS Region,hhs8,2004,10,0.808089620925752,0.407235533667961,53,,43.0,63,,13,172,70,42236
HHS Region,hhs8,2004,11,0.836658097403015,0.426943751446722,55,,39.0,62,,10,166,66,38881
HHS Region,hhs8,2004,12,0.81538811287501,0.374273613710233,49,,32.0,56,,15,152,65,40612
HHS Region,hhs8,2004,13,0.426135076867324,0.251942053327735,32,,22.0,40,,2,96,61,38104
HHS Region,hhs8,2004,14,0.452238933722224,0.260000541667795,25,,20.0,49,,2,96,57,36923
HHS Region,hhs8,2004,15,0.491298207963451,0.24724969441049,38,,23.0,25,,3,89,55,35996
HHS Region,hhs8,2004,16,0.434122797682663,0.189296162450525,24,,15.0,26,,1,66,50,34866
HHS Region,hhs8,2004,17,0.0994962881874976,0.0433973961562306,2,,5.0,4,,3,14,44,32260
HHS Region,hhs8,2004,18,0.113613430743387,0.0382056098570473,1,,6.0,3,,2,12,44,31409
HHS Region,hhs8,2004,19,0.186325050554172,0.0397601139789934,2,,9.0,1,,0,12,44,30181
HHS Region,hhs8,2004,20,0.0288517998484031,0.00990295107942167,1,,1.0,1,,0,3,37,30294
HHS Region,hhs8,2004,21,0.735599116497463,0.161000094705938,12,,17.0,13,,9,51,41,31677
HHS Region,hhs8,2004,22,0.666265104750312,0.247022821959223,17,,20.0,8,,22,67,29,27123
HHS Region,hhs8,2004,23,0.159558838591917,0.151525133407998,8,,18.0,11,,9,46,27,30358
HHS Region,hhs8,2004,24,0.170992062966556,0.123621784163047,3,,15.0,9,,10,37,25,29930
HHS Region,hhs8,2004,25,0.435989427677218,0.164232301348801,10,,16.0,8,,13,47,25,28618
HHS Region,hhs8,2004,26,0.195379103056593,0.166300804895896,10,,16.0,8,,16,50,25,30066
HHS Region,hhs8,2004,27,0.159835699174423,1.07060185185185,8,,7.0,8,,14,37,13,3456
HHS Region,hhs8,2004,28,0.121702547189412,0.967652750898535,3,,12.0,8,,12,35,13,3617
HHS Region,hhs8,2004,29,0.39130281335537,1.00707675557975,5,,12.0,10,,10,37,13,3674
HHS Region,hhs8,2004,30,0.362314608370433,1.19553666312434,8,,14.0,14,,9,45,13,3764
HHS Region,hhs8,2004,31,0.436811980326625,1.20274914089347,6,,17.0,12,,7,42,12,3492
HHS Region,hhs8,2004,32,0.320175430200962,1.328125,14,,16.0,14,,7,51,13,3840
HHS Region,hhs8,2004,33,0.396741119686692,1.10231769361221,12,,9.0,11,,7,39,12,3538
HHS Region,hhs8,2004,34,2.26236032158778,1.10579796772265,2,,13.0,17,,5,37,12,3346
HHS Region,hhs8,2004,35,0.144721204975828,0.847457627118644,8,,4.0,8,,8,28,11,3304
HHS Region,hhs8,2004,36,0.214963808635212,1.63846360461993,12,,22.0,15,,12,61,11,3723
HHS Region,hhs8,2004,37,0.265755630649066,1.89997205923442,14,,25.0,17,,12,68,12,3579
HHS Region,hhs8,2004,38,0.224285777695112,1.62425554953979,11,,24.0,14,,11,60,12,3694
HHS Region,hhs8,2004,39,0.392388029033224,1.34742404227213,10,,21.0,11,,9,51,12,3785
HHS Region,hhs8,2004,40,0.498554908288028,0.36955896346456,39,,37.0,71,,20,167,81,45189
HHS Region,hhs8,2004,41,0.620347993901364,0.442918835123464,51,,42.0,90,,17,200,78,45155
HHS Region,hhs8,2004,42,0.918604833266635,0.595262615859938,94,,59.0,118,,18,289,79,48550
HHS Region,hhs8,2004,43,0.917742128414786,0.897838955447928,87,,101.0,106,,23,317,94,35307
HHS Region,hhs8,2004,44,1.03378083755942,0.96381252701981,93,,96.0,160,,30,379,97,39323
HHS Region,hhs8,2004,45,1.25321125785709,1.11756355658795,105,,121.0,166,,41,433,98,38745
HHS Region,hhs8,2004,46,0.797276148246,0.766711329462558,73,,96.0,120,,20,309,96,40302
HHS Region,hhs8,2004,47,0.992515057177973,1.00333287043466,58,,103.0,106,,22,289,94,28804
HHS Region,hhs8,2004,48,0.891158664130771,0.775171036791262,47,,83.0,109,,25,264,88,34057
HHS Region,hhs8,2004,49,0.866352834720764,0.871380120010436,42,,124.0,129,,39,334,100,38330
HHS Region,hhs8,2004,50,1.04046824988467,1.01427813015172,80,,120.0,129,,34,363,98,35789
HHS Region,hhs8,2004,51,1.14651989338953,1.11222612477003,40,,98.0,89,,39,266,87,23916
HHS Region,hhs8,2004,52,1.60427895147257,1.41830630901772,70,,158.0,117,,32,377,88,26581
HHS Region,hhs8,2005,1,1.69255249487179,1.7254294201214,124,,280.0,190,,74,668,96,38715
HHS Region,hhs8,2005,2,1.80913378515369,1.95467204946726,126,,306.0,277,,56,765,95,39137
HHS Region,hhs8,2005,3,2.03855716711143,2.22575938453376,113,,377.0,286,,63,839,88,37695
HHS Region,hhs8,2005,4,2.56241378576258,2.64643263851067,182,,458.0,354,,75,1069,92,40394
HHS Region,hhs8,2005,5,2.91391548010796,3.05971416785966,233,,468.0,472,,88,1261,90,41213
HHS Region,hhs8,2005,6,3.32165453764318,3.37039782554979,239,,515.0,526,,84,1364,90,40470
HHS Region,hhs8,2005,7,3.6147051755675,3.52599321173052,283,,515.0,557,,89,1444,87,40953
HHS Region,hhs8,2005,8,2.8940721735369,2.94974874371859,235,,415.0,439,,85,1174,91,39800
HHS Region,hhs8,2005,9,2.61788663812561,2.54335564809446,159,,351.0,364,,91,965,82,37942
HHS Region,hhs8,2005,10,1.93501766897487,1.92938064293519,147,,218.0,250,,56,671,78,34778
HHS Region,hhs8,2005,11,1.77274165017765,1.65879474193365,144,,200.0,194,,45,583,76,35146
HHS Region,hhs8,2005,12,1.57746984507289,1.61139323101365,154,,186.0,185,,43,568,79,35249
HHS Region,hhs8,2005,13,1.34091991491217,1.35599189926917,132,,164.0,125,,41,462,73,34071
HHS Region,hhs8,2005,14,1.09756876344084,1.12918715986147,115,,118.0,109,,46,388,71,34361
HHS Region,hhs8,2005,15,1.15109138775114,1.15208815978962,109,,112.0,113,,34,368,68,31942
HHS Region,hhs8,2005,16,0.669191538170524,0.754963183894119,62,,74.0,80,,27,243,66,32187
HHS Region,hhs8,2005,17,0.606828154694097,0.725708047010468,59,,58.0,75,,34,226,63,31142
HHS Region,hhs8,2005,18,0.620186771756533,0.577344216603623,46,,50.0,57,,21,174,59,30138
HHS Region,hhs8,2005,19,0.6620902285559,0.629825274278748,50,,49.0,56,,31,186,58,29532
HHS Region,hhs8,2005,20,0.354096276112021,0.656740770956557,30,,47.0,49,,35,161,53,24515
HHS Region,hhs8,2005,21,0.325896123382231,0.478276416949759,29,,33.0,27,,18,107,44,22372
HHS Region,hhs8,2005,22,0.404883450603866,0.546220673151953,17,,36.0,29,,23,105,37,19223
HHS Region,hhs8,2005,23,0.432009506355186,0.550656055065606,26,,38.0,30,,34,128,34,23245
HHS Region,hhs8,2005,24,0.44434163189886,2.52926421404682,30,,33.0,29,,29,121,19,4784
HHS Region,hhs8,2005,25,0.303535143988084,0.372876674492473,17,,24.0,19,,21,81,33,21723
HHS Region,hhs8,2005,26,0.0282782083405959,0.015700230270044,2,,0.0,1,,0,3,27,19108
HHS Region,hhs8,2005,27,0.082967465586722,0.0495785820525533,5,,0.0,3,,0,8,26,16136
HHS Region,hhs8,2005,28,0.0546641373732513,0.0255102040816327,4,,1.0,0,,0,5,26,19600
HHS Region,hhs8,2005,29,0.0824578030643519,0.0421896424427803,5,,1.0,2,,0,8,26,18962
HHS Region,hhs8,2005,30,0.149933863186162,0.0664180248301231,8,,1.0,4,,0,13,26,19573
HHS Region,hhs8,2005,31,0.062521313272603,0.0247524752475248,2,,0.0,3,,0,5,26,20200
HHS Region,hhs8,2005,32,0.0406178733207246,0.0195283893960846,2,,0.0,2,,0,4,26,20483
HHS Region,hhs8,2005,33,0.0656417130736993,0.0290093313349127,3,,1.0,2,,0,6,26,20683
HHS Region,hhs8,2005,34,0.0647695111813781,0.0246244767298695,3,,0.0,2,,0,5,26,20305
HHS Region,hhs8,2005,35,0.2043536869321,0.0289184499710816,2,,2.0,2,,0,6,26,20748
HHS Region,hhs8,2005,36,0.0827912375377881,0.0469456017839329,3,,0.0,5,,0,8,26,17041
HHS Region,hhs8,2005,37,0.0982357770985991,0.0452329496909082,3,,1.0,5,,0,9,25,19897
HHS Region,hhs8,2005,38,0.154127244264549,0.0597937116946534,5,,0.0,7,,0,12,25,20069
HHS Region,hhs8,2005,39,0.457546722880034,0.0788146279949559,5,,1.0,8,,1,15,23,19032
HHS Region,hhs8,2005,40,1.45582243177176,1.44741074300418,181,,192.0,152,,60,585,76,40417
HHS Region,hhs8,2005,41,0.542404240794681,0.45086161591016,42,,48.0,65,,8,163,75,36153
HHS Region,hhs8,2005,42,0.999964798375351,0.723989262181729,73,,69.0,115,,10,267,80,36879
HHS Region,hhs8,2005,43,0.758281770243932,0.633404009769452,79,,53.0,94,,10,236,79,37259
HHS Region,hhs8,2005,44,0.704579671337446,0.624462200368777,81,,69.0,98,,6,254,79,40675
HHS Region,hhs8,2005,45,0.919560542386494,1.21365818313559,85,,50.0,118,,15,268,66,22082
HHS Region,hhs8,2005,46,1.00115467257741,1.30854297924836,95,,92.0,107,,3,297,71,22697
HHS Region,hhs8,2005,47,0.931402792331487,0.67004013261211,78,,58.0,49,,7,192,77,28655
HHS Region,hhs8,2005,48,0.925361696947179,0.937885452302823,89,,136.0,161,,17,403,89,42969
HHS Region,hhs8,2005,49,0.939630535667576,0.93722070581415,82,,130.0,159,,17,388,87,41399
HHS Region,hhs8,2005,50,1.75227190169133,1.79745201615795,152,,257.0,318,,25,752,86,41837
HHS Region,hhs8,2005,51,2.72765742836276,2.54275554552125,118,,377.0,372,,34,901,81,35434
HHS Region,hhs8,2005,52,2.80121799161309,2.90902353159162,178,,383.0,323,,58,942,84,32382
HHS Region,hhs8,2006,1,1.86535141079307,1.71832429662,138,,274.0,183,,42,637,81,37071
HHS Region,hhs8,2006,2,1.3587964398631,1.25734236040669,122,,187.0,187,,37,533,85,42391
HHS Region,hhs8,2006,3,1.29457866655015,1.14095898324668,99,,172.0,185,,18,474,86,41544
HHS Region,hhs8,2006,4,1.23921131224025,1.17231933514404,118,,160.0,209,,18,505,83,43077
HHS Region,hhs8,2006,5,1.47217485007541,1.35460777203285,127,,157.0,270,,25,579,84,42743
HHS Region,hhs8,2006,6,1.39509892184726,1.34449169982165,133,,161.0,274,,20,588,80,43734
HHS Region,hhs8,2006,7,1.44955610609019,1.46533587748911,117,,138.0,311,,33,599,76,40878
HHS Region,hhs8,2006,8,1.83982522457523,1.6587791003394,107,,153.0,392,,42,694,78,41838
HHS Region,hhs8,2006,9,1.85286850786609,1.69931662870159,135,,147.0,432,,32,746,79,43900
HHS Region,hhs8,2006,10,1.68745816435504,1.84237707477601,123,,145.0,462,,37,767,74,41631
HHS Region,hhs8,2006,11,1.70360957552824,1.58548332508917,112,,108.0,364,,25,609,70,38411
HHS Region,hhs8,2006,12,1.79454866926725,1.53329658766348,96,,143.0,347,,26,612,77,39914
HHS Region,hhs8,2006,13,1.44282786320528,1.19601150321176,63,,115.0,235,,32,445,73,37207
HHS Region,hhs8,2006,14,1.18745095307876,0.851891778192622,52,,88.0,162,,22,324,71,38033
HHS Region,hhs8,2006,15,0.917696307355864,0.728866968077819,51,,64.0,142,,9,266,67,36495
HHS Region,hhs8,2006,16,0.548198654420422,0.422254601683071,28,,42.0,61,,11,142,64,33629
HHS Region,hhs8,2006,17,0.579861422895275,0.371113950234228,23,,35.0,55,,9,122,60,32874
HHS Region,hhs8,2006,18,0.570715083817753,0.37913494044422,30,,36.0,42,,12,120,54,31651
HHS Region,hhs8,2006,19,0.251139277612119,0.232424967157342,15,,26.0,16,,12,69,49,29687
HHS Region,hhs8,2006,20,0.480526212674257,0.324296277078739,19,,27.0,43,,11,100,49,30836
HHS Region,hhs8,2006,21,0.267830734254974,0.221524829241277,20,,12.0,18,,10,60,43,27085
HHS Region,hhs8,2006,22,0.170890015933872,0.144685309451942,17,,18.0,14,,9,58,39,40087
HHS Region,hhs8,2006,23,0.875175658970019,1.15234076050117,168,,178.0,129,,52,527,35,45733
HHS Region,hhs8,2006,24,0.264228689832071,0.660904931367565,12,,12.0,9,,6,39,21,5901
HHS Region,hhs8,2006,25,0.318361825098084,0.737667127708622,13,,11.0,11,,13,48,22,6507
HHS Region,hhs8,2006,26,0.151141254569145,0.576893881888568,13,,9.0,8,,8,38,22,6587
HHS Region,hhs8,2006,27,0.353421868476897,0.826446280991736,17,,11.0,13,,10,51,21,6171
HHS Region,hhs8,2006,28,1.36012255616886,1.72222222222222,108,,132.0,105,,27,372,35,21600
HHS Region,hhs8,2006,29,1.69503094889317,2.15719377227537,160,,175.0,100,,25,460,33,21324
HHS Region,hhs8,2006,30,1.39706191164534,1.75,118,,132.0,91,,37,378,33,21600
HHS Region,hhs8,2006,31,2.06665503898847,2.37535419304274,112,,156.0,98,,28,394,33,16587
HHS Region,hhs8,2006,32,1.55577237909134,1.99892914510084,143,,172.0,104,,29,448,33,22412
HHS Region,hhs8,2006,33,1.49650345294079,1.86584144898516,118,,139.0,117,,36,410,30,21974
HHS Region,hhs8,2006,34,0.826035232405623,0.895736295234683,19,,10.0,14,,7,50,19,5582
HHS Region,hhs8,2006,35,0.364605601501438,1.03011093502377,13,,16.0,18,,5,52,17,5048
HHS Region,hhs8,2006,36,0.267930909155463,1.22958340979996,17,,24.0,19,,7,67,19,5449
HHS Region,hhs8,2006,37,0.163323202584732,0.93031740240788,16,,14.0,15,,6,51,19,5482
HHS Region,hhs8,2006,38,0.21801093596033,1.04672897196262,9,,15.0,23,,9,56,19,5350
HHS Region,hhs8,2006,39,0.309659892102474,1.54222305811548,28,,18.0,22,,14,82,19,5317
HHS Region,hhs8,2006,40,2.0946186375696,2.44039586144849,231,,309.0,256,,72,868,74,35568
HHS Region,hhs8,2006,41,0.651353913936611,0.514935835220533,41,,72.0,65,,13,191,82,37092
HHS Region,hhs8,2006,42,0.474205861730908,0.476142490048874,40,,77.0,55,,17,189,88,39694
HHS Region,hhs8,2006,43,0.378489301163842,0.378635301699831,28,,57.0,48,,8,141,80,37239
HHS Region,hhs8,2006,44,0.254770740836993,0.343310284802476,30,,49.0,48,,15,142,89,41362
HHS Region,hhs8,2006,45,0.827004523568721,0.679894881500591,48,,86.0,93,,55,282,92,41477
HHS Region,hhs8,2006,46,0.421794380571607,0.442718975616401,40,,69.0,68,,18,195,90,44046
HHS Region,hhs8,2006,47,0.539149871445661,0.608257169870785,35,,70.0,76,,12,193,93,31730
HHS Region,hhs8,2006,48,0.608504724018719,0.488962734393544,39,,79.0,67,,21,206,90,42130
HHS Region,hhs8,2006,49,0.415035363597524,0.375009973669513,34,,48.0,44,,15,141,83,37599
HHS Region,hhs8,2006,50,0.520030859221063,0.51560954937138,44,,72.0,81,,22,219,93,42474
HHS Region,hhs8,2006,51,0.711545459741596,0.799871506585288,46,,62.0,122,,19,249,90,31130
HHS Region,hhs8,2006,52,1.44752756735384,1.63879968995682,49,,103.0,117,,27,296,79,18062
HHS Region,hhs8,2007,1,0.628117772794291,0.697866522345971,60,,96.0,68,,21,245,93,35107
HHS Region,hhs8,2007,2,0.516237363863881,0.606998333730064,58,,96.0,84,,17,255,93,42010
HHS Region,hhs8,2007,3,0.626519224472688,0.656773906817116,51,,90.0,99,,26,266,96,40501
HHS Region,hhs8,2007,4,0.821671865796412,0.807889071506285,81,,93.0,151,,24,349,94,43199
HHS Region,hhs8,2007,5,1.40698899763269,1.48937869349944,84,,119.0,156,,14,373,80,25044
HHS Region,hhs8,2007,6,1.2148870278446,1.03416164289565,78,,112.0,224,,8,422,93,40806
HHS Region,hhs8,2007,7,1.69494417755223,1.79491252354263,146,,233.0,386,,26,791,93,44069
HHS Region,hhs8,2007,8,1.60639669779712,1.67069734419028,121,,242.0,344,,46,753,94,45071
HHS Region,hhs8,2007,9,1.5991996363716,1.58936829344947,127,,233.0,309,,39,708,91,44546
HHS Region,hhs8,2007,10,1.32998793479313,1.46994102631811,97,,222.0,330,,19,668,94,45444
HHS Region,hhs8,2007,11,1.5065624838239,1.57883195672831,116,,216.0,277,,39,648,89,41043
HHS Region,hhs8,2007,12,1.19802944363758,1.1805488218753,70,,197.0,173,,47,487,92,41252
HHS Region,hhs8,2007,13,0.872119547371336,0.913420442056417,53,,146.0,145,,30,374,88,40945
HHS Region,hhs8,2007,14,0.848050154893335,0.741109307075892,49,,103.0,110,,21,283,80,38186
HHS Region,hhs8,2007,15,0.460147921067214,0.502302218501465,35,,61.0,44,,28,168,74,33446
HHS Region,hhs8,2007,16,0.516783387204946,0.509154494959885,36,,68.0,68,,26,198,81,38888
HHS Region,hhs8,2007,17,0.271000250339149,0.333889816360601,20,,60.0,32,,14,126,79,37737
HHS Region,hhs8,2007,18,0.26712407028192,0.330280321953927,26,,39.0,39,,15,119,71,36030
HHS Region,hhs8,2007,19,0.246712517990188,0.356978350990327,25,,37.0,42,,20,124,67,34736
HHS Region,hhs8,2007,20,0.182939138625761,0.255213015863809,16,,28.0,25,,19,88,68,34481
HHS Region,hhs8,2007,21,0.196669916573276,0.224375650364204,11,,19.0,23,,16,69,58,30752
HHS Region,hhs8,2007,22,0.247199124045791,0.371369375708534,24,,34.0,16,,21,95,55,25581
HHS Region,hhs8,2007,23,0.19117187606965,0.252601798524806,22,,22.0,17,,14,75,51,29691
HHS Region,hhs8,2007,24,0.244388157472889,0.290676810450011,23,,21.0,20,,17,81,51,27866
HHS Region,hhs8,2007,25,0.186103647369133,0.242908927837363,12,,16.0,22,,15,65,48,26759
HHS Region,hhs8,2007,26,0.166419776237718,0.237682930970086,19,,28.0,13,,10,70,51,29451
HHS Region,hhs8,2007,27,0.190863371474231,0.255671441905767,10,,19.0,24,,10,63,49,24641
HHS Region,hhs8,2007,28,0.187383666309595,0.303629430871346,23,,34.0,16,,13,86,48,28324
HHS Region,hhs8,2007,29,0.176036821549438,0.291060291060291,15,,32.0,22,,15,84,49,28860
HHS Region,hhs8,2007,30,0.206305392195149,0.26566707911784,18,,25.0,13,,17,73,48,27478
HHS Region,hhs8,2007,31,0.129498643228251,0.213234049754612,7,,16.0,28,,12,63,45,29545
HHS Region,hhs8,2007,32,0.16963756577923,0.283518360375747,20,,25.0,23,,15,83,46,29275
HHS Region,hhs8,2007,33,0.115945783412051,0.231465245142737,18,,20.0,18,,10,66,47,28514
HHS Region,hhs8,2007,34,0.120707161419933,0.233909838389566,11,,28.0,14,,13,66,46,28216
HHS Region,hhs8,2007,35,0.182903485590618,0.273505487869854,13,,32.0,18,,14,77,45,28153
HHS Region,hhs8,2007,36,0.219154242424507,0.378273919657909,11,,38.0,29,,14,92,46,24321
HHS Region,hhs8,2007,37,0.156632651583028,0.250788191458871,11,,19.0,19,,21,70,46,27912
HHS Region,hhs8,2007,38,0.176976828807778,0.2601908065915,4,,21.0,25,,22,72,45,27672
HHS Region,hhs8,2007,39,0.129003508980947,0.21184158558041,9,,20.0,20,,10,59,47,27851
HHS Region,hhs8,2007,40,0.48727455291829,0.485258851742136,47,,38.0,52,,35,172,77,35445
HHS Region,hhs8,2007,41,0.81406991422501,0.709069742829929,37,,89.0,105,,37,268,80,37796
HHS Region,hhs8,2007,42,0.864282566547439,0.724944438564928,51,,77.0,92,,54,274,78,37796
HHS Region,hhs8,2007,43,0.865615016448636,0.719923893759802,55,,80.0,93,,52,280,82,38893
HHS Region,hhs8,2007,44,1.21096846523293,0.933408346972177,68,,108.0,120,,69,365,83,39104
HHS Region,hhs8,2007,45,1.14238131968802,0.896829971181556,94,,97.0,140,,58,389,90,43375
HHS Region,hhs8,2007,46,1.2002746737857,0.966530687928797,94,,108.0,143,,72,417,89,43144
HHS Region,hhs8,2007,47,0.983641165786912,0.884662536032603,70,,75.0,75,,47,267,82,30181
HHS Region,hhs8,2007,48,1.007157561045,0.733898519549538,77,,83.0,105,,25,290,83,39515
HHS Region,hhs8,2007,49,1.00557256580271,0.828173374613003,51,,103.0,128,,39,321,81,38760
HHS Region,hhs8,2007,50,0.906113610937467,0.802278141343337,63,,96.0,96,,38,293,81,36521
HHS Region,hhs8,2007,51,1.1428952331698,0.957018132975151,72,,118.0,108,,44,342,80,35736
HHS Region,hhs8,2007,52,1.47884919895864,1.24267568524126,71,,105.0,91,,49,316,81,25429
HHS Region,hhs8,2008,1,0.988493432160216,0.719858814787293,82,,88.0,87,,53,310,77,43064
HHS Region,hhs8,2008,2,0.950250321347095,0.970388155262105,76,,117.0,145,,50,388,86,39984
HHS Region,hhs8,2008,3,0.950287651097822,1.00308032540874,60,,118.0,153,,50,381,81,37983
HHS Region,hhs8,2008,4,1.3221771256721,1.42145292420666,97,,186.0,230,,29,542,86,38130
HHS Region,hhs8,2008,5,2.01086725649525,1.97026645280218,139,,315.0,309,,60,823,85,41771
HHS Region,hhs8,2008,6,2.67741365932104,2.51515225872942,154,,370.0,438,,63,1025,82,40753
HHS Region,hhs8,2008,7,2.97594590893641,2.97752676229411,208,,420.0,567,,65,1260,83,42317
HHS Region,hhs8,2008,8,4.36242123035596,3.39571348819146,173,,585.0,559,,82,1399,82,41199
HHS Region,hhs8,2008,9,2.86437707637116,2.24213747094919,148,,601.0,495,,97,1341,77,59809
HHS Region,hhs8,2008,10,2.85693899510397,2.14383161177158,160,,532.0,412,,106,1210,78,56441
HHS Region,hhs8,2008,11,2.22547666137145,1.85543100115964,164,,460.0,365,,67,1056,77,56914
HHS Region,hhs8,2008,12,1.50991646665761,1.34990620781543,93,,339.0,255,,83,770,82,57041
HHS Region,hhs8,2008,13,1.34079390996843,1.44507873472877,68,,237.0,168,,51,524,73,36261
HHS Region,hhs8,2008,14,0.987241562646796,0.932207917089588,45,,148.0,117,,39,349,77,37438
HHS Region,hhs8,2008,15,0.761110021865558,0.732114085422732,37,,105.0,86,,31,259,72,35377
HHS Region,hhs8,2008,16,0.698420892480108,0.626534586402506,37,,74.0,77,,34,222,73,35433
HHS Region,hhs8,2008,17,0.436626376871334,0.484101661348883,35,,55.0,62,,24,176,69,36356
HHS Region,hhs8,2008,18,0.335483961713938,0.426616104757955,25,,46.0,50,,23,144,64,33754
HHS Region,hhs8,2008,19,0.318112537778582,0.274439292135895,23,,55.0,47,,20,145,65,52835
HHS Region,hhs8,2008,20,0.423738788799247,0.410182546889188,18,,52.0,40,,21,131,57,31937
HHS Region,hhs8,2008,21,0.250701378918501,0.364602644914102,29,,35.0,34,,20,118,58,32364
HHS Region,hhs8,2008,22,0.216592891466161,0.21429236932824,11,,30.0,30,,21,92,52,42932
HHS Region,hhs8,2008,23,0.192849307740636,0.27098435065375,20,,32.0,14,,14,80,46,29522
HHS Region,hhs8,2008,24,0.335201370504404,0.328947368421053,14,,32.0,25,,18,89,44,27056
HHS Region,hhs8,2008,25,0.344484843259829,0.347539142034684,20,,28.0,37,,14,99,45,28486
HHS Region,hhs8,2008,26,0.271698401662897,0.292098729370527,15,,21.0,30,,14,80,43,27388
HHS Region,hhs8,2008,27,0.22762478442233,0.142394569500254,12,,21.0,22,,18,73,43,51266
HHS Region,hhs8,2008,28,0.172339157267991,0.242216997934031,18,,24.0,15,,11,68,44,28074
HHS Region,hhs8,2008,29,0.288548896424893,0.275386063373654,11,,19.0,31,,18,79,44,28687
HHS Region,hhs8,2008,30,0.240035250338896,0.212042554747194,6,,15.0,25,,12,58,41,27353
HHS Region,hhs8,2008,31,0.185223271858991,0.228856756475606,10,,29.0,15,,12,66,39,28839
HHS Region,hhs8,2008,32,0.244963974303766,0.231082292888184,10,,25.0,18,,14,67,43,28994
HHS Region,hhs8,2008,33,0.217215163018072,0.256541816316059,10,,16.0,27,,22,75,46,29235
HHS Region,hhs8,2008,34,0.245168648394877,0.287326115140685,13,,24.0,29,,16,82,43,28539
HHS Region,hhs8,2008,35,0.234939494239541,0.301566087522703,19,,24.0,25,,20,88,42,29181
HHS Region,hhs8,2008,36,0.248004662124734,0.323101777059774,17,,18.0,30,,17,82,43,25379
HHS Region,hhs8,2008,37,0.374251395774912,0.458088335840284,20,,52.0,44,,18,134,44,29252
HHS Region,hhs8,2008,38,0.4433788270677,0.423537580281201,15,,33.0,55,,19,122,42,28805
HHS Region,hhs8,2008,39,0.211138757253567,0.348537149368276,25,,32.0,26,,21,104,46,29839
HHS Region,hhs8,2008,40,0.388526354935894,0.378880802464088,24,,44.0,39,,32,139,78,36687
HHS Region,hhs8,2008,41,0.212938239582951,0.297414779226722,17,,37.0,31,,19,104,74,34968
HHS Region,hhs8,2008,42,0.518504779365279,0.565658851146873,59,,67.0,58,,16,200,79,35357
HHS Region,hhs8,2008,43,0.470800564888576,0.443856311857304,44,,61.0,37,,19,161,79,36273
HHS Region,hhs8,2008,44,0.476816422795818,0.385394958462988,26,,50.0,43,,16,135,75,35029
HHS Region,hhs8,2008,45,0.544768403423013,0.453036927777485,28,,69.0,56,,19,172,80,37966
HHS Region,hhs8,2008,46,0.237537507067869,0.31884898152784,16,,44.0,42,,19,121,77,37949
HHS Region,hhs8,2008,47,0.220279428656073,0.296121593291405,30,,33.0,34,,16,113,74,38160
HHS Region,hhs8,2008,48,0.438661976243975,0.502332256907069,28,,49.0,36,,27,140,77,27870
HHS Region,hhs8,2008,49,0.330908053288848,0.389137047491162,36,,44.0,40,,22,142,76,36491
HHS Region,hhs8,2008,50,0.355780833222098,0.41289328085001,27,,54.0,43,,26,150,77,36329
HHS Region,hhs8,2008,51,0.370001296048597,0.381986928884777,20,,48.0,40,,20,128,73,33509
HHS Region,hhs8,2008,52,0.545685656536656,0.597626211969241,32,,57.0,30,,24,143,72,23928
HHS Region,hhs8,2008,53,0.378836652231729,0.507686807293529,19,,56.0,34,,33,142,74,27970
HHS Region,hhs8,2009,1,0.343313207708503,0.40138660828316,36,,59.0,41,,18,154,77,38367
HHS Region,hhs8,2009,2,0.413347270021717,0.456483708725126,36,,54.0,55,,22,167,73,36584
HHS Region,hhs8,2009,3,0.57845218993077,0.626794132364173,40,,63.0,117,,18,238,76,37971
HHS Region,hhs8,2009,4,0.722576930987963,0.746588644790274,65,,82.0,132,,17,296,76,39647
HHS Region,hhs8,2009,5,0.991987432803554,1.0499925532443,93,,109.0,195,,26,423,71,40286
HHS Region,hhs8,2009,6,1.10142857720699,1.1387345717805,94,,116.0,220,,23,453,72,39781
HHS Region,hhs8,2009,7,1.00212190112686,0.940070505287897,54,,120.0,153,,9,336,64,35742
HHS Region,hhs8,2009,8,1.33123971063191,1.34023386958963,119,,161.0,222,,47,549,73,40963
HHS Region,hhs8,2009,9,1.29661213768772,1.40333660451423,142,,176.0,209,,45,572,74,40760
HHS Region,hhs8,2009,10,1.41609298905474,1.43196895731631,113,,172.0,258,,29,572,72,39945
HHS Region,hhs8,2009,11,1.25764224837094,1.27816847184436,101,,133.0,232,,32,498,70,38962
HHS Region,hhs8,2009,12,1.06176758078322,1.16548015980295,90,,103.0,155,,40,388,66,33291
HHS Region,hhs8,2009,13,0.981837736099876,1.00386545895113,73,,99.0,147,,29,348,68,34666
HHS Region,hhs8,2009,14,0.725961706014475,0.609204415224079,38,,70.0,90,,4,202,62,33158
HHS Region,hhs8,2009,15,0.59108478238234,0.640424004858389,59,,56.0,84,,33,232,66,36226
HHS Region,hhs8,2009,16,0.550394774041917,0.75715859030837,73,,74.0,91,,37,275,67,36320
HHS Region,hhs8,2009,17,0.82461133927622,0.968361521634744,62,,126.0,137,,38,363,66,37486
HHS Region,hhs8,2009,18,0.905202687095557,0.982655993431856,78,,130.0,136,,39,383,71,38976
HHS Region,hhs8,2009,19,0.512897264929697,0.693378645033984,65,,89.0,76,,23,253,70,36488
HHS Region,hhs8,2009,20,0.645702649473769,0.711433552668579,43,,72.0,106,,32,253,69,35562
HHS Region,hhs8,2009,21,0.716370016762171,0.915168429934445,50,,93.0,115,,24,282,70,30814
HHS Region,hhs8,2009,22,1.0434967879061,1.13268608414239,47,,161.0,161,,23,392,67,34608
HHS Region,hhs8,2009,23,0.900419491564177,0.973898216159496,33,,119.0,144,,1,297,62,30496
HHS Region,hhs8,2009,24,1.17119863626494,1.29188799265526,42,,177.0,165,,10,394,62,30498
HHS Region,hhs8,2009,25,0.932710362133503,1.05064485687323,32,,141.0,146,,15,334,65,31790
HHS Region,hhs8,2009,26,0.91902362972389,0.861342929331598,20,,98.0,77,,30,225,61,26122
HHS Region,hhs8,2009,27,0.5580712121833,0.484077314062446,8,,76.0,47,,9,140,61,28921
HHS Region,hhs8,2009,28,0.364254143446156,0.370757676585227,14,,53.0,47,,3,117,62,31557
HHS Region,hhs8,2009,29,0.255997105942557,0.247877758913413,10,,39.0,18,,6,73,62,29450
HHS Region,hhs8,2009,30,0.39813844325151,0.403946962688868,7,,66.0,35,,23,131,62,32430
HHS Region,hhs8,2009,31,0.259684020709718,0.250097440561258,9,,31.0,34,,3,77,62,30788
HHS Region,hhs8,2009,32,0.270420347506252,0.282305800928877,10,,45.0,34,,4,93,66,32943
HHS Region,hhs8,2009,33,0.32512962584279,0.337530832143321,8,,44.0,43,,9,104,63,30812
HHS Region,hhs8,2009,34,0.457305908448695,0.454402019564531,15,,51.0,74,,4,144,63,31690
HHS Region,hhs8,2009,35,0.731793384277148,0.87824033537637,34,,113.0,158,,26,331,73,37689
HHS Region,hhs8,2009,36,1.27128458145984,1.44502617801047,56,,85.0,261,,81,483,70,33425
HHS Region,hhs8,2009,37,1.88233063030851,2.03031094852365,90,,208.0,452,,27,777,70,38270
HHS Region,hhs8,2009,38,2.38800909914344,2.54913763772933,125,,271.0,550,,28,974,71,38209
HHS Region,hhs8,2009,39,4.06079466522462,4.14733477678111,173,,432.0,964,,40,1609,70,38796
HHS Region,hhs8,2009,40,6.98577912308132,6.85795893385407,623,1067.0,1338.0,2663,271.0,82,4706,140,68621
HHS Region,hhs8,2009,41,9.74762240647721,10.164443503423,1000,1597.0,2016.0,4092,419.0,93,7201,148,70845
HHS Region,hhs8,2009,42,9.50475462879917,9.9791500919042,1099,1902.0,2372.0,3686,470.0,118,7275,150,72902
HHS Region,hhs8,2009,43,7.1130553311247,7.74958501304245,792,1294.0,1624.0,2390,330.0,96,4902,147,63255
HHS Region,hhs8,2009,44,5.62420239232845,6.28939352815224,759,1134.0,1444.0,1875,310.0,93,4171,145,66318
HHS Region,hhs8,2009,45,3.47727146073248,3.76913471766175,479,744.0,935.0,950,191.0,81,2445,143,64869
HHS Region,hhs8,2009,46,2.50587256655001,2.64523415887774,358,403.0,551.0,637,148.0,70,1616,138,61091
HHS Region,hhs8,2009,47,2.0652355331991,2.21394746428138,275,298.0,390.0,383,92.0,46,1094,141,49414
HHS Region,hhs8,2009,48,1.31701483264887,1.4336099949113,159,271.0,360.0,253,89.0,45,817,139,56989
HHS Region,hhs8,2009,49,1.3143622193253,1.44240026607384,237,216.0,298.0,257,82.0,32,824,138,57127
HHS Region,hhs8,2009,50,1.20685403915963,1.27099873922377,265,184.0,243.0,197,59.0,41,746,137,58694
HHS Region,hhs8,2009,51,1.14701270378822,1.28755364806867,181,132.0,176.0,128,44.0,22,507,125,39377
HHS Region,hhs8,2009,52,1.23510428702558,1.30328418956074,182,165.0,237.0,139,72.0,44,602,134,46191
HHS Region,hhs8,2010,1,0.941782114488605,0.975827224093521,183,150.0,205.0,162,55.0,41,591,135,60564
HHS Region,hhs8,2010,2,0.711873825796036,0.769776332404989,110,111.0,168.0,132,57.0,35,445,134,57809
HHS Region,hhs8,2010,3,1.05285589704994,1.15854067466971,260,151.0,204.0,196,53.0,31,691,137,59644
HHS Region,hhs8,2010,4,1.28619877763959,1.36137278179492,305,159.0,304.0,241,145.0,33,883,137,64861
HHS Region,hhs8,2010,5,1.25377862871695,1.20407776795859,307,121.0,167.0,270,46.0,19,763,132,63368
HHS Region,hhs8,2010,6,1.1134048428888,1.22598721382022,305,132.0,181.0,260,49.0,46,792,131,64601
HHS Region,hhs8,2010,7,1.10285718069692,1.14369813461948,229,118.0,163.0,228,45.0,25,645,114,56396
HHS Region,hhs8,2010,8,1.28187293580944,1.2932963393896,323,145.0,214.0,281,69.0,49,867,131,67038
HHS Region,hhs8,2010,9,1.11446692498954,1.10463111928292,257,119.0,177.0,289,58.0,46,769,132,69616
HHS Region,hhs8,2010,10,1.03303063802581,1.10499715900595,254,132.0,190.0,241,58.0,54,739,133,66878
HHS Region,hhs8,2010,11,0.949060095490471,0.993491483187698,214,115.0,160.0,176,45.0,56,606,131,60997
HHS Region,hhs8,2010,12,0.845689973463094,0.968960420430284,234,119.0,162.0,151,43.0,43,590,132,60890
HHS Region,hhs8,2010,13,0.822982407771647,0.939422826934743,185,98.0,152.0,168,54.0,37,542,132,57695
HHS Region,hhs8,2010,14,0.746085842078468,0.82697847822403,159,94.0,136.0,152,42.0,41,488,133,59010
HHS Region,hhs8,2010,15,0.681803620482339,0.764718734768652,170,96.0,132.0,128,36.0,25,455,133,59499
HHS Region,hhs8,2010,16,0.796174899740078,0.950267159884916,220,101.0,147.0,165,46.0,46,578,134,60825
HHS Region,hhs8,2010,17,0.701022663992128,0.814499074808353,202,72.0,108.0,144,36.0,39,493,133,60528
HHS Region,hhs8,2010,18,0.563336790334242,0.656432521838011,118,68.0,86.0,143,18.0,34,381,130,58041
HHS Region,hhs8,2010,19,0.629227255604651,0.718822223435424,143,70.0,96.0,125,26.0,31,395,125,54951
HHS Region,hhs8,2010,20,0.59253040093785,0.723846196567747,170,56.0,85.0,103,29.0,33,391,124,54017
HHS Region,hhs8,2010,21,0.536054427611945,0.603770719018778,134,61.0,72.0,83,11.0,29,318,117,52669
HHS Region,hhs8,2010,22,0.536396758962389,0.639624874806519,108,49.0,78.0,63,29.0,32,281,109,43932
HHS Region,hhs8,2010,23,0.377245848041845,0.394052648683783,86,28.0,40.0,56,12.0,12,194,107,49232
HHS Region,hhs8,2010,24,0.294360348658772,0.328366273874099,76,26.0,34.0,44,8.0,4,158,109,48117
HHS Region,hhs8,2010,25,0.314605813176168,0.338634973346151,77,25.0,38.0,33,13.0,7,155,108,45772
HHS Region,hhs8,2010,26,0.306336642293156,0.274603596421295,53,26.0,34.0,33,8.0,4,124,106,45156
HHS Region,hhs8,2010,27,0.353049880690467,0.334118004404283,61,24.0,33.0,33,9.0,5,132,108,39507
HHS Region,hhs8,2010,28,0.313188602798895,0.353442432458604,74,28.0,37.0,32,9.0,3,146,95,41308
HHS Region,hhs8,2010,29,0.229780579721116,0.240007177784756,53,16.0,21.0,31,5.0,2,107,103,44582
HHS Region,hhs8,2010,30,0.289597687435931,0.292945611200862,48,37.0,47.0,36,10.0,5,136,104,46425
HHS Region,hhs8,2010,31,0.220117272086786,0.231519761865388,44,17.0,25.0,26,8.0,3,98,99,42329
HHS Region,hhs8,2010,32,0.253455896404815,0.269511256058341,43,23.0,36.0,33,13.0,7,119,100,44154
HHS Region,hhs8,2010,33,0.261040038175385,0.285481239804241,52,24.0,34.0,47,10.0,7,140,113,49040
HHS Region,hhs8,2010,34,0.295709580457495,0.320589885389116,76,23.0,30.0,50,7.0,4,160,110,49908
HHS Region,hhs8,2010,35,0.413172904505435,0.466270912034539,78,33.0,44.0,88,11.0,6,216,89,46325
HHS Region,hhs8,2010,36,0.595825691023213,0.608741024175715,126,15.0,25.0,89,10.0,5,245,89,40247
HHS Region,hhs8,2010,37,0.540881814589086,0.557997242330231,96,41.0,50.0,99,9.0,14,259,87,46416
HHS Region,hhs8,2010,38,0.522486080851167,0.560610634352495,105,56.0,76.0,66,20.0,13,260,83,46378
HHS Region,hhs8,2010,39,0.492163016954617,0.536017188736854,86,35.0,51.0,89,16.0,11,237,86,44215
HHS Region,hhs8,2010,40,0.659316,0.688494,82,58.0,93.0,120,35.0,20,315,99,45752
HHS Region,hhs8,2010,41,0.540524,0.579103,55,62.0,80.0,110,18.0,12,257,102,44379
HHS Region,hhs8,2010,42,0.620904,0.631963,58,79.0,111.0,106,32.0,16,291,105,46047
HHS Region,hhs8,2010,43,0.72754,0.705801,77,59.0,92.0,126,33.0,11,306,99,43355
HHS Region,hhs8,2010,44,0.754633,0.771847,84,71.0,98.0,153,27.0,19,354,108,45864
HHS Region,hhs8,2010,45,0.653131,0.663631,66,62.0,91.0,117,29.0,16,290,97,43699
HHS Region,hhs8,2010,46,0.720076,0.728806,78,73.0,90.0,141,17.0,9,318,92,43633
HHS Region,hhs8,2010,47,0.719671,0.709284,63,53.0,76.0,83,23.0,14,236,105,33273
HHS Region,hhs8,2010,48,0.749755,0.74877,81,74.0,113.0,129,39.0,21,344,103,45942
HHS Region,hhs8,2010,49,0.803936,0.764202,71,70.0,106.0,142,36.0,20,339,103,44360
HHS Region,hhs8,2010,50,0.820845,0.795665,67,83.0,116.0,120,33.0,23,326,98,40972
HHS Region,hhs8,2010,51,0.892953,1.00549,93,50.0,78.0,110,28.0,21,302,92,30035
HHS Region,hhs8,2010,52,0.985023,1.11879,102,78.0,119.0,95,41.0,16,332,87,29675
HHS Region,hhs8,2011,1,0.724956,0.8338,79,87.0,126.0,132,39.0,20,357,87,42816
HHS Region,hhs8,2011,2,1.35589,1.13397,83,103.0,139.0,166,36.0,21,409,81,36068
HHS Region,hhs8,2011,3,1.44967,1.53432,144,144.0,194.0,265,50.0,24,627,93,40865
HHS Region,hhs8,2011,4,1.53869,1.83981,148,185.0,250.0,355,65.0,28,781,88,42450
HHS Region,hhs8,2011,5,2.2115,2.36038,179,213.0,278.0,480,65.0,30,967,88,40968
HHS Region,hhs8,2011,6,2.5188,2.66764,235,272.0,353.0,621,81.0,29,1238,93,46408
HHS Region,hhs8,2011,7,2.65461,2.85394,240,253.0,329.0,661,76.0,44,1274,89,44640
HHS Region,hhs8,2011,8,2.51181,2.76227,226,231.0,317.0,572,86.0,48,1163,87,42103
HHS Region,hhs8,2011,9,2.24292,2.53269,205,242.0,348.0,500,106.0,51,1104,84,43590
HHS Region,hhs8,2011,10,2.13623,2.21799,231,232.0,316.0,413,84.0,42,1002,91,45176
HHS Region,hhs8,2011,11,1.697,1.74848,198,167.0,226.0,346,59.0,45,815,89,46612
HHS Region,hhs8,2011,12,1.39708,1.43239,157,144.0,204.0,294,60.0,21,676,91,47194
HHS Region,hhs8,2011,13,1.10508,1.17928,160,95.0,139.0,173,44.0,26,498,86,42229
HHS Region,hhs8,2011,14,0.82457,0.880982,103,79.0,103.0,138,24.0,17,361,79,40977
HHS Region,hhs8,2011,15,0.79173,0.777068,97,60.0,87.0,129,27.0,18,331,85,42596
HHS Region,hhs8,2011,16,0.63713,0.669308,78,37.0,61.0,122,24.0,11,272,83,40639
HHS Region,hhs8,2011,17,0.586726,0.634069,69,50.0,76.0,100,26.0,8,253,79,39901
HHS Region,hhs8,2011,18,0.508552,0.535572,55,48.0,64.0,90,16.0,6,215,80,40144
HHS Region,hhs8,2011,19,0.453815,0.488882,61,29.0,38.0,80,9.0,7,186,80,38046
HHS Region,hhs8,2011,20,0.467729,0.503634,55,30.0,44.0,80,14.0,6,185,76,36733
HHS Region,hhs8,2011,21,0.394367,0.438336,56,30.0,37.0,54,7.0,8,155,69,35361
HHS Region,hhs8,2011,22,0.367483,0.413696,42,28.0,41.0,34,13.0,6,123,71,29732
HHS Region,hhs8,2011,23,0.324692,0.366576,41,23.0,35.0,38,12.0,8,122,67,33281
HHS Region,hhs8,2011,24,0.30131,0.342274,50,28.0,36.0,29,8.0,1,116,66,33891
HHS Region,hhs8,2011,25,0.240923,0.274871,32,16.0,23.0,27,7.0,6,88,67,32015
HHS Region,hhs8,2011,26,0.255479,0.25692,19,18.0,25.0,38,7.0,2,84,65,32695
HHS Region,hhs8,2011,27,0.371284,0.392749,25,20.0,31.0,38,11.0,10,104,65,26480
HHS Region,hhs8,2011,28,0.216589,0.26369,29,15.0,27.0,26,12.0,4,86,62,32614
HHS Region,hhs8,2011,29,0.315589,0.357375,40,30.0,36.0,33,6.0,1,110,58,30780
HHS Region,hhs8,2011,30,0.274777,0.331337,37,22.0,26.0,34,4.0,7,104,60,31388
HHS Region,hhs8,2011,31,0.298386,0.358311,40,23.0,33.0,44,10.0,9,126,68,35165
HHS Region,hhs8,2011,32,0.280377,0.301981,30,24.0,30.0,44,6.0,5,109,66,36095
HHS Region,hhs8,2011,33,0.287781,0.315543,26,25.0,34.0,50,9.0,6,116,68,36762
HHS Region,hhs8,2011,34,0.31778,0.339322,25,32.0,40.0,51,8.0,13,129,70,38017
HHS Region,hhs8,2011,35,0.445527,0.474237,52,43.0,51.0,69,8.0,6,178,70,37534
HHS Region,hhs8,2011,36,0.472375,0.509518,29,37.0,42.0,84,5.0,8,163,70,31991
HHS Region,hhs8,2011,37,0.466093,0.50322,38,50.0,63.0,88,13.0,4,193,71,38353
HHS Region,hhs8,2011,38,0.647739,0.666742,48,80.0,104.0,123,24.0,19,294,87,44095
HHS Region,hhs8,2011,39,0.63518,0.656622,66,73.0,100.0,113,27.0,13,292,85,44470
HHS Region,hhs8,2011,40,0.986923,0.977837,128,119.0,148.0,197,29.0,26,499,111,51031
HHS Region,hhs8,2011,41,0.826278,0.933935,145,121.0,160.0,203,39.0,20,528,124,56535
HHS Region,hhs8,2011,42,0.807497,0.89475,162,100.0,135.0,203,35.0,15,515,127,57558
HHS Region,hhs8,2011,43,0.856544,0.947307,172,107.0,153.0,201,46.0,11,537,125,56687
HHS Region,hhs8,2011,44,0.934151,1.07279,168,123.0,163.0,240,40.0,21,592,127,55183
HHS Region,hhs8,2011,45,0.963464,1.08719,191,118.0,151.0,246,33.0,12,600,126,55188
HHS Region,hhs8,2011,46,1.01435,1.09205,190,129.0,174.0,237,45.0,16,617,124,56499
HHS Region,hhs8,2011,47,1.05816,1.26577,193,138.0,176.0,187,38.0,24,580,128,45822
HHS Region,hhs8,2011,48,0.93762,1.01964,138,141.0,192.0,212,51.0,25,567,124,55608
HHS Region,hhs8,2011,49,0.918249,1.01001,138,110.0,144.0,248,34.0,17,547,125,54158
HHS Region,hhs8,2011,50,0.992111,1.10145,167,131.0,173.0,244,42.0,25,609,124,55291
HHS Region,hhs8,2011,51,1.02736,1.13762,157,139.0,190.0,197,51.0,22,566,123,49753
HHS Region,hhs8,2011,52,1.10691,1.28329,173,164.0,212.0,181,48.0,30,596,119,46443
HHS Region,hhs8,2012,1,1.05437,1.2171,191,159.0,218.0,195,59.0,29,633,121,52009
HHS Region,hhs8,2012,2,1.09694,1.21964,205,172.0,230.0,242,58.0,23,700,124,57394
HHS Region,hhs8,2012,3,1.13381,1.24528,224,135.0,172.0,260,37.0,24,680,124,54606
HHS Region,hhs8,2012,4,1.28828,1.42262,251,172.0,230.0,321,58.0,25,827,123,58132
HHS Region,hhs8,2012,5,1.49922,1.72396,348,176.0,232.0,378,56.0,31,989,123,57368
HHS Region,hhs8,2012,6,1.5567,1.76032,323,206.0,278.0,389,72.0,20,1010,119,57376
HHS Region,hhs8,2012,7,1.63854,1.88531,336,225.0,301.0,407,76.0,37,1081,122,57338
HHS Region,hhs8,2012,8,1.85078,2.08359,352,258.0,336.0,463,78.0,31,1182,119,56729
HHS Region,hhs8,2012,9,1.69812,1.91625,328,274.0,359.0,482,85.0,46,1215,120,63405
HHS Region,hhs8,2012,10,1.79065,1.99211,260,282.0,379.0,492,97.0,40,1171,119,58782
HHS Region,hhs8,2012,11,2.20177,2.37195,319,328.0,428.0,517,100.0,60,1324,115,55819
HHS Region,hhs8,2012,12,1.59029,1.69449,234,232.0,305.0,362,73.0,39,940,116,55474
HHS Region,hhs8,2012,13,1.46089,1.65784,212,193.0,263.0,344,70.0,39,858,112,51754
HHS Region,hhs8,2012,14,1.20787,1.35865,169,162.0,225.0,263,63.0,37,694,118,51080
HHS Region,hhs8,2012,15,1.11695,1.24602,142,175.0,218.0,242,43.0,39,641,114,51444
HHS Region,hhs8,2012,16,0.945417,1.06281,135,131.0,180.0,223,49.0,28,566,114,53255
HHS Region,hhs8,2012,17,0.937586,1.07675,121,119.0,169.0,242,50.0,31,563,114,52287
HHS Region,hhs8,2012,18,0.908343,0.973474,113,97.0,123.0,189,26.0,22,447,98,45918
HHS Region,hhs8,2012,19,0.771157,0.897228,105,95.0,118.0,209,23.0,17,449,109,50043
HHS Region,hhs8,2012,20,0.80287,0.909072,108,100.0,134.0,180,34.0,19,441,107,48511
HHS Region,hhs8,2012,21,0.601032,0.746932,106,84.0,104.0,149,20.0,11,370,104,49536
HHS Region,hhs8,2012,22,0.812736,1.0767,133,112.0,137.0,194,25.0,20,484,107,44952
HHS Region,hhs8,2012,23,0.665369,0.833048,94,98.0,133.0,147,35.0,15,389,104,46696
HHS Region,hhs8,2012,24,0.592723,0.780926,90,85.0,105.0,127,20.0,17,339,90,43410
HHS Region,hhs8,2012,25,0.564215,0.744743,98,65.0,90.0,120,25.0,9,317,87,42565
HHS Region,hhs8,2012,26,0.490352,0.654332,70,63.0,84.0,100,21.0,13,267,84,40805
HHS Region,hhs8,2012,27,0.450704,0.623526,64,52.0,69.0,93,17.0,12,238,87,38170
HHS Region,hhs8,2012,28,0.449177,0.558289,65,57.0,71.0,96,14.0,4,236,86,42272
HHS Region,hhs8,2012,29,0.46789,0.576245,84,53.0,63.0,90,10.0,5,242,81,41996
HHS Region,hhs8,2012,30,0.51303,0.650765,73,53.0,77.0,107,24.0,9,266,78,40875
HHS Region,hhs8,2012,31,0.504355,0.586074,66,69.0,81.0,96,12.0,9,252,84,42998
HHS Region,hhs8,2012,32,0.444484,0.529969,64,51.0,63.0,83,12.0,16,226,82,42644
HHS Region,hhs8,2012,33,0.53001,0.646742,97,54.0,75.0,102,21.0,11,285,85,44067
HHS Region,hhs8,2012,34,0.530968,0.606116,70,74.0,88.0,99,14.0,10,267,82,44051
HHS Region,hhs8,2012,35,0.578547,0.694615,70,78.0,93.0,135,15.0,14,312,81,44917
HHS Region,hhs8,2012,36,0.729418,0.958986,85,89.0,117.0,173,28.0,8,383,83,39938
HHS Region,hhs8,2012,37,0.678428,0.902219,82,102.0,121.0,190,19.0,14,407,83,45111
HHS Region,hhs8,2012,38,0.579878,0.705231,91,68.0,85.0,144,17.0,11,331,85,46935
HHS Region,hhs8,2012,39,0.712934,0.850367,76,77.0,110.0,171,33.0,22,379,80,44569
HHS Region,hhs8,2012,40,0.777279,0.828528,97,93.0,120.0,181,27.0,23,421,116,50813
HHS Region,hhs8,2012,41,0.796538,0.852966,112,70.0,108.0,202,38.0,15,437,118,51233
HHS Region,hhs8,2012,42,0.805817,0.882557,114,109.0,147.0,160,38.0,25,446,118,50535
HHS Region,hhs8,2012,43,0.72746,0.810727,125,73.0,97.0,169,24.0,25,416,118,51312
HHS Region,hhs8,2012,44,0.922182,1.03978,121,115.0,154.0,231,39.0,23,529,116,50876
HHS Region,hhs8,2012,45,0.93274,1.00709,137,119.0,157.0,209,38.0,20,523,115,51932
HHS Region,hhs8,2012,46,1.02407,1.09685,146,145.0,178.0,238,33.0,20,582,119,53061
HHS Region,hhs8,2012,47,1.41876,1.58199,178,129.0,166.0,288,37.0,20,652,112,41214
HHS Region,hhs8,2012,48,1.32822,1.51131,191,194.0,265.0,371,71.0,37,864,121,57169
HHS Region,hhs8,2012,49,1.68848,1.90585,238,218.0,300.0,441,82.0,42,1021,118,53572
HHS Region,hhs8,2012,50,2.42542,2.56104,276,269.0,374.0,547,105.0,48,1245,102,48613
HHS Region,hhs8,2012,51,3.18065,3.47322,395,356.0,502.0,841,146.0,106,1844,111,53092
HHS Region,hhs8,2012,52,4.09753,4.81578,513,520.0,692.0,721,172.0,113,2039,111,42340
HHS Region,hhs8,2013,1,3.74481,4.32719,553,608.0,826.0,626,218.0,138,2143,113,49524
HHS Region,hhs8,2013,2,3.85313,4.17969,490,698.0,1015.0,812,317.0,156,2473,118,59167
HHS Region,hhs8,2013,3,4.13787,4.36192,521,689.0,956.0,927,267.0,113,2517,122,57704
HHS Region,hhs8,2013,4,3.97647,4.17891,497,565.0,763.0,880,198.0,135,2275,116,54440
HHS Region,hhs8,2013,5,3.44291,3.63424,462,494.0,676.0,815,182.0,97,2050,113,56408
HHS Region,hhs8,2013,6,2.97312,3.1364,424,371.0,551.0,732,180.0,98,1805,112,57550
HHS Region,hhs8,2013,7,2.63255,2.66645,371,338.0,490.0,560,152.0,52,1473,115,55242
HHS Region,hhs8,2013,8,2.17155,2.32335,363,296.0,388.0,463,92.0,71,1285,116,55308
HHS Region,hhs8,2013,9,2.10319,2.06768,278,267.0,370.0,404,103.0,68,1120,110,54167
HHS Region,hhs8,2013,10,1.79868,1.7701,233,228.0,313.0,380,85.0,54,980,111,55364
HHS Region,hhs8,2013,11,1.75337,1.7017,223,214.0,288.0,357,74.0,46,914,108,53711
HHS Region,hhs8,2013,12,1.21262,1.27715,151,184.0,248.0,283,64.0,20,702,116,54966
HHS Region,hhs8,2013,13,1.24913,1.2228,162,137.0,193.0,246,56.0,38,639,115,52257
HHS Region,hhs8,2013,14,1.16801,1.19105,169,166.0,222.0,176,56.0,31,598,111,50208
HHS Region,hhs8,2013,15,1.01314,1.00945,114,124.0,166.0,197,42.0,25,502,112,49730
HHS Region,hhs8,2013,16,1.01639,0.926832,100,117.0,152.0,191,35.0,21,464,113,50063
HHS Region,hhs8,2013,17,1.00657,0.934198,122,110.0,133.0,209,23.0,17,481,111,51488
HHS Region,hhs8,2013,18,1.00405,0.958751,120,116.0,163.0,195,47.0,18,496,109,51734
HHS Region,hhs8,2013,19,0.929267,0.896292,120,103.0,139.0,184,36.0,9,452,107,50430
HHS Region,hhs8,2013,20,0.738568,0.771248,106,72.0,97.0,176,25.0,15,394,105,51086
HHS Region,hhs8,2013,21,0.784251,0.819707,109,78.0,105.0,162,27.0,13,389,103,47456
HHS Region,hhs8,2013,22,0.802426,0.913889,123,84.0,113.0,147,29.0,17,400,103,43769
HHS Region,hhs8,2013,23,0.731714,0.743305,103,72.0,108.0,115,36.0,24,350,101,47087
HHS Region,hhs8,2013,24,0.681907,0.715249,103,97.0,115.0,101,18.0,15,334,103,46697
HHS Region,hhs8,2013,25,0.655891,0.719679,80,75.0,95.0,115,20.0,15,305,84,42380
HHS Region,hhs8,2013,26,0.617954,0.649455,81,70.0,91.0,98,21.0,13,283,86,43575
HHS Region,hhs8,2013,27,0.561213,0.586407,63,53.0,72.0,75,19.0,7,217,85,37005
HHS Region,hhs8,2013,28,0.499137,0.566875,63,63.0,82.0,87,19.0,12,244,82,43043
HHS Region,hhs8,2013,29,0.573639,0.609074,58,71.0,91.0,82,20.0,14,245,79,40225
HHS Region,hhs8,2013,30,0.718513,0.748588,69,88.0,116.0,113,28.0,20,318,80,42480
HHS Region,hhs8,2013,31,0.508805,0.582397,55,76.0,104.0,92,28.0,6,257,82,44128
HHS Region,hhs8,2013,32,0.507189,0.661562,66,83.0,107.0,87,24.0,7,267,74,40359
HHS Region,hhs8,2013,33,0.465935,0.572875,50,70.0,87.0,76,17.0,11,224,75,39101
HHS Region,hhs8,2013,34,0.443358,0.54438,49,63.0,87.0,82,24.0,5,223,74,40964
HHS Region,hhs8,2013,35,0.748055,0.97704,24,42.0,55.0,73,13.0,8,160,51,16376
HHS Region,hhs8,2013,36,0.694425,0.795122,72,62.0,89.0,114,27.0,8,283,73,35592
HHS Region,hhs8,2013,37,0.355212,0.431088,36,33.0,47.0,46,14.0,9,138,44,32012
HHS Region,hhs8,2013,38,0.387416,0.455958,55,21.0,31.0,65,10.0,6,157,56,34433
HHS Region,hhs8,2013,39,0.591698,0.649766,67,43.0,65.0,111,22.0,11,254,69,39091
HHS Region,hhs8,2013,40,0.687334,0.760655,111,74.0,102.0,178,28.0,17,408,119,53638
HHS Region,hhs8,2013,41,0.735041,0.849184,133,101.0,147.0,194,46.0,18,492,121,57938
HHS Region,hhs8,2013,42,0.644746,0.72014,111,93.0,116.0,149,23.0,15,391,118,54295
HHS Region,hhs8,2013,43,0.811668,0.907251,143,89.0,120.0,245,31.0,30,538,123,59300
HHS Region,hhs8,2013,44,0.71632,0.9095,198,151.0,204.0,230,53.0,15,647,114,71138
HHS Region,hhs8,2013,45,0.753484,0.942172,204,157.0,223.0,250,66.0,20,697,120,73978
HHS Region,hhs8,2013,46,0.706757,0.870961,172,135.0,168.0,234,33.0,23,597,118,68545
HHS Region,hhs8,2013,47,0.953634,1.27163,273,218.0,301.0,353,83.0,26,953,119,74943
HHS Region,hhs8,2013,48,0.995917,1.35856,288,203.0,260.0,302,57.0,44,894,120,65805
HHS Region,hhs8,2013,49,1.52746,1.64348,186,250.0,307.0,330,57.0,37,860,119,52328
HHS Region,hhs8,2013,50,1.60235,1.7326,197,248.0,326.0,413,78.0,31,967,119,55812
HHS Region,hhs8,2013,51,2.00255,2.27853,352,502.0,670.0,661,168.0,48,1731,112,75970
HHS Region,hhs8,2013,52,3.6625,3.84198,378,521.0,696.0,547,175.0,79,1700,116,44248
HHS Region,hhs8,2014,1,2.96215,3.01586,331,534.0,728.0,333,194.0,89,1481,117,49107
HHS Region,hhs8,2014,2,2.56638,2.66115,310,488.0,681.0,488,193.0,96,1575,120,59185
HHS Region,hhs8,2014,3,2.25814,2.37225,296,403.0,569.0,439,166.0,85,1389,120,58552
HHS Region,hhs8,2014,4,2.09262,2.22662,294,353.0,469.0,421,116.0,65,1249,120,56094
HHS Region,hhs8,2014,5,1.78441,1.93347,255,279.0,391.0,387,112.0,47,1080,119,55858
HHS Region,hhs8,2014,6,1.76779,1.8639,258,247.0,359.0,391,112.0,26,1034,120,55475
HHS Region,hhs8,2014,7,1.50211,1.65271,225,226.0,307.0,347,81.0,43,922,118,55787
HHS Region,hhs8,2014,8,1.50934,1.63533,260,198.0,289.0,342,91.0,37,928,120,56747
HHS Region,hhs8,2014,9,1.2317,1.36813,226,167.0,220.0,333,53.0,34,813,119,59424
HHS Region,hhs8,2014,10,1.37325,1.43353,206,165.0,220.0,307,55.0,27,760,105,53016
HHS Region,hhs8,2014,11,1.12482,1.23264,203,124.0,171.0,295,47.0,41,710,119,57600
HHS Region,hhs8,2014,12,0.995314,1.12442,196,133.0,165.0,268,32.0,16,645,117,57363
HHS Region,hhs8,2014,13,0.906605,1.01688,160,129.0,175.0,218,46.0,18,571,116,56152
HHS Region,hhs8,2014,14,0.937978,1.07236,138,128.0,164.0,254,36.0,19,575,114,53620
HHS Region,hhs8,2014,15,0.903504,1.00132,128,115.0,167.0,223,52.0,27,545,108,54428
HHS Region,hhs8,2014,16,0.795865,0.879096,99,106.0,140.0,209,34.0,14,462,111,52554
HHS Region,hhs8,2014,17,1.04149,1.04438,104,125.0,167.0,224,42.0,19,514,100,49216
HHS Region,hhs8,2014,18,0.792352,0.884706,129,106.0,132.0,193,26.0,17,471,110,53238
HHS Region,hhs8,2014,19,0.629662,1.18838,100,82.0,97.0,186,15.0,15,398,104,33491
HHS Region,hhs8,2014,20,0.656589,1.11401,107,76.0,92.0,174,16.0,15,388,105,34829
HHS Region,hhs8,2014,21,0.620827,1.14727,114,76.0,105.0,152,29.0,15,386,104,33645
HHS Region,hhs8,2014,22,0.553812,1.0792,109,70.0,83.0,115,13.0,15,322,98,29837
HHS Region,hhs8,2014,23,0.313055,0.269644,18,6.0,10.0,19,4.0,3,50,70,18543
HHS Region,hhs8,2014,24,0.578178,0.82613,80,57.0,68.0,104,11.0,7,259,98,31351
HHS Region,hhs8,2014,25,0.41578,0.345817,18,8.0,11.0,14,3.0,4,47,56,13591
HHS Region,hhs8,2014,26,0.601304,0.735812,73,50.0,64.0,82,14.0,11,230,95,31258
HHS Region,hhs8,2014,27,0.653074,0.777698,52,63.0,72.0,81,9.0,2,207,95,26617
HHS Region,hhs8,2014,28,0.398048,0.612701,34,47.0,57.0,95,10.0,3,189,95,30847
HHS Region,hhs8,2014,29,0.413482,0.535452,44,31.0,34.0,69,3.0,6,153,94,28574
HHS Region,hhs8,2014,30,0.468005,0.78165,56,60.0,75.0,93,15.0,5,229,93,29297
HHS Region,hhs8,2014,31,0.423257,0.577555,31,45.0,53.0,84,8.0,6,174,93,30127
HHS Region,hhs8,2014,32,0.443939,0.612153,38,48.0,59.0,88,11.0,5,190,94,31038
HHS Region,hhs8,2014,33,0.580092,0.713694,65,46.0,57.0,93,11.0,9,224,93,31386
HHS Region,hhs8,2014,34,0.539453,0.697644,45,52.0,62.0,104,10.0,4,215,91,30818
HHS Region,hhs8,2014,35,0.620358,0.750741,47,52.0,61.0,123,9.0,2,233,89,31036
HHS Region,hhs8,2014,36,0.488969,0.422439,20,10.0,14.0,33,4.0,1,68,62,16097
HHS Region,hhs8,2014,37,0.73186,1.08184,67,76.0,96.0,172,20.0,10,345,91,31890
HHS Region,hhs8,2014,38,0.614969,0.930008,63,61.0,77.0,138,16.0,11,289,91,31075
HHS Region,hhs8,2014,39,0.580802,0.91572,51,64.0,86.0,134,22.0,4,275,90,30031
HHS Region,hhs8,2014,40,0.635856,0.813397,76,49.0,68.0,154,19.0,8,306,119,37620
HHS Region,hhs8,2014,41,0.654219,0.866615,57,87.0,110.0,148,23.0,12,327,115,37733
HHS Region,hhs8,2014,42,0.696669,0.899389,65,85.0,104.0,180,19.0,10,359,115,39916
HHS Region,hhs8,2014,43,0.77018,1.06212,80,91.0,114.0,173,23.0,10,377,112,35495
HHS Region,hhs8,2014,44,0.766405,0.988313,82,94.0,119.0,153,25.0,13,367,115,37134
HHS Region,hhs8,2014,45,0.796432,1.05155,82,81.0,102.0,180,21.0,6,370,112,35186
HHS Region,hhs8,2014,46,0.788175,1.1976,94,97.0,118.0,216,21.0,14,442,115,36907
HHS Region,hhs8,2014,47,0.746717,1.24731,98,84.0,110.0,239,26.0,16,463,114,37120
HHS Region,hhs8,2014,48,0.988785,1.66688,122,104.0,133.0,250,29.0,20,525,117,31496
HHS Region,hhs8,2014,49,1.3198,1.73401,165,145.0,197.0,286,52.0,18,666,117,38408
HHS Region,hhs8,2014,50,1.83396,2.32996,193,201.0,261.0,427,60.0,34,915,117,39271
HHS Region,hhs8,2014,51,2.41592,2.96143,230,236.0,317.0,529,81.0,51,1127,113,38056
HHS Region,hhs8,2014,52,3.78394,4.45417,281,331.0,446.0,563,115.0,105,1395,116,31319
HHS Region,hhs8,2014,53,4.39019,4.51964,397,407.0,555.0,464,148.0,128,1544,115,34162
HHS Region,hhs8,2015,1,3.40459,3.45328,349,336.0,489.0,502,153.0,113,1453,119,42076
HHS Region,hhs8,2015,2,3.34664,3.57125,328,340.0,453.0,594,113.0,80,1455,122,40742
HHS Region,hhs8,2015,3,3.18808,3.5052,368,288.0,408.0,531,120.0,69,1376,116,39256
HHS Region,hhs8,2015,4,3.0139,3.11153,385,218.0,335.0,501,117.0,64,1285,116,41298
HHS Region,hhs8,2015,5,2.78426,2.92228,367,225.0,301.0,498,76.0,44,1210,117,41406
HHS Region,hhs8,2015,6,2.07342,2.40853,348,177.0,243.0,366,66.0,39,996,115,41353
HHS Region,hhs8,2015,7,1.98697,2.19352,317,174.0,233.0,328,59.0,29,907,117,41349
HHS Region,hhs8,2015,8,1.52456,1.84385,266,152.0,207.0,306,55.0,32,811,119,43984
HHS Region,hhs8,2015,9,1.51156,1.92025,248,165.0,212.0,310,47.0,26,796,117,41453
HHS Region,hhs8,2015,10,1.45321,1.66078,191,134.0,188.0,275,54.0,18,672,111,40463
HHS Region,hhs8,2015,11,1.51712,1.66002,186,133.0,176.0,283,43.0,29,674,110,40602
HHS Region,hhs8,2015,12,1.15826,1.47985,149,133.0,177.0,250,44.0,28,604,109,40815
HHS Region,hhs8,2015,13,1.23205,1.56734,162,132.0,182.0,223,50.0,20,587,109,37452
HHS Region,hhs8,2015,14,0.978757,1.37806,134,116.0,152.0,189,36.0,18,493,108,35775
HHS Region,hhs8,2015,15,1.00095,1.18968,108,85.0,118.0,193,33.0,28,447,109,37573
HHS Region,hhs8,2015,16,0.942319,1.39856,121,119.0,169.0,211,50.0,25,526,108,37610
HHS Region,hhs8,2015,17,0.841189,1.1661,136,119.0,148.0,195,29.0,13,492,107,42192
HHS Region,hhs8,2015,18,0.872971,1.19617,107,97.0,125.0,165,28.0,13,410,105,34276
HHS Region,hhs8,2015,19,0.678153,0.909508,71,49.0,77.0,153,28.0,16,317,108,34854
HHS Region,hhs8,2015,20,0.555634,0.903685,73,70.0,92.0,132,22.0,10,307,101,33972
HHS Region,hhs8,2015,21,0.601928,1.04232,89,64.0,89.0,133,25.0,23,334,102,32044
HHS Region,hhs8,2015,22,0.538466,0.875831,78,65.0,86.0,108,21.0,10,282,98,32198
HHS Region,hhs8,2015,23,0.455005,0.719776,67,38.0,51.0,93,13.0,10,221,95,30704
HHS Region,hhs8,2015,24,0.417339,0.646371,34,57.0,71.0,86,14.0,9,200,94,30942
HHS Region,hhs8,2015,25,0.514233,0.77497,64,43.0,64.0,100,21.0,14,242,94,31227
HHS Region,hhs8,2015,26,0.394859,0.63176,42,56.0,65.0,69,9.0,8,184,95,29125
HHS Region,hhs8,2015,27,0.375766,0.540996,41,35.0,46.0,76,11.0,4,167,91,30869
HHS Region,hhs8,2015,28,0.344472,0.514701,32,39.0,49.0,74,10.0,5,160,92,31086
HHS Region,hhs8,2015,29,0.517255,0.727467,52,47.0,61.0,93,14.0,12,218,92,29967
HHS Region,hhs8,2015,30,0.469566,0.585759,42,52.0,60.0,84,8.0,6,192,88,32778
HHS Region,hhs8,2015,31,0.486867,0.656586,32,52.0,66.0,94,14.0,6,198,90,30156
HHS Region,hhs8,2015,32,0.40949,0.609589,43,42.0,54.0,73,12.0,8,178,87,29200
HHS Region,hhs8,2015,33,0.388013,0.462325,29,27.0,39.0,61,12.0,12,141,85,30498
HHS Region,hhs8,2015,34,0.563506,0.647044,34,49.0,64.0,100,15.0,6,204,87,31528
HHS Region,hhs8,2015,35,0.480913,0.656336,32,46.0,57.0,108,11.0,8,205,87,31234
HHS Region,hhs8,2015,36,0.457087,0.640483,42,48.0,61.0,80,13.0,6,189,87,29509
HHS Region,hhs8,2015,37,0.468133,0.566169,19,47.0,58.0,80,11.0,6,163,72,28790
HHS Region,hhs8,2015,38,0.622192,0.865917,45,61.0,79.0,124,18.0,10,258,70,29795
HHS Region,hhs8,2015,39,0.497322,0.779347,39,52.0,69.0,109,17.0,7,224,73,28742
HHS Region,hhs8,2015,40,0.655949,0.842218,81,71.0,97.0,156,26.0,12,346,121,41082
HHS Region,hhs8,2015,41,0.672674,0.820126,76,68.0,105.0,138,37.0,22,341,125,41579
HHS Region,hhs8,2015,42,0.688796,0.880592,87,91.0,110.0,138,19.0,15,350,122,39746
HHS Region,hhs8,2015,43,0.612608,0.84857,83,84.0,106.0,143,22.0,17,349,123,41128
HHS Region,hhs8,2015,44,0.721433,1.12098,99,114.0,141.0,196,27.0,21,457,121,40768
HHS Region,hhs8,2015,45,0.744407,1.11605,124,93.0,128.0,190,35.0,15,457,120,40948
HHS Region,hhs8,2015,46,0.776688,1.05763,122,107.0,132.0,171,25.0,9,434,119,41035
HHS Region,hhs8,2015,47,0.997922,1.50242,149,86.0,125.0,197,39.0,19,490,120,32614
HHS Region,hhs8,2015,48,0.725679,1.01152,114,82.0,121.0,171,39.0,19,425,121,42016
HHS Region,hhs8,2015,49,0.891982,1.1021,134,89.0,121.0,186,32.0,24,465,121,42192
HHS Region,hhs8,2015,50,0.895779,1.31136,166,83.0,114.0,208,31.0,26,514,119,39196
HHS Region,hhs8,2015,51,1.15229,1.58047,142,123.0,164.0,170,41.0,27,503,119,31826
HHS Region,hhs8,2015,52,1.49666,1.77308,181,148.0,203.0,176,55.0,39,599,119,33783
HHS Region,hhs8,2016,1,1.11457,1.30388,146,112.0,158.0,200,46.0,26,530,118,40648
HHS Region,hhs8,2016,2,1.1948,1.56855,187,145.0,195.0,227,50.0,31,640,118,40802
HHS Region,hhs8,2016,3,1.223,1.65321,199,135.0,176.0,244,41.0,26,645,121,39015
HHS Region,hhs8,2016,4,1.27726,1.81098,214,171.0,218.0,310,47.0,22,764,118,42187
HHS Region,hhs8,2016,5,1.56575,2.09199,237,167.0,232.0,340,65.0,42,851,119,40679
HHS Region,hhs8,2016,6,1.82146,2.51104,312,227.0,310.0,419,83.0,39,1080,117,43010
HHS Region,hhs8,2016,7,2.15404,2.9459,304,303.0,403.0,459,100.0,63,1229,119,41719
HHS Region,hhs8,2016,8,2.17828,2.98559,367,348.0,464.0,504,116.0,41,1376,118,46088
HHS Region,hhs8,2016,9,2.03079,2.56915,275,277.0,363.0,450,86.0,47,1135,114,44178
HHS Region,hhs8,2016,10,2.14672,2.75184,260,339.0,463.0,447,124.0,56,1226,116,44552
HHS Region,hhs8,2016,11,2.16058,2.67517,248,329.0,457.0,424,128.0,58,1187,119,44371
HHS Region,hhs8,2016,12,1.85893,2.11283,164,186.0,247.0,297,61.0,41,749,110,35450
HHS Region,hhs8,2016,13,1.75981,2.17524,186,247.0,349.0,332,102.0,62,929,116,42708
HHS Region,hhs8,2016,14,1.64976,2.01403,142,231.0,329.0,294,98.0,56,821,111,40764
HHS Region,hhs8,2016,15,1.29508,1.5042,121,138.0,214.0,237,76.0,40,612,110,40686
HHS Region,hhs8,2016,16,1.14872,1.18927,95,114.0,149.0,175,35.0,27,446,109,37502
HHS Region,hhs8,2016,17,0.983857,1.15645,75,115.0,155.0,208,40.0,24,462,111,39950
HHS Region,hhs8,2016,18,0.967427,1.20176,100,133.0,167.0,180,34.0,21,468,106,38943
HHS Region,hhs8,2016,19,0.818413,1.00559,82,121.0,159.0,154,38.0,15,410,107,40772
HHS Region,hhs8,2016,20,0.73938,0.965314,91,66.0,90.0,136,24.0,10,327,98,33875
HHS Region,hhs8,2016,21,0.73781,1.0595,59,79.0,110.0,141,31.0,13,323,84,30486
HHS Region,hhs8,2016,22,0.724162,1.22647,77,82.0,95.0,126,13.0,20,318,88,25928
HHS Region,hhs8,2016,23,0.568101,0.692886,85,55.0,80.0,69,25.0,13,247,95,35648
HHS Region,hhs8,2016,24,0.540166,0.717589,56,69.0,86.0,105,17.0,9,256,92,35675
HHS Region,hhs8,2016,25,0.464534,0.662876,58,51.0,69.0,69,18.0,1,197,86,29719
HHS Region,hhs8,2016,26,0.477685,0.676116,55,45.0,62.0,99,17.0,12,228,89,33722
HHS Region,hhs8,2016,27,0.451657,0.706769,55,60.0,77.0,82,17.0,11,225,90,31835
HHS Region,hhs8,2016,28,0.417195,0.686433,56,72.0,87.0,110,15.0,10,263,94,38314
HHS Region,hhs8,2016,29,0.43248,0.615684,52,56.0,65.0,85,9.0,7,209,89,33946
HHS Region,hhs8,2016,30,0.35978,0.635222,60,57.0,74.0,81,17.0,6,221,89,34791
HHS Region,hhs8,2016,31,0.331639,0.463017,30,51.0,61.0,60,10.0,9,160,91,34556
HHS Region,hhs8,2016,32,0.389203,0.603995,40,67.0,80.0,91,13.0,7,218,91,36093
HHS Region,hhs8,2016,33,0.379123,0.624591,32,66.0,83.0,89,17.0,6,210,88,33622
HHS Region,hhs8,2016,34,0.564038,0.656658,44,55.0,71.0,107,16.0,5,227,91,34569
HHS Region,hhs8,2016,35,0.831985,0.757052,45,48.0,64.0,159,16.0,6,274,90,36193
HHS Region,hhs8,2016,36,0.637444,0.778687,50,49.0,69.0,129,20.0,6,254,88,32619
HHS Region,hhs8,2016,37,0.842631,0.8481,71,74.0,86.0,128,12.0,17,302,83,35609
HHS Region,hhs8,2016,38,0.784745,0.826925,72,53.0,69.0,141,16.0,18,300,89,36279
HHS Region,hhs8,2016,39,0.53557,0.60728,49,38.0,47.0,66,9.0,4,166,88,27335
HHS Region,hhs8,2016,40,0.774099,0.878377,70,98.0,113.0,159,15.0,16,358,112,40757
HHS Region,hhs8,2016,41,0.911285,0.811834,74,78.0,104.0,159,26.0,17,354,118,43605
HHS Region,hhs8,2016,42,0.932084,0.872622,101,76.0,106.0,137,30.0,11,355,116,40682
HHS Region,hhs8,2016,43,0.831681,0.813271,107,77.0,95.0,157,18.0,18,377,122,46356
HHS Region,hhs8,2016,44,0.506499,0.697171,78,71.0,90.0,132,19.0,9,309,122,44322
HHS Region,hhs8,2016,45,0.746585,0.918751,101,92.0,115.0,173,23.0,26,415,122,45170
HHS Region,hhs8,2016,46,0.903373,0.932093,104,95.0,116.0,189,21.0,15,424,121,45489
HHS Region,hhs8,2016,47,0.7899,1.01375,115,77.0,92.0,157,15.0,20,384,118,37879
HHS Region,hhs8,2016,48,1.26446,1.12139,124,106.0,135.0,234,29.0,28,521,119,46460
HHS Region,hhs8,2016,49,1.14529,1.14724,135,107.0,145.0,203,38.0,29,512,120,44629
HHS Region,hhs8,2016,50,1.29771,1.41439,152,96.0,136.0,227,40.0,18,533,118,37684
HHS Region,hhs8,2016,51,2.0834,2.15634,179,111.0,158.0,317,47.0,29,683,107,31674
HHS Region,hhs8,2016,52,1.45497,2.40127,169,144.0,196.0,199,52.0,41,605,103,25195
HHS Region,hhs8,2017,1,2.25932,2.32095,194,159.0,228.0,228,69.0,61,711,113,30634
HHS Region,hhs8,2017,2,1.90851,2.24742,229,153.0,219.0,285,66.0,48,781,115,34751
HHS Region,hhs8,2017,3,2.2668,2.40874,200,129.0,201.0,328,72.0,45,774,110,32133
HHS Region,hhs8,2017,4,2.07104,2.39309,233,151.0,221.0,395,70.0,57,906,108,37859
HHS Region,hhs8,2017,5,2.27632,2.56296,282,163.0,264.0,494,101.0,55,1095,112,42724
HHS Region,hhs8,2017,6,2.29134,2.79243,290,186.0,295.0,555,109.0,62,1202,114,43045
HHS Region,hhs8,2017,7,2.72703,2.39633,234,148.0,209.0,444,61.0,52,939,112,39185
HHS Region,hhs8,2017,8,1.62675,2.05675,219,145.0,223.0,295,78.0,64,801,111,38945
HHS Region,hhs8,2017,9,1.458,1.40827,138,79.0,132.0,234,53.0,41,545,110,38700
HHS Region,hhs8,2017,10,1.441,1.4555,158,100.0,157.0,213,57.0,31,559,108,38406
HHS Region,hhs8,2017,11,1.13172,1.27263,132,65.0,118.0,193,53.0,33,476,105,37403
HHS Region,hhs8,2017,12,1.34752,1.18558,119,68.0,97.0,194,29.0,31,441,109,37197
HHS Region,hhs8,2017,13,1.13431,1.06118,105,73.0,100.0,157,27.0,39,401,107,37788
HHS Region,hhs8,2017,14,1.11224,0.956435,86,48.0,74.0,148,26.0,29,337,104,35235
HHS Region,hhs8,2017,15,0.834582,0.843247,83,58.0,82.0,117,24.0,15,297,100,35221
HHS Region,hhs8,2017,16,0.855133,0.746269,65,58.0,85.0,111,27.0,13,274,100,36716
HHS Region,hhs8,2017,17,0.975584,0.862368,73,47.0,62.0,117,15.0,46,298,100,34556
HHS Region,hhs8,2017,18,1.02515,0.82706,50,39.0,59.0,128,20.0,19,256,100,30953
HHS Region,hhs8,2017,19,0.576129,0.616859,59,33.0,49.0,92,16.0,15,215,100,34854
HHS Region,hhs8,2017,20,0.758802,0.565395,33,31.0,45.0,62,14.0,11,151,97,26707
HHS Region,hhs8,2017,21,0.907504,0.691373,36,29.0,44.0,73,15.0,8,161,85,23287
HHS Region,hhs8,2017,22,0.593665,0.496968,26,19.0,33.0,37,14.0,4,100,88,20122
HHS Region,hhs8,2017,23,0.390797,0.392875,30,26.0,39.0,45,13.0,4,118,80,30035
HHS Region,hhs8,2017,24,0.202737,0.337688,22,14.0,21.0,39,7.0,2,84,79,24875
HHS Region,hhs8,2017,25,0.490319,0.385654,27,19.0,29.0,50,10.0,4,110,80,28523
HHS Region,hhs8,2017,26,0.328928,0.299593,23,14.0,20.0,41,6.0,5,89,81,29707
HHS Region,hhs8,2017,27,0.321013,0.32618,18,9.0,15.0,38,6.0,5,76,77,23300
HHS Region,hhs8,2017,28,0.339631,0.355406,29,18.0,25.0,33,7.0,8,95,72,26730
HHS Region,hhs8,2017,29,0.22517,0.284537,18,9.0,12.0,45,3.0,3,78,77,27413
HHS Region,hhs8,2017,30,0.191863,0.272688,22,11.0,16.0,35,5.0,2,75,77,27504
HHS Region,hhs8,2017,31,0.33984,0.299064,28,12.0,17.0,37,5.0,3,85,77,28422
HHS Region,hhs8,2017,32,0.359646,0.301723,25,12.0,20.0,38,8.0,3,86,73,28503
HHS Region,hhs8,2017,33,0.326402,0.310198,27,10.0,17.0,41,7.0,3,88,73,28369
HHS Region,hhs8,2017,34,0.419146,0.35655,25,16.0,25.0,48,9.0,3,101,75,28327
HHS Region,hhs8,2017,35,0.714684,0.496722,37,20.0,27.0,75,7.0,8,147,76,29594
HHS Region,hhs8,2017,36,0.800955,0.523935,31,28.0,40.0,63,12.0,5,139,76,26530
HHS Region,hhs8,2017,37,0.331921,0.370492,67,36.0,58.0,107,22.0,16,248,115,66938
HHS Region,hhs8,2017,38,0.427048,0.312246,39,27.0,46.0,82,19.0,10,177,121,56686
HHS Region,hhs8,2017,39,0.518725,0.392526,55,70.0,111.0,105,41.0,29,300,117,76428
HHS Region,hhs8,2017,40,0.473124,0.520749,95,69.0,108.0,132,39.0,18,353,156,67787
HHS Region,hhs8,2017,41,0.559737,0.635018,116,78.0,109.0,155,31.0,36,416,148,65510
HHS Region,hhs8,2017,42,0.56036,0.640767,126,77.0,114.0,159,37.0,29,428,147,66795
HHS Region,hhs8,2017,43,0.697744,0.922142,138,92.0,155.0,177,63.0,40,510,151,55306
HHS Region,hhs8,2017,44,0.696275,0.770991,154,97.0,143.0,200,46.0,32,529,151,68613
HHS Region,hhs8,2017,45,0.772473,0.842063,159,106.0,165.0,220,59.0,38,582,146,69116
HHS Region,hhs8,2017,46,0.842594,1.02627,196,132.0,189.0,247,57.0,50,682,149,66454
HHS Region,hhs8,2017,47,0.935706,0.985543,166,105.0,162.0,160,57.0,41,529,151,53676
HHS Region,hhs8,2017,48,0.949127,1.04322,160,143.0,213.0,268,70.0,65,706,148,67675
HHS Region,hhs8,2017,49,1.13022,1.10996,209,138.0,224.0,281,86.0,58,772,146,69552
HHS Region,hhs8,2017,50,1.32612,1.38448,210,177.0,236.0,325,59.0,66,837,147,60456
HHS Region,hhs8,2017,51,1.93549,2.0561,247,247.0,377.0,415,130.0,114,1153,146,56077
HHS Region,hhs8,2017,52,2.42647,2.75077,275,279.0,455.0,330,176.0,117,1177,150,42788
HHS Region,hhs9,2002,1,4.49193922456416,3.6632801161103,261,,166.0,158,,46,631,77,17225
HHS Region,hhs9,2002,2,3.97675714652826,3.1864406779661,249,,160.0,199,,50,658,84,20650
HHS Region,hhs9,2002,3,4.26315890748079,3.10795011691348,243,,164.0,187,,44,638,81,20528
HHS Region,hhs9,2002,4,4.92625883532062,4.39600584510472,304,,159.0,226,,33,722,73,16424
HHS Region,hhs9,2002,5,5.18232739389533,4.23508209851822,340,,197.0,265,,44,846,83,19976
HHS Region,hhs9,2002,6,4.76410721353321,4.66217259301189,335,,195.0,335,,41,906,74,19433
HHS Region,hhs9,2002,7,6.2080905534844,4.74066580835019,384,,231.0,363,,53,1031,74,21748
HHS Region,hhs9,2002,8,6.56053345766435,5.60344827586207,395,,235.0,449,,65,1144,72,20416
HHS Region,hhs9,2002,9,5.94761361965376,4.32461035212623,336,,208.0,301,,54,899,68,20788
HHS Region,hhs9,2002,10,6.04575851825526,3.94656380826944,343,,180.0,267,,49,839,73,21259
HHS Region,hhs9,2002,11,5.90945858684475,3.43803719331145,229,,171.0,218,,42,660,66,19197
HHS Region,hhs9,2002,12,4.83496217768991,2.94163913795816,191,,133.0,198,,39,561,64,19071
HHS Region,hhs9,2002,13,5.7036653699626,3.42698191933241,205,,133.0,236,,42,616,62,17975
HHS Region,hhs9,2002,14,4.54188448951115,2.30524642289348,100,,86.0,108,,25,319,54,13838
HHS Region,hhs9,2002,15,2.95857292788189,1.88781431334623,89,,52.0,77,,26,244,51,12925
HHS Region,hhs9,2002,16,2.89164675442245,1.95754522177253,89,,60.0,72,,16,237,51,12107
HHS Region,hhs9,2002,17,1.9124589774266,1.73661360347323,74,,42.0,97,,15,228,50,13129
HHS Region,hhs9,2002,18,3.9381013381556,2.04063123526211,99,,41.0,69,,16,225,42,11026
HHS Region,hhs9,2002,19,2.80208223908332,1.93261155519579,62,,31.0,80,,18,191,39,9883
HHS Region,hhs9,2002,20,1.85680516424965,1.83153504397498,72,,44.0,73,,13,202,40,11029
HHS Region,hhs9,2002,40,1.77750319663803,1.99249205890846,167,,68.0,82,,28,345,54,17315
HHS Region,hhs9,2002,41,1.79872081064982,2.04421326397919,172,,81.0,128,,12,393,57,19225
HHS Region,hhs9,2002,42,1.43915046822566,1.60021996150674,124,,67.0,90,,10,291,63,18185
HHS Region,hhs9,2002,43,2.51770571622807,2.14734381847397,157,,105.0,140,,39,441,66,20537
HHS Region,hhs9,2002,44,2.09510749887867,2.04930869390129,173,,88.0,161,,36,458,71,22349
HHS Region,hhs9,2002,45,1.79395390622432,2.23485902891001,206,,142.0,183,,31,562,75,25147
HHS Region,hhs9,2002,46,1.824687604344,2.38351402797319,208,,158.0,165,,45,576,74,24166
HHS Region,hhs9,2002,47,1.77429823617052,2.1634419136256,196,,122.0,161,,51,530,72,24498
HHS Region,hhs9,2002,48,1.80693348052904,2.60380391106349,203,,103.0,145,,35,486,64,18665
HHS Region,hhs9,2002,49,1.4036997581128,2.20321726735899,217,,117.0,156,,51,541,69,24555
HHS Region,hhs9,2002,50,1.56130273229721,1.84528374233129,160,,79.0,124,,22,385,67,20864
HHS Region,hhs9,2002,51,1.99717214921118,2.27120218861302,174,,91.0,142,,33,440,67,19373
HHS Region,hhs9,2002,52,4.49261788859863,3.38164251207729,186,,92.0,133,,30,441,64,13041
HHS Region,hhs9,2003,1,3.22524984057083,2.81526441531607,182,,99.0,124,,31,436,58,15487
HHS Region,hhs9,2003,2,2.8348144077346,3.24865210636937,300,,153.0,210,,48,711,67,21886
HHS Region,hhs9,2003,3,2.90264301903183,3.1461388296182,265,,173.0,211,,44,693,65,22027
HHS Region,hhs9,2003,4,2.86809513806133,2.69677301398665,219,,90.0,250,,31,590,68,21878
HHS Region,hhs9,2003,5,3.12882973449792,3.22649006622517,229,,109.0,235,,36,609,60,18875
HHS Region,hhs9,2003,6,4.04154543760705,3.89021676419682,338,,178.0,360,,68,944,68,24266
HHS Region,hhs9,2003,7,3.44931519431601,4.13419179939004,342,,175.0,414,,45,976,63,23608
HHS Region,hhs9,2003,8,4.51978399863359,4.91527616091062,432,,187.0,464,,57,1140,63,23193
HHS Region,hhs9,2003,9,4.18916086181793,4.61525656498398,381,,215.0,440,,73,1109,63,24029
HHS Region,hhs9,2003,10,4.38693638635313,3.83156297420334,280,,144.0,345,,39,808,59,21088
HHS Region,hhs9,2003,11,3.83977509899161,3.81256751890529,298,,167.0,323,,59,847,59,22216
HHS Region,hhs9,2003,12,4.5122728762179,3.41457302174049,198,,123.0,195,,29,545,51,15961
HHS Region,hhs9,2003,13,2.84845217558901,2.44721957775662,167,,97.0,152,,21,437,52,17857
HHS Region,hhs9,2003,14,2.5126074758254,2.00936518285816,114,,82.0,122,,21,339,49,16871
HHS Region,hhs9,2003,15,2.05737748522188,2.48539411933723,181,,122.0,183,,33,519,55,20882
HHS Region,hhs9,2003,16,1.22554726749596,2.00145560407569,99,,52.0,106,,18,275,45,13740
HHS Region,hhs9,2003,17,1.54779783554636,1.69589377210074,102,,40.0,83,,10,235,39,13857
HHS Region,hhs9,2003,18,0.950753188599545,1.3883217639853,87,,33.0,73,,11,204,44,14694
HHS Region,hhs9,2003,19,0.797160676526661,1.32797086052512,71,,33.0,65,,6,175,36,13178
HHS Region,hhs9,2003,20,0.901107549833275,1.35972201238858,81,,29.0,60,,10,180,36,13238
HHS Region,hhs9,2003,21,0.61625161882415,1.35717707169088,82,,27.0,56,,5,170,32,12526
HHS Region,hhs9,2003,22,0.599520159011461,1.30595249361219,65,,19.0,47,,7,138,32,10567
HHS Region,hhs9,2003,23,1.40798125232821,1.42931123770067,71,,19.0,45,,3,138,28,9655
HHS Region,hhs9,2003,24,0.44438777364382,1.22324159021407,56,,19.0,31,,6,112,27,9156
HHS Region,hhs9,2003,25,0.802235341030305,0.870924519874944,39,,10.0,26,,3,78,23,8956
HHS Region,hhs9,2003,26,0.230792313094929,1.26763668430335,55,,20.0,36,,4,115,23,9072
HHS Region,hhs9,2003,27,0.573909973209804,1.15464452516866,43,,18.0,22,,6,89,21,7708
HHS Region,hhs9,2003,28,0.276862610682186,1.13866127487496,52,,15.0,34,,6,107,25,9397
HHS Region,hhs9,2003,29,0.701089236949356,0.862284428892777,28,,17.0,21,,3,69,22,8002
HHS Region,hhs9,2003,30,0.240572576484473,0.821127385707945,35,,9.0,25,,5,74,23,9012
HHS Region,hhs9,2003,31,0.312733944028815,0.92072222886524,36,,8.0,28,,5,77,24,8363
HHS Region,hhs9,2003,32,0.592003637645022,1.0848997098524,47,,8.0,25,,6,86,22,7927
HHS Region,hhs9,2003,33,0.716113416159791,1.16435837725211,39,,19.0,33,,4,95,22,8159
HHS Region,hhs9,2003,34,0.866732276613903,1.77021276595745,49,,16.0,37,,2,104,20,5875
HHS Region,hhs9,2003,35,0.589032352118806,1.5825759949859,53,,10.0,33,,5,101,19,6382
HHS Region,hhs9,2003,36,1.7871133930669,2.53943824547903,71,,14.0,44,,3,132,17,5198
HHS Region,hhs9,2003,37,1.13430212968012,1.97463768115942,52,,17.0,38,,2,109,18,5520
HHS Region,hhs9,2003,38,1.30242521635174,2.09548104956268,51,,17.0,45,,2,115,18,5488
HHS Region,hhs9,2003,39,1.42197784972804,1.95868945868946,51,,12.0,45,,2,110,19,5616
HHS Region,hhs9,2003,40,0.508991860563982,1.1600976485071,257,,97.0,173,,29,556,83,47927
HHS Region,hhs9,2003,41,0.649097069308362,1.01764059803196,181,,93.0,146,,34,454,81,44613
HHS Region,hhs9,2003,42,1.94314606620659,0.99178891041609,162,,97.0,151,,20,430,88,43356
HHS Region,hhs9,2003,43,1.38551748551717,0.883374884670501,143,,104.0,178,,25,450,92,50941
HHS Region,hhs9,2003,44,0.813028367349811,0.965355299204234,154,,134.0,193,,37,518,95,53659
HHS Region,hhs9,2003,45,1.71093095959135,1.04274515604201,184,,119.0,212,,49,564,97,54088
HHS Region,hhs9,2003,46,1.56302556062566,1.7295395833715,302,,218.0,377,,47,944,105,54581
HHS Region,hhs9,2003,47,3.21096083980768,2.38760794088845,378,,285.0,619,,59,1341,108,56165
HHS Region,hhs9,2003,48,5.89693916139649,4.04694167852063,492,,408.0,717,,90,1707,104,42180
HHS Region,hhs9,2003,49,7.1080092971333,4.22762315870803,713,,744.0,898,,162,2517,112,59537
HHS Region,hhs9,2003,50,9.11035995463356,4.48573441352589,737,,607.0,1026,,177,2547,105,56780
HHS Region,hhs9,2003,51,6.97791232012175,4.4644475321694,619,,621.0,789,,188,2217,104,49659
HHS Region,hhs9,2003,52,8.07792439263205,4.70979031349171,548,,455.0,456,,129,1588,97,33717
HHS Region,hhs9,2003,53,6.28953347931838,3.36796536796537,381,,404.0,269,,113,1167,98,34650
HHS Region,hhs9,2004,1,3.04821084530976,1.40311282389763,163,,235.0,191,,70,659,103,46967
HHS Region,hhs9,2004,2,2.13382409529038,1.40138663519693,235,,184.0,181,,65,665,99,47453
HHS Region,hhs9,2004,3,1.97594067467373,1.54561588749354,261,,176.0,191,,60,688,96,44513
HHS Region,hhs9,2004,4,1.75098625023713,1.22586508833766,216,,128.0,165,,44,553,91,45111
HHS Region,hhs9,2004,5,1.71555425414099,1.44816749479764,258,,159.0,201,,64,682,92,47094
HHS Region,hhs9,2004,6,1.52116819106304,1.17324635908586,252,,96.0,145,,25,518,88,44151
HHS Region,hhs9,2004,7,1.38042580847988,1.41399180764157,296,,118.0,158,,39,611,87,43211
HHS Region,hhs9,2004,8,1.24487375850728,1.03674194245122,178,,102.0,123,,29,432,83,41669
HHS Region,hhs9,2004,9,0.939925339577614,0.985002690624927,183,,100.0,111,,27,421,86,42741
HHS Region,hhs9,2004,10,1.19578500084238,0.9321931831868,166,,86.0,113,,22,387,82,41515
HHS Region,hhs9,2004,11,1.52027923375327,1.08446241258741,162,,105.0,113,,17,397,78,36608
HHS Region,hhs9,2004,12,0.918294907096967,0.877105551679458,134,,81.0,113,,24,352,84,40132
HHS Region,hhs9,2004,13,0.726705507776808,0.896743577155948,118,,60.0,79,,17,274,77,30555
HHS Region,hhs9,2004,14,0.524278274929167,1.34921040527419,115,,60.0,73,,16,264,57,19567
HHS Region,hhs9,2004,15,0.671891626036706,1.26753507014028,113,,47.0,84,,9,253,57,19960
HHS Region,hhs9,2004,16,0.482394654598846,1.09838625715773,95,,54.0,48,,14,211,53,19210
HHS Region,hhs9,2004,17,0.390243160528126,0.955286585975793,102,,29.0,52,,8,191,52,19994
HHS Region,hhs9,2004,18,0.337467870603236,1.14753254772809,107,,32.0,78,,6,223,51,19433
HHS Region,hhs9,2004,19,0.448826447981649,1.54698981565038,117,,42.0,73,,8,240,45,15514
HHS Region,hhs9,2004,20,0.629094938872593,1.65832524090536,113,,23.0,79,,7,222,44,13387
HHS Region,hhs9,2004,21,0.552006826432652,1.0907711277625,51,,18.0,44,,2,115,39,10543
HHS Region,hhs9,2004,22,1.50481937493429,1.61554415456828,65,,29.0,47,,7,148,35,9161
HHS Region,hhs9,2004,23,1.2682186154315,1.12310544106422,47,,21.0,34,,1,103,36,9171
HHS Region,hhs9,2004,24,1.16181372567228,1.34529147982063,61,,29.0,26,,1,117,32,8697
HHS Region,hhs9,2004,25,0.53596698503908,1.01892285298399,32,,21.0,34,,4,91,32,8931
HHS Region,hhs9,2004,26,0.207411617448726,0.730816077953715,32,,27.0,25,,0,84,33,11494
HHS Region,hhs9,2004,27,0.349698034342482,0.825612329144115,43,,14.0,32,,1,90,31,10901
HHS Region,hhs9,2004,28,0.31801663416627,0.744934445768772,36,,11.0,27,,1,75,28,10068
HHS Region,hhs9,2004,29,0.309428551110712,0.719424460431655,41,,14.0,25,,1,81,31,11259
HHS Region,hhs9,2004,30,0.247650498576685,0.710299340436327,31,,18.0,30,,5,84,33,11826
HHS Region,hhs9,2004,31,0.553206441783539,0.66912584713048,28,,17.0,29,,4,78,30,11657
HHS Region,hhs9,2004,32,0.202640960102535,0.673400673400673,33,,14.0,30,,3,80,31,11880
HHS Region,hhs9,2004,33,0.173756645845269,0.574146981627297,33,,7.0,28,,2,70,31,12192
HHS Region,hhs9,2004,34,0.439135251387741,0.864223240316535,31,,17.0,34,,1,83,31,9604
HHS Region,hhs9,2004,35,0.42646283346486,0.945749324464768,44,,12.0,33,,2,91,29,9622
HHS Region,hhs9,2004,36,0.305264212353943,0.455125478519779,34,,34.0,33,,6,107,50,23510
HHS Region,hhs9,2004,37,0.81437640927848,0.538773083639877,71,,17.0,52,,5,145,48,26913
HHS Region,hhs9,2004,38,0.574724296283271,0.510548840003003,50,,28.0,54,,4,136,50,26638
HHS Region,hhs9,2004,39,1.12986446157658,0.5381717536711,58,,31.0,44,,7,140,48,26014
HHS Region,hhs9,2004,40,0.981706593902405,0.788348476750401,119,,86.0,118,,31,354,98,44904
HHS Region,hhs9,2004,41,0.722832192925009,0.835480921107324,174,,88.0,120,,20,402,107,48116
HHS Region,hhs9,2004,42,0.877222398379121,0.659434595892781,88,,88.0,131,,17,324,116,49133
HHS Region,hhs9,2004,43,1.81396588627444,0.847224609039354,136,,125.0,193,,39,493,121,58190
HHS Region,hhs9,2004,44,1.43847257423325,0.983481663607715,208,,141.0,183,,36,568,124,57754
HHS Region,hhs9,2004,45,1.74833394830961,1.12310702123035,239,,153.0,185,,43,620,126,55204
HHS Region,hhs9,2004,46,1.8820121776173,1.2665049851792,292,,200.0,198,,62,752,136,59376
HHS Region,hhs9,2004,47,2.13557351250038,1.4923183332984,253,,174.0,228,,57,712,141,47711
HHS Region,hhs9,2004,48,1.67567475205038,1.0165715081465,198,,134.0,212,,40,584,141,57448
HHS Region,hhs9,2004,49,1.90763485179948,1.12943220691777,200,,166.0,191,,67,624,144,55249
HHS Region,hhs9,2004,50,2.19674435668217,1.26483679525223,246,,187.0,189,,60,682,146,53920
HHS Region,hhs9,2004,51,3.10427260918669,1.9831600279862,393,,172.0,192,,65,822,144,41449
HHS Region,hhs9,2004,52,4.68551928316987,2.45320855614973,486,,281.0,219,,115,1101,141,44880
HHS Region,hhs9,2005,1,3.13389534708879,1.80491356394236,425,,297.0,260,,84,1066,162,59061
HHS Region,hhs9,2005,2,4.01369515400528,2.1393139330091,494,,322.0,412,,96,1324,168,61889
HHS Region,hhs9,2005,3,3.96760415549055,2.25881285866285,533,,277.0,400,,85,1295,164,57331
HHS Region,hhs9,2005,4,4.31630775630608,2.4485783649335,636,,332.0,570,,106,1644,179,67141
HHS Region,hhs9,2005,5,4.68924435374089,2.68564337474913,633,,348.0,656,,116,1753,170,65273
HHS Region,hhs9,2005,6,4.62490480643216,2.85723054259759,611,,485.0,617,,149,1862,171,65168
HHS Region,hhs9,2005,7,4.99675299586555,3.26057381261904,706,,526.0,759,,166,2157,172,66154
HHS Region,hhs9,2005,8,4.30352868237479,2.941080035411,658,,456.0,548,,132,1794,166,60998
HHS Region,hhs9,2005,9,3.1973336304957,2.2600219790721,511,,318.0,512,,78,1419,161,62787
HHS Region,hhs9,2005,10,3.24761170605601,2.40071410674017,508,,394.0,529,,102,1533,159,63856
HHS Region,hhs9,2005,11,2.7269261242368,2.20784792581103,430,,369.0,426,,113,1338,159,60602
HHS Region,hhs9,2005,12,2.7938005947914,2.15672054151126,450,,304.0,375,,120,1249,160,57912
HHS Region,hhs9,2005,13,2.66735780558126,1.87845303867403,391,,248.0,285,,62,986,147,52490
HHS Region,hhs9,2005,14,2.46415456508691,2.15256614908335,340,,169.0,313,,68,890,127,41346
HHS Region,hhs9,2005,15,2.88380898391976,1.76873075607253,369,,247.0,322,,96,1034,144,58460
HHS Region,hhs9,2005,16,1.45674587857904,1.32199699310488,272,,174.0,255,,64,765,142,57867
HHS Region,hhs9,2005,17,2.16869973422038,1.50234741784038,324,,168.0,276,,48,816,132,54315
HHS Region,hhs9,2005,18,2.12537699123822,1.16456700724135,217,,134.0,202,,34,587,115,50405
HHS Region,hhs9,2005,19,2.26311471276469,1.31999838037009,242,,132.0,215,,63,652,112,49394
HHS Region,hhs9,2005,20,2.65536279211429,1.27105507905343,219,,133.0,203,,60,615,109,48385
HHS Region,hhs9,2005,21,2.40329927503873,1.1343079254877,183,,89.0,149,,43,464,94,40906
HHS Region,hhs9,2005,22,2.16707819573944,1.24171017355722,161,,100.0,143,,36,440,91,35435
HHS Region,hhs9,2005,23,2.27339117211072,1.14330598708326,172,,67.0,134,,20,393,84,34374
HHS Region,hhs9,2005,24,2.21426735217828,0.863163239400863,124,,75.0,81,,26,306,84,35451
HHS Region,hhs9,2005,25,1.89370656019349,1.07767706576728,184,,88.0,102,,35,409,87,37952
HHS Region,hhs9,2005,26,1.86272957551197,0.86058015982203,134,,58.0,83,,19,294,81,34163
HHS Region,hhs9,2005,27,1.45188704963023,0.783517121300058,98,,49.0,86,,10,243,82,31014
HHS Region,hhs9,2005,28,1.28397425978376,0.663133989401968,100,,43.0,57,,19,219,76,33025
HHS Region,hhs9,2005,29,1.79220130594342,0.556083482912751,57,,31.0,60,,10,158,70,28413
HHS Region,hhs9,2005,30,1.41450434763407,0.435192572713426,55,,24.0,38,,3,120,67,27574
HHS Region,hhs9,2005,31,1.62093195277995,0.470731151772834,62,,15.0,41,,6,124,68,26342
HHS Region,hhs9,2005,32,0.843295657562464,0.389298118392428,39,,16.0,42,,5,102,65,26201
HHS Region,hhs9,2005,33,1.39990299839048,0.481719811625984,46,,28.0,48,,12,134,66,27817
HHS Region,hhs9,2005,34,1.06648517192181,0.521867950574055,71,,28.0,46,,10,155,67,29701
HHS Region,hhs9,2005,35,1.26284173691953,0.50084057158868,53,,33.0,50,,7,143,65,28552
HHS Region,hhs9,2005,36,1.65603934510962,0.61127644172766,67,,28.0,47,,10,152,62,24866
HHS Region,hhs9,2005,37,1.27232082019255,0.428919341354367,63,,17.0,34,,4,118,61,27511
HHS Region,hhs9,2005,38,1.47235866083067,0.564513283703207,65,,27.0,57,,11,160,64,28343
HHS Region,hhs9,2005,39,1.18766441107004,0.722516919700018,80,,20.0,50,,8,158,64,21868
HHS Region,hhs9,2005,40,1.78286822176932,1.13623680157153,220,,112.0,151,,26,509,122,44797
HHS Region,hhs9,2005,41,1.59194859582537,1.13617021276596,254,,91.0,165,,24,534,131,47000
HHS Region,hhs9,2005,42,1.6478644038184,1.25187288068764,256,,138.0,204,,37,635,141,50724
HHS Region,hhs9,2005,43,1.5197925622718,1.22386720502467,307,,132.0,216,,27,682,160,55725
HHS Region,hhs9,2005,44,2.26970649449193,1.58796770348984,393,,174.0,323,,56,946,173,59573
HHS Region,hhs9,2005,45,1.71353334237591,1.41157075884808,320,,177.0,275,,50,822,178,58233
HHS Region,hhs9,2005,46,2.48289415702199,1.6004742145821,336,,158.0,329,,68,891,174,55671
HHS Region,hhs9,2005,47,3.23995569191904,2.0708235347839,341,,179.0,320,,67,907,181,43799
HHS Region,hhs9,2005,48,2.78473113107843,1.89716465793809,393,,252.0,386,,63,1094,174,57665
HHS Region,hhs9,2005,49,3.69370800051973,2.50513009931872,479,,328.0,618,,101,1526,188,60915
HHS Region,hhs9,2005,50,5.29139308758555,3.4373527835085,568,,481.0,945,,122,2116,184,61559
HHS Region,hhs9,2005,51,7.41653528335402,4.49586658810506,824,,572.0,937,,185,2518,182,56007
HHS Region,hhs9,2005,52,5.54294886207265,3.92578083865125,554,,607.0,505,,198,1864,179,47481
HHS Region,hhs9,2006,1,3.36911361963635,2.77171047676433,453,,454.0,389,,176,1472,175,53108
HHS Region,hhs9,2006,2,2.04414080992003,1.70311072906033,258,,291.0,293,,109,951,177,55839
HHS Region,hhs9,2006,3,1.92172177079545,1.59630452578646,268,,213.0,260,,78,819,173,51306
HHS Region,hhs9,2006,4,2.37932878373556,1.7387704409025,332,,236.0,348,,92,1008,176,57972
HHS Region,hhs9,2006,5,2.20557382578619,1.82679773103618,424,,203.0,333,,77,1037,171,56766
HHS Region,hhs9,2006,6,1.73363645898722,1.43184219795703,279,,159.0,317,,58,813,166,56780
HHS Region,hhs9,2006,7,2.28478808302684,1.69210007266687,371,,203.0,310,,94,978,168,57798
HHS Region,hhs9,2006,8,1.73423820940547,1.74457367212386,354,,197.0,302,,89,942,163,53996
HHS Region,hhs9,2006,9,1.48235241152631,1.54765895630797,333,,175.0,258,,65,831,153,53694
HHS Region,hhs9,2006,10,2.24691265505006,1.78241015804037,373,,210.0,386,,81,1050,162,58909
HHS Region,hhs9,2006,11,2.44026886959422,1.92510690068524,370,,211.0,416,,79,1076,163,55893
HHS Region,hhs9,2006,12,2.81507289351924,2.09773182746156,370,,189.0,470,,91,1120,162,53391
HHS Region,hhs9,2006,13,2.56397941687329,1.96166634070018,326,,196.0,413,,68,1003,156,51130
HHS Region,hhs9,2006,14,2.3347494159303,1.76746650518507,277,,177.0,421,,59,934,155,52844
HHS Region,hhs9,2006,15,1.80794601523935,1.49345650500385,253,,174.0,285,,64,776,148,51960
HHS Region,hhs9,2006,16,1.20457168422678,1.04703509808315,159,,119.0,188,,48,514,143,49091
HHS Region,hhs9,2006,17,1.12028771786766,1.08069935158039,184,,91.0,189,,41,505,136,46729
HHS Region,hhs9,2006,18,1.15062190561085,1.00853057300084,157,,98.0,202,,36,493,135,48883
HHS Region,hhs9,2006,19,0.976429104681549,0.877946954813359,167,,78.0,147,,37,429,130,48864
HHS Region,hhs9,2006,20,0.96078504105572,0.791756807993398,143,,71.0,115,,26,355,126,44837
HHS Region,hhs9,2006,21,0.943900205260604,0.77998717126363,115,,49.0,111,,29,304,99,38975
HHS Region,hhs9,2006,22,0.419285440330904,0.641048597930022,79,,34.0,54,,12,179,88,27923
HHS Region,hhs9,2006,23,0.951546103932101,0.672992390941886,92,,48.0,67,,15,222,86,32987
HHS Region,hhs9,2006,24,0.881633117995778,0.694844797766787,112,,50.0,56,,11,229,85,32957
HHS Region,hhs9,2006,25,0.764562695102815,0.559883154819864,81,,42.0,52,,9,184,85,32864
HHS Region,hhs9,2006,26,1.17716386326592,0.780627688386172,90,,65.0,78,,12,245,83,31385
HHS Region,hhs9,2006,27,1.09269260829413,0.72713782229642,87,,50.0,51,,8,196,84,26955
HHS Region,hhs9,2006,28,1.06300625243347,0.688484100030874,90,,59.0,65,,9,223,82,32390
HHS Region,hhs9,2006,29,0.742706438372029,0.517468799675314,64,,41.0,36,,12,153,77,29567
HHS Region,hhs9,2006,30,0.760282173640489,0.54382277382978,74,,37.0,40,,12,163,78,29973
HHS Region,hhs9,2006,31,0.587024924942039,0.489132433525799,56,,27.0,41,,9,133,75,27191
HHS Region,hhs9,2006,32,0.829582838609636,0.538826177403403,67,,35.0,46,,10,158,76,29323
HHS Region,hhs9,2006,33,0.499900176486076,0.623315363881402,69,,35.0,35,,9,148,75,23744
HHS Region,hhs9,2006,34,0.62388459504043,0.652655775387899,69,,35.0,43,,12,159,55,24362
HHS Region,hhs9,2006,35,0.376315663916432,0.512028608582575,52,,23.0,40,,11,126,56,24608
HHS Region,hhs9,2006,36,0.870138540228413,0.910150645624103,88,,42.0,65,,8,203,62,22304
HHS Region,hhs9,2006,37,1.01549166154422,1.05144422511381,91,,64.0,90,,16,261,60,24823
HHS Region,hhs9,2006,38,1.19298624377479,1.22743682310469,131,,54.0,102,,19,306,58,24930
HHS Region,hhs9,2006,39,1.22648430500208,1.00634185242851,92,,66.0,91,,16,265,64,26333
HHS Region,hhs9,2006,40,1.31949601353864,1.0088386582627,217,,111.0,188,,41,557,199,55212
HHS Region,hhs9,2006,41,1.42021914564689,1.19595387567296,236,,146.0,226,,34,642,200,53681
HHS Region,hhs9,2006,42,1.38601728071448,1.08849331402777,254,,126.0,219,,40,639,205,58705
HHS Region,hhs9,2006,43,1.23839962684801,1.02117647058824,237,,133.0,252,,29,651,207,63750
HHS Region,hhs9,2006,44,1.51518287102458,1.28771924183721,295,,154.0,301,,51,801,219,62203
HHS Region,hhs9,2006,45,1.46803859243512,1.17008958498385,285,,161.0,277,,45,768,214,65636
HHS Region,hhs9,2006,46,1.33279169947736,1.13582146979608,292,,153.0,247,,46,738,215,64975
HHS Region,hhs9,2006,47,1.71622647431836,1.64380530973451,305,,172.0,211,,55,743,217,45200
HHS Region,hhs9,2006,48,1.45311194351144,1.42346420020335,360,,164.0,291,,53,868,218,60978
HHS Region,hhs9,2006,49,1.63783785762908,1.58660202732481,380,,235.0,291,,66,972,221,61263
HHS Region,hhs9,2006,50,1.75046074972443,1.69955350712948,391,,265.0,339,,67,1062,223,62487
HHS Region,hhs9,2006,51,2.61006615069188,2.15843528785957,433,,260.0,287,,75,1055,210,48878
HHS Region,hhs9,2006,52,2.47784748166772,2.42582343906185,413,,218.0,270,,94,995,201,41017
HHS Region,hhs9,2007,1,2.81479068953483,2.25330225330225,446,,258.0,298,,100,1102,210,48906
HHS Region,hhs9,2007,2,2.69837098921434,1.97286633154965,395,,256.0,357,,87,1095,212,55503
HHS Region,hhs9,2007,3,2.7081757503478,2.21445013472279,458,,247.0,435,,101,1241,223,56041
HHS Region,hhs9,2007,4,3.40221485783008,2.61790567545963,610,,296.0,680,,117,1703,220,65052
HHS Region,hhs9,2007,5,3.8940931113604,3.0064783948676,653,,318.0,841,,100,1912,220,63596
HHS Region,hhs9,2007,6,4.23921540349283,3.25040593829738,687,,430.0,1009,,116,2242,225,68976
HHS Region,hhs9,2007,7,3.56721627227548,2.85975713776151,675,,296.0,763,,110,1844,218,64481
HHS Region,hhs9,2007,8,3.08952199077904,2.66862490820743,622,,329.0,668,,89,1708,218,64003
HHS Region,hhs9,2007,9,2.63474323647326,2.22034761571274,473,,272.0,559,,91,1395,220,62828
HHS Region,hhs9,2007,10,2.60694178871366,2.1474997298257,477,,255.0,563,,96,1391,215,64773
HHS Region,hhs9,2007,11,2.12875761752027,1.91195168467896,427,,236.0,452,,88,1203,208,62920
HHS Region,hhs9,2007,12,1.85501142742741,1.65546133315315,363,,215.0,341,,61,980,209,59198
HHS Region,hhs9,2007,13,1.63633413994356,1.44461712348121,325,,195.0,235,,63,818,201,56624
HHS Region,hhs9,2007,14,1.14132953319138,1.20026478991011,264,,161.0,211,,53,689,211,57404
HHS Region,hhs9,2007,15,1.75636773204415,1.35745023265577,240,,152.0,328,,56,776,208,57166
HHS Region,hhs9,2007,16,1.21682109698368,1.15723596504222,232,,120.0,219,,54,625,200,54008
HHS Region,hhs9,2007,17,1.13779753302623,1.01860778143587,216,,116.0,197,,31,560,192,54977
HHS Region,hhs9,2007,18,1.21379909695134,0.988830234871089,183,,102.0,170,,62,517,190,52284
HHS Region,hhs9,2007,19,1.17292548931257,1.00590468156896,183,,84.0,177,,33,477,177,47420
HHS Region,hhs9,2007,20,1.10139828500699,0.808945503696574,145,,77.0,141,,32,395,168,48829
HHS Region,hhs9,2007,21,0.981442413344802,0.792037072063552,116,,68.0,123,,28,335,140,42296
HHS Region,hhs9,2007,22,1.06315117351967,0.766978467597751,102,,62.0,112,,20,296,136,38593
HHS Region,hhs9,2007,23,1.0279419889995,0.731953558808683,118,,64.0,92,,16,290,124,39620
HHS Region,hhs9,2007,24,1.15007024023198,0.812940917107584,122,,72.0,79,,22,295,117,36288
HHS Region,hhs9,2007,25,1.08381237353215,0.714479025710419,143,,45.0,58,,18,264,112,36950
HHS Region,hhs9,2007,26,1.04341902546096,0.693273374554993,108,,53.0,81,,17,259,113,37359
HHS Region,hhs9,2007,27,0.532099837014395,0.595594713656388,62,,39.0,49,,19,169,102,28375
HHS Region,hhs9,2007,28,0.336790863983845,0.522748685530195,74,,39.0,52,,7,172,98,32903
HHS Region,hhs9,2007,29,0.51627186529167,0.479871175523349,74,,29.0,42,,4,149,98,31050
HHS Region,hhs9,2007,30,0.558365688134935,0.514528745204176,84,,30.0,51,,8,173,99,33623
HHS Region,hhs9,2007,31,0.431124840208639,0.531064240668658,81,,46.0,41,,8,176,100,33141
HHS Region,hhs9,2007,32,0.734230900645001,0.549691529487442,79,,48.0,53,,8,188,95,34201
HHS Region,hhs9,2007,33,0.831526570220995,0.498179169701384,77,,32.0,51,,11,171,92,34325
HHS Region,hhs9,2007,34,1.45124577030321,0.725910314951411,108,,48.0,78,,14,248,97,34164
HHS Region,hhs9,2007,35,1.10719319826563,0.848108334496719,88,,68.0,70,,17,243,76,28652
HHS Region,hhs9,2007,36,1.05398562150849,1.05008378328058,108,,72.0,86,,16,282,77,26855
HHS Region,hhs9,2007,37,1.3361502840297,1.00623867981485,91,,71.0,121,,17,300,76,29814
HHS Region,hhs9,2007,38,1.33588986134927,0.971983990851915,116,,65.0,89,,19,289,76,29733
HHS Region,hhs9,2007,39,1.52964746571648,1.13585887429405,152,,68.0,122,,16,358,85,31518
HHS Region,hhs9,2007,40,0.920156945040882,0.881331790260839,222,,101.0,146,,26,495,194,56165
HHS Region,hhs9,2007,41,1.25407719594918,1.23691553075406,306,,140.0,212,,38,696,209,56269
HHS Region,hhs9,2007,42,1.38133307782065,1.19000265181649,325,,145.0,214,,34,718,211,60336
HHS Region,hhs9,2007,43,1.30817631719144,1.26903138236112,363,,130.0,243,,40,776,209,61149
HHS Region,hhs9,2007,44,1.3541001331932,1.11651594789592,298,,123.0,227,,36,684,206,61262
HHS Region,hhs9,2007,45,1.34577931429945,1.21552654033777,341,,133.0,237,,44,755,212,62113
HHS Region,hhs9,2007,46,1.16733995511414,1.08570265318586,296,,100.0,206,,38,640,208,58948
HHS Region,hhs9,2007,47,1.68557302453868,1.54140072076766,340,,134.0,196,,40,710,213,46062
HHS Region,hhs9,2007,48,1.40760991493337,1.3031410777146,335,,151.0,233,,51,770,208,59088
HHS Region,hhs9,2007,49,1.45310352977161,1.25637938927415,294,,146.0,250,,51,741,208,58979
HHS Region,hhs9,2007,50,1.80998369198538,1.69945843438303,381,,206.0,285,,60,932,206,54841
HHS Region,hhs9,2007,51,2.40742582767821,1.95925408691366,419,,212.0,254,,69,954,188,48692
HHS Region,hhs9,2007,52,3.64522754249986,2.96398657604557,508,,214.0,251,,78,1051,191,35459
HHS Region,hhs9,2008,1,3.65263606626861,2.83225910781528,582,,290.0,267,,87,1226,203,43287
HHS Region,hhs9,2008,2,3.07963801361409,2.53244427769914,537,,386.0,450,,112,1485,211,58639
HHS Region,hhs9,2008,3,3.45446352774467,2.68908955347527,567,,342.0,613,,101,1623,211,60355
HHS Region,hhs9,2008,4,4.70054711033924,3.91201599709144,653,,492.0,879,,128,2152,205,55010
HHS Region,hhs9,2008,5,4.64485849225232,3.89996642095333,710,,533.0,1067,,129,2439,208,62539
HHS Region,hhs9,2008,6,5.46213370638535,4.46608408798947,713,,714.0,1191,,198,2816,212,63053
HHS Region,hhs9,2008,7,6.44673371394953,5.22185925111217,783,,896.0,1273,,229,3181,201,60917
HHS Region,hhs9,2008,8,4.6648193481717,4.38651372957942,596,,753.0,1016,,159,2524,201,57540
HHS Region,hhs9,2008,9,3.18944966299315,3.40953580608371,463,,639.0,729,,172,2003,189,58747
HHS Region,hhs9,2008,10,2.81887628181894,2.85548113543836,482,,426.0,518,,96,1522,185,53301
HHS Region,hhs9,2008,11,2.60851940645891,2.61019039255619,430,,411.0,452,,104,1397,186,53521
HHS Region,hhs9,2008,12,1.94515483249877,2.06689214580985,361,,311.0,261,,112,1045,181,50559
HHS Region,hhs9,2008,13,1.55569865734879,1.82630272952854,317,,282.0,227,,94,920,187,50375
HHS Region,hhs9,2008,14,1.30235347941121,1.32876631429753,232,,155.0,227,,61,675,183,50799
HHS Region,hhs9,2008,15,0.807708670203585,1.03175222343579,190,,127.0,174,,38,529,184,51272
HHS Region,hhs9,2008,16,0.956620787665706,1.01534782523473,194,,141.0,130,,53,518,178,51017
HHS Region,hhs9,2008,17,1.09751361188362,1.08395827945867,201,,125.0,133,,44,503,168,46404
HHS Region,hhs9,2008,18,0.847752502211182,1.05799166270909,197,,83.0,91,,30,401,144,37902
HHS Region,hhs9,2008,19,0.727232478385898,0.986208691126724,159,,84.0,110,,26,379,135,38430
HHS Region,hhs9,2008,20,0.807716991385894,1.09701655052265,195,,75.0,105,,28,403,130,36736
HHS Region,hhs9,2008,21,0.772448286982262,0.731103219838262,110,,54.0,58,,23,245,96,33511
HHS Region,hhs9,2008,22,0.69538802732959,0.763715710723192,88,,36.0,52,,20,196,89,25664
HHS Region,hhs9,2008,23,0.662651772472571,0.613307618129219,88,,20.0,41,,10,159,80,25925
HHS Region,hhs9,2008,24,0.926770747900266,0.732585398526457,89,,28.0,42,,16,175,71,23888
HHS Region,hhs9,2008,25,0.654763990020501,0.776129006313588,76,,40.0,58,,19,193,68,24867
HHS Region,hhs9,2008,26,0.525791868496881,0.762004596218199,87,,41.0,46,,15,189,66,24803
HHS Region,hhs9,2008,27,0.490139270824213,0.819320725956271,81,,34.0,47,,10,172,64,20993
HHS Region,hhs9,2008,28,0.666380110304796,0.849370153050757,89,,53.0,53,,12,207,66,24371
HHS Region,hhs9,2008,29,0.5179655333422,0.740710758520198,69,,55.0,44,,15,183,64,24706
HHS Region,hhs9,2008,30,0.487935365120597,0.8123370981755,75,,47.0,52,,13,187,61,23020
HHS Region,hhs9,2008,31,0.353090129488752,0.694950881558063,62,,46.0,45,,9,162,63,23311
HHS Region,hhs9,2008,32,0.314774582447443,0.698293545149042,51,,43.0,51,,15,160,61,22913
HHS Region,hhs9,2008,33,0.441442668912987,0.858096969184597,61,,61.0,66,,15,203,58,23657
HHS Region,hhs9,2008,34,0.463935989754997,0.846449487554905,52,,48.0,72,,13,185,57,21856
HHS Region,hhs9,2008,35,0.286636945920639,0.733698011634974,50,,46.0,55,,18,169,55,23034
HHS Region,hhs9,2008,36,0.470570471449318,0.731017135670492,55,,53.0,60,,18,186,74,25444
HHS Region,hhs9,2008,37,0.386188094278282,0.669598897131228,75,,47.0,69,,13,204,77,30466
HHS Region,hhs9,2008,38,0.421542589243856,0.761045987376014,72,,47.0,75,,17,211,72,27725
HHS Region,hhs9,2008,39,0.949760861398577,0.869652810422403,85,,59.0,89,,26,259,87,29782
HHS Region,hhs9,2008,40,1.25641332260359,1.03077156283159,189,,116.0,199,,40,544,203,52776
HHS Region,hhs9,2008,41,1.25885135603176,1.08046223748703,201,,140.0,206,,57,604,208,55902
HHS Region,hhs9,2008,42,1.42403985360902,1.20220216471293,217,,142.0,243,,40,642,204,53402
HHS Region,hhs9,2008,43,1.35761981022645,1.11551420142101,222,,130.0,237,,50,639,201,57283
HHS Region,hhs9,2008,44,0.869323315894769,0.90586982702948,206,,100.0,171,,42,519,202,57293
HHS Region,hhs9,2008,45,0.888239379803476,1.02418949367796,194,,121.0,188,,47,550,204,53701
HHS Region,hhs9,2008,46,1.01415013612328,1.18268008992278,245,,111.0,207,,42,605,202,51155
HHS Region,hhs9,2008,47,1.0542201638191,1.06377422219127,241,,134.0,200,,36,611,198,57437
HHS Region,hhs9,2008,48,1.07377467589634,1.35479006644362,249,,115.0,174,,37,575,199,42442
HHS Region,hhs9,2008,49,1.12027443644549,1.15240974568736,240,,154.0,217,,37,648,208,56230
HHS Region,hhs9,2008,50,1.12308243749607,1.14450743395016,226,,150.0,213,,53,642,210,56094
HHS Region,hhs9,2008,51,1.51759737558841,1.45331556830993,253,,174.0,232,,50,709,203,48785
HHS Region,hhs9,2008,52,1.95543952189811,1.81737465664105,280,,151.0,178,,46,655,202,36041
HHS Region,hhs9,2008,53,3.14680192417201,2.42502546773673,410,,259.0,193,,114,976,211,40247
HHS Region,hhs9,2009,1,2.1811061777678,1.830706323487,411,,289.0,271,,108,1079,213,58939
HHS Region,hhs9,2009,2,2.14848519111237,1.93648731797361,454,,242.0,344,,93,1133,214,58508
HHS Region,hhs9,2009,3,2.44211118299059,2.10476912523918,506,,229.0,365,,66,1166,211,55398
HHS Region,hhs9,2009,4,2.63262326462915,2.1561180796175,595,,253.0,494,,83,1425,214,66091
HHS Region,hhs9,2009,5,2.82692661834931,2.51712626766023,638,,291.0,570,,92,1591,213,63207
HHS Region,hhs9,2009,6,3.20482263483195,2.73826341207004,644,,285.0,640,,98,1667,216,60878
HHS Region,hhs9,2009,7,3.10089907576234,2.86737157605528,643,,315.0,659,,105,1722,218,60055
HHS Region,hhs9,2009,8,3.10363240126995,2.62476733364356,595,,370.0,731,,109,1805,218,68768
HHS Region,hhs9,2009,9,2.92855249161009,2.51738986419344,580,,293.0,706,,93,1672,216,66418
HHS Region,hhs9,2009,10,2.35649673977901,2.20402153407261,478,,272.0,602,,85,1437,213,65199
HHS Region,hhs9,2009,11,2.14847025045515,2.04871726704772,448,,252.0,451,,82,1233,205,60184
HHS Region,hhs9,2009,12,2.26530919290141,1.8360885268333,403,,250.0,428,,73,1154,200,62851
HHS Region,hhs9,2009,13,2.14679156243268,2.05814297395571,403,,236.0,452,,92,1183,198,57479
HHS Region,hhs9,2009,14,1.70165593530618,1.69319280761855,334,,248.0,364,,87,1033,201,61009
HHS Region,hhs9,2009,15,1.59808127326655,1.54725397267912,312,,181.0,320,,75,888,194,57392
HHS Region,hhs9,2009,16,2.02613324434371,1.8721812397301,337,,197.0,453,,84,1071,199,57206
HHS Region,hhs9,2009,17,5.30946083873548,4.69864814119414,846,,677.0,1362,,118,3003,198,63912
HHS Region,hhs9,2009,18,3.11935934085419,2.84998084046494,516,,390.0,791,,88,1785,210,62632
HHS Region,hhs9,2009,19,1.766323231377,2.03190898093961,381,,295.0,516,,51,1243,208,61174
HHS Region,hhs9,2009,20,1.80889033741033,2.13140433321013,419,,231.0,515,,46,1211,209,56817
HHS Region,hhs9,2009,21,1.8750403268902,2.02315960481327,341,,225.0,453,,52,1071,199,52937
HHS Region,hhs9,2009,22,1.91864706180915,1.70284649139839,308,,168.0,349,,52,877,190,51502
HHS Region,hhs9,2009,23,1.84929178712343,1.57120292626153,266,,155.0,290,,45,756,185,48116
HHS Region,hhs9,2009,24,2.36995149967934,1.58353299934655,243,,177.0,255,,52,727,178,45910
HHS Region,hhs9,2009,25,2.14124227778443,1.54834761321909,236,,177.0,309,,37,759,180,49020
HHS Region,hhs9,2009,26,2.67886871402687,1.87766065274681,226,,158.0,324,,33,741,174,39464
HHS Region,hhs9,2009,27,2.58921162176503,1.73322478361471,213,,201.0,356,,39,809,180,46676
HHS Region,hhs9,2009,28,3.20741619155798,1.76118423750359,211,,217.0,404,,27,859,180,48774
HHS Region,hhs9,2009,29,2.10424163806736,1.56108224036955,213,,178.0,333,,33,757,182,48492
HHS Region,hhs9,2009,30,2.13407830462054,1.33019795030184,210,,208.0,313,,27,758,182,56984
HHS Region,hhs9,2009,31,2.23618932112612,1.65648422246016,220,,207.0,314,,48,789,179,47631
HHS Region,hhs9,2009,32,2.13356089122999,1.59219648754456,227,,195.0,278,,28,728,179,45723
HHS Region,hhs9,2009,33,2.19652270227029,1.5869365225391,237,,212.0,342,,37,828,185,52176
HHS Region,hhs9,2009,34,2.32097539931843,1.64183536233909,232,,225.0,447,,36,940,184,57253
HHS Region,hhs9,2009,35,2.92012496240538,2.78148332503733,379,,300.0,675,,43,1397,187,50225
HHS Region,hhs9,2009,36,3.37410616589831,3.09687829702725,375,,326.0,741,,55,1497,185,48339
HHS Region,hhs9,2009,37,3.61287136073735,3.17463208509398,415,,382.0,888,,58,1743,182,54904
HHS Region,hhs9,2009,38,3.35277853732323,3.68733065781164,419,,327.0,1026,,38,1810,156,49087
HHS Region,hhs9,2009,39,4.99781224317209,4.63198473889198,469,,449.0,1370,,43,2331,156,50324
HHS Region,hhs9,2009,40,5.95049707016381,4.87394957983193,824,900.0,1101.0,2669,201.0,104,4698,249,96390
HHS Region,hhs9,2009,41,7.22350123054182,6.11529864323959,1226,1127.0,1476.0,3033,349.0,147,5882,268,96185
HHS Region,hhs9,2009,42,5.95441844710818,4.50564740546734,933,779.0,990.0,2377,211.0,104,4404,265,97744
HHS Region,hhs9,2009,43,6.49844609892252,4.6097848833173,997,852.0,1188.0,2336,336.0,127,4648,263,100829
HHS Region,hhs9,2009,44,6.30787874942592,4.39039472328146,939,722.0,941.0,2261,219.0,119,4260,272,97030
HHS Region,hhs9,2009,45,5.13625439311187,3.662194501294,818,605.0,821.0,1626,216.0,117,3382,275,92349
HHS Region,hhs9,2009,46,4.57306398387036,3.44038507062258,901,681.0,942.0,1475,261.0,170,3488,274,101384
HHS Region,hhs9,2009,47,5.2925272677982,3.91680541529055,870,609.0,834.0,1008,225.0,158,2870,267,73274
HHS Region,hhs9,2009,48,3.92193951595356,2.97161626177491,798,557.0,792.0,1103,235.0,184,2877,268,96816
HHS Region,hhs9,2009,49,3.51426243886548,2.61993329912776,688,487.0,737.0,867,250.0,159,2451,264,93552
HHS Region,hhs9,2009,50,3.58263081229165,2.43672637765137,531,455.0,670.0,712,215.0,156,2069,247,84909
HHS Region,hhs9,2009,51,4.1073917028865,2.68471776044057,492,322.0,511.0,366,189.0,152,1521,238,56654
HHS Region,hhs9,2009,52,4.40311608065263,3.08069375180842,610,427.0,640.0,382,213.0,178,1810,234,58753
HHS Region,hhs9,2010,1,3.09412100910712,2.19392177859365,472,410.0,631.0,426,221.0,192,1721,243,78444
HHS Region,hhs9,2010,2,2.96672536437887,1.90762620837809,463,366.0,585.0,575,219.0,153,1776,254,93100
HHS Region,hhs9,2010,3,2.83756560304446,1.96504651769411,473,312.0,475.0,511,163.0,123,1582,257,80507
HHS Region,hhs9,2010,4,3.2962536060647,2.19537319198249,617,347.0,556.0,730,209.0,143,2046,255,93196
HHS Region,hhs9,2010,5,3.32422253179503,2.26795904665995,675,356.0,548.0,773,192.0,166,2162,250,95328
HHS Region,hhs9,2010,6,3.85538204701637,2.62607129912191,702,368.0,610.0,770,242.0,164,2246,236,85527
HHS Region,hhs9,2010,7,2.52973520449986,1.91321547177183,657,242.0,326.0,517,84.0,67,1567,245,81904
HHS Region,hhs9,2010,8,3.44476776616941,2.536411040187,627,390.0,665.0,818,275.0,147,2257,241,88984
HHS Region,hhs9,2010,9,3.40978443649277,2.38281075777173,575,409.0,645.0,722,236.0,195,2137,242,89684
HHS Region,hhs9,2010,10,3.14839307782645,2.21588808453291,476,349.0,552.0,659,203.0,171,1858,234,83849
HHS Region,hhs9,2010,11,3.27749142410558,2.26469870386784,476,338.0,545.0,585,207.0,157,1763,232,77847
HHS Region,hhs9,2010,12,2.75007724599975,1.94836506757373,393,294.0,465.0,489,171.0,148,1495,235,76731
HHS Region,hhs9,2010,13,3.03478906633485,2.11189893326907,495,328.0,480.0,557,152.0,133,1665,226,78839
HHS Region,hhs9,2010,14,2.27792651624886,1.63979848866499,425,239.0,379.0,401,140.0,97,1302,221,79400
HHS Region,hhs9,2010,15,2.10763869463626,1.7041573143359,427,273.0,411.0,459,138.0,100,1397,227,81976
HHS Region,hhs9,2010,16,1.93454842507115,1.53728684143548,358,208.0,342.0,405,134.0,103,1208,220,78580
HHS Region,hhs9,2010,17,2.02860330647915,1.58680381334671,384,240.0,383.0,404,143.0,94,1265,220,79720
HHS Region,hhs9,2010,18,1.88506559417112,1.41251012338621,360,225.0,343.0,391,118.0,92,1186,224,83964
HHS Region,hhs9,2010,19,2.0620602689596,1.64048865619546,389,261.0,384.0,406,123.0,90,1269,220,77355
HHS Region,hhs9,2010,20,2.08041668702626,1.49358951380674,355,252.0,390.0,415,138.0,90,1250,217,83691
HHS Region,hhs9,2010,21,2.23124163038208,1.40595230273964,298,215.0,369.0,313,154.0,90,1070,203,76105
HHS Region,hhs9,2010,22,2.6638494586149,1.85467479674797,252,236.0,397.0,262,161.0,111,1022,176,55104
HHS Region,hhs9,2010,23,2.17439423741374,1.33290144951008,230,185.0,280.0,231,95.0,82,823,172,61745
HHS Region,hhs9,2010,24,2.30316880171105,1.28281067542182,204,176.0,279.0,206,103.0,69,758,170,59089
HHS Region,hhs9,2010,25,2.31779322029223,1.28638466839497,236,137.0,246.0,245,109.0,57,784,172,60946
HHS Region,hhs9,2010,26,1.98961106343669,1.17382786109985,197,148.0,247.0,167,99.0,84,695,168,59208
HHS Region,hhs9,2010,27,2.07308885374003,1.19760479041916,189,142.0,212.0,190,70.0,65,656,171,54776
HHS Region,hhs9,2010,28,1.95519609934169,1.01944410581495,171,146.0,237.0,183,91.0,78,669,164,65624
HHS Region,hhs9,2010,29,1.93416651170255,1.23919431077801,122,127.0,219.0,196,92.0,45,582,156,46966
HHS Region,hhs9,2010,30,2.07854672090095,1.26763768775603,124,113.0,210.0,168,97.0,55,557,151,43940
HHS Region,hhs9,2010,31,1.96895852189001,1.34882450574616,186,152.0,228.0,177,76.0,51,642,155,47597
HHS Region,hhs9,2010,32,1.99169772074094,1.24838193027491,139,117.0,202.0,181,85.0,47,569,148,45579
HHS Region,hhs9,2010,33,1.94915306477865,1.49143497009983,139,147.0,239.0,207,92.0,41,626,145,41973
HHS Region,hhs9,2010,34,1.20122832923245,0.909739975586725,97,85.0,117.0,157,32.0,24,395,147,43419
HHS Region,hhs9,2010,35,1.71333093108736,1.38030995651689,144,141.0,221.0,209,80.0,45,619,137,44845
HHS Region,hhs9,2010,36,1.5181011945887,1.00889270076288,144,80.0,108.0,171,28.0,24,447,142,44306
HHS Region,hhs9,2010,37,2.00122294019282,1.37262519192704,180,130.0,226.0,279,96.0,57,742,142,54057
HHS Region,hhs9,2010,38,2.36168890152011,1.89056002344881,292,194.0,317.0,355,123.0,68,1032,126,54587
HHS Region,hhs9,2010,39,2.25232148682429,1.7553983618764,249,186.0,297.0,333,111.0,64,943,140,53720
HHS Region,hhs9,2010,40,1.73524,1.42154,255,224.0,324.0,352,100.0,68,999,209,70276
HHS Region,hhs9,2010,41,1.91822,1.58614,304,192.0,303.0,467,111.0,70,1144,223,72125
HHS Region,hhs9,2010,42,1.98148,1.64201,288,253.0,360.0,463,107.0,80,1191,231,72533
HHS Region,hhs9,2010,43,1.77791,1.57914,318,202.0,327.0,442,125.0,80,1167,234,73901
HHS Region,hhs9,2010,44,2.27503,1.91872,371,292.0,427.0,553,135.0,79,1430,239,74529
HHS Region,hhs9,2010,45,2.34478,1.79015,335,255.0,374.0,442,119.0,88,1239,231,69212
HHS Region,hhs9,2010,46,2.52885,2.16156,439,295.0,444.0,626,149.0,112,1621,238,74992
HHS Region,hhs9,2010,47,2.83317,2.23447,426,264.0,395.0,469,131.0,117,1407,240,62968
HHS Region,hhs9,2010,48,2.44015,2.2227,535,308.0,469.0,568,161.0,97,1669,243,75089
HHS Region,hhs9,2010,49,2.92539,2.77862,597,326.0,551.0,729,225.0,148,2025,241,72878
HHS Region,hhs9,2010,50,3.43547,3.14365,749,326.0,538.0,702,212.0,150,2139,233,68042
HHS Region,hhs9,2010,51,4.16915,3.50819,788,346.0,511.0,563,165.0,163,2025,234,57722
HHS Region,hhs9,2010,52,4.16749,3.2349,762,353.0,567.0,432,214.0,155,1916,249,59229
HHS Region,hhs9,2011,1,3.23196,2.78966,696,432.0,679.0,672,247.0,190,2237,256,80189
HHS Region,hhs9,2011,2,3.4291,2.98214,696,470.0,729.0,837,259.0,198,2460,256,82491
HHS Region,hhs9,2011,3,3.76368,3.41842,741,436.0,730.0,1000,294.0,178,2649,253,77492
HHS Region,hhs9,2011,4,4.22906,3.63208,936,550.0,854.0,1392,304.0,182,3364,255,92619
HHS Region,hhs9,2011,5,4.04219,3.66519,886,541.0,782.0,1424,241.0,175,3267,259,89136
HHS Region,hhs9,2011,6,4.52405,3.9732,896,644.0,917.0,1605,273.0,175,3593,265,90431
HHS Region,hhs9,2011,7,4.6947,4.07985,845,671.0,967.0,1685,296.0,190,3687,259,90371
HHS Region,hhs9,2011,8,4.72162,3.91641,818,572.0,860.0,1432,288.0,196,3306,256,84414
HHS Region,hhs9,2011,9,4.53929,3.88142,757,588.0,855.0,1291,267.0,187,3090,253,79610
HHS Region,hhs9,2011,10,4.21272,3.47631,785,511.0,785.0,1221,274.0,185,2976,254,85608
HHS Region,hhs9,2011,11,3.92503,3.2061,768,458.0,679.0,939,221.0,159,2545,251,79380
HHS Region,hhs9,2011,12,2.99716,2.56864,563,340.0,514.0,691,174.0,133,1901,242,74008
HHS Region,hhs9,2011,13,2.84696,2.34831,550,339.0,529.0,703,190.0,128,1910,247,81335
HHS Region,hhs9,2011,14,2.39777,2.03859,496,264.0,427.0,613,163.0,88,1624,237,79663
HHS Region,hhs9,2011,15,2.29387,1.92534,417,255.0,419.0,517,164.0,103,1456,232,75623
HHS Region,hhs9,2011,16,2.13977,2.00916,441,236.0,357.0,480,121.0,121,1399,225,69631
HHS Region,hhs9,2011,17,2.07516,1.62738,414,255.0,383.0,426,128.0,99,1322,229,81235
HHS Region,hhs9,2011,18,1.93387,1.71312,344,228.0,360.0,363,132.0,129,1196,222,69814
HHS Region,hhs9,2011,19,1.86598,1.63397,303,207.0,334.0,367,127.0,92,1096,219,67076
HHS Region,hhs9,2011,20,1.82117,1.41593,248,169.0,266.0,309,97.0,84,907,220,64057
HHS Region,hhs9,2011,21,1.80521,1.30175,183,148.0,263.0,265,115.0,83,794,198,60995
HHS Region,hhs9,2011,22,2.15327,1.513,189,156.0,257.0,228,101.0,73,747,195,49372
HHS Region,hhs9,2011,23,1.91803,1.4076,165,165.0,287.0,239,122.0,78,769,187,54632
HHS Region,hhs9,2011,24,1.56212,1.14337,149,153.0,229.0,162,76.0,70,610,188,53351
HHS Region,hhs9,2011,25,1.47918,1.08355,153,132.0,215.0,170,83.0,54,592,187,54635
HHS Region,hhs9,2011,26,1.43733,1.04852,128,108.0,201.0,178,93.0,60,567,179,54076
HHS Region,hhs9,2011,27,1.46441,1.04917,128,123.0,166.0,128,43.0,57,479,181,45655
HHS Region,hhs9,2011,28,1.38325,1.00646,103,114.0,206.0,169,92.0,55,533,182,52958
HHS Region,hhs9,2011,29,1.23902,0.87552,93,94.0,162.0,132,68.0,63,450,175,51398
HHS Region,hhs9,2011,30,1.16745,0.835699,103,100.0,153.0,118,53.0,50,424,174,50736
HHS Region,hhs9,2011,31,0.523629,0.478304,68,46.0,64.0,77,18.0,13,222,169,46414
HHS Region,hhs9,2011,32,1.13543,0.760802,84,92.0,157.0,124,65.0,37,402,176,52839
HHS Region,hhs9,2011,33,1.01117,0.767137,91,90.0,138.0,147,48.0,44,420,176,54749
HHS Region,hhs9,2011,34,1.18488,0.944788,110,95.0,160.0,204,65.0,51,525,177,55568
HHS Region,hhs9,2011,35,1.28169,1.00375,104,91.0,167.0,233,76.0,53,557,174,55492
HHS Region,hhs9,2011,36,1.36204,0.948786,112,82.0,119.0,201,37.0,28,460,173,48483
HHS Region,hhs9,2011,37,1.4992,1.06466,131,123.0,199.0,225,76.0,47,602,170,56544
HHS Region,hhs9,2011,38,1.48556,1.0502,130,120.0,192.0,223,72.0,59,604,168,57513
HHS Region,hhs9,2011,39,1.57733,1.14972,160,131.0,211.0,242,80.0,54,667,169,58014
HHS Region,hhs9,2011,40,1.54554,1.07548,203,156.0,243.0,361,87.0,70,877,207,81545
HHS Region,hhs9,2011,41,1.73834,1.10306,253,190.0,296.0,370,106.0,81,1000,214,90657
HHS Region,hhs9,2011,42,2.00711,1.33366,290,194.0,289.0,481,95.0,87,1147,211,86004
HHS Region,hhs9,2011,43,1.95815,1.37707,294,210.0,324.0,501,114.0,77,1196,215,86851
HHS Region,hhs9,2011,44,2.15899,1.65471,343,216.0,357.0,525,141.0,87,1312,218,79289
HHS Region,hhs9,2011,45,1.89203,1.41883,336,210.0,277.0,474,67.0,103,1190,224,83872
HHS Region,hhs9,2011,46,2.27028,1.63053,367,263.0,412.0,559,149.0,129,1467,219,89971
HHS Region,hhs9,2011,47,2.20507,1.58924,295,187.0,296.0,305,109.0,92,988,221,62168
HHS Region,hhs9,2011,48,1.53376,1.21534,305,161.0,227.0,404,66.0,45,981,220,80718
HHS Region,hhs9,2011,49,2.33479,1.72412,300,270.0,436.0,447,166.0,124,1307,221,75807
HHS Region,hhs9,2011,50,2.56613,1.74486,374,246.0,396.0,460,150.0,149,1379,224,79032
HHS Region,hhs9,2011,51,3.05014,2.00734,373,229.0,392.0,336,163.0,129,1230,216,61275
HHS Region,hhs9,2011,52,3.68816,2.29171,314,227.0,394.0,287,167.0,152,1147,209,50050
HHS Region,hhs9,2012,1,2.99636,2.08619,326,257.0,446.0,329,189.0,190,1291,211,61883
HHS Region,hhs9,2012,2,2.50573,1.80512,345,270.0,453.0,416,183.0,143,1357,214,75175
HHS Region,hhs9,2012,3,2.36802,1.72792,361,284.0,453.0,459,169.0,73,1346,217,77897
HHS Region,hhs9,2012,4,3.01277,2.1895,462,284.0,458.0,656,174.0,143,1719,213,78511
HHS Region,hhs9,2012,5,3.34077,2.52326,577,306.0,514.0,727,208.0,143,1961,217,77717
HHS Region,hhs9,2012,6,2.93438,2.34969,560,336.0,500.0,714,164.0,139,1913,214,81415
HHS Region,hhs9,2012,7,3.17132,2.41887,618,369.0,557.0,740,188.0,158,2073,218,85701
HHS Region,hhs9,2012,8,3.65957,2.62229,501,370.0,565.0,782,195.0,188,2036,212,77642
HHS Region,hhs9,2012,9,3.14123,2.42962,505,394.0,608.0,721,214.0,196,2030,214,83552
HHS Region,hhs9,2012,10,2.49756,2.11346,412,286.0,402.0,638,116.0,81,1533,211,72535
HHS Region,hhs9,2012,11,2.81932,2.25308,457,333.0,492.0,767,159.0,77,1793,217,79580
HHS Region,hhs9,2012,12,2.62173,2.3335,439,308.0,448.0,654,140.0,96,1637,207,70152
HHS Region,hhs9,2012,13,3.43265,2.74544,448,453.0,686.0,772,233.0,169,2075,214,75580
HHS Region,hhs9,2012,14,2.70898,2.31861,424,383.0,573.0,603,190.0,179,1779,204,76727
HHS Region,hhs9,2012,15,2.5828,2.05104,295,290.0,452.0,502,162.0,147,1396,201,68063
HHS Region,hhs9,2012,16,1.98471,1.64862,256,247.0,377.0,452,130.0,42,1127,197,68360
HHS Region,hhs9,2012,17,1.93868,1.70026,260,276.0,444.0,482,168.0,118,1304,192,76694
HHS Region,hhs9,2012,18,2.12065,1.96518,244,301.0,449.0,512,148.0,110,1315,183,66915
HHS Region,hhs9,2012,19,1.98364,1.92667,267,239.0,385.0,496,146.0,130,1278,173,66332
HHS Region,hhs9,2012,20,1.85652,1.70532,235,265.0,410.0,428,145.0,110,1183,169,69371
HHS Region,hhs9,2012,21,2.01055,1.92886,236,247.0,378.0,437,131.0,116,1167,162,60502
HHS Region,hhs9,2012,22,2.00256,1.90249,236,211.0,339.0,303,128.0,103,981,159,51564
HHS Region,hhs9,2012,23,1.74623,1.38828,178,215.0,326.0,262,111.0,124,890,162,64108
HHS Region,hhs9,2012,24,1.60525,1.4099,165,178.0,292.0,233,114.0,106,796,156,56458
HHS Region,hhs9,2012,25,1.76841,1.36483,218,181.0,292.0,251,111.0,94,855,160,62645
HHS Region,hhs9,2012,26,1.61544,1.16124,169,149.0,258.0,190,109.0,90,707,153,60883
HHS Region,hhs9,2012,27,1.64586,1.20838,162,126.0,209.0,162,83.0,81,614,151,50812
HHS Region,hhs9,2012,28,1.53079,1.02838,129,119.0,201.0,191,82.0,73,594,141,57761
HHS Region,hhs9,2012,29,1.44495,1.05879,135,143.0,224.0,182,81.0,85,626,142,59124
HHS Region,hhs9,2012,30,1.46148,1.14417,161,145.0,223.0,188,78.0,96,668,143,58383
HHS Region,hhs9,2012,31,1.57996,1.3421,153,152.0,260.0,205,108.0,92,710,143,52902
HHS Region,hhs9,2012,32,1.50621,1.44536,168,160.0,258.0,222,98.0,107,755,138,52236
HHS Region,hhs9,2012,33,1.0733,1.18978,136,114.0,169.0,173,55.0,51,529,134,44462
HHS Region,hhs9,2012,34,1.71304,1.51192,180,175.0,275.0,253,100.0,108,816,137,53971
HHS Region,hhs9,2012,35,1.85131,1.62973,203,192.0,313.0,348,121.0,89,953,139,58476
HHS Region,hhs9,2012,36,2.06204,1.72887,169,177.0,278.0,335,101.0,93,875,139,50611
HHS Region,hhs9,2012,37,2.02747,1.71971,189,191.0,301.0,369,110.0,179,1038,140,60359
HHS Region,hhs9,2012,38,2.12102,1.68687,220,195.0,306.0,417,111.0,91,1034,137,61297
HHS Region,hhs9,2012,39,2.09178,1.70813,198,213.0,318.0,362,105.0,110,988,127,57841
HHS Region,hhs9,2012,40,1.81284,1.38434,279,206.0,344.0,416,138.0,103,1142,210,82494
HHS Region,hhs9,2012,41,1.94226,1.45988,261,213.0,341.0,452,128.0,113,1167,211,79938
HHS Region,hhs9,2012,42,2.04103,1.52359,301,238.0,394.0,498,156.0,117,1310,217,85981
HHS Region,hhs9,2012,43,2.0413,1.56764,292,236.0,369.0,491,133.0,115,1267,209,80822
HHS Region,hhs9,2012,44,2.12848,1.5903,300,262.0,389.0,509,127.0,99,1297,206,81557
HHS Region,hhs9,2012,45,2.22183,1.6709,366,253.0,386.0,556,133.0,105,1413,209,84565
HHS Region,hhs9,2012,46,2.21239,1.73387,329,213.0,368.0,534,155.0,133,1364,211,78668
HHS Region,hhs9,2012,47,2.40647,1.84221,287,181.0,312.0,385,131.0,124,1108,209,60145
HHS Region,hhs9,2012,48,2.23494,1.73192,304,327.0,513.0,505,186.0,159,1481,214,85512
HHS Region,hhs9,2012,49,2.19283,1.76628,355,308.0,488.0,505,180.0,161,1509,215,85434
HHS Region,hhs9,2012,50,2.4589,2.03447,374,342.0,542.0,578,200.0,173,1667,215,81938
HHS Region,hhs9,2012,51,3.05562,2.54047,446,393.0,617.0,547,224.0,198,1808,197,71168
HHS Region,hhs9,2012,52,4.82703,3.27322,569,363.0,579.0,402,216.0,205,1755,190,53617
HHS Region,hhs9,2013,1,3.41933,2.9252,520,426.0,669.0,462,243.0,201,1852,209,63312
HHS Region,hhs9,2013,2,3.49033,3.09342,564,581.0,923.0,881,342.0,283,2651,212,85698
HHS Region,hhs9,2013,3,4.68634,4.08702,847,730.0,1088.0,1487,358.0,281,3703,214,90604
HHS Region,hhs9,2013,4,5.57853,5.07878,1042,805.0,1193.0,1718,388.0,292,4245,209,83583
HHS Region,hhs9,2013,5,5.49148,4.54742,913,698.0,1070.0,1735,372.0,283,4001,203,87984
HHS Region,hhs9,2013,6,4.98836,4.37169,844,550.0,808.0,1468,258.0,162,3282,195,75074
HHS Region,hhs9,2013,7,4.49215,4.01134,745,520.0,781.0,1239,261.0,164,2929,198,73018
HHS Region,hhs9,2013,8,3.81698,3.35383,620,438.0,636.0,934,198.0,139,2329,200,69443
HHS Region,hhs9,2013,9,3.47363,3.16366,509,317.0,522.0,914,205.0,142,2087,195,65968
HHS Region,hhs9,2013,10,3.60806,3.09417,474,339.0,519.0,886,180.0,125,2004,192,64767
HHS Region,hhs9,2013,11,3.14503,2.78746,423,285.0,434.0,738,149.0,100,1695,184,60808
HHS Region,hhs9,2013,12,2.89597,2.47738,337,236.0,373.0,590,137.0,88,1388,179,56027
HHS Region,hhs9,2013,13,2.61787,2.16443,337,213.0,332.0,473,119.0,54,1196,183,55257
HHS Region,hhs9,2013,14,2.23024,1.86174,250,192.0,297.0,413,105.0,62,1022,171,54895
HHS Region,hhs9,2013,15,1.8563,1.65607,279,166.0,257.0,412,91.0,65,1013,173,61169
HHS Region,hhs9,2013,16,1.68062,1.50482,199,147.0,221.0,378,74.0,54,852,165,56618
HHS Region,hhs9,2013,17,1.64367,1.4702,234,164.0,217.0,392,53.0,41,884,172,60128
HHS Region,hhs9,2013,18,1.61538,1.49527,207,161.0,244.0,361,83.0,45,857,167,57314
HHS Region,hhs9,2013,19,1.54832,1.37807,210,129.0,197.0,313,68.0,48,768,167,55730
HHS Region,hhs9,2013,20,1.61454,1.45881,221,141.0,220.0,296,79.0,39,776,155,53194
HHS Region,hhs9,2013,21,1.42814,1.26724,186,129.0,205.0,214,76.0,51,656,146,51766
HHS Region,hhs9,2013,22,1.41205,1.23819,177,92.0,150.0,198,58.0,37,562,153,45389
HHS Region,hhs9,2013,23,1.418,1.25603,200,116.0,172.0,193,56.0,63,628,152,49999
HHS Region,hhs9,2013,24,1.46578,1.29585,190,106.0,186.0,164,80.0,38,578,143,44604
HHS Region,hhs9,2013,25,1.42122,1.22815,186,109.0,185.0,159,76.0,35,565,145,46004
HHS Region,hhs9,2013,26,1.26664,1.08985,157,90.0,150.0,146,60.0,39,492,142,45144
HHS Region,hhs9,2013,27,1.24862,1.03274,127,87.0,127.0,102,40.0,38,394,144,38151
HHS Region,hhs9,2013,28,1.06856,0.923237,141,68.0,123.0,115,55.0,28,407,141,44084
HHS Region,hhs9,2013,29,1.12243,0.946372,123,80.0,122.0,136,42.0,33,414,137,43746
HHS Region,hhs9,2013,30,1.16379,1.00007,149,60.0,107.0,153,47.0,35,444,135,44397
HHS Region,hhs9,2013,31,1.08253,0.937861,105,83.0,129.0,139,46.0,33,406,129,43290
HHS Region,hhs9,2013,32,1.15876,0.99551,118,101.0,156.0,124,55.0,21,419,126,42089
HHS Region,hhs9,2013,33,1.10472,0.97883,122,86.0,130.0,147,44.0,31,430,123,43930
HHS Region,hhs9,2013,34,1.03191,0.849803,114,70.0,111.0,146,41.0,19,390,120,45893
HHS Region,hhs9,2013,35,1.36851,1.18966,114,86.0,137.0,255,51.0,31,537,119,45139
HHS Region,hhs9,2013,36,1.46948,1.2959,100,76.0,137.0,226,61.0,23,486,121,37503
HHS Region,hhs9,2013,37,1.51529,1.32095,132,91.0,153.0,279,62.0,19,583,122,44135
HHS Region,hhs9,2013,38,1.49047,1.34702,123,96.0,159.0,266,63.0,28,576,122,42761
HHS Region,hhs9,2013,39,1.70996,1.61056,157,101.0,150.0,308,49.0,29,644,124,39986
HHS Region,hhs9,2013,40,1.36535,1.11037,234,178.0,257.0,399,79.0,82,972,246,87538
HHS Region,hhs9,2013,41,1.60314,1.33749,309,192.0,312.0,468,120.0,103,1192,247,89122
HHS Region,hhs9,2013,42,1.60277,1.33103,337,197.0,300.0,419,103.0,84,1140,246,85648
HHS Region,hhs9,2013,43,1.59993,1.28281,316,207.0,327.0,417,120.0,94,1154,251,89959
HHS Region,hhs9,2013,44,1.80107,1.46095,316,241.0,391.0,491,150.0,104,1302,259,89120
HHS Region,hhs9,2013,45,2.06682,1.6793,355,274.0,418.0,627,144.0,124,1524,268,90752
HHS Region,hhs9,2013,46,2.0459,1.61715,401,225.0,359.0,521,134.0,100,1381,267,85397
HHS Region,hhs9,2013,47,1.9743,1.65793,411,263.0,417.0,552,154.0,104,1484,262,89509
HHS Region,hhs9,2013,48,2.34894,1.9494,341,251.0,380.0,386,129.0,115,1222,261,62686
HHS Region,hhs9,2013,49,2.13631,1.83676,441,273.0,432.0,610,159.0,138,1621,261,88253
HHS Region,hhs9,2013,50,2.51824,2.09016,458,328.0,500.0,681,172.0,134,1773,263,84826
HHS Region,hhs9,2013,51,2.94052,2.56776,516,505.0,757.0,645,252.0,209,2127,258,82835
HHS Region,hhs9,2013,52,4.53268,3.70459,602,531.0,779.0,571,248.0,209,2161,250,58333
HHS Region,hhs9,2014,1,4.56574,3.73771,649,700.0,1038.0,616,338.0,233,2536,257,67849
HHS Region,hhs9,2014,2,4.15641,3.45834,698,814.0,1267.0,877,453.0,287,3129,259,90477
HHS Region,hhs9,2014,3,4.19337,3.58346,653,831.0,1223.0,1082,392.0,340,3298,262,92034
HHS Region,hhs9,2014,4,4.64163,3.84931,764,732.0,1081.0,1235,349.0,253,3333,258,86587
HHS Region,hhs9,2014,5,4.0091,3.43975,644,735.0,1121.0,1217,386.0,244,3226,250,93786
HHS Region,hhs9,2014,6,3.61715,3.10237,609,567.0,903.0,1031,336.0,267,2810,255,90576
HHS Region,hhs9,2014,7,3.26964,2.72491,572,491.0,785.0,866,294.0,214,2437,249,89434
HHS Region,hhs9,2014,8,3.20835,2.49641,512,448.0,677.0,705,229.0,175,2069,243,82879
HHS Region,hhs9,2014,9,2.90276,2.36285,505,403.0,655.0,720,252.0,184,2064,239,87352
HHS Region,hhs9,2014,10,2.59216,2.10456,395,342.0,574.0,626,232.0,159,1754,232,83343
HHS Region,hhs9,2014,11,2.19768,1.84029,366,302.0,466.0,500,164.0,160,1492,226,81074
HHS Region,hhs9,2014,12,2.19878,1.8148,344,268.0,430.0,546,162.0,132,1452,229,80009
HHS Region,hhs9,2014,13,1.85634,1.51007,256,226.0,366.0,439,140.0,132,1193,227,79003
HHS Region,hhs9,2014,14,1.87645,1.53245,273,202.0,327.0,379,125.0,115,1094,222,71389
HHS Region,hhs9,2014,15,1.74535,1.50997,239,211.0,358.0,417,147.0,111,1125,216,74505
HHS Region,hhs9,2014,16,1.81881,1.58537,192,211.0,346.0,471,135.0,114,1123,210,70835
HHS Region,hhs9,2014,17,1.72456,1.42177,173,222.0,357.0,369,135.0,111,1010,201,71038
HHS Region,hhs9,2014,18,1.63584,1.46427,199,193.0,306.0,400,113.0,107,1012,195,69113
HHS Region,hhs9,2014,19,1.67282,1.47009,181,192.0,318.0,401,126.0,101,1001,192,68091
HHS Region,hhs9,2014,20,1.73996,1.51824,213,207.0,325.0,362,118.0,122,1022,187,67315
HHS Region,hhs9,2014,21,1.93795,1.54174,242,201.0,321.0,344,120.0,106,1013,181,65705
HHS Region,hhs9,2014,22,1.75837,1.47322,215,148.0,258.0,286,110.0,97,856,178,58104
HHS Region,hhs9,2014,23,1.692,1.37623,228,155.0,257.0,275,102.0,69,829,161,60237
HHS Region,hhs9,2014,24,1.66181,1.34124,198,159.0,254.0,267,95.0,77,796,162,59348
HHS Region,hhs9,2014,25,1.56216,1.17455,182,139.0,231.0,203,92.0,68,684,163,58235
HHS Region,hhs9,2014,26,1.57548,1.14896,182,162.0,274.0,196,112.0,65,717,172,62404
HHS Region,hhs9,2014,27,1.58372,1.17021,173,133.0,207.0,175,74.0,65,620,174,52982
HHS Region,hhs9,2014,28,1.32916,1.00013,140,126.0,214.0,179,88.0,86,619,179,61892
HHS Region,hhs9,2014,29,1.34247,1.03081,144,123.0,205.0,177,82.0,96,622,172,60341
HHS Region,hhs9,2014,30,1.16051,0.909137,114,130.0,208.0,137,78.0,83,542,172,59617
HHS Region,hhs9,2014,31,1.1291,0.839907,99,126.0,204.0,136,78.0,71,510,174,60721
HHS Region,hhs9,2014,32,0.96479,0.752706,98,107.0,166.0,120,59.0,61,445,171,59120
HHS Region,hhs9,2014,33,0.983098,0.778349,112,106.0,164.0,127,58.0,54,457,161,58714
HHS Region,hhs9,2014,34,1.07318,0.813008,107,99.0,154.0,177,55.0,67,505,156,62115
HHS Region,hhs9,2014,35,1.21635,1.00159,147,119.0,184.0,247,65.0,46,624,156,62301
HHS Region,hhs9,2014,36,1.45951,1.11671,134,106.0,160.0,267,54.0,57,618,156,55341
HHS Region,hhs9,2014,37,1.69385,1.26092,156,154.0,221.0,369,67.0,65,811,153,64318
HHS Region,hhs9,2014,38,1.72977,1.33987,151,158.0,240.0,396,82.0,80,867,154,64708
HHS Region,hhs9,2014,39,1.64848,1.32254,150,129.0,191.0,380,62.0,65,786,152,59431
HHS Region,hhs9,2014,40,1.79314,1.50153,310,220.0,330.0,577,110.0,112,1329,237,88510
HHS Region,hhs9,2014,41,1.86112,1.54926,335,225.0,343.0,599,118.0,103,1380,246,89075
HHS Region,hhs9,2014,42,1.75594,1.47919,335,236.0,345.0,556,109.0,129,1365,250,92280
HHS Region,hhs9,2014,43,1.71349,1.4221,330,264.0,371.0,557,107.0,86,1344,256,94508
HHS Region,hhs9,2014,44,1.75748,1.46802,356,191.0,302.0,525,111.0,120,1303,261,88759
HHS Region,hhs9,2014,45,2.06486,1.7121,414,236.0,359.0,720,123.0,98,1591,268,92927
HHS Region,hhs9,2014,46,2.07612,1.72713,413,208.0,294.0,604,86.0,111,1422,251,82333
HHS Region,hhs9,2014,47,2.24469,1.84994,455,281.0,424.0,725,143.0,116,1720,272,92976
HHS Region,hhs9,2014,48,2.5211,2.18369,399,248.0,365.0,526,117.0,108,1398,269,64020
HHS Region,hhs9,2014,49,2.25959,1.9515,439,327.0,521.0,717,194.0,133,1810,278,92749
HHS Region,hhs9,2014,50,2.43678,2.15188,464,315.0,499.0,766,184.0,167,1896,272,88109
HHS Region,hhs9,2014,51,2.79274,2.48083,544,357.0,551.0,767,194.0,176,2038,264,82150
HHS Region,hhs9,2014,52,4.26144,3.78475,559,326.0,537.0,619,211.0,198,1913,260,50545
HHS Region,hhs9,2014,53,4.70759,4.37336,632,516.0,828.0,694,312.0,303,2457,260,56181
HHS Region,hhs9,2015,1,4.04087,3.87245,692,711.0,1099.0,1133,388.0,401,3325,263,85863
HHS Region,hhs9,2015,2,4.46735,4.28829,778,728.0,1080.0,1361,352.0,426,3645,252,84999
HHS Region,hhs9,2015,3,5.00536,4.84553,858,695.0,1043.0,1569,348.0,368,3838,254,79207
HHS Region,hhs9,2015,4,5.00751,4.63337,917,654.0,1066.0,1789,412.0,394,4166,262,89913
HHS Region,hhs9,2015,5,4.44297,4.05371,821,586.0,900.0,1564,314.0,335,3620,248,89301
HHS Region,hhs9,2015,6,3.9262,3.63124,766,527.0,770.0,1175,243.0,279,2990,243,82341
HHS Region,hhs9,2015,7,3.43436,3.15139,631,411.0,621.0,980,210.0,227,2459,246,78029
HHS Region,hhs9,2015,8,3.08144,2.78503,533,415.0,655.0,952,240.0,240,2380,249,85457
HHS Region,hhs9,2015,9,2.96042,2.58492,537,397.0,594.0,879,197.0,177,2187,247,84606
HHS Region,hhs9,2015,10,3.00284,2.61581,616,347.0,528.0,894,181.0,210,2248,239,85939
HHS Region,hhs9,2015,11,2.727,2.32656,503,324.0,507.0,742,183.0,187,1939,232,83342
HHS Region,hhs9,2015,12,2.47226,2.02196,430,267.0,466.0,635,199.0,167,1698,238,83978
HHS Region,hhs9,2015,13,2.48584,2.11067,440,273.0,434.0,635,161.0,162,1671,237,79169
HHS Region,hhs9,2015,14,2.27183,1.94265,396,272.0,405.0,573,133.0,145,1519,234,78192
HHS Region,hhs9,2015,15,2.03777,1.77338,346,262.0,401.0,573,139.0,162,1482,237,83569
HHS Region,hhs9,2015,16,1.98383,1.69057,304,226.0,336.0,526,110.0,114,1280,211,75714
HHS Region,hhs9,2015,17,2.03221,1.75809,319,266.0,406.0,555,140.0,112,1392,218,79177
HHS Region,hhs9,2015,18,2.09669,1.79496,341,234.0,359.0,562,125.0,111,1373,216,76492
HHS Region,hhs9,2015,19,2.09063,1.72201,318,227.0,331.0,525,104.0,124,1298,217,75377
HHS Region,hhs9,2015,20,2.0089,1.75298,294,216.0,350.0,447,134.0,69,1160,213,66173
HHS Region,hhs9,2015,21,1.94064,1.62451,264,182.0,287.0,317,105.0,94,962,206,59218
HHS Region,hhs9,2015,22,1.97568,1.56221,243,191.0,309.0,344,118.0,110,1006,186,64396
HHS Region,hhs9,2015,23,1.70672,1.32401,157,182.0,292.0,260,110.0,109,818,187,61782
HHS Region,hhs9,2015,24,1.60863,1.20303,158,142.0,246.0,205,104.0,103,712,185,59184
HHS Region,hhs9,2015,25,1.41003,1.02646,117,146.0,234.0,188,88.0,70,609,181,59330
HHS Region,hhs9,2015,26,1.43039,1.06729,101,126.0,196.0,176,70.0,78,551,180,51626
HHS Region,hhs9,2015,27,1.28213,0.951459,122,116.0,199.0,165,83.0,84,570,181,59908
HHS Region,hhs9,2015,28,1.11639,0.857724,113,100.0,173.0,150,73.0,66,502,179,58527
HHS Region,hhs9,2015,29,0.96374,0.750853,83,106.0,169.0,121,63.0,67,440,177,58600
HHS Region,hhs9,2015,30,0.962723,0.789735,105,101.0,167.0,125,66.0,48,445,169,56348
HHS Region,hhs9,2015,31,0.957826,0.764991,93,97.0,154.0,126,57.0,60,433,173,56602
HHS Region,hhs9,2015,32,1.06719,0.850998,94,128.0,175.0,184,47.0,44,497,176,58402
HHS Region,hhs9,2015,33,1.08806,1.02862,107,131.0,189.0,206,58.0,81,583,174,56678
HHS Region,hhs9,2015,34,1.21307,1.11961,124,121.0,191.0,274,70.0,81,670,177,59842
HHS Region,hhs9,2015,35,1.1754,1.08698,89,124.0,184.0,294,60.0,55,622,165,57223
HHS Region,hhs9,2015,36,0.927354,0.916037,80,60.0,115.0,187,55.0,40,422,166,46068
HHS Region,hhs9,2015,37,1.30703,1.17753,124,119.0,190.0,336,71.0,81,731,178,62079
HHS Region,hhs9,2015,38,1.30231,1.22848,136,111.0,202.0,346,91.0,73,757,172,61621
HHS Region,hhs9,2015,39,1.17311,1.04313,112,91.0,132.0,285,41.0,58,587,160,56273
HHS Region,hhs9,2015,40,1.34537,1.23884,204,176.0,254.0,398,78.0,126,982,225,79268
HHS Region,hhs9,2015,41,1.48977,1.34225,227,189.0,290.0,445,101.0,140,1102,239,82101
HHS Region,hhs9,2015,42,1.43902,1.34442,229,201.0,309.0,499,108.0,124,1161,242,86357
HHS Region,hhs9,2015,43,1.58879,1.51958,250,219.0,331.0,502,112.0,154,1237,250,81404
HHS Region,hhs9,2015,44,1.70585,1.61488,280,209.0,322.0,592,113.0,150,1344,261,83226
HHS Region,hhs9,2015,45,1.73921,1.62788,318,210.0,323.0,526,113.0,169,1336,261,82070
HHS Region,hhs9,2015,46,1.98744,1.78616,373,237.0,364.0,676,127.0,171,1584,261,88682
HHS Region,hhs9,2015,47,2.2437,1.96048,305,233.0,319.0,393,86.0,138,1155,256,58914
HHS Region,hhs9,2015,48,2.00403,1.92103,369,293.0,450.0,623,157.0,197,1639,252,85319
HHS Region,hhs9,2015,49,2.0343,1.95267,341,252.0,423.0,638,171.0,197,1599,251,81888
HHS Region,hhs9,2015,50,2.13484,2.0329,421,264.0,418.0,465,154.0,189,1493,243,73442
HHS Region,hhs9,2015,51,2.80184,2.59693,418,228.0,386.0,352,158.0,195,1351,245,52023
HHS Region,hhs9,2015,52,3.04687,2.65453,407,260.0,420.0,368,160.0,190,1385,230,52175
HHS Region,hhs9,2016,1,2.42695,2.32445,462,389.0,611.0,577,222.0,261,1911,254,82213
HHS Region,hhs9,2016,2,2.40393,2.29848,415,332.0,504.0,726,172.0,227,1872,244,81445
HHS Region,hhs9,2016,3,2.64512,2.54335,479,323.0,491.0,765,168.0,223,1958,236,76985
HHS Region,hhs9,2016,4,2.82762,2.69943,522,412.0,668.0,941,256.0,235,2366,241,87648
HHS Region,hhs9,2016,5,3.24343,3.15159,592,404.0,634.0,1212,230.0,277,2715,242,86147
HHS Region,hhs9,2016,6,3.96877,3.93941,721,602.0,909.0,1550,307.0,323,3503,244,88922
HHS Region,hhs9,2016,7,4.3744,4.24647,667,570.0,891.0,1575,321.0,319,3452,227,81291
HHS Region,hhs9,2016,8,3.92775,3.93984,730,596.0,957.0,1457,361.0,356,3500,237,88836
HHS Region,hhs9,2016,9,3.84237,3.92602,674,631.0,977.0,1553,346.0,341,3545,245,90295
HHS Region,hhs9,2016,10,3.8018,3.72455,565,508.0,794.0,1252,286.0,287,2898,216,77808
HHS Region,hhs9,2016,11,3.33737,3.33765,451,511.0,830.0,963,319.0,309,2553,221,76491
HHS Region,hhs9,2016,12,3.00567,2.82285,414,417.0,671.0,839,254.0,247,2171,237,76908
HHS Region,hhs9,2016,13,2.78509,2.62003,356,324.0,512.0,696,188.0,209,1773,216,67671
HHS Region,hhs9,2016,14,2.2393,2.20425,290,345.0,530.0,743,185.0,222,1785,234,80980
HHS Region,hhs9,2016,15,2.0331,2.0348,268,280.0,444.0,693,164.0,204,1609,224,79074
HHS Region,hhs9,2016,16,1.76124,1.78807,256,244.0,379.0,614,135.0,160,1409,218,78800
HHS Region,hhs9,2016,17,1.74637,1.65094,241,212.0,350.0,545,138.0,152,1288,210,78016
HHS Region,hhs9,2016,18,1.79629,1.66324,215,226.0,330.0,535,104.0,133,1213,204,72930
HHS Region,hhs9,2016,19,1.52741,1.44423,216,206.0,299.0,389,93.0,128,1032,197,71457
HHS Region,hhs9,2016,20,1.49464,1.4201,212,188.0,281.0,329,93.0,131,953,190,67108
HHS Region,hhs9,2016,21,1.38824,1.20968,207,151.0,255.0,315,104.0,108,885,189,73160
HHS Region,hhs9,2016,22,1.31969,1.15929,166,148.0,236.0,233,88.0,78,713,193,61503
HHS Region,hhs9,2016,23,1.30581,1.17075,176,168.0,259.0,258,91.0,99,792,182,67649
HHS Region,hhs9,2016,24,1.21624,1.13069,194,153.0,245.0,196,92.0,105,740,187,65447
HHS Region,hhs9,2016,25,1.07191,0.890253,132,117.0,172.0,192,55.0,87,583,177,65487
HHS Region,hhs9,2016,26,1.14158,1.01078,130,120.0,186.0,185,66.0,83,584,169,57777
HHS Region,hhs9,2016,27,1.09858,0.930485,117,79.0,141.0,145,62.0,77,480,171,51586
HHS Region,hhs9,2016,28,0.960341,0.831977,122,96.0,141.0,162,45.0,81,506,174,60819
HHS Region,hhs9,2016,29,0.88295,0.806131,105,101.0,153.0,152,52.0,77,487,172,60412
HHS Region,hhs9,2016,30,0.798763,0.703896,104,72.0,126.0,141,54.0,65,436,175,61941
HHS Region,hhs9,2016,31,0.793163,0.705136,83,87.0,131.0,140,44.0,66,420,160,59563
HHS Region,hhs9,2016,32,0.777639,0.615061,97,71.0,102.0,118,31.0,40,357,141,58043
HHS Region,hhs9,2016,33,0.889385,0.709185,117,73.0,109.0,161,36.0,41,428,141,60351
HHS Region,hhs9,2016,34,0.960892,0.794936,128,86.0,129.0,200,43.0,34,491,137,61766
HHS Region,hhs9,2016,35,1.21347,1.03876,117,102.0,136.0,305,34.0,42,600,138,57761
HHS Region,hhs9,2016,36,1.21141,0.987106,137,81.0,116.0,240,35.0,36,529,133,53591
HHS Region,hhs9,2016,37,1.46895,1.17404,137,140.0,207.0,349,67.0,50,743,138,63286
HHS Region,hhs9,2016,38,1.53028,1.23638,152,137.0,212.0,361,75.0,49,774,137,62602
HHS Region,hhs9,2016,39,1.45655,1.21419,166,133.0,197.0,393,64.0,53,809,147,66629
HHS Region,hhs9,2016,40,1.2649,1.13983,238,230.0,330.0,433,100.0,108,1109,230,97295
HHS Region,hhs9,2016,41,1.27116,1.08131,239,197.0,305.0,458,108.0,123,1125,238,104040
HHS Region,hhs9,2016,42,1.38253,1.17596,264,209.0,344.0,515,135.0,127,1250,239,106296
HHS Region,hhs9,2016,43,1.44065,1.27548,270,208.0,346.0,513,138.0,138,1267,231,99335
HHS Region,hhs9,2016,44,1.52282,1.39656,314,208.0,318.0,550,110.0,122,1304,231,93372
HHS Region,hhs9,2016,45,1.61895,1.45214,335,219.0,356.0,586,137.0,121,1398,232,96272
HHS Region,hhs9,2016,46,1.6706,1.51483,352,245.0,385.0,677,140.0,153,1567,240,103444
HHS Region,hhs9,2016,47,1.9819,1.74891,322,250.0,379.0,473,129.0,132,1306,232,74675
HHS Region,hhs9,2016,48,1.8794,1.71045,365,322.0,510.0,652,188.0,168,1695,229,99097
HHS Region,hhs9,2016,49,2.03416,1.96066,420,332.0,559.0,698,227.0,203,1880,231,95886
HHS Region,hhs9,2016,50,2.31372,2.12355,470,369.0,590.0,784,221.0,213,2057,230,96866
HHS Region,hhs9,2016,51,2.75818,2.53852,555,371.0,624.0,680,253.0,276,2135,227,84104
HHS Region,hhs9,2016,52,3.30484,2.95641,604,432.0,748.0,609,316.0,351,2312,233,78203
HHS Region,hhs9,2017,1,3.07412,2.77747,613,509.0,849.0,645,340.0,367,2474,239,89074
HHS Region,hhs9,2017,2,2.83778,2.50848,508,501.0,828.0,778,327.0,318,2432,233,96951
HHS Region,hhs9,2017,3,2.68071,2.47549,503,441.0,720.0,818,279.0,279,2320,234,93719
HHS Region,hhs9,2017,4,2.9577,2.6038,581,465.0,750.0,1062,285.0,261,2654,234,101928
HHS Region,hhs9,2017,5,3.03987,2.73707,567,449.0,728.0,1136,279.0,275,2706,226,98865
HHS Region,hhs9,2017,6,2.64082,2.47009,463,379.0,627.0,1075,248.0,290,2455,222,99389
HHS Region,hhs9,2017,7,2.45805,2.24462,441,324.0,540.0,881,216.0,236,2098,212,93468
HHS Region,hhs9,2017,8,2.39562,2.21178,364,364.0,574.0,751,210.0,251,1940,211,87712
HHS Region,hhs9,2017,9,2.21248,2.14368,353,334.0,530.0,858,196.0,300,2041,215,95210
HHS Region,hhs9,2017,10,2.22164,2.07631,373,354.0,565.0,811,211.0,215,1964,214,94591
HHS Region,hhs9,2017,11,2.26591,2.07737,437,337.0,533.0,761,196.0,207,1938,213,93291
HHS Region,hhs9,2017,12,1.97718,1.84069,312,324.0,515.0,669,191.0,214,1710,203,92900
HHS Region,hhs9,2017,13,1.98112,1.85264,305,290.0,462.0,606,172.0,203,1576,199,85068
HHS Region,hhs9,2017,14,1.81326,1.73805,288,266.0,412.0,625,146.0,176,1501,200,86361
HHS Region,hhs9,2017,15,1.61855,1.52279,211,262.0,404.0,496,142.0,172,1283,195,84253
HHS Region,hhs9,2017,16,1.6697,1.58175,254,290.0,443.0,537,153.0,181,1415,200,89458
HHS Region,hhs9,2017,17,1.77963,1.64495,219,239.0,391.0,602,152.0,178,1390,194,84501
HHS Region,hhs9,2017,18,1.56937,1.55815,228,224.0,394.0,556,170.0,164,1342,186,86128
HHS Region,hhs9,2017,19,1.47835,1.42331,162,216.0,319.0,490,103.0,143,1114,181,78268
HHS Region,hhs9,2017,20,1.46965,1.46574,182,231.0,343.0,462,112.0,147,1134,180,77367
HHS Region,hhs9,2017,21,1.443,1.41635,169,221.0,354.0,441,133.0,177,1141,179,80559
HHS Region,hhs9,2017,22,1.42575,1.3656,183,176.0,289.0,298,113.0,135,905,167,66271
HHS Region,hhs9,2017,23,1.54938,1.39075,206,190.0,309.0,370,119.0,151,1036,171,74492
HHS Region,hhs9,2017,24,1.24856,1.15843,175,190.0,300.0,252,110.0,123,850,165,73375
HHS Region,hhs9,2017,25,1.17378,1.01207,138,172.0,257.0,226,85.0,111,732,160,72327
HHS Region,hhs9,2017,26,1.30807,1.10378,148,176.0,261.0,260,85.0,101,770,164,69760
HHS Region,hhs9,2017,27,1.22903,1.04449,109,145.0,245.0,157,100.0,95,606,161,58019
HHS Region,hhs9,2017,28,1.06617,0.924871,109,123.0,205.0,197,82.0,122,633,161,68442
HHS Region,hhs9,2017,29,1.04083,0.937545,93,138.0,236.0,205,98.0,116,650,157,69330
HHS Region,hhs9,2017,30,0.951545,0.879021,98,117.0,201.0,181,84.0,98,578,143,65755
HHS Region,hhs9,2017,31,0.892872,0.844228,104,156.0,215.0,194,59.0,94,607,153,71900
HHS Region,hhs9,2017,32,0.912778,0.822629,110,122.0,179.0,178,57.0,110,577,150,70141
HHS Region,hhs9,2017,33,1.012,0.938131,111,133.0,203.0,213,70.0,110,637,146,67901
HHS Region,hhs9,2017,34,1.26206,1.24832,156,165.0,260.0,456,95.0,119,991,158,79387
HHS Region,hhs9,2017,35,1.28077,1.23948,175,171.0,270.0,439,99.0,116,1000,159,80679
HHS Region,hhs9,2017,36,1.30647,1.1752,140,148.0,222.0,352,74.0,100,814,154,69265
HHS Region,hhs9,2017,37,1.57206,1.43102,186,193.0,285.0,493,92.0,129,1093,165,76379
HHS Region,hhs9,2017,38,1.47989,1.30317,148,184.0,257.0,396,73.0,116,917,151,70367
HHS Region,hhs9,2017,39,1.45307,1.23262,207,155.0,236.0,379,81.0,99,921,152,74719
HHS Region,hhs9,2017,40,1.76737,1.65434,269,267.0,414.0,555,147.0,158,1396,194,84384
HHS Region,hhs9,2017,41,1.55246,1.46569,253,233.0,357.0,477,124.0,150,1237,200,84397
HHS Region,hhs9,2017,42,1.58034,1.48926,250,266.0,418.0,571,152.0,130,1369,214,91925
HHS Region,hhs9,2017,43,1.72695,1.57316,310,272.0,457.0,548,185.0,159,1474,214,93697
HHS Region,hhs9,2017,44,2.01706,1.89993,273,311.0,484.0,680,173.0,181,1618,214,85161
HHS Region,hhs9,2017,45,1.92015,1.76795,280,255.0,418.0,624,163.0,174,1496,213,84618
HHS Region,hhs9,2017,46,2.02108,1.8786,305,307.0,503.0,657,196.0,223,1688,222,89854
HHS Region,hhs9,2017,47,2.17777,1.96093,305,251.0,388.0,443,137.0,157,1293,211,65938
HHS Region,hhs9,2017,48,2.15808,2.09336,346,394.0,619.0,653,225.0,270,1888,219,90190
HHS Region,hhs9,2017,49,2.596,2.42322,397,372.0,607.0,695,235.0,302,2001,214,82576
HHS Region,hhs9,2017,50,3.56156,3.49061,499,603.0,982.0,1105,379.0,431,3017,217,86432
HHS Region,hhs9,2017,51,4.73611,4.49038,630,722.0,1208.0,1214,486.0,580,3632,211,80884
HHS Region,hhs9,2017,52,6.93868,6.31455,705,997.0,1643.0,1125,646.0,886,4359,212,69031
