REGION TYPE,REGION,YEAR,WEEK,% WEIGHTED ILI,%UNWEIGHTED ILI,AGE 0-4,AGE 25-49,AGE 25-64,AGE 5-24,AGE 50-64,AGE 65,ILITOTAL,NUM. OF PROVIDERS,TOTAL PATIENTS
State,ak,2010,40,0.875146,0.875146,,,0,,,,15,7,1714
State,ak,2010,41,1.12827,1.12827,,,0,,,,19,7,1684
State,ak,2010,42,0.586042,0.586042,,,0,,,,11,7,1877
State,ak,2010,43,0.967742,0.967742,,,0,,,,18,8,1860
State,ak,2010,44,0.683851,0.683851,,,0,,,,13,8,1901
State,ak,2010,45,0.951904,0.951904,,,0,,,,19,8,1996
State,ak,2010,46,0.962567,0.962567,,,0,,,,18,7,1870
State,ak,2010,47,0.652316,0.652316,,,0,,,,10,6,1533
State,ak,2010,48,0.45977,0.45977,,,0,,,,8,8,1740
State,ak,2010,49,0.797721,0.797721,,,0,,,,14,8,1755
State,ak,2010,50,1.05581,1.05581,,,0,,,,21,9,1989
State,ak,2010,51,0.852273,0.852273,,,0,,,,15,8,1760
State,ak,2010,52,1.13086,1.13086,,,0,,,,21,8,1857
State,ak,2011,1,0.592593,0.592593,,,0,,,,12,8,2025
State,ak,2011,2,1.48227,1.48227,,,0,,,,28,8,1889
State,ak,2011,3,1.66821,1.66821,,,0,,,,36,9,2158
State,ak,2011,4,1.40127,1.40127,,,0,,,,33,9,2355
State,ak,2011,5,3.67868,3.67868,,,0,,,,49,7,1332
State,ak,2011,6,1.95891,1.95891,,,0,,,,41,8,2093
State,ak,2011,7,4.4316,4.4316,,,0,,,,69,7,1557
State,ak,2011,8,2.93454,2.93454,,,0,,,,65,8,2215
State,ak,2011,9,4.8801,4.8801,,,0,,,,116,8,2377
State,ak,2011,10,3.53371,3.53371,,,0,,,,87,8,2462
State,ak,2011,11,2.68747,2.68747,,,0,,,,62,8,2307
State,ak,2011,12,3.02457,3.02457,,,0,,,,48,6,1587
State,ak,2011,13,2.14376,2.14376,,,0,,,,51,8,2379
State,ak,2011,14,2.2082,2.2082,,,0,,,,49,8,2219
State,ak,2011,15,1.36504,1.36504,,,0,,,,31,8,2271
State,ak,2011,16,1.4123,1.4123,,,0,,,,31,7,2195
State,ak,2011,17,0.854271,0.854271,,,0,,,,17,6,1990
State,ak,2011,18,0.798122,0.798122,,,0,,,,17,7,2130
State,ak,2011,19,0.359712,0.359712,,,0,,,,7,7,1946
State,ak,2011,20,0.306279,0.306279,,,0,,,,6,6,1959
State,ak,2011,21,0.716846,0.716846,,,0,,,,14,6,1953
State,ak,2011,22,0.366492,0.366492,,,0,,,,7,6,1910
State,ak,2011,23,0.601751,0.601751,,,0,,,,11,6,1828
State,ak,2011,24,0.552486,0.552486,,,0,,,,10,6,1810
State,ak,2011,25,0.764192,0.764192,,,0,,,,14,6,1832
State,ak,2011,26,0.559284,0.559284,,,0,,,,10,6,1788
State,ak,2011,27,0.500835,0.500835,,,0,,,,9,6,1797
State,ak,2011,28,0.668896,0.668896,,,0,,,,12,6,1794
State,ak,2011,29,0.31746,0.31746,,,0,,,,6,6,1890
State,ak,2011,30,0.410678,0.410678,,,0,,,,8,6,1948
State,ak,2011,31,0.369393,0.369393,,,0,,,,7,7,1895
State,ak,2011,32,0.488865,0.488865,,,0,,,,9,7,1841
State,ak,2011,33,0.322754,0.322754,,,0,,,,6,7,1859
State,ak,2011,34,0.165107,0.165107,,,0,,,,3,6,1817
State,ak,2011,35,0.913978,0.913978,,,0,,,,17,5,1860
State,ak,2011,36,0.864865,0.864865,,,0,,,,16,5,1850
State,ak,2011,37,0.98242,0.98242,,,0,,,,19,6,1934
State,ak,2011,38,1.22699,1.22699,,,0,,,,24,6,1956
State,ak,2011,39,1.21644,1.21644,,,0,,,,29,7,2384
State,ak,2011,40,1.64913,1.64913,,,0,,,,58,8,3517
State,ak,2011,41,1.50376,1.50376,,,0,,,,38,7,2527
State,ak,2011,42,0.997817,0.997817,,,0,,,,32,8,3207
State,ak,2011,43,0.87007,0.87007,,,0,,,,30,8,3448
State,ak,2011,44,0.74174,0.74174,,,0,,,,11,6,1483
State,ak,2011,45,1.17426,1.17426,,,0,,,,25,7,2129
State,ak,2011,46,0.510204,0.510204,,,0,,,,9,6,1764
State,ak,2011,47,0.578704,0.578704,,,0,,,,10,6,1728
State,ak,2011,48,0.958313,0.958313,,,0,,,,20,7,2087
State,ak,2011,49,0.703235,0.703235,,,0,,,,15,7,2133
State,ak,2011,50,0.564682,0.564682,,,0,,,,11,6,1948
State,ak,2011,51,0.516529,0.516529,,,0,,,,10,6,1936
State,ak,2011,52,0.662252,0.662252,,,0,,,,12,6,1812
State,ak,2012,1,0.696304,0.696304,,,0,,,,13,6,1867
State,ak,2012,2,0.507042,0.507042,,,0,,,,9,6,1775
State,ak,2012,3,0.763775,0.763775,,,0,,,,14,7,1833
State,ak,2012,4,1.49653,1.49653,,,0,,,,28,7,1871
State,ak,2012,5,0.838415,0.838415,,,0,,,,11,6,1312
State,ak,2012,6,0.615822,0.615822,,,0,,,,13,7,2111
State,ak,2012,7,0.360685,0.360685,,,0,,,,8,7,2218
State,ak,2012,8,0.465983,0.465983,,,0,,,,10,7,2146
State,ak,2012,9,0.84482,0.84482,,,0,,,,19,7,2249
State,ak,2012,10,0.636943,0.636943,,,0,,,,13,6,2041
State,ak,2012,11,1.3312,1.3312,,,0,,,,25,6,1878
State,ak,2012,12,1.1358,1.1358,,,0,,,,23,6,2025
State,ak,2012,13,0.920716,0.920716,,,0,,,,18,6,1955
State,ak,2012,14,1.67877,1.67877,,,0,,,,37,7,2204
State,ak,2012,15,2.32058,2.32058,,,0,,,,54,7,2327
State,ak,2012,16,2.19072,2.19072,,,0,,,,51,7,2328
State,ak,2012,17,1.83076,1.83076,,,0,,,,45,7,2458
State,ak,2012,18,1.8611,1.8611,,,0,,,,41,7,2203
State,ak,2012,19,1.47679,1.47679,,,0,,,,35,7,2370
State,ak,2012,20,1.04216,1.04216,,,0,,,,22,6,2111
State,ak,2012,21,0.753546,0.753546,,,0,,,,17,6,2256
State,ak,2012,22,0.522814,0.522814,,,0,,,,11,6,2104
State,ak,2012,23,0.277316,0.277316,,,0,,,,5,5,1803
State,ak,2012,24,0.339559,0.339559,,,0,,,,6,5,1767
State,ak,2012,25,0.268097,0.268097,,,0,,,,5,5,1865
State,ak,2012,26,0.428036,0.428036,,,0,,,,8,5,1869
State,ak,2012,27,0.380435,0.380435,,,0,,,,7,5,1840
State,ak,2012,28,0.326797,0.326797,,,0,,,,6,5,1836
State,ak,2012,29,0.30426,0.30426,,,0,,,,6,5,1972
State,ak,2012,30,0.292398,0.292398,,,0,,,,6,6,2052
State,ak,2012,31,0.262881,0.262881,,,0,,,,5,5,1902
State,ak,2012,32,0.272035,0.272035,,,0,,,,5,5,1838
State,ak,2012,33,0.0980392,0.0980392,,,0,,,,2,5,2040
State,ak,2012,34,0.149775,0.149775,,,0,,,,3,5,2003
State,ak,2012,35,0.150527,0.150527,,,0,,,,3,6,1993
State,ak,2012,36,0.611621,0.611621,,,0,,,,12,6,1962
State,ak,2012,37,0.628627,0.628627,,,0,,,,13,6,2068
State,ak,2012,38,0.229226,0.229226,,,0,,,,4,5,1745
State,ak,2012,39,0.568182,0.568182,,,0,,,,7,5,1232
State,ak,2012,40,1.19893,1.19893,,,0,,,,27,8,2252
State,ak,2012,41,0.847035,0.847035,,,0,,,,17,7,2007
State,ak,2012,42,0.986278,0.986278,,,0,,,,23,9,2332
State,ak,2012,43,1.17493,1.17493,,,0,,,,27,9,2298
State,ak,2012,44,1.37533,1.37533,,,0,,,,31,9,2254
State,ak,2012,45,1.32979,1.32979,,,0,,,,25,8,1880
State,ak,2012,46,1.03704,1.03704,,,0,,,,21,8,2025
State,ak,2012,47,1.66667,1.66667,,,0,,,,38,9,2280
State,ak,2012,48,1.52439,1.52439,,,0,,,,35,9,2296
State,ak,2012,49,1.49953,1.49953,,,0,,,,32,9,2134
State,ak,2012,50,2.81818,2.81818,,,0,,,,62,9,2200
State,ak,2012,51,2.21687,2.21687,,,0,,,,46,9,2075
State,ak,2012,52,4.07855,4.07855,,,0,,,,81,8,1986
State,ak,2013,1,2.16573,2.16573,,,0,,,,46,8,2124
State,ak,2013,2,2.26433,2.26433,,,0,,,,49,9,2164
State,ak,2013,3,2.53279,2.53279,,,0,,,,56,9,2211
State,ak,2013,4,0.979858,0.979858,,,0,,,,18,8,1837
State,ak,2013,5,2.47636,2.47636,,,0,,,,55,9,2221
State,ak,2013,6,1.56726,1.56726,,,0,,,,36,9,2297
State,ak,2013,7,1.04879,1.04879,,,0,,,,23,9,2193
State,ak,2013,8,0.89782,0.89782,,,0,,,,21,9,2339
State,ak,2013,9,1.0296,1.0296,,,0,,,,24,9,2331
State,ak,2013,10,0.57923,0.57923,,,0,,,,14,9,2417
State,ak,2013,11,1.13086,1.13086,,,0,,,,14,7,1238
State,ak,2013,12,1.01351,1.01351,,,0,,,,12,6,1184
State,ak,2013,13,0.91623,0.91623,,,0,,,,14,8,1528
State,ak,2013,14,0.333778,0.333778,,,0,,,,5,7,1498
State,ak,2013,15,0.71475,0.71475,,,0,,,,11,8,1539
State,ak,2013,16,1.31579,1.31579,,,0,,,,22,8,1672
State,ak,2013,17,0.786885,0.786885,,,0,,,,12,8,1525
State,ak,2013,18,0.856164,0.856164,,,0,,,,5,5,584
State,ak,2013,19,0.17301,0.17301,,,0,,,,2,5,1156
State,ak,2013,20,1.13452,1.13452,,,0,,,,7,4,617
State,ak,2013,21,0.600109,0.600109,,,0,,,,11,6,1833
State,ak,2013,22,0.163399,0.163399,,,0,,,,3,6,1836
State,ak,2013,23,0.176991,0.176991,,,0,,,,3,6,1695
State,ak,2013,24,0.123839,0.123839,,,0,,,,2,6,1615
State,ak,2013,25,0.0565291,0.0565291,,,0,,,,1,6,1769
State,ak,2013,26,0.0,0.0,,,0,,,,0,4,1221
State,ak,2013,27,0.0,0.0,,,0,,,,0,4,1196
State,ak,2013,28,0.221076,0.221076,,,0,,,,3,4,1357
State,ak,2013,29,0.212314,0.212314,,,0,,,,4,5,1884
State,ak,2013,30,0.163577,0.163577,,,0,,,,3,5,1834
State,ak,2013,31,0.0521376,0.0521376,,,0,,,,1,5,1918
State,ak,2013,32,0.361228,0.361228,,,0,,,,6,5,1661
State,ak,2013,33,0.279486,0.279486,,,0,,,,5,5,1789
State,ak,2013,34,0.180505,0.180505,,,0,,,,3,4,1662
State,ak,2013,35,0.234742,0.234742,,,0,,,,4,4,1704
State,ak,2013,36,0.369549,0.369549,,,0,,,,5,4,1353
State,ak,2013,37,0.608519,0.608519,,,0,,,,9,4,1479
State,ak,2013,38,0.894454,0.894454,,,0,,,,15,5,1677
State,ak,2013,39,0.517241,0.517241,,,0,,,,9,5,1740
State,ak,2013,40,0.6238,0.6238,,,0,,,,13,9,2084
State,ak,2013,41,0.838926,0.838926,,,0,,,,15,8,1788
State,ak,2013,42,0.655431,0.655431,,,0,,,,14,9,2136
State,ak,2013,43,0.640732,0.640732,,,0,,,,14,9,2185
State,ak,2013,44,0.457666,0.457666,,,0,,,,10,9,2185
State,ak,2013,45,0.563258,0.563258,,,0,,,,13,10,2308
State,ak,2013,46,0.429185,0.429185,,,0,,,,9,10,2097
State,ak,2013,47,0.439883,0.439883,,,0,,,,9,9,2046
State,ak,2013,48,0.321543,0.321543,,,0,,,,6,9,1866
State,ak,2013,49,0.589181,0.589181,,,0,,,,11,9,1867
State,ak,2013,50,1.38122,1.38122,,,0,,,,25,9,1810
State,ak,2013,51,3.22917,3.22917,,,0,,,,62,9,1920
State,ak,2013,52,5.30883,5.30883,,,0,,,,104,8,1959
State,ak,2014,1,3.92749,3.92749,,,0,,,,78,6,1986
State,ak,2014,2,3.4096,3.4096,,,0,,,,76,8,2229
State,ak,2014,3,2.49351,2.49351,,,0,,,,48,8,1925
State,ak,2014,4,1.85097,1.85097,,,0,,,,39,9,2107
State,ak,2014,5,1.86667,1.86667,,,0,,,,42,8,2250
State,ak,2014,6,1.60976,1.60976,,,0,,,,33,8,2050
State,ak,2014,7,1.71518,1.71518,,,0,,,,33,8,1924
State,ak,2014,8,0.664084,0.664084,,,0,,,,12,7,1807
State,ak,2014,9,0.84246,0.84246,,,0,,,,20,9,2374
State,ak,2014,10,0.942588,0.942588,,,0,,,,22,9,2334
State,ak,2014,11,0.452148,0.452148,,,0,,,,6,6,1327
State,ak,2014,12,0.740096,0.740096,,,0,,,,17,9,2297
State,ak,2014,13,0.92233,0.92233,,,0,,,,19,8,2060
State,ak,2014,14,0.868373,0.868373,,,0,,,,19,9,2188
State,ak,2014,15,0.656234,0.656234,,,0,,,,13,8,1981
State,ak,2014,16,0.848256,0.848256,,,0,,,,18,8,2122
State,ak,2014,17,0.735294,0.735294,,,0,,,,17,8,2312
State,ak,2014,18,0.562527,0.562527,,,0,,,,13,7,2311
State,ak,2014,19,0.858369,0.858369,,,0,,,,20,9,2330
State,ak,2014,20,0.255754,0.255754,,,0,,,,3,5,1173
State,ak,2014,21,1.00182,1.00182,,,0,,,,11,6,1098
State,ak,2014,22,0.478469,0.478469,,,0,,,,5,4,1045
State,ak,2014,23,1.66667,1.66667,,,0,,,,9,3,540
State,ak,2014,24,0.155763,0.155763,,,0,,,,1,3,642
State,ak,2014,25,0.347826,0.347826,,,0,,,,2,2,575
State,ak,2014,26,0.0,0.0,,,0,,,,0,2,583
State,ak,2014,27,0.253165,0.253165,,,0,,,,1,2,395
State,ak,2014,28,0.0,0.0,,,0,,,,0,2,579
State,ak,2014,29,0.70922,0.70922,,,0,,,,4,2,564
State,ak,2014,30,0.0,0.0,,,0,,,,0,1,43
State,ak,2014,31,0.153846,0.153846,,,0,,,,1,2,650
State,ak,2014,32,0.0,0.0,,,0,,,,0,2,764
State,ak,2014,33,0.0,0.0,,,0,,,,0,2,678
State,ak,2014,34,0.442478,0.442478,,,0,,,,3,2,678
State,ak,2014,35,0.0,0.0,,,0,,,,0,2,699
State,ak,2014,36,0.0,0.0,,,0,,,,0,2,693
State,ak,2014,37,0.0,0.0,,,0,,,,0,2,700
State,ak,2014,38,0.0,0.0,,,0,,,,0,2,739
State,ak,2014,39,0.572246,0.572246,,,0,,,,4,2,699
State,ak,2014,40,0.437445,0.437445,,,0,,,,5,7,1143
State,ak,2014,41,0.412939,0.412939,,,0,,,,6,8,1453
State,ak,2014,42,0.364631,0.364631,,,0,,,,4,7,1097
State,ak,2014,43,1.54603,1.54603,,,0,,,,22,8,1423
State,ak,2014,44,1.80723,1.80723,,,0,,,,21,7,1162
State,ak,2014,45,3.11448,3.11448,,,0,,,,37,7,1188
State,ak,2014,46,3.14843,3.14843,,,0,,,,42,8,1334
State,ak,2014,47,2.92857,2.92857,,,0,,,,41,8,1400
State,ak,2014,48,2.39852,2.39852,,,0,,,,26,8,1084
State,ak,2014,49,2.12465,2.12465,,,0,,,,30,8,1412
State,ak,2014,50,1.66305,1.66305,,,0,,,,23,8,1383
State,ak,2014,51,2.63425,2.63425,,,0,,,,26,6,987
State,ak,2014,52,2.34542,2.34542,,,0,,,,22,6,938
State,ak,2014,53,2.36626,2.36626,,,0,,,,23,6,972
State,ak,2015,1,0.975177,0.975177,,,0,,,,11,8,1128
State,ak,2015,2,1.03189,1.03189,,,0,,,,11,6,1066
State,ak,2015,3,2.09351,2.09351,,,0,,,,30,8,1433
State,ak,2015,4,0.947522,0.947522,,,0,,,,13,8,1372
State,ak,2015,5,0.992063,0.992063,,,0,,,,15,8,1512
State,ak,2015,6,1.28571,1.28571,,,0,,,,18,8,1400
State,ak,2015,7,0.183318,0.183318,,,0,,,,2,6,1091
State,ak,2015,8,0.523104,0.523104,,,0,,,,6,6,1147
State,ak,2015,9,0.539568,0.539568,,,0,,,,6,6,1112
State,ak,2015,10,0.542005,0.542005,,,0,,,,6,6,1107
State,ak,2015,11,0.0,0.0,,,0,,,,0,6,1271
State,ak,2015,12,0.189934,0.189934,,,0,,,,2,6,1053
State,ak,2015,13,0.44964,0.44964,,,0,,,,5,6,1112
State,ak,2015,14,0.0,0.0,,,0,,,,0,6,1176
State,ak,2015,15,0.313725,0.313725,,,0,,,,4,6,1275
State,ak,2015,16,0.435256,0.435256,,,0,,,,4,5,919
State,ak,2015,17,0.0,0.0,,,0,,,,0,4,670
State,ak,2015,18,0.0,0.0,,,0,,,,0,4,771
State,ak,2015,19,0.588235,0.588235,,,0,,,,4,4,680
State,ak,2015,20,1.06101,1.06101,,,0,,,,8,4,754
State,ak,2015,21,1.40023,1.40023,,,0,,,,12,4,857
State,ak,2015,22,0.490196,0.490196,,,0,,,,2,3,408
State,ak,2015,23,0.0,0.0,,,0,,,,0,3,435
State,ak,2015,24,1.62095,1.62095,,,0,,,,13,4,802
State,ak,2015,25,2.28509,2.28509,,,0,,,,21,4,919
State,ak,2015,26,1.68539,1.68539,,,0,,,,15,4,890
State,ak,2015,27,1.58151,1.58151,,,0,,,,13,4,822
State,ak,2015,28,0.661626,0.661626,,,0,,,,7,5,1058
State,ak,2015,29,0.661626,0.661626,,,0,,,,7,5,1058
State,ak,2015,30,0.681597,0.681597,,,0,,,,7,5,1027
State,ak,2015,31,0.432432,0.432432,,,0,,,,4,5,925
State,ak,2015,32,0.830737,0.830737,,,0,,,,8,5,963
State,ak,2015,33,0.536673,0.536673,,,0,,,,6,6,1118
State,ak,2015,34,0.496278,0.496278,,,0,,,,2,3,403
State,ak,2015,35,1.17096,1.17096,,,0,,,,10,5,854
State,ak,2015,36,1.97183,1.97183,,,0,,,,21,6,1065
State,ak,2015,37,1.08803,1.08803,,,0,,,,11,6,1011
State,ak,2015,38,1.00503,1.00503,,,0,,,,8,5,796
State,ak,2015,39,0.505689,0.505689,,,0,,,,4,5,791
State,ak,2015,40,0.627353,0.627353,,,0,,,,10,7,1594
State,ak,2015,41,1.17302,1.17302,,,0,,,,20,8,1705
State,ak,2015,42,0.982659,0.982659,,,0,,,,17,7,1730
State,ak,2015,43,0.531601,0.531601,,,0,,,,9,7,1693
State,ak,2015,44,0.947867,0.947867,,,0,,,,10,6,1055
State,ak,2015,45,1.1213,1.1213,,,0,,,,11,6,981
State,ak,2015,46,0.715746,0.715746,,,0,,,,7,6,978
State,ak,2015,47,0.721154,0.721154,,,0,,,,6,6,832
State,ak,2015,48,1.32114,1.32114,,,0,,,,13,6,984
State,ak,2015,49,0.596421,0.596421,,,0,,,,6,6,1006
State,ak,2015,50,0.226244,0.226244,,,0,,,,2,6,884
State,ak,2015,51,0.422535,0.422535,,,0,,,,3,5,710
State,ak,2015,52,0.356718,0.356718,,,0,,,,3,6,841
State,ak,2016,1,0.591716,0.591716,,,0,,,,5,5,845
State,ak,2016,2,0.332963,0.332963,,,0,,,,3,6,901
State,ak,2016,3,0.4329,0.4329,,,0,,,,4,6,924
State,ak,2016,4,0.718686,0.718686,,,0,,,,7,6,974
State,ak,2016,5,0.601323,0.601323,,,0,,,,10,7,1663
State,ak,2016,6,1.19976,1.19976,,,0,,,,20,7,1667
State,ak,2016,7,1.698,1.698,,,0,,,,28,7,1649
State,ak,2016,8,1.99413,1.99413,,,0,,,,34,7,1705
State,ak,2016,9,1.92744,1.92744,,,0,,,,34,7,1764
State,ak,2016,10,3.40426,3.40426,,,0,,,,64,7,1880
State,ak,2016,11,5.73435,5.73435,,,0,,,,98,7,1709
State,ak,2016,12,4.15598,4.15598,,,0,,,,81,7,1949
State,ak,2016,13,4.42248,4.42248,,,0,,,,85,7,1922
State,ak,2016,14,3.68609,3.68609,,,0,,,,62,6,1682
State,ak,2016,15,2.78207,2.78207,,,0,,,,36,5,1294
State,ak,2016,16,3.55731,3.55731,,,0,,,,54,6,1518
State,ak,2016,17,2.23881,2.23881,,,0,,,,33,6,1474
State,ak,2016,18,2.04473,2.04473,,,0,,,,32,6,1565
State,ak,2016,19,1.03474,1.03474,,,0,,,,14,5,1353
State,ak,2016,20,3.39847,3.39847,,,0,,,,40,4,1177
State,ak,2016,21,0.544588,0.544588,,,0,,,,8,5,1469
State,ak,2016,22,0.547945,0.547945,,,0,,,,6,4,1095
State,ak,2016,23,0.436681,0.436681,,,0,,,,5,4,1145
State,ak,2016,24,0.56391,0.56391,,,0,,,,6,4,1064
State,ak,2016,25,0.205198,0.205198,,,0,,,,3,5,1462
State,ak,2016,26,0.186567,0.186567,,,0,,,,2,4,1072
State,ak,2016,27,0.520833,0.520833,,,0,,,,7,5,1344
State,ak,2016,28,0.260417,0.260417,,,0,,,,3,4,1152
State,ak,2016,29,0.252313,0.252313,,,0,,,,3,4,1189
State,ak,2016,30,0.512821,0.512821,,,0,,,,6,4,1170
State,ak,2016,31,0.586756,0.586756,,,0,,,,7,4,1193
State,ak,2016,32,0.577082,0.577082,,,0,,,,7,4,1213
State,ak,2016,33,0.514139,0.514139,,,0,,,,8,5,1556
State,ak,2016,34,0.64,0.64,,,0,,,,8,4,1250
State,ak,2016,35,1.24611,1.24611,,,0,,,,8,4,642
State,ak,2016,36,0.973394,0.973394,,,0,,,,15,5,1541
State,ak,2016,37,0.918033,0.918033,,,0,,,,14,5,1525
State,ak,2016,38,1.15865,1.15865,,,0,,,,13,4,1122
State,ak,2016,39,1.24777,1.24777,,,0,,,,14,4,1122
State,ak,2016,40,0.940228,0.940228,,,0,,,,14,6,1489
State,ak,2016,41,1.15681,1.15681,,,0,,,,18,5,1556
State,ak,2016,42,0.501792,0.501792,,,0,,,,7,6,1395
State,ak,2016,43,0.816327,0.816327,,,0,,,,12,6,1470
State,ak,2016,44,0.533689,0.533689,,,0,,,,8,6,1499
State,ak,2016,45,0.802469,0.802469,,,0,,,,13,6,1620
State,ak,2016,46,1.1215,1.1215,,,0,,,,18,6,1605
State,ak,2016,47,1.00077,1.00077,,,0,,,,13,6,1299
State,ak,2016,48,1.10894,1.10894,,,0,,,,17,6,1533
State,ak,2016,49,0.70373,0.70373,,,0,,,,10,6,1421
State,ak,2016,50,0.683995,0.683995,,,0,,,,10,6,1462
State,ak,2016,51,1.27688,1.27688,,,0,,,,19,6,1488
State,ak,2016,52,1.60226,1.60226,,,0,,,,17,5,1061
State,ak,2017,1,0.8519,0.8519,,,0,,,,13,6,1526
State,ak,2017,2,2.96077,2.96077,,,0,,,,40,6,1351
State,ak,2017,3,1.9661,1.9661,,,0,,,,29,6,1475
State,ak,2017,4,1.91713,1.91713,,,0,,,,31,6,1617
State,ak,2017,5,2.29153,2.29153,,,0,,,,36,6,1571
State,ak,2017,6,3.71517,3.71517,,,0,,,,60,6,1615
State,ak,2017,7,4.28744,4.28744,,,0,,,,71,6,1656
State,ak,2017,8,3.76276,3.76276,,,0,,,,59,6,1568
State,ak,2017,9,3.52423,3.52423,,,0,,,,56,6,1589
State,ak,2017,10,1.7407,1.7407,,,0,,,,29,6,1666
State,ak,2017,11,2.35988,2.35988,,,0,,,,40,6,1695
State,ak,2017,12,2.5196,2.5196,,,0,,,,45,6,1786
State,ak,2017,13,4.30168,4.30168,,,0,,,,77,6,1790
State,ak,2017,14,3.85832,3.85832,,,0,,,,61,5,1581
State,ak,2017,15,3.24983,3.24983,,,0,,,,48,5,1477
State,ak,2017,16,2.41503,2.41503,,,0,,,,27,4,1118
State,ak,2017,17,1.68011,1.68011,,,0,,,,25,5,1488
State,ak,2017,18,2.75168,2.75168,,,0,,,,41,5,1490
State,ak,2017,19,1.36298,1.36298,,,0,,,,19,5,1394
State,ak,2017,20,1.162,1.162,,,0,,,,17,5,1463
State,ak,2017,21,0.818554,0.818554,,,0,,,,12,5,1466
State,ak,2017,22,0.772472,0.772472,,,0,,,,11,5,1424
State,ak,2017,23,0.98661,0.98661,,,0,,,,14,5,1419
State,ak,2017,24,0.479781,0.479781,,,0,,,,7,5,1459
State,ak,2017,25,1.77736,1.77736,,,0,,,,19,4,1069
State,ak,2017,26,0.434783,0.434783,,,0,,,,5,3,1150
State,ak,2017,27,0.482625,0.482625,,,0,,,,5,4,1036
State,ak,2017,28,0.694444,0.694444,,,0,,,,8,4,1152
State,ak,2017,29,0.0,0.0,,,0,,,,0,4,1153
State,ak,2017,30,0.0,0.0,,,0,,,,0,4,1227
State,ak,2017,31,0.990099,0.990099,,,0,,,,11,4,1111
State,ak,2017,32,0.686342,0.686342,,,0,,,,10,5,1457
State,ak,2017,33,0.491573,0.491573,,,0,,,,7,5,1424
State,ak,2017,34,0.751366,0.751366,,,0,,,,11,5,1464
State,ak,2017,35,1.03806,1.03806,,,0,,,,15,5,1445
State,ak,2017,36,1.60056,1.60056,,,0,,,,23,5,1437
State,ak,2017,37,1.92308,1.92308,,,0,,,,28,5,1456
State,ak,2017,38,2.03224,2.03224,,,0,,,,29,5,1427
State,ak,2017,39,1.7673,1.7673,,,0,,,,24,5,1358
State,ak,2017,40,2.72675,2.72675,,,0,,,,141,17,5171
State,ak,2017,41,2.74487,2.74487,,,0,,,,139,17,5064
State,ak,2017,42,3.72405,3.72405,,,0,,,,183,16,4914
State,ak,2017,43,3.28407,3.28407,,,0,,,,160,17,4872
State,ak,2017,44,2.76712,2.76712,,,0,,,,137,17,4951
State,ak,2017,45,2.97049,2.97049,,,0,,,,149,17,5016
State,ak,2017,46,3.41268,3.41268,,,0,,,,162,17,4747
State,ak,2017,47,3.45056,3.45056,,,0,,,,156,16,4521
State,ak,2017,48,3.70826,3.70826,,,0,,,,181,17,4881
State,ak,2017,49,4.16396,4.16396,,,0,,,,192,15,4611
State,ak,2017,50,3.89239,3.89239,,,0,,,,204,17,5241
State,ak,2017,51,4.10418,4.10418,,,0,,,,208,17,5068
State,ak,2017,52,4.62,4.62,,,0,,,,231,17,5000
State,al,2010,40,2.13477,2.13477,,,0,,,,249,35,11664
State,al,2010,41,2.05999,2.05999,,,0,,,,239,31,11602
State,al,2010,42,1.94224,1.94224,,,0,,,,232,33,11945
State,al,2010,43,2.2765,2.2765,,,0,,,,274,36,12036
State,al,2010,44,2.83371,2.83371,,,0,,,,342,35,12069
State,al,2010,45,3.46224,3.46224,,,0,,,,419,34,12102
State,al,2010,46,3.53248,3.53248,,,0,,,,434,33,12286
State,al,2010,47,4.27655,4.27655,,,0,,,,360,33,8418
State,al,2010,48,4.44043,4.44043,,,0,,,,467,35,10517
State,al,2010,49,5.81097,5.81097,,,0,,,,656,37,11289
State,al,2010,50,10.4359,10.4359,,,0,,,,1245,36,11930
State,al,2010,51,13.0878,13.0878,,,0,,,,1297,36,9910
State,al,2010,52,11.6592,11.6592,,,0,,,,1274,38,10927
State,al,2011,1,9.73755,9.73755,,,0,,,,1191,37,12231
State,al,2011,2,11.944,11.944,,,0,,,,1195,38,10005
State,al,2011,3,13.1063,13.1063,,,0,,,,1624,38,12391
State,al,2011,4,14.7376,14.7376,,,0,,,,1938,39,13150
State,al,2011,5,12.5984,12.5984,,,0,,,,1504,36,11938
State,al,2011,6,11.5078,11.5078,,,0,,,,1586,38,13782
State,al,2011,7,11.9696,11.9696,,,0,,,,1450,35,12114
State,al,2011,8,9.67196,9.67196,,,0,,,,1200,33,12407
State,al,2011,9,6.80203,6.80203,,,0,,,,737,32,10835
State,al,2011,10,5.82572,5.82572,,,0,,,,593,30,10179
State,al,2011,11,4.04606,4.04606,,,0,,,,390,29,9639
State,al,2011,12,3.43834,3.43834,,,0,,,,334,29,9714
State,al,2011,13,3.17374,3.17374,,,0,,,,291,28,9169
State,al,2011,14,2.74659,2.74659,,,0,,,,252,27,9175
State,al,2011,15,2.67592,2.67592,,,0,,,,189,24,7063
State,al,2011,16,2.76866,2.76866,,,0,,,,194,24,7007
State,al,2011,17,3.28311,3.28311,,,0,,,,207,23,6305
State,al,2011,18,3.00455,3.00455,,,0,,,,198,21,6590
State,al,2011,19,2.64628,2.64628,,,0,,,,180,22,6802
State,al,2011,20,2.46441,2.46441,,,0,,,,161,21,6533
State,al,2011,21,2.72831,2.72831,,,0,,,,167,21,6121
State,al,2011,22,2.54511,2.54511,,,0,,,,134,19,5265
State,al,2011,23,2.38925,2.38925,,,0,,,,144,19,6027
State,al,2011,24,2.51859,2.51859,,,0,,,,149,19,5916
State,al,2011,25,1.79372,1.79372,,,0,,,,96,18,5352
State,al,2011,26,2.36038,2.36038,,,0,,,,112,17,4745
State,al,2011,27,1.84216,1.84216,,,0,,,,88,17,4777
State,al,2011,28,1.88256,1.88256,,,0,,,,109,17,5790
State,al,2011,29,1.3618,1.3618,,,0,,,,74,16,5434
State,al,2011,30,1.3122,1.3122,,,0,,,,77,17,5868
State,al,2011,31,0.340219,0.340219,,,0,,,,14,14,4115
State,al,2011,32,1.79206,1.79206,,,0,,,,111,18,6194
State,al,2011,33,2.1645,2.1645,,,0,,,,130,18,6006
State,al,2011,34,2.3037,2.3037,,,0,,,,142,17,6164
State,al,2011,35,2.34438,2.34438,,,0,,,,145,16,6185
State,al,2011,36,3.44828,3.44828,,,0,,,,181,17,5249
State,al,2011,37,3.55951,3.55951,,,0,,,,224,18,6293
State,al,2011,38,3.38738,3.38738,,,0,,,,234,21,6908
State,al,2011,39,3.46445,3.46445,,,0,,,,229,19,6610
State,al,2011,40,2.49486,2.49486,,,0,,,,267,28,10702
State,al,2011,41,2.82808,2.82808,,,0,,,,317,29,11209
State,al,2011,42,3.4254,3.4254,,,0,,,,315,26,9196
State,al,2011,43,3.83396,3.83396,,,0,,,,387,28,10094
State,al,2011,44,3.79415,3.79415,,,0,,,,362,27,9541
State,al,2011,45,4.19269,4.19269,,,0,,,,396,28,9445
State,al,2011,46,3.28321,3.28321,,,0,,,,286,26,8711
State,al,2011,47,4.25935,4.25935,,,0,,,,337,27,7912
State,al,2011,48,3.32254,3.32254,,,0,,,,318,28,9571
State,al,2011,49,4.55241,4.55241,,,0,,,,387,25,8501
State,al,2011,50,4.85437,4.85437,,,0,,,,425,28,8755
State,al,2011,51,5.43074,5.43074,,,0,,,,394,26,7255
State,al,2011,52,5.80195,5.80195,,,0,,,,416,26,7170
State,al,2012,1,4.61064,4.61064,,,0,,,,389,28,8437
State,al,2012,2,4.90335,4.90335,,,0,,,,449,26,9157
State,al,2012,3,5.7911,5.7911,,,0,,,,545,27,9411
State,al,2012,4,6.26227,6.26227,,,0,,,,606,27,9677
State,al,2012,5,6.59096,6.59096,,,0,,,,650,27,9862
State,al,2012,6,6.43108,6.43108,,,0,,,,697,28,10838
State,al,2012,7,6.75035,6.75035,,,0,,,,726,28,10755
State,al,2012,8,6.07355,6.07355,,,0,,,,654,27,10768
State,al,2012,9,6.24526,6.24526,,,0,,,,577,27,9239
State,al,2012,10,6.25613,6.25613,,,0,,,,574,26,9175
State,al,2012,11,5.94763,5.94763,,,0,,,,552,25,9281
State,al,2012,12,4.58877,4.58877,,,0,,,,366,24,7976
State,al,2012,13,4.43559,4.43559,,,0,,,,334,25,7530
State,al,2012,14,3.89306,3.89306,,,0,,,,316,25,8117
State,al,2012,15,3.75332,3.75332,,,0,,,,297,25,7913
State,al,2012,16,4.34298,4.34298,,,0,,,,351,24,8082
State,al,2012,17,4.44388,4.44388,,,0,,,,350,22,7876
State,al,2012,18,4.74534,4.74534,,,0,,,,341,20,7186
State,al,2012,19,4.27042,4.27042,,,0,,,,331,21,7751
State,al,2012,20,5.21549,5.21549,,,0,,,,357,20,6845
State,al,2012,21,3.83966,3.83966,,,0,,,,250,19,6511
State,al,2012,22,4.1884,4.1884,,,0,,,,257,19,6136
State,al,2012,23,4.56501,4.56501,,,0,,,,244,17,5345
State,al,2012,24,3.64437,3.64437,,,0,,,,207,18,5680
State,al,2012,25,1.05795,1.05795,,,0,,,,44,17,4159
State,al,2012,26,3.61162,3.61162,,,0,,,,199,17,5510
State,al,2012,27,3.61815,3.61815,,,0,,,,177,17,4892
State,al,2012,28,3.42731,3.42731,,,0,,,,186,17,5427
State,al,2012,29,3.02515,3.02515,,,0,,,,160,16,5289
State,al,2012,30,3.19846,3.19846,,,0,,,,166,16,5190
State,al,2012,31,3.32887,3.32887,,,0,,,,174,16,5227
State,al,2012,32,2.69509,2.69509,,,0,,,,153,16,5677
State,al,2012,33,3.37965,3.37965,,,0,,,,197,15,5829
State,al,2012,34,4.09013,4.09013,,,0,,,,216,15,5281
State,al,2012,35,4.86064,4.86064,,,0,,,,286,15,5884
State,al,2012,36,4.88327,4.88327,,,0,,,,274,16,5611
State,al,2012,37,5.23432,5.23432,,,0,,,,277,15,5292
State,al,2012,38,4.4622,4.4622,,,0,,,,268,16,6006
State,al,2012,39,4.94924,4.94924,,,0,,,,312,18,6304
State,al,2012,40,1.49404,1.49404,,,0,,,,238,39,15930
State,al,2012,41,1.98826,1.98826,,,0,,,,288,34,14485
State,al,2012,42,1.70858,1.70858,,,0,,,,265,35,15510
State,al,2012,43,1.564,1.564,,,0,,,,261,36,16688
State,al,2012,44,1.71254,1.71254,,,0,,,,275,35,16058
State,al,2012,45,2.11597,2.11597,,,0,,,,335,34,15832
State,al,2012,46,3.00274,3.00274,,,0,,,,482,35,16052
State,al,2012,47,5.24099,5.24099,,,0,,,,647,33,12345
State,al,2012,48,5.29602,5.29602,,,0,,,,916,35,17296
State,al,2012,49,8.76414,8.76414,,,0,,,,1480,33,16887
State,al,2012,50,9.77209,9.77209,,,0,,,,1595,32,16322
State,al,2012,51,10.3316,10.3316,,,0,,,,1508,29,14596
State,al,2012,52,12.1174,12.1174,,,0,,,,1263,29,10423
State,al,2013,1,7.66104,7.66104,,,0,,,,867,29,11317
State,al,2013,2,7.4161,7.4161,,,0,,,,1074,29,14482
State,al,2013,3,5.90845,5.90845,,,0,,,,799,29,13523
State,al,2013,4,4.76343,4.76343,,,0,,,,593,26,12449
State,al,2013,5,4.46756,4.46756,,,0,,,,597,28,13363
State,al,2013,6,3.86127,3.86127,,,0,,,,511,26,13234
State,al,2013,7,4.12844,4.12844,,,0,,,,531,28,12862
State,al,2013,8,3.0586,3.0586,,,0,,,,393,27,12849
State,al,2013,9,3.39632,3.39632,,,0,,,,408,25,12013
State,al,2013,10,3.19473,3.19473,,,0,,,,398,25,12458
State,al,2013,11,3.33361,3.33361,,,0,,,,397,23,11909
State,al,2013,12,3.89456,3.89456,,,0,,,,427,25,10964
State,al,2013,13,2.08523,2.08523,,,0,,,,229,24,10982
State,al,2013,14,1.90824,1.90824,,,0,,,,225,24,11791
State,al,2013,15,1.19202,1.19202,,,0,,,,129,21,10822
State,al,2013,16,1.10686,1.10686,,,0,,,,110,20,9938
State,al,2013,17,0.660815,0.660815,,,0,,,,67,19,10139
State,al,2013,18,0.739447,0.739447,,,0,,,,72,20,9737
State,al,2013,19,0.677577,0.677577,,,0,,,,65,20,9593
State,al,2013,20,0.597222,0.597222,,,0,,,,43,18,7200
State,al,2013,21,0.803646,0.803646,,,0,,,,67,19,8337
State,al,2013,22,0.522759,0.522759,,,0,,,,41,19,7843
State,al,2013,23,0.382433,0.382433,,,0,,,,31,18,8106
State,al,2013,24,0.42735,0.42735,,,0,,,,34,17,7956
State,al,2013,25,0.598395,0.598395,,,0,,,,44,17,7353
State,al,2013,26,0.396983,0.396983,,,0,,,,30,18,7557
State,al,2013,27,0.228945,0.228945,,,0,,,,14,17,6115
State,al,2013,28,0.246689,0.246689,,,0,,,,19,18,7702
State,al,2013,29,0.285963,0.285963,,,0,,,,23,18,8043
State,al,2013,30,0.401091,0.401091,,,0,,,,25,16,6233
State,al,2013,31,0.416287,0.416287,,,0,,,,32,16,7687
State,al,2013,32,0.318121,0.318121,,,0,,,,26,18,8173
State,al,2013,33,0.307495,0.307495,,,0,,,,24,15,7805
State,al,2013,34,0.420382,0.420382,,,0,,,,33,16,7850
State,al,2013,35,0.449848,0.449848,,,0,,,,37,16,8225
State,al,2013,36,0.794538,0.794538,,,0,,,,64,17,8055
State,al,2013,37,0.73914,0.73914,,,0,,,,65,17,8794
State,al,2013,38,0.665083,0.665083,,,0,,,,56,16,8420
State,al,2013,39,1.55075,1.55075,,,0,,,,132,17,8512
State,al,2013,40,1.59044,1.59044,,,0,,,,201,27,12638
State,al,2013,41,1.71352,1.71352,,,0,,,,217,29,12664
State,al,2013,42,1.58193,1.58193,,,0,,,,243,30,15361
State,al,2013,43,3.05901,3.05901,,,0,,,,452,30,14776
State,al,2013,44,2.89768,2.89768,,,0,,,,435,31,15012
State,al,2013,45,3.31035,3.31035,,,0,,,,509,32,15376
State,al,2013,46,3.30741,3.30741,,,0,,,,506,32,15299
State,al,2013,47,3.76957,3.76957,,,0,,,,585,32,15519
State,al,2013,48,3.86408,3.86408,,,0,,,,398,31,10300
State,al,2013,49,5.90269,5.90269,,,0,,,,939,32,15908
State,al,2013,50,6.3419,6.3419,,,0,,,,854,30,13466
State,al,2013,51,7.01148,7.01148,,,0,,,,892,30,12722
State,al,2013,52,7.46047,7.46047,,,0,,,,755,28,10120
State,al,2014,1,6.91366,6.91366,,,0,,,,808,29,11687
State,al,2014,2,5.12425,5.12425,,,0,,,,598,29,11670
State,al,2014,3,4.12286,4.12286,,,0,,,,451,27,10939
State,al,2014,4,4.90589,4.90589,,,0,,,,576,29,11741
State,al,2014,5,4.19172,4.19172,,,0,,,,467,29,11141
State,al,2014,6,3.62115,3.62115,,,0,,,,437,28,12068
State,al,2014,7,3.06381,3.06381,,,0,,,,230,24,7507
State,al,2014,8,1.96498,1.96498,,,0,,,,239,27,12163
State,al,2014,9,2.17243,2.17243,,,0,,,,223,25,10265
State,al,2014,10,1.99863,1.99863,,,0,,,,204,24,10207
State,al,2014,11,1.75817,1.75817,,,0,,,,163,23,9271
State,al,2014,12,1.44337,1.44337,,,0,,,,131,24,9076
State,al,2014,13,1.40019,1.40019,,,0,,,,105,24,7499
State,al,2014,14,0.983607,0.983607,,,0,,,,81,21,8235
State,al,2014,15,0.993455,0.993455,,,0,,,,85,22,8556
State,al,2014,16,1.3658,1.3658,,,0,,,,115,22,8420
State,al,2014,17,1.56836,1.56836,,,0,,,,138,22,8799
State,al,2014,18,1.35659,1.35659,,,0,,,,105,20,7740
State,al,2014,19,1.45459,1.45459,,,0,,,,119,19,8181
State,al,2014,20,1.52174,1.52174,,,0,,,,119,19,7820
State,al,2014,21,1.48944,1.48944,,,0,,,,115,19,7721
State,al,2014,22,1.12015,1.12015,,,0,,,,73,18,6517
State,al,2014,23,1.26949,1.26949,,,0,,,,92,16,7247
State,al,2014,24,1.31662,1.31662,,,0,,,,83,15,6304
State,al,2014,25,0.935829,0.935829,,,0,,,,56,17,5984
State,al,2014,26,0.923861,0.923861,,,0,,,,58,17,6278
State,al,2014,27,0.907477,0.907477,,,0,,,,46,17,5069
State,al,2014,28,0.728079,0.728079,,,0,,,,46,17,6318
State,al,2014,29,0.758799,0.758799,,,0,,,,47,16,6194
State,al,2014,30,0.881921,0.881921,,,0,,,,54,17,6123
State,al,2014,31,0.648324,0.648324,,,0,,,,41,17,6324
State,al,2014,32,1.0201,1.0201,,,0,,,,68,17,6666
State,al,2014,33,1.28946,1.28946,,,0,,,,87,17,6747
State,al,2014,34,1.56935,1.56935,,,0,,,,111,17,7073
State,al,2014,35,1.71348,1.71348,,,0,,,,122,16,7120
State,al,2014,36,1.81736,1.81736,,,0,,,,120,17,6603
State,al,2014,37,1.75595,1.75595,,,0,,,,118,15,6720
State,al,2014,38,2.12647,2.12647,,,0,,,,152,17,7148
State,al,2014,39,2.04542,2.04542,,,0,,,,136,15,6649
State,al,2014,40,1.73174,1.73174,,,0,,,,220,26,12704
State,al,2014,41,2.06627,2.06627,,,0,,,,270,27,13067
State,al,2014,42,1.73504,1.73504,,,0,,,,214,28,12334
State,al,2014,43,1.8387,1.8387,,,0,,,,246,28,13379
State,al,2014,44,2.11822,2.11822,,,0,,,,253,28,11944
State,al,2014,45,2.5133,2.5133,,,0,,,,274,26,10902
State,al,2014,46,3.95533,3.95533,,,0,,,,510,28,12894
State,al,2014,47,5.70089,5.70089,,,0,,,,693,28,12156
State,al,2014,48,7.26216,7.26216,,,0,,,,600,25,8262
State,al,2014,49,5.01346,5.01346,,,0,,,,447,26,8916
State,al,2014,50,10.1072,10.1072,,,0,,,,1216,27,12031
State,al,2014,51,15.3305,15.3305,,,0,,,,1830,27,11937
State,al,2014,52,19.4177,19.4177,,,0,,,,1714,24,8827
State,al,2014,53,11.2212,11.2212,,,0,,,,1008,24,8983
State,al,2015,1,5.42916,5.42916,,,0,,,,525,23,9670
State,al,2015,2,8.25184,8.25184,,,0,,,,886,23,10737
State,al,2015,3,9.66053,9.66053,,,0,,,,1033,24,10693
State,al,2015,4,8.53614,8.53614,,,0,,,,933,23,10930
State,al,2015,5,8.2831,8.2831,,,0,,,,797,22,9622
State,al,2015,6,8.414,8.414,,,0,,,,791,21,9401
State,al,2015,7,6.0343,6.0343,,,0,,,,556,22,9214
State,al,2015,8,5.52358,5.52358,,,0,,,,451,20,8165
State,al,2015,9,5.87052,5.87052,,,0,,,,496,22,8449
State,al,2015,10,4.71464,4.71464,,,0,,,,418,20,8866
State,al,2015,11,3.90324,3.90324,,,0,,,,334,20,8557
State,al,2015,12,2.79083,2.79083,,,0,,,,196,18,7023
State,al,2015,13,1.97849,1.97849,,,0,,,,138,19,6975
State,al,2015,14,1.78527,1.78527,,,0,,,,145,18,8122
State,al,2015,15,1.65746,1.65746,,,0,,,,126,18,7602
State,al,2015,16,1.53061,1.53061,,,0,,,,108,14,7056
State,al,2015,17,1.42085,1.42085,,,0,,,,92,14,6475
State,al,2015,18,1.33359,1.33359,,,0,,,,70,13,5249
State,al,2015,19,1.87775,1.87775,,,0,,,,94,12,5006
State,al,2015,20,1.55815,1.55815,,,0,,,,56,12,3594
State,al,2015,21,0.793861,0.793861,,,0,,,,30,13,3779
State,al,2015,22,0.959342,0.959342,,,0,,,,42,13,4378
State,al,2015,23,1.01034,1.01034,,,0,,,,42,13,4157
State,al,2015,24,1.00705,1.00705,,,0,,,,40,12,3972
State,al,2015,25,0.626204,0.626204,,,0,,,,26,12,4152
State,al,2015,26,0.619933,0.619933,,,0,,,,13,12,2097
State,al,2015,27,0.685871,0.685871,,,0,,,,30,12,4374
State,al,2015,28,1.06977,1.06977,,,0,,,,46,13,4300
State,al,2015,29,0.613358,0.613358,,,0,,,,27,14,4402
State,al,2015,30,0.596125,0.596125,,,0,,,,28,13,4697
State,al,2015,31,0.775031,0.775031,,,0,,,,37,13,4774
State,al,2015,32,1.07184,1.07184,,,0,,,,47,12,4385
State,al,2015,33,1.23869,1.23869,,,0,,,,63,13,5086
State,al,2015,34,1.19769,1.19769,,,0,,,,85,14,7097
State,al,2015,35,1.05548,1.05548,,,0,,,,74,14,7011
State,al,2015,36,0.871632,0.871632,,,0,,,,66,16,7572
State,al,2015,37,1.25708,1.25708,,,0,,,,71,13,5648
State,al,2015,38,1.64931,1.64931,,,0,,,,95,15,5760
State,al,2015,39,2.15379,2.15379,,,0,,,,128,14,5943
State,al,2015,40,2.58875,2.58875,,,0,,,,272,28,10507
State,al,2015,41,2.48819,2.48819,,,0,,,,258,28,10369
State,al,2015,42,2.31635,2.31635,,,0,,,,251,29,10836
State,al,2015,43,2.19702,2.19702,,,0,,,,279,26,12699
State,al,2015,44,2.31715,2.31715,,,0,,,,313,28,13508
State,al,2015,45,2.20919,2.20919,,,0,,,,290,30,13127
State,al,2015,46,2.64504,2.64504,,,0,,,,305,30,11531
State,al,2015,47,3.50323,3.50323,,,0,,,,255,26,7279
State,al,2015,48,2.45363,2.45363,,,0,,,,295,27,12023
State,al,2015,49,2.76306,2.76306,,,0,,,,339,26,12269
State,al,2015,50,3.1391,3.1391,,,0,,,,334,25,10640
State,al,2015,51,3.28583,3.28583,,,0,,,,249,26,7578
State,al,2015,52,2.88941,2.88941,,,0,,,,220,23,7614
State,al,2016,1,2.77095,2.77095,,,0,,,,293,22,10574
State,al,2016,2,2.79062,2.79062,,,0,,,,350,27,12542
State,al,2016,3,3.24173,3.24173,,,0,,,,394,28,12154
State,al,2016,4,3.15247,3.15247,,,0,,,,416,27,13196
State,al,2016,5,3.24061,3.24061,,,0,,,,332,24,10245
State,al,2016,6,3.12853,3.12853,,,0,,,,332,27,10612
State,al,2016,7,3.89068,3.89068,,,0,,,,484,27,12440
State,al,2016,8,4.39855,4.39855,,,0,,,,509,23,11572
State,al,2016,9,5.47097,5.47097,,,0,,,,521,24,9523
State,al,2016,10,6.55058,6.55058,,,0,,,,632,24,9648
State,al,2016,11,4.98188,4.98188,,,0,,,,440,23,8832
State,al,2016,12,5.03734,5.03734,,,0,,,,398,22,7901
State,al,2016,13,5.4502,5.4502,,,0,,,,388,22,7119
State,al,2016,14,4.41285,4.41285,,,0,,,,360,23,8158
State,al,2016,15,3.62936,3.62936,,,0,,,,311,22,8569
State,al,2016,16,3.92021,3.92021,,,0,,,,340,22,8673
State,al,2016,17,3.10614,3.10614,,,0,,,,247,22,7952
State,al,2016,18,2.54817,2.54817,,,0,,,,201,24,7888
State,al,2016,19,2.51917,2.51917,,,0,,,,161,22,6391
State,al,2016,20,2.69975,2.69975,,,0,,,,173,22,6408
State,al,2016,21,2.23771,2.23771,,,0,,,,122,22,5452
State,al,2016,22,1.92926,1.92926,,,0,,,,84,19,4354
State,al,2016,23,1.64923,1.64923,,,0,,,,93,21,5639
State,al,2016,24,1.18132,1.18132,,,0,,,,63,21,5333
State,al,2016,25,1.23199,1.23199,,,0,,,,59,19,4789
State,al,2016,26,1.09025,1.09025,,,0,,,,54,20,4953
State,al,2016,27,1.08565,1.08565,,,0,,,,45,19,4145
State,al,2016,28,0.77436,0.77436,,,0,,,,36,18,4649
State,al,2016,29,1.212,1.212,,,0,,,,59,17,4868
State,al,2016,30,0.659184,0.659184,,,0,,,,37,20,5613
State,al,2016,31,0.991988,0.991988,,,0,,,,52,18,5242
State,al,2016,32,1.55411,1.55411,,,0,,,,81,20,5212
State,al,2016,33,1.39542,1.39542,,,0,,,,86,20,6163
State,al,2016,34,1.38221,1.38221,,,0,,,,92,20,6656
State,al,2016,35,1.3963,1.3963,,,0,,,,89,20,6374
State,al,2016,36,1.32311,1.32311,,,0,,,,69,19,5215
State,al,2016,37,1.76768,1.76768,,,0,,,,105,19,5940
State,al,2016,38,1.8797,1.8797,,,0,,,,120,19,6384
State,al,2016,39,1.51172,1.51172,,,0,,,,100,19,6615
State,al,2016,40,2.22398,2.22398,,,0,,,,169,23,7599
State,al,2016,41,1.6809,1.6809,,,0,,,,124,24,7377
State,al,2016,42,1.99635,1.99635,,,0,,,,153,24,7664
State,al,2016,43,2.40322,2.40322,,,0,,,,185,24,7698
State,al,2016,44,2.70133,2.70133,,,0,,,,213,25,7885
State,al,2016,45,2.46088,2.46088,,,0,,,,195,25,7924
State,al,2016,46,2.81762,2.81762,,,0,,,,222,21,7879
State,al,2016,47,2.62077,2.62077,,,0,,,,134,23,5113
State,al,2016,48,2.69573,2.69573,,,0,,,,209,25,7753
State,al,2016,49,2.65332,2.65332,,,0,,,,212,25,7990
State,al,2016,50,3.84472,3.84472,,,0,,,,310,26,8063
State,al,2016,51,4.96494,4.96494,,,0,,,,347,25,6989
State,al,2016,52,5.47445,5.47445,,,0,,,,345,25,6302
State,al,2017,1,4.38736,4.38736,,,0,,,,275,24,6268
State,al,2017,2,4.11625,4.11625,,,0,,,,330,24,8017
State,al,2017,3,6.10548,6.10548,,,0,,,,470,24,7698
State,al,2017,4,5.26563,5.26563,,,0,,,,449,25,8527
State,al,2017,5,6.47647,6.47647,,,0,,,,538,24,8307
State,al,2017,6,7.76346,7.76346,,,0,,,,705,24,9081
State,al,2017,7,7.56183,7.56183,,,0,,,,691,25,9138
State,al,2017,8,7.42094,7.42094,,,0,,,,650,25,8759
State,al,2017,9,6.29416,6.29416,,,0,,,,490,24,7785
State,al,2017,10,6.59379,6.59379,,,0,,,,567,25,8599
State,al,2017,11,5.96548,5.96548,,,0,,,,477,24,7996
State,al,2017,12,6.78633,6.78633,,,0,,,,586,25,8635
State,al,2017,13,5.18245,5.18245,,,0,,,,365,22,7043
State,al,2017,14,3.28208,3.28208,,,0,,,,222,24,6764
State,al,2017,15,2.89855,2.89855,,,0,,,,210,23,7245
State,al,2017,16,2.77162,2.77162,,,0,,,,200,23,7216
State,al,2017,17,2.05347,2.05347,,,0,,,,149,21,7256
State,al,2017,18,2.29982,2.29982,,,0,,,,164,23,7131
State,al,2017,19,2.32988,2.32988,,,0,,,,164,20,7039
State,al,2017,20,2.50634,2.50634,,,0,,,,168,22,6703
State,al,2017,21,2.03091,2.03091,,,0,,,,113,20,5564
State,al,2017,22,1.29626,1.29626,,,0,,,,62,19,4783
State,al,2017,23,1.0559,1.0559,,,0,,,,51,16,4830
State,al,2017,24,0.830171,0.830171,,,0,,,,35,14,4216
State,al,2017,25,1.1051,1.1051,,,0,,,,47,15,4253
State,al,2017,26,0.877588,0.877588,,,0,,,,39,14,4444
State,al,2017,27,0.934016,0.934016,,,0,,,,31,14,3319
State,al,2017,28,0.955483,0.955483,,,0,,,,44,13,4605
State,al,2017,29,0.687916,0.687916,,,0,,,,30,12,4361
State,al,2017,30,0.625698,0.625698,,,0,,,,28,14,4475
State,al,2017,31,0.608918,0.608918,,,0,,,,31,15,5091
State,al,2017,32,0.802016,0.802016,,,0,,,,35,14,4364
State,al,2017,33,1.34966,1.34966,,,0,,,,54,12,4001
State,al,2017,34,1.716,1.716,,,0,,,,80,13,4662
State,al,2017,35,1.54497,1.54497,,,0,,,,73,11,4725
State,al,2017,36,1.71125,1.71125,,,0,,,,87,16,5084
State,al,2017,37,1.74159,1.74159,,,0,,,,74,14,4249
State,al,2017,38,1.60263,1.60263,,,0,,,,83,17,5179
State,al,2017,39,1.73927,1.73927,,,0,,,,107,16,6152
State,al,2017,40,1.75721,1.75721,,,0,,,,698,85,39722
State,al,2017,41,1.83081,1.83081,,,0,,,,738,86,40310
State,al,2017,42,1.83131,1.83131,,,0,,,,710,85,38770
State,al,2017,43,2.09091,2.09091,,,0,,,,799,86,38213
State,al,2017,44,2.45603,2.45603,,,0,,,,979,86,39861
State,al,2017,45,2.39313,2.39313,,,0,,,,964,84,40282
State,al,2017,46,2.74821,2.74821,,,0,,,,1100,86,40026
State,al,2017,47,2.80217,2.80217,,,0,,,,967,84,34509
State,al,2017,48,2.97065,2.97065,,,0,,,,1239,84,41708
State,al,2017,49,3.59379,3.59379,,,0,,,,1274,86,35450
State,al,2017,50,4.6979,4.6979,,,0,,,,1737,85,36974
State,al,2017,51,7.73028,7.73028,,,0,,,,3116,84,40309
State,al,2017,52,9.14754,9.14754,,,0,,,,3583,87,39169
State,ar,2010,40,0.696056,0.696056,,,0,,,,18,15,2586
State,ar,2010,41,0.674157,0.674157,,,0,,,,18,14,2670
State,ar,2010,42,0.514217,0.514217,,,0,,,,17,16,3306
State,ar,2010,43,0.41365,0.41365,,,0,,,,12,14,2901
State,ar,2010,44,1.09028,1.09028,,,0,,,,57,19,5228
State,ar,2010,45,1.19736,1.19736,,,0,,,,58,17,4844
State,ar,2010,46,1.55462,1.55462,,,0,,,,74,18,4760
State,ar,2010,47,2.02599,2.02599,,,0,,,,53,17,2616
State,ar,2010,48,1.39295,1.39295,,,0,,,,62,18,4451
State,ar,2010,49,1.02064,1.02064,,,0,,,,44,17,4311
State,ar,2010,50,2.10551,2.10551,,,0,,,,89,18,4227
State,ar,2010,51,3.61163,3.61163,,,0,,,,77,15,2132
State,ar,2010,52,2.5771,2.5771,,,0,,,,61,16,2367
State,ar,2011,1,3.36738,3.36738,,,0,,,,122,15,3623
State,ar,2011,2,4.84672,4.84672,,,0,,,,166,14,3425
State,ar,2011,3,6.77669,6.77669,,,0,,,,271,16,3999
State,ar,2011,4,7.29689,7.29689,,,0,,,,335,16,4591
State,ar,2011,5,6.48838,6.48838,,,0,,,,296,18,4562
State,ar,2011,6,8.08052,8.08052,,,0,,,,285,16,3527
State,ar,2011,7,8.18854,8.18854,,,0,,,,410,17,5007
State,ar,2011,8,6.03429,6.03429,,,0,,,,271,15,4491
State,ar,2011,9,6.93537,6.93537,,,0,,,,308,15,4441
State,ar,2011,10,2.61015,2.61015,,,0,,,,109,15,4176
State,ar,2011,11,3.26913,3.26913,,,0,,,,129,16,3946
State,ar,2011,12,2.31362,2.31362,,,0,,,,63,14,2723
State,ar,2011,13,1.66325,1.66325,,,0,,,,65,14,3908
State,ar,2011,14,0.850906,0.850906,,,0,,,,23,14,2703
State,ar,2011,15,0.438757,0.438757,,,0,,,,12,13,2735
State,ar,2011,16,0.675676,0.675676,,,0,,,,18,14,2664
State,ar,2011,17,0.455754,0.455754,,,0,,,,12,13,2633
State,ar,2011,18,0.630347,0.630347,,,0,,,,14,13,2221
State,ar,2011,19,0.711744,0.711744,,,0,,,,10,10,1405
State,ar,2011,20,0.520382,0.520382,,,0,,,,6,8,1153
State,ar,2011,21,1.03627,1.03627,,,0,,,,12,8,1158
State,ar,2011,22,0.939306,0.939306,,,0,,,,13,9,1384
State,ar,2011,23,0.686642,0.686642,,,0,,,,11,6,1602
State,ar,2011,24,0.926999,0.926999,,,0,,,,8,5,863
State,ar,2011,25,0.393185,0.393185,,,0,,,,3,3,763
State,ar,2011,26,0.4329,0.4329,,,0,,,,3,3,693
State,ar,2011,27,0.260417,0.260417,,,0,,,,2,4,768
State,ar,2011,28,0.260417,0.260417,,,0,,,,2,3,768
State,ar,2011,29,0.0,0.0,,,0,,,,0,3,811
State,ar,2011,30,0.127065,0.127065,,,0,,,,1,3,787
State,ar,2011,31,0.0,0.0,,,0,,,,0,2,458
State,ar,2011,32,0.753012,0.753012,,,0,,,,5,3,664
State,ar,2011,33,0.380228,0.380228,,,0,,,,2,2,526
State,ar,2011,34,0.576369,0.576369,,,0,,,,6,3,1041
State,ar,2011,35,0.663507,0.663507,,,0,,,,7,3,1055
State,ar,2011,36,0.914286,0.914286,,,0,,,,8,3,875
State,ar,2011,37,1.09671,1.09671,,,0,,,,11,3,1003
State,ar,2011,38,0.827206,0.827206,,,0,,,,9,3,1088
State,ar,2011,39,0.498008,0.498008,,,0,,,,5,3,1004
State,ar,2011,40,0.753348,0.753348,,,0,,,,27,18,3584
State,ar,2011,41,0.866406,0.866406,,,0,,,,31,18,3578
State,ar,2011,42,1.30332,1.30332,,,0,,,,55,20,4220
State,ar,2011,43,1.00068,1.00068,,,0,,,,44,20,4397
State,ar,2011,44,1.27136,1.27136,,,0,,,,61,21,4798
State,ar,2011,45,1.37662,1.37662,,,0,,,,67,21,4867
State,ar,2011,46,1.30236,1.30236,,,0,,,,74,22,5682
State,ar,2011,47,1.60684,1.60684,,,0,,,,47,21,2925
State,ar,2011,48,1.8759,1.8759,,,0,,,,104,23,5544
State,ar,2011,49,1.56684,1.56684,,,0,,,,79,22,5042
State,ar,2011,50,1.43531,1.43531,,,0,,,,70,22,4877
State,ar,2011,51,1.94252,1.94252,,,0,,,,73,21,3758
State,ar,2011,52,1.81371,1.81371,,,0,,,,59,22,3253
State,ar,2012,1,1.75685,1.75685,,,0,,,,75,22,4269
State,ar,2012,2,1.83187,1.83187,,,0,,,,90,21,4913
State,ar,2012,3,1.84231,1.84231,,,0,,,,93,21,5048
State,ar,2012,4,2.12689,2.12689,,,0,,,,118,21,5548
State,ar,2012,5,1.37882,1.37882,,,0,,,,78,21,5657
State,ar,2012,6,2.49863,2.49863,,,0,,,,137,21,5483
State,ar,2012,7,2.21891,2.21891,,,0,,,,119,21,5363
State,ar,2012,8,2.59587,2.59587,,,0,,,,132,20,5085
State,ar,2012,9,3.32388,3.32388,,,0,,,,164,19,4934
State,ar,2012,10,4.70283,4.70283,,,0,,,,254,20,5401
State,ar,2012,11,6.04436,6.04436,,,0,,,,327,20,5410
State,ar,2012,12,3.76876,3.76876,,,0,,,,118,18,3131
State,ar,2012,13,1.87587,1.87587,,,0,,,,81,18,4318
State,ar,2012,14,1.44578,1.44578,,,0,,,,66,18,4565
State,ar,2012,15,1.10435,1.10435,,,0,,,,49,18,4437
State,ar,2012,16,0.755996,0.755996,,,0,,,,29,16,3836
State,ar,2012,17,0.808369,0.808369,,,0,,,,34,16,4206
State,ar,2012,18,0.744879,0.744879,,,0,,,,28,15,3759
State,ar,2012,19,1.14943,1.14943,,,0,,,,37,14,3219
State,ar,2012,20,1.05622,1.05622,,,0,,,,31,13,2935
State,ar,2012,21,0.505689,0.505689,,,0,,,,16,13,3164
State,ar,2012,22,0.590967,0.590967,,,0,,,,14,11,2369
State,ar,2012,23,0.0733138,0.0733138,,,0,,,,1,6,1364
State,ar,2012,24,0.0,0.0,,,0,,,,0,6,1398
State,ar,2012,25,0.160686,0.160686,,,0,,,,3,7,1867
State,ar,2012,26,0.199734,0.199734,,,0,,,,3,6,1502
State,ar,2012,27,0.0,0.0,,,0,,,,0,3,780
State,ar,2012,28,0.0,0.0,,,0,,,,0,4,1172
State,ar,2012,29,0.0,0.0,,,0,,,,0,4,1203
State,ar,2012,30,0.212917,0.212917,,,0,,,,3,5,1409
State,ar,2012,31,0.806452,0.806452,,,0,,,,5,3,620
State,ar,2012,32,0.431034,0.431034,,,0,,,,3,3,696
State,ar,2012,33,0.0,0.0,,,0,,,,0,1,244
State,ar,2012,34,0.0,0.0,,,0,,,,0,3,816
State,ar,2012,35,0.0,0.0,,,0,,,,0,2,497
State,ar,2012,36,0.0,0.0,,,0,,,,0,2,433
State,ar,2012,37,0.0,0.0,,,0,,,,0,2,617
State,ar,2012,38,0.0,0.0,,,0,,,,0,2,511
State,ar,2012,39,0.431034,0.431034,,,0,,,,2,2,464
State,ar,2012,40,0.471698,0.471698,,,0,,,,14,17,2968
State,ar,2012,41,0.580955,0.580955,,,0,,,,23,20,3959
State,ar,2012,42,0.649734,0.649734,,,0,,,,33,20,5079
State,ar,2012,43,0.94605,0.94605,,,0,,,,37,18,3911
State,ar,2012,44,0.336178,0.336178,,,0,,,,13,19,3867
State,ar,2012,45,0.522689,0.522689,,,0,,,,22,20,4209
State,ar,2012,46,0.558988,0.558988,,,0,,,,19,20,3399
State,ar,2012,47,1.09307,1.09307,,,0,,,,35,21,3202
State,ar,2012,48,1.45013,1.45013,,,0,,,,74,23,5103
State,ar,2012,49,1.74494,1.74494,,,0,,,,94,23,5387
State,ar,2012,50,2.8537,2.8537,,,0,,,,142,23,4976
State,ar,2012,51,5.52285,5.52285,,,0,,,,197,22,3567
State,ar,2012,52,5.8592,5.8592,,,0,,,,134,22,2287
State,ar,2013,1,4.89199,4.89199,,,0,,,,154,21,3148
State,ar,2013,2,5.77181,5.77181,,,0,,,,301,22,5215
State,ar,2013,3,5.90369,5.90369,,,0,,,,293,20,4963
State,ar,2013,4,4.93274,4.93274,,,0,,,,231,19,4683
State,ar,2013,5,3.94113,3.94113,,,0,,,,158,18,4009
State,ar,2013,6,2.82872,2.82872,,,0,,,,91,16,3217
State,ar,2013,7,2.08218,2.08218,,,0,,,,75,17,3602
State,ar,2013,8,1.34731,1.34731,,,0,,,,45,16,3340
State,ar,2013,9,1.46972,1.46972,,,0,,,,50,15,3402
State,ar,2013,10,1.78891,1.78891,,,0,,,,40,10,2236
State,ar,2013,11,1.41136,1.41136,,,0,,,,41,12,2905
State,ar,2013,12,1.34111,1.34111,,,0,,,,23,12,1715
State,ar,2013,13,0.930899,0.930899,,,0,,,,26,12,2793
State,ar,2013,14,0.398248,0.398248,,,0,,,,10,11,2511
State,ar,2013,15,0.518379,0.518379,,,0,,,,11,9,2122
State,ar,2013,16,0.270514,0.270514,,,0,,,,6,9,2218
State,ar,2013,17,0.533175,0.533175,,,0,,,,9,8,1688
State,ar,2013,18,0.265957,0.265957,,,0,,,,4,8,1504
State,ar,2013,19,0.118906,0.118906,,,0,,,,1,7,841
State,ar,2013,20,0.214823,0.214823,,,0,,,,2,7,931
State,ar,2013,21,0.0858369,0.0858369,,,0,,,,1,8,1165
State,ar,2013,22,0.088968,0.088968,,,0,,,,1,8,1124
State,ar,2013,23,0.0,0.0,,,0,,,,0,7,1140
State,ar,2013,24,0.0,0.0,,,0,,,,0,7,1093
State,ar,2013,25,0.176523,0.176523,,,0,,,,2,7,1133
State,ar,2013,26,0.499376,0.499376,,,0,,,,4,5,801
State,ar,2013,27,0.0,0.0,,,0,,,,0,6,1000
State,ar,2013,28,0.0,0.0,,,0,,,,0,6,976
State,ar,2013,29,0.203666,0.203666,,,0,,,,2,6,982
State,ar,2013,30,0.0,0.0,,,0,,,,0,6,1021
State,ar,2013,31,0.0915751,0.0915751,,,0,,,,1,5,1092
State,ar,2013,32,0.102564,0.102564,,,0,,,,1,5,975
State,ar,2013,33,0.0865801,0.0865801,,,0,,,,1,5,1155
State,ar,2013,34,0.0672043,0.0672043,,,0,,,,1,5,1488
State,ar,2013,35,0.0576369,0.0576369,,,0,,,,1,5,1735
State,ar,2013,36,0.123153,0.123153,,,0,,,,2,5,1624
State,ar,2013,37,0.220872,0.220872,,,0,,,,4,4,1811
State,ar,2013,38,0.715137,0.715137,,,0,,,,12,4,1678
State,ar,2013,39,0.0,0.0,,,0,,,,0,3,1388
State,ar,2013,40,1.63326,1.63326,,,0,,,,66,18,4041
State,ar,2013,41,1.58351,1.58351,,,0,,,,73,19,4610
State,ar,2013,42,1.67325,1.67325,,,0,,,,72,19,4303
State,ar,2013,43,1.7695,1.7695,,,0,,,,76,18,4295
State,ar,2013,44,2.37823,2.37823,,,0,,,,104,19,4373
State,ar,2013,45,1.96604,1.96604,,,0,,,,88,16,4476
State,ar,2013,46,1.76103,1.76103,,,0,,,,79,17,4486
State,ar,2013,47,2.06209,2.06209,,,0,,,,91,17,4413
State,ar,2013,48,2.90023,2.90023,,,0,,,,75,16,2586
State,ar,2013,49,2.79739,2.79739,,,0,,,,103,17,3682
State,ar,2013,50,1.83861,1.83861,,,0,,,,72,17,3916
State,ar,2013,51,3.5453,3.5453,,,0,,,,126,17,3554
State,ar,2013,52,7.82313,7.82313,,,0,,,,161,17,2058
State,ar,2014,1,8.09035,8.09035,,,0,,,,197,17,2435
State,ar,2014,2,6.71369,6.71369,,,0,,,,257,18,3828
State,ar,2014,3,6.18,6.18,,,0,,,,309,16,5000
State,ar,2014,4,6.45527,6.45527,,,0,,,,285,15,4415
State,ar,2014,5,7.05495,7.05495,,,0,,,,321,15,4550
State,ar,2014,6,5.30612,5.30612,,,0,,,,169,14,3185
State,ar,2014,7,4.12917,4.12917,,,0,,,,156,13,3778
State,ar,2014,8,2.90946,2.90946,,,0,,,,116,13,3987
State,ar,2014,9,2.24778,2.24778,,,0,,,,86,11,3826
State,ar,2014,10,2.30399,2.30399,,,0,,,,67,11,2908
State,ar,2014,11,1.69389,1.69389,,,0,,,,56,10,3306
State,ar,2014,12,1.16215,1.16215,,,0,,,,42,11,3614
State,ar,2014,13,0.817661,0.817661,,,0,,,,20,10,2446
State,ar,2014,14,0.786164,0.786164,,,0,,,,25,10,3180
State,ar,2014,15,0.945626,0.945626,,,0,,,,24,9,2538
State,ar,2014,16,0.672202,0.672202,,,0,,,,17,8,2529
State,ar,2014,17,1.13972,1.13972,,,0,,,,27,6,2369
State,ar,2014,18,1.08032,1.08032,,,0,,,,23,6,2129
State,ar,2014,19,0.787402,0.787402,,,0,,,,15,6,1905
State,ar,2014,20,1.57658,1.57658,,,0,,,,21,5,1332
State,ar,2014,21,0.627615,0.627615,,,0,,,,9,5,1434
State,ar,2014,22,0.602007,0.602007,,,0,,,,9,6,1495
State,ar,2014,23,0.134048,0.134048,,,0,,,,1,5,746
State,ar,2014,24,0.370142,0.370142,,,0,,,,6,6,1621
State,ar,2014,25,0.15456,0.15456,,,0,,,,1,4,647
State,ar,2014,26,0.151286,0.151286,,,0,,,,1,4,661
State,ar,2014,27,0.178571,0.178571,,,0,,,,1,4,560
State,ar,2014,28,0.42735,0.42735,,,0,,,,3,4,702
State,ar,2014,29,0.255428,0.255428,,,0,,,,2,4,783
State,ar,2014,30,0.139276,0.139276,,,0,,,,1,4,718
State,ar,2014,31,0.0,0.0,,,0,,,,0,4,735
State,ar,2014,32,0.294985,0.294985,,,0,,,,2,4,678
State,ar,2014,33,0.125313,0.125313,,,0,,,,1,4,798
State,ar,2014,34,0.0,0.0,,,0,,,,0,4,1174
State,ar,2014,35,0.144823,0.144823,,,0,,,,2,4,1381
State,ar,2014,36,0.242522,0.242522,,,0,,,,3,4,1237
State,ar,2014,37,0.209205,0.209205,,,0,,,,3,4,1434
State,ar,2014,38,0.2079,0.2079,,,0,,,,3,4,1443
State,ar,2014,39,0.144718,0.144718,,,0,,,,2,4,1382
State,ar,2014,40,1.07239,1.07239,,,0,,,,48,17,4476
State,ar,2014,41,1.24595,1.24595,,,0,,,,77,19,6180
State,ar,2014,42,1.21241,1.21241,,,0,,,,77,21,6351
State,ar,2014,43,1.44473,1.44473,,,0,,,,83,20,5745
State,ar,2014,44,1.46085,1.46085,,,0,,,,86,18,5887
State,ar,2014,45,1.64339,1.64339,,,0,,,,100,19,6085
State,ar,2014,46,1.53528,1.53528,,,0,,,,89,19,5797
State,ar,2014,47,1.44857,1.44857,,,0,,,,89,18,6144
State,ar,2014,48,1.72964,1.72964,,,0,,,,65,19,3758
State,ar,2014,49,2.52893,2.52893,,,0,,,,153,18,6050
State,ar,2014,50,4.4004,4.4004,,,0,,,,262,19,5954
State,ar,2014,51,8.46911,8.46911,,,0,,,,525,19,6199
State,ar,2014,52,10.5263,10.5263,,,0,,,,336,19,3192
State,ar,2014,53,5.00131,5.00131,,,0,,,,191,19,3819
State,ar,2015,1,5.29005,5.29005,,,0,,,,321,19,6068
State,ar,2015,2,7.43509,7.43509,,,0,,,,378,17,5084
State,ar,2015,3,7.92445,7.92445,,,0,,,,365,16,4606
State,ar,2015,4,7.30102,7.30102,,,0,,,,366,17,5013
State,ar,2015,5,6.58605,6.58605,,,0,,,,305,16,4631
State,ar,2015,6,5.82108,5.82108,,,0,,,,285,17,4896
State,ar,2015,7,5.44362,5.44362,,,0,,,,154,16,2829
State,ar,2015,8,3.47714,3.47714,,,0,,,,108,14,3106
State,ar,2015,9,4.51475,4.51475,,,0,,,,127,15,2813
State,ar,2015,10,3.46331,3.46331,,,0,,,,135,15,3898
State,ar,2015,11,3.08406,3.08406,,,0,,,,113,14,3664
State,ar,2015,12,2.43525,2.43525,,,0,,,,63,13,2587
State,ar,2015,13,1.73516,1.73516,,,0,,,,57,12,3285
State,ar,2015,14,1.37409,1.37409,,,0,,,,49,11,3566
State,ar,2015,15,1.06967,1.06967,,,0,,,,39,11,3646
State,ar,2015,16,0.90527,0.90527,,,0,,,,28,10,3093
State,ar,2015,17,0.731198,0.731198,,,0,,,,21,10,2872
State,ar,2015,18,0.498132,0.498132,,,0,,,,12,9,2409
State,ar,2015,19,0.476872,0.476872,,,0,,,,10,9,2097
State,ar,2015,20,0.396629,0.396629,,,0,,,,8,8,2017
State,ar,2015,21,0.75067,0.75067,,,0,,,,14,8,1865
State,ar,2015,22,0.736016,0.736016,,,0,,,,15,7,2038
State,ar,2015,23,0.55332,0.55332,,,0,,,,11,7,1988
State,ar,2015,24,0.708144,0.708144,,,0,,,,14,7,1977
State,ar,2015,25,0.180668,0.180668,,,0,,,,2,6,1107
State,ar,2015,26,0.111235,0.111235,,,0,,,,1,6,899
State,ar,2015,27,0.712468,0.712468,,,0,,,,14,7,1965
State,ar,2015,28,0.326797,0.326797,,,0,,,,7,7,2142
State,ar,2015,29,0.309917,0.309917,,,0,,,,3,6,968
State,ar,2015,30,0.195886,0.195886,,,0,,,,2,6,1021
State,ar,2015,31,0.168634,0.168634,,,0,,,,2,6,1186
State,ar,2015,32,0.114811,0.114811,,,0,,,,1,5,871
State,ar,2015,33,0.0792393,0.0792393,,,0,,,,1,6,1262
State,ar,2015,34,0.186451,0.186451,,,0,,,,3,6,1609
State,ar,2015,35,0.243309,0.243309,,,0,,,,4,6,1644
State,ar,2015,36,0.346741,0.346741,,,0,,,,5,6,1442
State,ar,2015,37,0.172712,0.172712,,,0,,,,3,6,1737
State,ar,2015,38,0.309215,0.309215,,,0,,,,5,6,1617
State,ar,2015,39,0.2574,0.2574,,,0,,,,4,6,1554
State,ar,2015,40,1.14799,1.14799,,,0,,,,46,14,4007
State,ar,2015,41,0.863984,0.863984,,,0,,,,35,15,4051
State,ar,2015,42,0.997208,0.997208,,,0,,,,50,17,5014
State,ar,2015,43,0.845899,0.845899,,,0,,,,46,17,5438
State,ar,2015,44,0.967296,0.967296,,,0,,,,42,16,4342
State,ar,2015,45,1.07014,1.07014,,,0,,,,65,17,6074
State,ar,2015,46,1.25613,1.25613,,,0,,,,64,16,5095
State,ar,2015,47,1.21043,1.21043,,,0,,,,39,15,3222
State,ar,2015,48,1.0763,1.0763,,,0,,,,56,15,5203
State,ar,2015,49,1.32599,1.32599,,,0,,,,65,15,4902
State,ar,2015,50,1.29193,1.29193,,,0,,,,57,15,4412
State,ar,2015,51,1.57804,1.57804,,,0,,,,46,14,2915
State,ar,2015,52,1.34382,1.34382,,,0,,,,41,14,3051
State,ar,2016,1,1.24318,1.24318,,,0,,,,57,14,4585
State,ar,2016,2,1.63324,1.63324,,,0,,,,79,13,4837
State,ar,2016,3,1.72027,1.72027,,,0,,,,69,13,4011
State,ar,2016,4,2.21743,2.21743,,,0,,,,113,13,5096
State,ar,2016,5,2.07073,2.07073,,,0,,,,113,13,5457
State,ar,2016,6,2.53538,2.53538,,,0,,,,129,12,5088
State,ar,2016,7,2.69906,2.69906,,,0,,,,140,13,5187
State,ar,2016,8,3.17365,3.17365,,,0,,,,159,12,5010
State,ar,2016,9,4.87194,4.87194,,,0,,,,175,10,3592
State,ar,2016,10,5.62608,5.62608,,,0,,,,195,10,3466
State,ar,2016,11,4.29502,4.29502,,,0,,,,145,10,3376
State,ar,2016,12,3.59551,3.59551,,,0,,,,80,9,2225
State,ar,2016,13,3.22581,3.22581,,,0,,,,100,9,3100
State,ar,2016,14,2.81646,2.81646,,,0,,,,89,9,3160
State,ar,2016,15,3.6989,3.6989,,,0,,,,114,9,3082
State,ar,2016,16,3.62797,3.62797,,,0,,,,110,8,3032
State,ar,2016,17,1.98698,1.98698,,,0,,,,58,8,2919
State,ar,2016,18,2.99667,2.99667,,,0,,,,81,8,2703
State,ar,2016,19,2.23945,2.23945,,,0,,,,52,8,2322
State,ar,2016,20,1.45472,1.45472,,,0,,,,31,7,2131
State,ar,2016,21,0.389864,0.389864,,,0,,,,4,6,1026
State,ar,2016,22,0.0,0.0,,,0,,,,0,5,570
State,ar,2016,23,0.218579,0.218579,,,0,,,,2,5,915
State,ar,2016,24,0.194742,0.194742,,,0,,,,2,6,1027
State,ar,2016,25,0.0,0.0,,,0,,,,0,5,945
State,ar,2016,26,0.0993049,0.0993049,,,0,,,,1,5,1007
State,ar,2016,27,0.330396,0.330396,,,0,,,,3,5,908
State,ar,2016,28,0.298805,0.298805,,,0,,,,3,5,1004
State,ar,2016,29,0.111235,0.111235,,,0,,,,1,5,899
State,ar,2016,30,0.320513,0.320513,,,0,,,,3,5,936
State,ar,2016,31,0.318979,0.318979,,,0,,,,2,4,627
State,ar,2016,32,0.437318,0.437318,,,0,,,,3,4,686
State,ar,2016,33,0.182815,0.182815,,,0,,,,2,4,1094
State,ar,2016,34,0.0,0.0,,,0,,,,0,4,1304
State,ar,2016,35,0.150038,0.150038,,,0,,,,2,4,1333
State,ar,2016,36,0.242131,0.242131,,,0,,,,3,4,1239
State,ar,2016,37,0.970874,0.970874,,,0,,,,14,4,1442
State,ar,2016,38,0.341064,0.341064,,,0,,,,5,4,1466
State,ar,2016,39,0.326442,0.326442,,,0,,,,3,3,919
State,ar,2016,40,0.917431,0.917431,,,0,,,,40,13,4360
State,ar,2016,41,0.815935,0.815935,,,0,,,,34,13,4167
State,ar,2016,42,0.997783,0.997783,,,0,,,,45,13,4510
State,ar,2016,43,1.19597,1.19597,,,0,,,,57,12,4766
State,ar,2016,44,1.32564,1.32564,,,0,,,,62,12,4677
State,ar,2016,45,1.64953,1.64953,,,0,,,,77,12,4668
State,ar,2016,46,1.76317,1.76317,,,0,,,,81,12,4594
State,ar,2016,47,1.63339,1.63339,,,0,,,,45,12,2755
State,ar,2016,48,1.32763,1.32763,,,0,,,,59,13,4444
State,ar,2016,49,1.31547,1.31547,,,0,,,,54,11,4105
State,ar,2016,50,1.95973,1.95973,,,0,,,,73,12,3725
State,ar,2016,51,1.61128,1.61128,,,0,,,,48,12,2979
State,ar,2016,52,2.30608,2.30608,,,0,,,,66,12,2862
State,ar,2017,1,1.92242,1.92242,,,0,,,,56,12,2913
State,ar,2017,2,2.39415,2.39415,,,0,,,,95,12,3968
State,ar,2017,3,3.08824,3.08824,,,0,,,,126,13,4080
State,ar,2017,4,4.0372,4.0372,,,0,,,,178,13,4409
State,ar,2017,5,6.71024,6.71024,,,0,,,,308,12,4590
State,ar,2017,6,9.78239,9.78239,,,0,,,,481,13,4917
State,ar,2017,7,9.19692,9.19692,,,0,,,,489,14,5317
State,ar,2017,8,7.89474,7.89474,,,0,,,,390,13,4940
State,ar,2017,9,4.47866,4.47866,,,0,,,,192,12,4287
State,ar,2017,10,4.59387,4.59387,,,0,,,,207,13,4506
State,ar,2017,11,3.55401,3.55401,,,0,,,,153,12,4305
State,ar,2017,12,3.99485,3.99485,,,0,,,,124,13,3104
State,ar,2017,13,2.73072,2.73072,,,0,,,,108,11,3955
State,ar,2017,14,2.15995,2.15995,,,0,,,,74,9,3426
State,ar,2017,15,2.01602,2.01602,,,0,,,,73,9,3621
State,ar,2017,16,1.5602,1.5602,,,0,,,,53,9,3397
State,ar,2017,17,1.36827,1.36827,,,0,,,,47,9,3435
State,ar,2017,18,1.87861,1.87861,,,0,,,,65,9,3460
State,ar,2017,19,0.960549,0.960549,,,0,,,,28,9,2915
State,ar,2017,20,1.35482,1.35482,,,0,,,,37,9,2731
State,ar,2017,21,1.20265,1.20265,,,0,,,,20,9,1663
State,ar,2017,22,0.77837,0.77837,,,0,,,,19,9,2441
State,ar,2017,23,0.527108,0.527108,,,0,,,,14,9,2656
State,ar,2017,24,0.536481,0.536481,,,0,,,,10,8,1864
State,ar,2017,25,0.63762,0.63762,,,0,,,,12,8,1882
State,ar,2017,26,0.686106,0.686106,,,0,,,,12,8,1749
State,ar,2017,27,0.257898,0.257898,,,0,,,,4,7,1551
State,ar,2017,28,0.537057,0.537057,,,0,,,,10,7,1862
State,ar,2017,29,0.605394,0.605394,,,0,,,,11,7,1817
State,ar,2017,30,0.260688,0.260688,,,0,,,,5,7,1918
State,ar,2017,31,0.519211,0.519211,,,0,,,,10,7,1926
State,ar,2017,32,0.394997,0.394997,,,0,,,,6,6,1519
State,ar,2017,33,0.0,0.0,,,0,,,,0,5,755
State,ar,2017,34,1.0453,1.0453,,,0,,,,24,6,2296
State,ar,2017,35,1.5002,1.5002,,,0,,,,38,6,2533
State,ar,2017,36,0.815101,0.815101,,,0,,,,19,6,2331
State,ar,2017,37,0.88856,0.88856,,,0,,,,24,7,2701
State,ar,2017,38,0.64836,0.64836,,,0,,,,17,7,2622
State,ar,2017,39,1.06829,1.06829,,,0,,,,28,6,2621
State,ar,2017,40,0.812294,0.812294,,,0,,,,37,17,4555
State,ar,2017,41,1.09866,1.09866,,,0,,,,51,16,4642
State,ar,2017,42,0.788999,0.788999,,,0,,,,35,17,4436
State,ar,2017,43,1.35109,1.35109,,,0,,,,70,17,5181
State,ar,2017,44,1.18,1.18,,,0,,,,63,16,5339
State,ar,2017,45,1.19928,1.19928,,,0,,,,60,16,5003
State,ar,2017,46,2.12528,2.12528,,,0,,,,114,18,5364
State,ar,2017,47,1.70636,1.70636,,,0,,,,48,16,2813
State,ar,2017,48,2.55597,2.55597,,,0,,,,129,16,5047
State,ar,2017,49,3.69318,3.69318,,,0,,,,156,16,4224
State,ar,2017,50,5.11499,5.11499,,,0,,,,258,16,5044
State,ar,2017,51,9.77581,9.77581,,,0,,,,375,14,3836
State,ar,2017,52,10.9495,10.9495,,,0,,,,286,14,2612
State,az,2010,40,0.674721,0.674721,,,0,,,,172,49,25492
State,az,2010,41,0.749939,0.749939,,,0,,,,183,49,24402
State,az,2010,42,0.953365,0.953365,,,0,,,,240,52,25174
State,az,2010,43,0.888804,0.888804,,,0,,,,233,52,26215
State,az,2010,44,1.18573,1.18573,,,0,,,,312,55,26313
State,az,2010,45,0.945337,0.945337,,,0,,,,239,54,25282
State,az,2010,46,1.09665,1.09665,,,0,,,,284,55,25897
State,az,2010,47,1.1338,1.1338,,,0,,,,251,54,22138
State,az,2010,48,1.42227,1.42227,,,0,,,,371,56,26085
State,az,2010,49,2.14835,2.14835,,,0,,,,517,53,24065
State,az,2010,50,2.01836,2.01836,,,0,,,,488,55,24178
State,az,2010,51,2.3027,2.3027,,,0,,,,454,53,19716
State,az,2010,52,1.51649,1.51649,,,0,,,,344,69,22684
State,az,2011,1,1.59667,1.59667,,,0,,,,411,70,25741
State,az,2011,2,1.71146,1.71146,,,0,,,,447,67,26118
State,az,2011,3,2.38773,2.38773,,,0,,,,604,68,25296
State,az,2011,4,2.33506,2.33506,,,0,,,,756,68,32376
State,az,2011,5,2.43798,2.43798,,,0,,,,682,71,27974
State,az,2011,6,2.77627,2.77627,,,0,,,,769,71,27699
State,az,2011,7,2.63356,2.63356,,,0,,,,770,70,29238
State,az,2011,8,2.28608,2.28608,,,0,,,,681,68,29789
State,az,2011,9,1.71211,1.71211,,,0,,,,454,66,26517
State,az,2011,10,1.70064,1.70064,,,0,,,,443,66,26049
State,az,2011,11,1.32819,1.32819,,,0,,,,310,64,23340
State,az,2011,12,0.996642,0.996642,,,0,,,,276,65,27693
State,az,2011,13,1.11316,1.11316,,,0,,,,272,64,24435
State,az,2011,14,0.997526,0.997526,,,0,,,,246,65,24661
State,az,2011,15,0.895053,0.895053,,,0,,,,222,66,24803
State,az,2011,16,1.09028,1.09028,,,0,,,,257,57,23572
State,az,2011,17,0.835587,0.835587,,,0,,,,241,66,28842
State,az,2011,18,0.772679,0.772679,,,0,,,,181,65,23425
State,az,2011,19,0.686106,0.686106,,,0,,,,156,64,22737
State,az,2011,20,0.569434,0.569434,,,0,,,,124,63,21776
State,az,2011,21,0.555511,0.555511,,,0,,,,137,63,24662
State,az,2011,22,0.550731,0.550731,,,0,,,,104,63,18884
State,az,2011,23,0.468237,0.468237,,,0,,,,97,61,20716
State,az,2011,24,0.392619,0.392619,,,0,,,,80,61,20376
State,az,2011,25,0.409738,0.409738,,,0,,,,86,62,20989
State,az,2011,26,0.385402,0.385402,,,0,,,,81,62,21017
State,az,2011,27,0.469806,0.469806,,,0,,,,82,61,17454
State,az,2011,28,0.449364,0.449364,,,0,,,,95,62,21141
State,az,2011,29,0.36858,0.36858,,,0,,,,77,61,20891
State,az,2011,30,0.328126,0.328126,,,0,,,,67,61,20419
State,az,2011,31,0.418026,0.418026,,,0,,,,91,61,21769
State,az,2011,32,0.307596,0.307596,,,0,,,,69,61,22432
State,az,2011,33,0.436195,0.436195,,,0,,,,98,60,22467
State,az,2011,34,0.586,0.586,,,0,,,,128,60,21843
State,az,2011,35,0.67383,0.67383,,,0,,,,148,60,21964
State,az,2011,36,0.431582,0.431582,,,0,,,,85,60,19695
State,az,2011,37,0.498943,0.498943,,,0,,,,118,59,23650
State,az,2011,38,0.457754,0.457754,,,0,,,,107,59,23375
State,az,2011,39,0.516018,0.516018,,,0,,,,120,59,23255
State,az,2011,40,0.697181,0.697181,,,0,,,,138,37,19794
State,az,2011,41,0.65652,0.65652,,,0,,,,132,38,20106
State,az,2011,42,0.720644,0.720644,,,0,,,,153,38,21231
State,az,2011,43,0.819184,0.819184,,,0,,,,179,40,21851
State,az,2011,44,0.993083,0.993083,,,0,,,,201,39,20240
State,az,2011,45,0.998739,0.998739,,,0,,,,198,39,19825
State,az,2011,46,1.20499,1.20499,,,0,,,,250,39,20747
State,az,2011,47,1.32543,1.32543,,,0,,,,219,38,16523
State,az,2011,48,1.16257,1.16257,,,0,,,,242,39,20816
State,az,2011,49,1.13851,1.13851,,,0,,,,223,39,19587
State,az,2011,50,1.05126,1.05126,,,0,,,,193,38,18359
State,az,2011,51,1.09834,1.09834,,,0,,,,192,39,17481
State,az,2011,52,1.36416,1.36416,,,0,,,,213,38,15614
State,az,2012,1,1.28667,1.28667,,,0,,,,225,37,17487
State,az,2012,2,1.01845,1.01845,,,0,,,,207,37,20325
State,az,2012,3,1.09919,1.09919,,,0,,,,212,37,19287
State,az,2012,4,1.03044,1.03044,,,0,,,,216,36,20962
State,az,2012,5,1.4499,1.4499,,,0,,,,303,37,20898
State,az,2012,6,1.39264,1.39264,,,0,,,,273,31,19603
State,az,2012,7,1.91291,1.91291,,,0,,,,362,31,18924
State,az,2012,8,1.92211,1.92211,,,0,,,,344,30,17897
State,az,2012,9,1.83021,1.83021,,,0,,,,354,31,19342
State,az,2012,10,1.74732,1.74732,,,0,,,,334,30,19115
State,az,2012,11,1.67984,1.67984,,,0,,,,321,31,19109
State,az,2012,12,1.69287,1.69287,,,0,,,,309,30,18253
State,az,2012,13,1.65915,1.65915,,,0,,,,298,31,17961
State,az,2012,14,1.69054,1.69054,,,0,,,,275,29,16267
State,az,2012,15,1.57702,1.57702,,,0,,,,280,29,17755
State,az,2012,16,1.33121,1.33121,,,0,,,,234,29,17578
State,az,2012,17,1.13843,1.13843,,,0,,,,175,27,15372
State,az,2012,18,1.17545,1.17545,,,0,,,,163,27,13867
State,az,2012,19,1.0765,1.0765,,,0,,,,151,26,14027
State,az,2012,20,1.09432,1.09432,,,0,,,,126,23,11514
State,az,2012,21,0.918007,0.918007,,,0,,,,117,25,12745
State,az,2012,22,0.832352,0.832352,,,0,,,,99,25,11894
State,az,2012,23,0.699726,0.699726,,,0,,,,92,24,13148
State,az,2012,24,0.797623,0.797623,,,0,,,,102,24,12788
State,az,2012,25,0.697134,0.697134,,,0,,,,90,25,12910
State,az,2012,26,0.733859,0.733859,,,0,,,,94,25,12809
State,az,2012,27,0.545768,0.545768,,,0,,,,57,24,10444
State,az,2012,28,0.506594,0.506594,,,0,,,,63,22,12436
State,az,2012,29,0.507653,0.507653,,,0,,,,67,23,13198
State,az,2012,30,0.623532,0.623532,,,0,,,,77,21,12349
State,az,2012,31,1.13044,1.13044,,,0,,,,102,22,9023
State,az,2012,32,1.23854,1.23854,,,0,,,,127,22,10254
State,az,2012,33,1.10109,1.10109,,,0,,,,116,23,10535
State,az,2012,34,1.24289,1.24289,,,0,,,,142,23,11425
State,az,2012,35,1.48956,1.48956,,,0,,,,179,24,12017
State,az,2012,36,1.26366,1.26366,,,0,,,,133,24,10525
State,az,2012,37,1.12897,1.12897,,,0,,,,137,24,12135
State,az,2012,38,1.05352,1.05352,,,0,,,,137,25,13004
State,az,2012,39,1.03794,1.03794,,,0,,,,122,22,11754
State,az,2012,40,0.756794,0.756794,,,0,,,,132,32,17442
State,az,2012,41,0.787402,0.787402,,,0,,,,136,33,17272
State,az,2012,42,0.977281,0.977281,,,0,,,,194,34,19851
State,az,2012,43,0.767786,0.767786,,,0,,,,139,31,18104
State,az,2012,44,1.0733,1.0733,,,0,,,,193,32,17982
State,az,2012,45,1.10721,1.10721,,,0,,,,224,34,20231
State,az,2012,46,1.24527,1.24527,,,0,,,,224,32,17988
State,az,2012,47,1.30998,1.30998,,,0,,,,193,32,14733
State,az,2012,48,1.0837,1.0837,,,0,,,,217,32,20024
State,az,2012,49,1.39933,1.39933,,,0,,,,281,35,20081
State,az,2012,50,1.72026,1.72026,,,0,,,,344,35,19997
State,az,2012,51,2.05506,2.05506,,,0,,,,424,34,20632
State,az,2012,52,2.92172,2.92172,,,0,,,,446,33,15265
State,az,2013,1,3.0312,3.0312,,,0,,,,512,35,16891
State,az,2013,2,2.82776,2.82776,,,0,,,,649,36,22951
State,az,2013,3,3.90697,3.90697,,,0,,,,934,36,23906
State,az,2013,4,5.05778,5.05778,,,0,,,,1046,34,20681
State,az,2013,5,3.63893,3.63893,,,0,,,,824,34,22644
State,az,2013,6,3.19126,3.19126,,,0,,,,730,34,22875
State,az,2013,7,3.03784,3.03784,,,0,,,,635,34,20903
State,az,2013,8,2.4249,2.4249,,,0,,,,490,33,20207
State,az,2013,9,2.10216,2.10216,,,0,,,,421,32,20027
State,az,2013,10,1.7443,1.7443,,,0,,,,358,32,20524
State,az,2013,11,1.55869,1.55869,,,0,,,,281,31,18028
State,az,2013,12,1.30751,1.30751,,,0,,,,239,30,18279
State,az,2013,13,0.924276,0.924276,,,0,,,,166,31,17960
State,az,2013,14,0.971765,0.971765,,,0,,,,180,30,18523
State,az,2013,15,1.03507,1.03507,,,0,,,,188,29,18163
State,az,2013,16,0.935564,0.935564,,,0,,,,151,27,16140
State,az,2013,17,0.959781,0.959781,,,0,,,,168,28,17504
State,az,2013,18,1.18592,1.18592,,,0,,,,186,26,15684
State,az,2013,19,0.84028,0.84028,,,0,,,,126,25,14995
State,az,2013,20,0.800176,0.800176,,,0,,,,109,24,13622
State,az,2013,21,0.668103,0.668103,,,0,,,,93,22,13920
State,az,2013,22,0.670314,0.670314,,,0,,,,87,24,12979
State,az,2013,23,0.717252,0.717252,,,0,,,,95,23,13245
State,az,2013,24,0.730257,0.730257,,,0,,,,97,23,13283
State,az,2013,25,0.573628,0.573628,,,0,,,,76,23,13249
State,az,2013,26,0.578577,0.578577,,,0,,,,74,22,12790
State,az,2013,27,0.522146,0.522146,,,0,,,,58,22,11108
State,az,2013,28,0.423953,0.423953,,,0,,,,56,22,13209
State,az,2013,29,0.466611,0.466611,,,0,,,,61,22,13073
State,az,2013,30,0.570179,0.570179,,,0,,,,73,21,12803
State,az,2013,31,0.585106,0.585106,,,0,,,,77,21,13160
State,az,2013,32,0.773709,0.773709,,,0,,,,101,21,13054
State,az,2013,33,0.791116,0.791116,,,0,,,,109,21,13778
State,az,2013,34,0.454139,0.454139,,,0,,,,66,21,14533
State,az,2013,35,0.773549,0.773549,,,0,,,,113,20,14608
State,az,2013,36,0.860215,0.860215,,,0,,,,80,19,9300
State,az,2013,37,0.746062,0.746062,,,0,,,,81,19,10857
State,az,2013,38,0.784434,0.784434,,,0,,,,77,18,9816
State,az,2013,39,0.947648,0.947648,,,0,,,,82,17,8653
State,az,2013,40,0.792311,0.792311,,,0,,,,230,59,29029
State,az,2013,41,1.00148,1.00148,,,0,,,,291,59,29057
State,az,2013,42,1.05946,1.05946,,,0,,,,302,61,28505
State,az,2013,43,0.840393,0.840393,,,0,,,,249,60,29629
State,az,2013,44,1.04156,1.04156,,,0,,,,303,62,29091
State,az,2013,45,1.14376,1.14376,,,0,,,,327,63,28590
State,az,2013,46,1.07193,1.07193,,,0,,,,293,63,27334
State,az,2013,47,1.31731,1.31731,,,0,,,,377,62,28619
State,az,2013,48,1.3855,1.3855,,,0,,,,284,63,20498
State,az,2013,49,1.35737,1.35737,,,0,,,,378,63,27848
State,az,2013,50,1.34871,1.34871,,,0,,,,366,63,27137
State,az,2013,51,1.81399,1.81399,,,0,,,,496,63,27343
State,az,2013,52,1.90977,1.90977,,,0,,,,381,62,19950
State,az,2014,1,2.11664,2.11664,,,0,,,,470,62,22205
State,az,2014,2,1.98886,1.98886,,,0,,,,575,61,28911
State,az,2014,3,2.8169,2.8169,,,0,,,,844,61,29962
State,az,2014,4,3.20993,3.20993,,,0,,,,874,60,27228
State,az,2014,5,2.92286,2.92286,,,0,,,,906,61,30997
State,az,2014,6,2.64201,2.64201,,,0,,,,740,59,28009
State,az,2014,7,2.37206,2.37206,,,0,,,,705,60,29721
State,az,2014,8,2.05059,2.05059,,,0,,,,578,60,28187
State,az,2014,9,2.0401,2.0401,,,0,,,,581,58,28479
State,az,2014,10,1.73595,1.73595,,,0,,,,446,55,25692
State,az,2014,11,1.50055,1.50055,,,0,,,,352,53,23458
State,az,2014,12,1.48581,1.48581,,,0,,,,356,53,23960
State,az,2014,13,1.23601,1.23601,,,0,,,,317,55,25647
State,az,2014,14,1.31352,1.31352,,,0,,,,259,53,19718
State,az,2014,15,1.46178,1.46178,,,0,,,,293,52,20044
State,az,2014,16,1.5802,1.5802,,,0,,,,325,52,20567
State,az,2014,17,1.42767,1.42767,,,0,,,,273,50,19122
State,az,2014,18,1.63348,1.63348,,,0,,,,292,50,17876
State,az,2014,19,1.75053,1.75053,,,0,,,,311,50,17766
State,az,2014,20,1.63644,1.63644,,,0,,,,286,50,17477
State,az,2014,21,1.24715,1.24715,,,0,,,,263,48,21088
State,az,2014,22,1.25493,1.25493,,,0,,,,226,49,18009
State,az,2014,23,1.07249,1.07249,,,0,,,,166,32,15478
State,az,2014,24,0.950335,0.950335,,,0,,,,146,33,15363
State,az,2014,25,0.754544,0.754544,,,0,,,,132,37,17494
State,az,2014,26,0.649819,0.649819,,,0,,,,126,46,19390
State,az,2014,27,0.643604,0.643604,,,0,,,,104,46,16159
State,az,2014,28,0.674624,0.674624,,,0,,,,130,47,19270
State,az,2014,29,0.82484,0.82484,,,0,,,,157,47,19034
State,az,2014,30,0.756809,0.756809,,,0,,,,142,47,18763
State,az,2014,31,0.653561,0.653561,,,0,,,,126,47,19279
State,az,2014,32,0.708957,0.708957,,,0,,,,134,45,18901
State,az,2014,33,0.736594,0.736594,,,0,,,,150,46,20364
State,az,2014,34,0.749133,0.749133,,,0,,,,162,44,21625
State,az,2014,35,0.914227,0.914227,,,0,,,,178,40,19470
State,az,2014,36,1.00071,1.00071,,,0,,,,183,45,18287
State,az,2014,37,0.993093,0.993093,,,0,,,,220,46,22153
State,az,2014,38,1.12618,1.12618,,,0,,,,245,45,21755
State,az,2014,39,1.24332,1.24332,,,0,,,,221,45,17775
State,az,2014,40,1.02937,1.02937,,,0,,,,299,59,29047
State,az,2014,41,0.830861,0.830861,,,0,,,,238,59,28645
State,az,2014,42,0.969776,0.969776,,,0,,,,283,60,29182
State,az,2014,43,0.931957,0.931957,,,0,,,,289,59,31010
State,az,2014,44,0.939032,0.939032,,,0,,,,272,58,28966
State,az,2014,45,1.08034,1.08034,,,0,,,,325,61,30083
State,az,2014,46,1.1259,1.1259,,,0,,,,318,60,28244
State,az,2014,47,1.11092,1.11092,,,0,,,,325,59,29255
State,az,2014,48,1.3478,1.3478,,,0,,,,272,59,20181
State,az,2014,49,1.30296,1.30296,,,0,,,,385,62,29548
State,az,2014,50,1.55325,1.55325,,,0,,,,425,61,27362
State,az,2014,51,1.70901,1.70901,,,0,,,,446,60,26097
State,az,2014,52,2.13564,2.13564,,,0,,,,313,58,14656
State,az,2014,53,2.65764,2.65764,,,0,,,,424,59,15954
State,az,2015,1,2.65774,2.65774,,,0,,,,639,60,24043
State,az,2015,2,3.21995,3.21995,,,0,,,,674,54,20932
State,az,2015,3,3.87231,3.87231,,,0,,,,763,54,19704
State,az,2015,4,3.55294,3.55294,,,0,,,,858,58,24149
State,az,2015,5,2.98083,2.98083,,,0,,,,703,57,23584
State,az,2015,6,2.45867,2.45867,,,0,,,,528,54,21475
State,az,2015,7,2.57266,2.57266,,,0,,,,563,55,21884
State,az,2015,8,2.30473,2.30473,,,0,,,,532,57,23083
State,az,2015,9,1.84192,1.84192,,,0,,,,457,56,24811
State,az,2015,10,1.54041,1.54041,,,0,,,,365,53,23695
State,az,2015,11,1.65807,1.65807,,,0,,,,402,53,24245
State,az,2015,12,1.2664,1.2664,,,0,,,,336,55,26532
State,az,2015,13,1.36548,1.36548,,,0,,,,333,53,24387
State,az,2015,14,1.19017,1.19017,,,0,,,,280,51,23526
State,az,2015,15,1.25342,1.25342,,,0,,,,316,54,25211
State,az,2015,16,1.21809,1.21809,,,0,,,,250,45,20524
State,az,2015,17,1.4832,1.4832,,,0,,,,320,51,21575
State,az,2015,18,1.19174,1.19174,,,0,,,,247,51,20726
State,az,2015,19,1.1132,1.1132,,,0,,,,231,52,20751
State,az,2015,20,1.29308,1.29308,,,0,,,,203,50,15699
State,az,2015,21,0.934579,0.934579,,,0,,,,148,48,15836
State,az,2015,22,0.893039,0.893039,,,0,,,,175,52,19596
State,az,2015,23,0.916517,0.916517,,,0,,,,184,51,20076
State,az,2015,24,0.804638,0.804638,,,0,,,,161,49,20009
State,az,2015,25,0.6118,0.6118,,,0,,,,115,49,18797
State,az,2015,26,0.735794,0.735794,,,0,,,,119,49,16173
State,az,2015,27,0.626526,0.626526,,,0,,,,118,50,18834
State,az,2015,28,0.647333,0.647333,,,0,,,,125,51,19310
State,az,2015,29,0.599811,0.599811,,,0,,,,114,49,19006
State,az,2015,30,0.684717,0.684717,,,0,,,,131,49,19132
State,az,2015,31,0.627193,0.627193,,,0,,,,118,49,18814
State,az,2015,32,0.60065,0.60065,,,0,,,,109,42,18147
State,az,2015,33,0.919573,0.919573,,,0,,,,193,49,20988
State,az,2015,34,0.904374,0.904374,,,0,,,,190,51,21009
State,az,2015,35,0.838819,0.838819,,,0,,,,158,43,18836
State,az,2015,36,0.819975,0.819975,,,0,,,,133,43,16220
State,az,2015,37,0.90587,0.90587,,,0,,,,202,50,22299
State,az,2015,38,1.01333,1.01333,,,0,,,,225,49,22204
State,az,2015,39,0.736351,0.736351,,,0,,,,169,48,22951
State,az,2015,40,1.23609,1.23609,,,0,,,,290,52,23461
State,az,2015,41,1.44689,1.44689,,,0,,,,360,54,24881
State,az,2015,42,1.49271,1.49271,,,0,,,,396,56,26529
State,az,2015,43,1.80696,1.80696,,,0,,,,404,53,22358
State,az,2015,44,1.87283,1.87283,,,0,,,,415,57,22159
State,az,2015,45,1.80418,1.80418,,,0,,,,438,57,24277
State,az,2015,46,1.84161,1.84161,,,0,,,,496,59,26933
State,az,2015,47,1.88987,1.88987,,,0,,,,348,59,18414
State,az,2015,48,2.40085,2.40085,,,0,,,,566,57,23575
State,az,2015,49,2.31562,2.31562,,,0,,,,503,56,21722
State,az,2015,50,2.41173,2.41173,,,0,,,,472,52,19571
State,az,2015,51,3.08603,3.08603,,,0,,,,485,58,15716
State,az,2015,52,2.59408,2.59408,,,0,,,,395,50,15227
State,az,2016,1,2.77037,2.77037,,,0,,,,644,58,23246
State,az,2016,2,2.78806,2.78806,,,0,,,,678,59,24318
State,az,2016,3,3.02494,3.02494,,,0,,,,666,58,22017
State,az,2016,4,3.40586,3.40586,,,0,,,,778,51,22843
State,az,2016,5,3.97859,3.97859,,,0,,,,892,51,22420
State,az,2016,6,5.18344,5.18344,,,0,,,,1297,58,25022
State,az,2016,7,5.17415,5.17415,,,0,,,,1181,50,22825
State,az,2016,8,5.38213,5.38213,,,0,,,,1181,49,21943
State,az,2016,9,5.02006,5.02006,,,0,,,,1251,57,24920
State,az,2016,10,4.14432,4.14432,,,0,,,,819,49,19762
State,az,2016,11,3.57787,3.57787,,,0,,,,813,57,22723
State,az,2016,12,3.08999,3.08999,,,0,,,,731,59,23657
State,az,2016,13,2.8788,2.8788,,,0,,,,528,47,18341
State,az,2016,14,2.73979,2.73979,,,0,,,,611,57,22301
State,az,2016,15,2.80626,2.80626,,,0,,,,594,56,21167
State,az,2016,16,2.74251,2.74251,,,0,,,,581,55,21185
State,az,2016,17,2.2786,2.2786,,,0,,,,476,54,20890
State,az,2016,18,1.94952,1.94952,,,0,,,,387,54,19851
State,az,2016,19,1.8429,1.8429,,,0,,,,362,55,19643
State,az,2016,20,1.87616,1.87616,,,0,,,,363,56,19348
State,az,2016,21,1.36355,1.36355,,,0,,,,299,54,21928
State,az,2016,22,1.19484,1.19484,,,0,,,,238,55,19919
State,az,2016,23,1.30139,1.30139,,,0,,,,302,54,23206
State,az,2016,24,1.3982,1.3982,,,0,,,,313,54,22386
State,az,2016,25,0.845835,0.845835,,,0,,,,159,45,18798
State,az,2016,26,1.04029,1.04029,,,0,,,,165,44,15861
State,az,2016,27,0.936658,0.936658,,,0,,,,139,42,14840
State,az,2016,28,0.79623,0.79623,,,0,,,,147,44,18462
State,az,2016,29,0.844818,0.844818,,,0,,,,160,44,18939
State,az,2016,30,0.749576,0.749576,,,0,,,,137,44,18277
State,az,2016,31,0.769468,0.769468,,,0,,,,150,45,19494
State,az,2016,32,0.351899,0.351899,,,0,,,,58,25,16482
State,az,2016,33,0.465008,0.465008,,,0,,,,80,24,17204
State,az,2016,34,0.601662,0.601662,,,0,,,,97,22,16122
State,az,2016,35,0.944555,0.944555,,,0,,,,100,20,10587
State,az,2016,36,0.522004,0.522004,,,0,,,,65,17,12452
State,az,2016,37,0.485373,0.485373,,,0,,,,74,17,15246
State,az,2016,38,0.560523,0.560523,,,0,,,,84,16,14986
State,az,2016,39,0.686454,0.686454,,,0,,,,105,18,15296
State,az,2016,40,1.23442,1.23442,,,0,,,,309,49,25032
State,az,2016,41,0.872229,0.872229,,,0,,,,262,50,30038
State,az,2016,42,0.956952,0.956952,,,0,,,,321,54,33544
State,az,2016,43,1.17237,1.17237,,,0,,,,303,47,25845
State,az,2016,44,1.32646,1.32646,,,0,,,,265,47,19978
State,az,2016,45,1.03275,1.03275,,,0,,,,245,46,23723
State,az,2016,46,1.38904,1.38904,,,0,,,,389,55,28005
State,az,2016,47,1.31857,1.31857,,,0,,,,218,46,16533
State,az,2016,48,1.35026,1.35026,,,0,,,,333,45,24662
State,az,2016,49,1.67818,1.67818,,,0,,,,396,47,23597
State,az,2016,50,2.02974,2.02974,,,0,,,,550,54,27097
State,az,2016,51,2.49073,2.49073,,,0,,,,591,54,23728
State,az,2016,52,2.53802,2.53802,,,0,,,,479,53,18873
State,az,2017,1,2.3799,2.3799,,,0,,,,540,55,22690
State,az,2017,2,2.07138,2.07138,,,0,,,,585,54,28242
State,az,2017,3,2.3739,2.3739,,,0,,,,545,54,22958
State,az,2017,4,2.19555,2.19555,,,0,,,,569,54,25916
State,az,2017,5,2.44798,2.44798,,,0,,,,647,54,26430
State,az,2017,6,2.4757,2.4757,,,0,,,,670,54,27063
State,az,2017,7,2.29842,2.29842,,,0,,,,549,48,23886
State,az,2017,8,2.5321,2.5321,,,0,,,,564,52,22274
State,az,2017,9,2.75203,2.75203,,,0,,,,668,52,24273
State,az,2017,10,2.49154,2.49154,,,0,,,,604,53,24242
State,az,2017,11,2.19247,2.19247,,,0,,,,506,51,23079
State,az,2017,12,2.22293,2.22293,,,0,,,,559,52,25147
State,az,2017,13,2.36382,2.36382,,,0,,,,542,50,22929
State,az,2017,14,2.38246,2.38246,,,0,,,,488,47,20483
State,az,2017,15,1.98371,1.98371,,,0,,,,380,43,19156
State,az,2017,16,2.0602,2.0602,,,0,,,,462,50,22425
State,az,2017,17,2.80205,2.80205,,,0,,,,420,42,14989
State,az,2017,18,2.26228,2.26228,,,0,,,,487,49,21527
State,az,2017,19,2.07529,2.07529,,,0,,,,328,42,15805
State,az,2017,20,2.15922,2.15922,,,0,,,,444,49,20563
State,az,2017,21,2.10293,2.10293,,,0,,,,436,48,20733
State,az,2017,22,1.86705,1.86705,,,0,,,,314,47,16818
State,az,2017,23,1.66789,1.66789,,,0,,,,318,46,19066
State,az,2017,24,1.35669,1.35669,,,0,,,,261,45,19238
State,az,2017,25,1.00375,1.00375,,,0,,,,158,37,15741
State,az,2017,26,1.22601,1.22601,,,0,,,,230,44,18760
State,az,2017,27,1.11157,1.11157,,,0,,,,162,43,14574
State,az,2017,28,1.12853,1.12853,,,0,,,,208,44,18431
State,az,2017,29,1.15307,1.15307,,,0,,,,211,42,18299
State,az,2017,30,1.14172,1.14172,,,0,,,,218,43,19094
State,az,2017,31,1.21496,1.21496,,,0,,,,231,43,19013
State,az,2017,32,1.04922,1.04922,,,0,,,,175,37,16679
State,az,2017,33,1.4268,1.4268,,,0,,,,242,36,16961
State,az,2017,34,2.35655,2.35655,,,0,,,,476,44,20199
State,az,2017,35,1.95961,1.95961,,,0,,,,391,43,19953
State,az,2017,36,1.53773,1.53773,,,0,,,,225,37,14632
State,az,2017,37,2.13733,2.13733,,,0,,,,334,42,15627
State,az,2017,38,1.68041,1.68041,,,0,,,,212,36,12616
State,az,2017,39,1.29671,1.29671,,,0,,,,152,35,11722
State,az,2017,40,2.3554,2.3554,,,0,,,,406,42,17237
State,az,2017,41,2.12645,2.12645,,,0,,,,373,43,17541
State,az,2017,42,1.87281,1.87281,,,0,,,,374,45,19970
State,az,2017,43,2.10657,2.10657,,,0,,,,408,45,19368
State,az,2017,44,2.58309,2.58309,,,0,,,,471,43,18234
State,az,2017,45,2.02104,2.02104,,,0,,,,317,39,15685
State,az,2017,46,2.40829,2.40829,,,0,,,,451,45,18727
State,az,2017,47,2.04295,2.04295,,,0,,,,215,39,10524
State,az,2017,48,3.27773,3.27773,,,0,,,,615,45,18763
State,az,2017,49,3.2836,3.2836,,,0,,,,449,37,13674
State,az,2017,50,5.10282,5.10282,,,0,,,,866,44,16971
State,az,2017,51,6.14811,6.14811,,,0,,,,973,43,15826
State,az,2017,52,8.49823,8.49823,,,0,,,,1078,44,12685
State,ca,2010,40,1.95412,1.95412,,,0,,,,632,112,32342
State,ca,2010,41,2.15266,2.15266,,,0,,,,742,122,34469
State,ca,2010,42,2.24173,2.24173,,,0,,,,766,126,34170
State,ca,2010,43,1.91748,1.91748,,,0,,,,666,130,34733
State,ca,2010,44,2.52326,2.52326,,,0,,,,887,131,35153
State,ca,2010,45,2.74562,2.74562,,,0,,,,906,126,32998
State,ca,2010,46,2.81963,2.81963,,,0,,,,1020,131,36175
State,ca,2010,47,3.16132,3.16132,,,0,,,,729,134,23060
State,ca,2010,48,2.60631,2.60631,,,0,,,,939,135,36028
State,ca,2010,49,3.05613,3.05613,,,0,,,,1072,135,35077
State,ca,2010,50,3.6598,3.6598,,,0,,,,1170,128,31969
State,ca,2010,51,4.62077,4.62077,,,0,,,,1057,127,22875
State,ca,2010,52,4.6895,4.6895,,,0,,,,916,125,19533
State,ca,2011,1,3.56213,3.56213,,,0,,,,1190,129,33407
State,ca,2011,2,3.79325,3.79325,,,0,,,,1354,132,35695
State,ca,2011,3,4.02689,4.02689,,,0,,,,1324,130,32879
State,ca,2011,4,4.60501,4.60501,,,0,,,,1768,132,38393
State,ca,2011,5,4.33983,4.33983,,,0,,,,1747,133,40255
State,ca,2011,6,4.88711,4.88711,,,0,,,,1987,138,40658
State,ca,2011,7,5.07162,5.07162,,,0,,,,2036,136,40145
State,ca,2011,8,5.17402,5.17402,,,0,,,,1775,134,34306
State,ca,2011,9,5.00087,5.00087,,,0,,,,2007,138,40133
State,ca,2011,10,4.69447,4.69447,,,0,,,,1853,136,39472
State,ca,2011,11,4.4379,4.4379,,,0,,,,1598,134,36008
State,ca,2011,12,3.29703,3.29703,,,0,,,,1111,127,33697
State,ca,2011,13,3.2,3.2,,,0,,,,1160,131,36250
State,ca,2011,14,2.64683,2.64683,,,0,,,,927,121,35023
State,ca,2011,15,2.57193,2.57193,,,0,,,,918,120,35693
State,ca,2011,16,2.24199,2.24199,,,0,,,,736,119,32828
State,ca,2011,17,2.34436,2.34436,,,0,,,,784,112,33442
State,ca,2011,18,2.14632,2.14632,,,0,,,,734,111,34198
State,ca,2011,19,2.05279,2.05279,,,0,,,,672,110,32736
State,ca,2011,20,2.13285,2.13285,,,0,,,,700,113,32820
State,ca,2011,21,2.10667,2.10667,,,0,,,,583,94,27674
State,ca,2011,22,2.5765,2.5765,,,0,,,,581,91,22550
State,ca,2011,23,2.26424,2.26424,,,0,,,,588,87,25969
State,ca,2011,24,1.84762,1.84762,,,0,,,,461,88,24951
State,ca,2011,25,1.73298,1.73298,,,0,,,,436,88,25159
State,ca,2011,26,1.67684,1.67684,,,0,,,,426,80,25405
State,ca,2011,27,1.68774,1.68774,,,0,,,,343,82,20323
State,ca,2011,28,1.60432,1.60432,,,0,,,,383,84,23873
State,ca,2011,29,1.45437,1.45437,,,0,,,,327,78,22484
State,ca,2011,30,1.35141,1.35141,,,0,,,,303,79,22421
State,ca,2011,31,0.553292,0.553292,,,0,,,,91,74,16447
State,ca,2011,32,1.35688,1.35688,,,0,,,,295,80,21741
State,ca,2011,33,1.1637,1.1637,,,0,,,,284,82,24405
State,ca,2011,34,1.34833,1.34833,,,0,,,,350,83,25958
State,ca,2011,35,1.47857,1.47857,,,0,,,,376,79,25430
State,ca,2011,36,1.60215,1.60215,,,0,,,,322,77,20098
State,ca,2011,37,1.74891,1.74891,,,0,,,,420,76,24015
State,ca,2011,38,1.75994,1.75994,,,0,,,,445,74,25285
State,ca,2011,39,1.84745,1.84745,,,0,,,,474,73,25657
State,ca,2011,40,1.80295,1.80295,,,0,,,,568,116,31504
State,ca,2011,41,2.06534,2.06534,,,0,,,,703,122,34038
State,ca,2011,42,2.38294,2.38294,,,0,,,,801,116,33614
State,ca,2011,43,2.29128,2.29128,,,0,,,,797,118,34784
State,ca,2011,44,2.48358,2.48358,,,0,,,,866,125,34869
State,ca,2011,45,2.1744,2.1744,,,0,,,,784,127,36056
State,ca,2011,46,2.6274,2.6274,,,0,,,,992,123,37756
State,ca,2011,47,2.51216,2.51216,,,0,,,,594,125,23645
State,ca,2011,48,1.6858,1.6858,,,0,,,,511,125,30312
State,ca,2011,49,2.7037,2.7037,,,0,,,,883,128,32659
State,ca,2011,50,3.02135,3.02135,,,0,,,,951,127,31476
State,ca,2011,51,3.60781,3.60781,,,0,,,,843,121,23366
State,ca,2011,52,4.3531,4.3531,,,0,,,,718,117,16494
State,ca,2012,1,3.50589,3.50589,,,0,,,,854,122,24359
State,ca,2012,2,2.94298,2.94298,,,0,,,,958,124,32552
State,ca,2012,3,2.73705,2.73705,,,0,,,,855,125,31238
State,ca,2012,4,3.53247,3.53247,,,0,,,,1224,126,34650
State,ca,2012,5,3.85357,3.85357,,,0,,,,1359,129,35266
State,ca,2012,6,3.29788,3.29788,,,0,,,,1265,130,38358
State,ca,2012,7,3.57343,3.57343,,,0,,,,1278,130,35764
State,ca,2012,8,4.20562,4.20562,,,0,,,,1300,125,30911
State,ca,2012,9,3.54025,3.54025,,,0,,,,1253,127,35393
State,ca,2012,10,2.69266,2.69266,,,0,,,,812,128,30156
State,ca,2012,11,3.12447,3.12447,,,0,,,,920,128,29445
State,ca,2012,12,2.83205,2.83205,,,0,,,,819,124,28919
State,ca,2012,13,3.89886,3.89886,,,0,,,,1229,127,31522
State,ca,2012,14,2.99164,2.99164,,,0,,,,952,120,31822
State,ca,2012,15,2.87193,2.87193,,,0,,,,927,118,32278
State,ca,2012,16,2.15102,2.15102,,,0,,,,717,116,33333
State,ca,2012,17,2.15365,2.15365,,,0,,,,693,113,32178
State,ca,2012,18,2.36106,2.36106,,,0,,,,732,107,31003
State,ca,2012,19,2.17778,2.17778,,,0,,,,673,99,30903
State,ca,2012,20,2.04531,2.04531,,,0,,,,613,94,29971
State,ca,2012,21,2.22589,2.22589,,,0,,,,593,91,26641
State,ca,2012,22,2.21439,2.21439,,,0,,,,465,89,20999
State,ca,2012,23,2.01533,2.01533,,,0,,,,497,88,24661
State,ca,2012,24,1.81274,1.81274,,,0,,,,466,88,25707
State,ca,2012,25,2.03814,2.03814,,,0,,,,482,85,23649
State,ca,2012,26,1.875,1.875,,,0,,,,411,80,21920
State,ca,2012,27,1.93357,1.93357,,,0,,,,365,81,18877
State,ca,2012,28,1.82661,1.82661,,,0,,,,390,74,21351
State,ca,2012,29,1.69307,1.69307,,,0,,,,357,76,21086
State,ca,2012,30,1.68499,1.68499,,,0,,,,354,76,21009
State,ca,2012,31,1.75422,1.75422,,,0,,,,362,77,20636
State,ca,2012,32,1.61435,1.61435,,,0,,,,343,74,21247
State,ca,2012,33,1.07686,1.07686,,,0,,,,160,70,14858
State,ca,2012,34,1.88368,1.88368,,,0,,,,411,73,21819
State,ca,2012,35,2.0159,2.0159,,,0,,,,525,74,26043
State,ca,2012,36,2.3227,2.3227,,,0,,,,543,76,23378
State,ca,2012,37,2.2445,2.2445,,,0,,,,627,75,27935
State,ca,2012,38,2.43955,2.43955,,,0,,,,678,73,27792
State,ca,2012,39,2.40973,2.40973,,,0,,,,656,69,27223
State,ca,2012,40,2.10133,2.10133,,,0,,,,720,123,34264
State,ca,2012,41,2.26502,2.26502,,,0,,,,781,123,34481
State,ca,2012,42,2.35697,2.35697,,,0,,,,840,126,35639
State,ca,2012,43,2.37177,2.37177,,,0,,,,812,122,34236
State,ca,2012,44,2.45736,2.45736,,,0,,,,853,119,34712
State,ca,2012,45,2.56157,2.56157,,,0,,,,909,120,35486
State,ca,2012,46,2.51209,2.51209,,,0,,,,857,123,34115
State,ca,2012,47,2.73042,2.73042,,,0,,,,639,123,23403
State,ca,2012,48,2.56313,2.56313,,,0,,,,946,129,36908
State,ca,2012,49,2.45937,2.45937,,,0,,,,905,128,36798
State,ca,2012,50,2.70899,2.70899,,,0,,,,920,126,33961
State,ca,2012,51,3.37338,3.37338,,,0,,,,1025,117,30385
State,ca,2012,52,5.49621,5.49621,,,0,,,,957,110,17412
State,ca,2013,1,3.62306,3.62306,,,0,,,,812,123,22412
State,ca,2013,2,3.7083,3.7083,,,0,,,,1255,125,33843
State,ca,2013,3,4.98923,4.98923,,,0,,,,1783,126,35737
State,ca,2013,4,5.83965,5.83965,,,0,,,,2043,124,34985
State,ca,2013,5,6.10146,6.10146,,,0,,,,2349,126,38499
State,ca,2013,6,5.4357,5.4357,,,0,,,,1993,115,36665
State,ca,2013,7,4.86921,4.86921,,,0,,,,1746,120,35858
State,ca,2013,8,4.14831,4.14831,,,0,,,,1365,123,32905
State,ca,2013,9,3.70949,3.70949,,,0,,,,1354,123,36501
State,ca,2013,10,3.98337,3.98337,,,0,,,,1399,121,35121
State,ca,2013,11,3.45064,3.45064,,,0,,,,1159,115,33588
State,ca,2013,12,3.237,3.237,,,0,,,,1017,116,31418
State,ca,2013,13,2.96289,2.96289,,,0,,,,871,117,29397
State,ca,2013,14,2.50403,2.50403,,,0,,,,715,108,28554
State,ca,2013,15,1.97829,1.97829,,,0,,,,687,109,34727
State,ca,2013,16,1.82625,1.82625,,,0,,,,609,106,33347
State,ca,2013,17,1.7337,1.7337,,,0,,,,600,111,34608
State,ca,2013,18,1.6856,1.6856,,,0,,,,561,106,33282
State,ca,2013,19,1.62542,1.62542,,,0,,,,528,107,32484
State,ca,2013,20,1.69397,1.69397,,,0,,,,545,100,32173
State,ca,2013,21,1.59179,1.59179,,,0,,,,495,96,31097
State,ca,2013,22,1.52385,1.52385,,,0,,,,390,98,25593
State,ca,2013,23,1.54648,1.54648,,,0,,,,454,98,29357
State,ca,2013,24,1.58567,1.58567,,,0,,,,433,92,27307
State,ca,2013,25,1.59109,1.59109,,,0,,,,407,90,25580
State,ca,2013,26,1.41541,1.41541,,,0,,,,355,89,25081
State,ca,2013,27,1.43255,1.43255,,,0,,,,288,91,20104
State,ca,2013,28,1.25056,1.25056,,,0,,,,334,92,26708
State,ca,2013,29,1.30391,1.30391,,,0,,,,325,88,24925
State,ca,2013,30,1.3224,1.3224,,,0,,,,324,85,24501
State,ca,2013,31,1.22818,1.22818,,,0,,,,299,82,24345
State,ca,2013,32,1.32131,1.32131,,,0,,,,299,78,22629
State,ca,2013,33,1.21946,1.21946,,,0,,,,285,75,23371
State,ca,2013,34,1.19376,1.19376,,,0,,,,294,73,24628
State,ca,2013,35,1.53035,1.53035,,,0,,,,389,75,25419
State,ca,2013,36,1.63164,1.63164,,,0,,,,354,76,21696
State,ca,2013,37,1.70543,1.70543,,,0,,,,440,75,25800
State,ca,2013,38,1.67839,1.67839,,,0,,,,451,77,26871
State,ca,2013,39,1.94581,1.94581,,,0,,,,530,80,27238
State,ca,2013,40,1.52479,1.52479,,,0,,,,633,137,41514
State,ca,2013,41,1.75269,1.75269,,,0,,,,744,137,42449
State,ca,2013,42,1.74662,1.74662,,,0,,,,687,133,39333
State,ca,2013,43,1.77965,1.77965,,,0,,,,744,133,41806
State,ca,2013,44,1.99307,1.99307,,,0,,,,828,139,41544
State,ca,2013,45,2.29774,2.29774,,,0,,,,977,147,42520
State,ca,2013,46,2.29161,2.29161,,,0,,,,888,146,38750
State,ca,2013,47,2.13404,2.13404,,,0,,,,868,138,40674
State,ca,2013,48,2.59558,2.59558,,,0,,,,702,138,27046
State,ca,2013,49,2.32553,2.32553,,,0,,,,970,139,41711
State,ca,2013,50,2.77058,2.77058,,,0,,,,1080,141,38981
State,ca,2013,51,3.1557,3.1557,,,0,,,,1137,137,36030
State,ca,2013,52,5.10491,5.10491,,,0,,,,1107,130,21685
State,ca,2014,1,5.1101,5.1101,,,0,,,,1397,137,27338
State,ca,2014,2,4.61744,4.61744,,,0,,,,1866,138,40412
State,ca,2014,3,4.57287,4.57287,,,0,,,,1903,140,41615
State,ca,2014,4,5.04872,5.04872,,,0,,,,2005,138,39713
State,ca,2014,5,4.28707,4.28707,,,0,,,,1813,131,42290
State,ca,2014,6,3.83781,3.83781,,,0,,,,1628,137,42420
State,ca,2014,7,3.46235,3.46235,,,0,,,,1357,131,39193
State,ca,2014,8,3.38719,3.38719,,,0,,,,1176,127,34719
State,ca,2014,9,3.03955,3.03955,,,0,,,,1165,125,38328
State,ca,2014,10,2.72134,2.72134,,,0,,,,1034,122,37996
State,ca,2014,11,2.31375,2.31375,,,0,,,,882,119,38120
State,ca,2014,12,2.39688,2.39688,,,0,,,,892,121,37215
State,ca,2014,13,1.99261,1.99261,,,0,,,,685,118,34377
State,ca,2014,14,2.01378,2.01378,,,0,,,,672,116,33370
State,ca,2014,15,1.84637,1.84637,,,0,,,,655,112,35475
State,ca,2014,16,1.87291,1.87291,,,0,,,,611,106,32623
State,ca,2014,17,1.83302,1.83302,,,0,,,,602,98,32842
State,ca,2014,18,1.69241,1.69241,,,0,,,,562,95,33207
State,ca,2014,19,1.72803,1.72803,,,0,,,,551,92,31886
State,ca,2014,20,1.80206,1.80206,,,0,,,,569,88,31575
State,ca,2014,21,2.0838,2.0838,,,0,,,,563,88,27018
State,ca,2014,22,1.86448,1.86448,,,0,,,,454,86,24350
State,ca,2014,23,1.88064,1.88064,,,0,,,,531,88,28235
State,ca,2014,24,1.80584,1.80584,,,0,,,,508,87,28131
State,ca,2014,25,1.77155,1.77155,,,0,,,,458,84,25853
State,ca,2014,26,1.76479,1.76479,,,0,,,,473,84,26802
State,ca,2014,27,1.80666,1.80666,,,0,,,,405,86,22417
State,ca,2014,28,1.49365,1.49365,,,0,,,,402,89,26914
State,ca,2014,29,1.48858,1.48858,,,0,,,,382,83,25662
State,ca,2014,30,1.26523,1.26523,,,0,,,,325,85,25687
State,ca,2014,31,1.27847,1.27847,,,0,,,,339,87,26516
State,ca,2014,32,1.05709,1.05709,,,0,,,,267,85,25258
State,ca,2014,33,1.05714,1.05714,,,0,,,,242,74,22892
State,ca,2014,34,1.20447,1.20447,,,0,,,,291,72,24160
State,ca,2014,35,1.31574,1.31574,,,0,,,,357,76,27133
State,ca,2014,36,1.58283,1.58283,,,0,,,,348,70,21986
State,ca,2014,37,1.87174,1.87174,,,0,,,,481,67,25698
State,ca,2014,38,1.86948,1.86948,,,0,,,,487,68,26050
State,ca,2014,39,1.78656,1.78656,,,0,,,,453,66,25356
State,ca,2014,40,1.9089,1.9089,,,0,,,,831,129,43533
State,ca,2014,41,2.01872,2.01872,,,0,,,,936,136,46366
State,ca,2014,42,1.88158,1.88158,,,0,,,,886,139,47088
State,ca,2014,43,1.84197,1.84197,,,0,,,,873,147,47395
State,ca,2014,44,1.88603,1.88603,,,0,,,,844,154,44750
State,ca,2014,45,2.22964,2.22964,,,0,,,,1048,157,47003
State,ca,2014,46,2.21797,2.21797,,,0,,,,858,141,38684
State,ca,2014,47,2.48984,2.48984,,,0,,,,1176,160,47232
State,ca,2014,48,2.72718,2.72718,,,0,,,,840,159,30801
State,ca,2014,49,2.40936,2.40936,,,0,,,,1129,165,46859
State,ca,2014,50,2.57737,2.57737,,,0,,,,1151,159,44658
State,ca,2014,51,2.90369,2.90369,,,0,,,,1171,152,40328
State,ca,2014,52,4.47729,4.47729,,,0,,,,1048,151,23407
State,ca,2014,53,4.77128,4.77128,,,0,,,,1284,152,26911
State,ca,2015,1,3.99683,3.99683,,,0,,,,1865,157,46662
State,ca,2015,2,4.33141,4.33141,,,0,,,,2065,152,47675
State,ca,2015,3,4.88005,4.88005,,,0,,,,2140,152,43852
State,ca,2015,4,5.01063,5.01063,,,0,,,,2452,155,48936
State,ca,2015,5,4.505,4.505,,,0,,,,2192,144,48657
State,ca,2015,6,4.0094,4.0094,,,0,,,,1774,141,44246
State,ca,2015,7,3.44632,3.44632,,,0,,,,1396,147,40507
State,ca,2015,8,3.17311,3.17311,,,0,,,,1488,149,46894
State,ca,2015,9,3.07302,3.07302,,,0,,,,1369,148,44549
State,ca,2015,10,3.17645,3.17645,,,0,,,,1472,142,46341
State,ca,2015,11,2.9528,2.9528,,,0,,,,1278,138,43281
State,ca,2015,12,2.65624,2.65624,,,0,,,,1097,137,41299
State,ca,2015,13,2.655,2.655,,,0,,,,1050,138,39548
State,ca,2015,14,2.39851,2.39851,,,0,,,,950,139,39608
State,ca,2015,15,2.11801,2.11801,,,0,,,,906,139,42776
State,ca,2015,16,2.13528,2.13528,,,0,,,,858,125,40182
State,ca,2015,17,2.14816,2.14816,,,0,,,,912,129,42455
State,ca,2015,18,2.22859,2.22859,,,0,,,,910,125,40833
State,ca,2015,19,2.26505,2.26505,,,0,,,,905,125,39955
State,ca,2015,20,2.10943,2.10943,,,0,,,,768,123,36408
State,ca,2015,21,2.07654,2.07654,,,0,,,,643,120,30965
State,ca,2015,22,2.17739,2.17739,,,0,,,,680,98,31230
State,ca,2015,23,1.96065,1.96065,,,0,,,,576,100,29378
State,ca,2015,24,1.86878,1.86878,,,0,,,,507,99,27130
State,ca,2015,25,1.65902,1.65902,,,0,,,,459,97,27667
State,ca,2015,26,1.64078,1.64078,,,0,,,,393,97,23952
State,ca,2015,27,1.4891,1.4891,,,0,,,,420,96,28205
State,ca,2015,28,1.27019,1.27019,,,0,,,,339,94,26689
State,ca,2015,29,1.07618,1.07618,,,0,,,,293,96,27226
State,ca,2015,30,1.07527,1.07527,,,0,,,,282,90,26226
State,ca,2015,31,1.06028,1.06028,,,0,,,,283,93,26691
State,ca,2015,32,1.22321,1.22321,,,0,,,,351,103,28695
State,ca,2015,33,1.15595,1.15595,,,0,,,,350,98,30278
State,ca,2015,34,1.30353,1.30353,,,0,,,,431,99,33064
State,ca,2015,35,1.26281,1.26281,,,0,,,,419,97,33180
State,ca,2015,36,0.909243,0.909243,,,0,,,,218,95,23976
State,ca,2015,37,1.4079,1.4079,,,0,,,,471,100,33454
State,ca,2015,38,1.34636,1.34636,,,0,,,,463,97,34389
State,ca,2015,39,1.21246,1.21246,,,0,,,,348,87,28702
State,ca,2015,40,1.38064,1.38064,,,0,,,,558,125,40416
State,ca,2015,41,1.5661,1.5661,,,0,,,,653,138,41696
State,ca,2015,42,1.50411,1.50411,,,0,,,,677,140,45010
State,ca,2015,43,1.61772,1.61772,,,0,,,,715,151,44198
State,ca,2015,44,1.73589,1.73589,,,0,,,,800,157,46086
State,ca,2015,45,1.80813,1.80813,,,0,,,,782,156,43249
State,ca,2015,46,2.14097,2.14097,,,0,,,,996,157,46521
State,ca,2015,47,2.39866,2.39866,,,0,,,,687,153,28641
State,ca,2015,48,2.02273,2.02273,,,0,,,,936,152,46274
State,ca,2015,49,2.07101,2.07101,,,0,,,,938,152,45292
State,ca,2015,50,2.17017,2.17017,,,0,,,,856,149,39444
State,ca,2015,51,2.91333,2.91333,,,0,,,,723,145,24817
State,ca,2015,52,3.27722,3.27722,,,0,,,,806,139,24594
State,ca,2016,1,2.5018,2.5018,,,0,,,,1077,153,43049
State,ca,2016,2,2.47039,2.47039,,,0,,,,1043,143,42220
State,ca,2016,3,2.68971,2.68971,,,0,,,,1097,138,40785
State,ca,2016,4,2.83328,2.83328,,,0,,,,1347,148,47542
State,ca,2016,5,3.28407,3.28407,,,0,,,,1600,152,48720
State,ca,2016,6,3.91439,3.91439,,,0,,,,1882,146,48079
State,ca,2016,7,4.39619,4.39619,,,0,,,,1893,139,43060
State,ca,2016,8,3.73143,3.73143,,,0,,,,1859,147,49820
State,ca,2016,9,3.63724,3.63724,,,0,,,,1804,148,49598
State,ca,2016,10,3.69442,3.69442,,,0,,,,1636,129,44283
State,ca,2016,11,3.19283,3.19283,,,0,,,,1293,125,40497
State,ca,2016,12,2.99262,2.99262,,,0,,,,1201,139,40132
State,ca,2016,13,2.80927,2.80927,,,0,,,,1053,131,37483
State,ca,2016,14,2.11652,2.11652,,,0,,,,938,139,44318
State,ca,2016,15,1.92403,1.92403,,,0,,,,855,133,44438
State,ca,2016,16,1.62852,1.62852,,,0,,,,710,128,43598
State,ca,2016,17,1.73597,1.73597,,,0,,,,711,123,40957
State,ca,2016,18,1.84902,1.84902,,,0,,,,726,115,39264
State,ca,2016,19,1.53059,1.53059,,,0,,,,586,109,38286
State,ca,2016,20,1.48681,1.48681,,,0,,,,527,102,35445
State,ca,2016,21,1.44399,1.44399,,,0,,,,515,99,35665
State,ca,2016,22,1.37865,1.37865,,,0,,,,417,105,30247
State,ca,2016,23,1.36671,1.36671,,,0,,,,440,97,32194
State,ca,2016,24,1.2644,1.2644,,,0,,,,395,102,31240
State,ca,2016,25,1.15867,1.15867,,,0,,,,376,100,32451
State,ca,2016,26,1.21986,1.21986,,,0,,,,381,96,31233
State,ca,2016,27,1.14608,1.14608,,,0,,,,299,97,26089
State,ca,2016,28,1.04573,1.04573,,,0,,,,324,98,30983
State,ca,2016,29,0.904141,0.904141,,,0,,,,269,96,29752
State,ca,2016,30,0.856349,0.856349,,,0,,,,262,96,30595
State,ca,2016,31,0.85127,0.85127,,,0,,,,246,82,28898
State,ca,2016,32,0.896093,0.896093,,,0,,,,267,83,29796
State,ca,2016,33,1.00994,1.00994,,,0,,,,310,83,30695
State,ca,2016,34,1.04709,1.04709,,,0,,,,342,81,32662
State,ca,2016,35,1.30993,1.30993,,,0,,,,447,82,34124
State,ca,2016,36,1.36273,1.36273,,,0,,,,398,81,29206
State,ca,2016,37,1.71708,1.71708,,,0,,,,604,86,35176
State,ca,2016,38,1.78398,1.78398,,,0,,,,624,88,34978
State,ca,2016,39,1.65703,1.65703,,,0,,,,636,95,38382
State,ca,2016,40,1.30758,1.30758,,,0,,,,698,130,53381
State,ca,2016,41,1.39291,1.39291,,,0,,,,760,134,54562
State,ca,2016,42,1.51631,1.51631,,,0,,,,812,131,53551
State,ca,2016,43,1.52383,1.52383,,,0,,,,833,130,54665
State,ca,2016,44,1.57619,1.57619,,,0,,,,849,132,53864
State,ca,2016,45,1.74694,1.74694,,,0,,,,942,136,53923
State,ca,2016,46,1.7768,1.7768,,,0,,,,993,133,55887
State,ca,2016,47,2.14459,2.14459,,,0,,,,865,133,40334
State,ca,2016,48,2.00773,2.00773,,,0,,,,1091,132,54340
State,ca,2016,49,2.07484,2.07484,,,0,,,,1114,133,53691
State,ca,2016,50,2.37525,2.37525,,,0,,,,1190,125,50100
State,ca,2016,51,2.87829,2.87829,,,0,,,,1233,123,42838
State,ca,2016,52,3.52608,3.52608,,,0,,,,1419,129,40243
State,ca,2017,1,3.2667,3.2667,,,0,,,,1559,135,47724
State,ca,2017,2,2.9995,2.9995,,,0,,,,1490,129,49675
State,ca,2017,3,2.77799,2.77799,,,0,,,,1441,129,51872
State,ca,2017,4,3.11572,3.11572,,,0,,,,1700,129,54562
State,ca,2017,5,3.19202,3.19202,,,0,,,,1667,121,52224
State,ca,2017,6,2.69419,2.69419,,,0,,,,1395,118,51778
State,ca,2017,7,2.52341,2.52341,,,0,,,,1245,113,49338
State,ca,2017,8,2.38854,2.38854,,,0,,,,1080,107,45216
State,ca,2017,9,2.14593,2.14593,,,0,,,,1082,112,50421
State,ca,2017,10,2.17089,2.17089,,,0,,,,1091,111,50256
State,ca,2017,11,2.3373,2.3373,,,0,,,,1155,112,49416
State,ca,2017,12,1.95979,1.95979,,,0,,,,925,104,47199
State,ca,2017,13,1.96521,1.96521,,,0,,,,845,102,42998
State,ca,2017,14,1.73982,1.73982,,,0,,,,809,104,46499
State,ca,2017,15,1.59589,1.59589,,,0,,,,746,103,46745
State,ca,2017,16,1.62994,1.62994,,,0,,,,776,103,47609
State,ca,2017,17,1.66288,1.66288,,,0,,,,797,103,47929
State,ca,2017,18,1.46371,1.46371,,,0,,,,660,92,45091
State,ca,2017,19,1.43326,1.43326,,,0,,,,629,95,43886
State,ca,2017,20,1.4245,1.4245,,,0,,,,640,96,44928
State,ca,2017,21,1.39117,1.39117,,,0,,,,551,85,39607
State,ca,2017,22,1.39993,1.39993,,,0,,,,449,75,32073
State,ca,2017,23,1.6159,1.6159,,,0,,,,608,81,37626
State,ca,2017,24,1.2838,1.2838,,,0,,,,470,75,36610
State,ca,2017,25,1.25237,1.25237,,,0,,,,463,77,36970
State,ca,2017,26,1.39657,1.39657,,,0,,,,470,75,33654
State,ca,2017,27,1.31237,1.31237,,,0,,,,369,74,28117
State,ca,2017,28,1.12425,1.12425,,,0,,,,366,73,32555
State,ca,2017,29,1.09387,1.09387,,,0,,,,397,72,36293
State,ca,2017,30,0.979101,0.979101,,,0,,,,342,67,34930
State,ca,2017,31,0.853916,0.853916,,,0,,,,307,69,35952
State,ca,2017,32,0.936918,0.936918,,,0,,,,337,70,35969
State,ca,2017,33,1.01272,1.01272,,,0,,,,340,68,33573
State,ca,2017,34,1.13787,1.13787,,,0,,,,439,70,38581
State,ca,2017,35,1.19891,1.19891,,,0,,,,506,72,42205
State,ca,2017,36,1.28088,1.28088,,,0,,,,490,74,38255
State,ca,2017,37,1.547,1.547,,,0,,,,652,78,42146
State,ca,2017,38,1.52105,1.52105,,,0,,,,621,71,40827
State,ca,2017,39,1.55626,1.55626,,,0,,,,659,72,42345
State,ca,2017,40,1.75421,1.75421,,,0,,,,852,102,48569
State,ca,2017,41,1.53534,1.53534,,,0,,,,733,106,47742
State,ca,2017,42,1.56714,1.56714,,,0,,,,823,117,52516
State,ca,2017,43,1.72325,1.72325,,,0,,,,906,118,52575
State,ca,2017,44,1.98355,1.98355,,,0,,,,948,120,47793
State,ca,2017,45,1.90851,1.90851,,,0,,,,950,124,49777
State,ca,2017,46,1.99801,1.99801,,,0,,,,1024,126,51251
State,ca,2017,47,2.2189,2.2189,,,0,,,,817,120,36820
State,ca,2017,48,1.94918,1.94918,,,0,,,,988,124,50688
State,ca,2017,49,2.49813,2.49813,,,0,,,,1236,128,49477
State,ca,2017,50,3.39179,3.39179,,,0,,,,1671,122,49266
State,ca,2017,51,4.58891,4.58891,,,0,,,,2069,117,45087
State,ca,2017,52,6.84245,6.84245,,,0,,,,2512,118,36712
State,co,2010,40,0.660684,0.660684,,,0,,,,134,14,20282
State,co,2010,41,0.628621,0.628621,,,0,,,,115,12,18294
State,co,2010,42,0.80402,0.80402,,,0,,,,152,12,18905
State,co,2010,43,0.909658,0.909658,,,0,,,,175,11,19238
State,co,2010,44,0.971705,0.971705,,,0,,,,193,12,19862
State,co,2010,45,0.719015,0.719015,,,0,,,,139,12,19332
State,co,2010,46,0.696032,0.696032,,,0,,,,137,9,19683
State,co,2010,47,0.754401,0.754401,,,0,,,,108,11,14316
State,co,2010,48,0.849729,0.849729,,,0,,,,168,11,19771
State,co,2010,49,0.809504,0.809504,,,0,,,,154,12,19024
State,co,2010,50,0.901601,0.901601,,,0,,,,174,13,19299
State,co,2010,51,0.833503,0.833503,,,0,,,,123,12,14757
State,co,2010,52,1.06009,1.06009,,,0,,,,160,10,15093
State,co,2011,1,0.919508,0.919508,,,0,,,,199,12,21642
State,co,2011,2,1.01411,1.01411,,,0,,,,202,12,19919
State,co,2011,3,1.14098,1.14098,,,0,,,,236,12,20684
State,co,2011,4,1.88811,1.88811,,,0,,,,406,12,21503
State,co,2011,5,2.52049,2.52049,,,0,,,,486,11,19282
State,co,2011,6,2.63779,2.63779,,,0,,,,548,12,20775
State,co,2011,7,2.92775,2.92775,,,0,,,,654,12,22338
State,co,2011,8,2.85625,2.85625,,,0,,,,637,12,22302
State,co,2011,9,2.67784,2.67784,,,0,,,,591,12,22070
State,co,2011,10,2.10423,2.10423,,,0,,,,451,12,21433
State,co,2011,11,1.78431,1.78431,,,0,,,,387,12,21689
State,co,2011,12,1.37731,1.37731,,,0,,,,289,12,20983
State,co,2011,13,0.984413,0.984413,,,0,,,,192,11,19504
State,co,2011,14,0.896684,0.896684,,,0,,,,182,12,20297
State,co,2011,15,0.814396,0.814396,,,0,,,,167,12,20506
State,co,2011,16,0.764121,0.764121,,,0,,,,153,12,20023
State,co,2011,17,0.909698,0.909698,,,0,,,,177,11,19457
State,co,2011,18,0.759519,0.759519,,,0,,,,151,12,19881
State,co,2011,19,0.604343,0.604343,,,0,,,,113,12,18698
State,co,2011,20,0.627459,0.627459,,,0,,,,118,12,18806
State,co,2011,21,0.59322,0.59322,,,0,,,,112,12,18880
State,co,2011,22,0.55124,0.55124,,,0,,,,88,12,15964
State,co,2011,23,0.433862,0.433862,,,0,,,,84,12,19361
State,co,2011,24,0.372321,0.372321,,,0,,,,70,12,18801
State,co,2011,25,0.310244,0.310244,,,0,,,,55,11,17728
State,co,2011,26,0.250892,0.250892,,,0,,,,45,11,17936
State,co,2011,27,0.422777,0.422777,,,0,,,,64,12,15138
State,co,2011,28,0.30888,0.30888,,,0,,,,56,11,18130
State,co,2011,29,0.406306,0.406306,,,0,,,,75,10,18459
State,co,2011,30,0.368984,0.368984,,,0,,,,70,9,18971
State,co,2011,31,0.479629,0.479629,,,0,,,,93,11,19390
State,co,2011,32,0.351199,0.351199,,,0,,,,69,12,19647
State,co,2011,33,0.392137,0.392137,,,0,,,,77,12,19636
State,co,2011,34,0.40142,0.40142,,,0,,,,78,12,19431
State,co,2011,35,0.615878,0.615878,,,0,,,,119,12,19322
State,co,2011,36,0.642398,0.642398,,,0,,,,99,12,15411
State,co,2011,37,0.644817,0.644817,,,0,,,,121,12,18765
State,co,2011,38,0.727571,0.727571,,,0,,,,124,10,17043
State,co,2011,39,0.751578,0.751578,,,0,,,,131,9,17430
State,co,2011,40,0.744344,0.744344,,,0,,,,153,11,20555
State,co,2011,41,0.567713,0.567713,,,0,,,,117,10,20609
State,co,2011,42,0.572413,0.572413,,,0,,,,123,11,21488
State,co,2011,43,0.631621,0.631621,,,0,,,,127,11,20107
State,co,2011,44,0.581424,0.581424,,,0,,,,116,10,19951
State,co,2011,45,0.512845,0.512845,,,0,,,,108,11,21059
State,co,2011,46,0.703834,0.703834,,,0,,,,152,9,21596
State,co,2011,47,0.513353,0.513353,,,0,,,,84,11,16363
State,co,2011,48,0.681719,0.681719,,,0,,,,141,11,20683
State,co,2011,49,0.691814,0.691814,,,0,,,,137,11,19803
State,co,2011,50,0.695644,0.695644,,,0,,,,141,11,20269
State,co,2011,51,0.686738,0.686738,,,0,,,,125,11,18202
State,co,2011,52,0.739672,0.739672,,,0,,,,123,9,16629
State,co,2012,1,0.652822,0.652822,,,0,,,,127,10,19454
State,co,2012,2,0.712891,0.712891,,,0,,,,157,11,22023
State,co,2012,3,0.727438,0.727438,,,0,,,,160,11,21995
State,co,2012,4,1.02699,1.02699,,,0,,,,231,11,22493
State,co,2012,5,1.00453,1.00453,,,0,,,,213,10,21204
State,co,2012,6,1.05944,1.05944,,,0,,,,239,11,22559
State,co,2012,7,1.05263,1.05263,,,0,,,,243,11,23085
State,co,2012,8,1.36395,1.36395,,,0,,,,316,11,23168
State,co,2012,9,1.43858,1.43858,,,0,,,,343,11,23843
State,co,2012,10,1.37062,1.37062,,,0,,,,321,10,23420
State,co,2012,11,1.47807,1.47807,,,0,,,,340,10,23003
State,co,2012,12,1.19068,1.19068,,,0,,,,274,11,23012
State,co,2012,13,0.864606,0.864606,,,0,,,,188,10,21744
State,co,2012,14,0.923766,0.923766,,,0,,,,194,11,21001
State,co,2012,15,0.733014,0.733014,,,0,,,,156,10,21282
State,co,2012,16,0.598441,0.598441,,,0,,,,129,11,21556
State,co,2012,17,0.631349,0.631349,,,0,,,,133,11,21066
State,co,2012,18,0.598802,0.598802,,,0,,,,125,11,20875
State,co,2012,19,0.48608,0.48608,,,0,,,,99,11,20367
State,co,2012,20,0.6247,0.6247,,,0,,,,130,11,20810
State,co,2012,21,0.372593,0.372593,,,0,,,,77,11,20666
State,co,2012,22,0.475391,0.475391,,,0,,,,85,11,17880
State,co,2012,23,0.428474,0.428474,,,0,,,,88,11,20538
State,co,2012,24,0.382495,0.382495,,,0,,,,77,11,20131
State,co,2012,25,0.39582,0.39582,,,0,,,,75,9,18948
State,co,2012,26,0.318319,0.318319,,,0,,,,60,9,18849
State,co,2012,27,0.329042,0.329042,,,0,,,,57,11,17323
State,co,2012,28,0.344321,0.344321,,,0,,,,68,11,19749
State,co,2012,29,0.342296,0.342296,,,0,,,,69,9,20158
State,co,2012,30,0.362629,0.362629,,,0,,,,72,9,19855
State,co,2012,31,0.28364,0.28364,,,0,,,,59,10,20801
State,co,2012,32,0.295435,0.295435,,,0,,,,62,11,20986
State,co,2012,33,0.334806,0.334806,,,0,,,,72,11,21505
State,co,2012,34,0.447606,0.447606,,,0,,,,95,11,21224
State,co,2012,35,0.508083,0.508083,,,0,,,,110,10,21650
State,co,2012,36,0.509824,0.509824,,,0,,,,89,11,17457
State,co,2012,37,0.465295,0.465295,,,0,,,,97,10,20847
State,co,2012,38,0.472835,0.472835,,,0,,,,102,11,21572
State,co,2012,39,0.627645,0.627645,,,0,,,,132,10,21031
State,co,2012,40,0.503232,0.503232,,,0,,,,102,11,20269
State,co,2012,41,0.555582,0.555582,,,0,,,,115,11,20699
State,co,2012,42,0.465602,0.465602,,,0,,,,98,11,21048
State,co,2012,43,0.490101,0.490101,,,0,,,,101,11,20608
State,co,2012,44,0.59501,0.59501,,,0,,,,124,10,20840
State,co,2012,45,0.633262,0.633262,,,0,,,,137,10,21634
State,co,2012,46,0.748448,0.748448,,,0,,,,164,11,21912
State,co,2012,47,0.88736,0.88736,,,0,,,,147,10,16566
State,co,2012,48,1.01563,1.01563,,,0,,,,230,11,22646
State,co,2012,49,1.41383,1.41383,,,0,,,,300,11,21219
State,co,2012,50,1.86206,1.86206,,,0,,,,402,10,21589
State,co,2012,51,2.63295,2.63295,,,0,,,,556,10,21117
State,co,2012,52,2.9987,2.9987,,,0,,,,483,11,16107
State,co,2013,1,2.65444,2.65444,,,0,,,,492,10,18535
State,co,2013,2,2.97167,2.97167,,,0,,,,705,11,23724
State,co,2013,3,3.87965,3.87965,,,0,,,,891,11,22966
State,co,2013,4,3.32689,3.32689,,,0,,,,757,11,22754
State,co,2013,5,2.90437,2.90437,,,0,,,,687,9,23654
State,co,2013,6,2.54059,2.54059,,,0,,,,593,10,23341
State,co,2013,7,1.90076,1.90076,,,0,,,,434,11,22833
State,co,2013,8,1.73183,1.73183,,,0,,,,396,11,22866
State,co,2013,9,1.44617,1.44617,,,0,,,,331,11,22888
State,co,2013,10,1.11722,1.11722,,,0,,,,262,11,23451
State,co,2013,11,1.02991,1.02991,,,0,,,,229,11,22235
State,co,2013,12,0.697425,0.697425,,,0,,,,156,11,22368
State,co,2013,13,0.701403,0.701403,,,0,,,,147,10,20958
State,co,2013,14,0.6436,0.6436,,,0,,,,133,10,20665
State,co,2013,15,0.541377,0.541377,,,0,,,,112,11,20688
State,co,2013,16,0.562016,0.562016,,,0,,,,116,11,20640
State,co,2013,17,0.567389,0.567389,,,0,,,,122,11,21502
State,co,2013,18,0.590158,0.590158,,,0,,,,130,11,22028
State,co,2013,19,0.583766,0.583766,,,0,,,,126,11,21584
State,co,2013,20,0.47352,0.47352,,,0,,,,103,10,21752
State,co,2013,21,0.488355,0.488355,,,0,,,,104,11,21296
State,co,2013,22,0.425671,0.425671,,,0,,,,78,11,18324
State,co,2013,23,0.365385,0.365385,,,0,,,,76,11,20800
State,co,2013,24,0.478446,0.478446,,,0,,,,98,11,20483
State,co,2013,25,0.330897,0.330897,,,0,,,,67,10,20248
State,co,2013,26,0.406032,0.406032,,,0,,,,84,10,20688
State,co,2013,27,0.344598,0.344598,,,0,,,,57,11,16541
State,co,2013,28,0.386941,0.386941,,,0,,,,80,11,20675
State,co,2013,29,0.353756,0.353756,,,0,,,,72,10,20353
State,co,2013,30,0.469275,0.469275,,,0,,,,95,9,20244
State,co,2013,31,0.362609,0.362609,,,0,,,,77,10,21235
State,co,2013,32,0.493225,0.493225,,,0,,,,91,8,18450
State,co,2013,33,0.448604,0.448604,,,0,,,,93,11,20731
State,co,2013,34,0.45863,0.45863,,,0,,,,98,11,21368
State,co,2013,35,0.0,0.0,,,0,,,,0,0,0
State,co,2013,36,0.739927,0.739927,,,0,,,,128,11,17299
State,co,2013,37,0.623053,0.623053,,,0,,,,124,10,19902
State,co,2013,38,0.606296,0.606296,,,0,,,,125,10,20617
State,co,2013,39,0.584323,0.584323,,,0,,,,123,9,21050
State,co,2013,40,0.652244,0.652244,,,0,,,,142,9,21771
State,co,2013,41,0.618727,0.618727,,,0,,,,135,11,21819
State,co,2013,42,0.513635,0.513635,,,0,,,,110,10,21416
State,co,2013,43,0.76778,0.76778,,,0,,,,171,10,22272
State,co,2013,44,0.547727,0.547727,,,0,,,,117,10,21361
State,co,2013,45,0.679462,0.679462,,,0,,,,154,10,22665
State,co,2013,46,0.593258,0.593258,,,0,,,,132,9,22250
State,co,2013,47,0.754498,0.754498,,,0,,,,169,9,22399
State,co,2013,48,0.725176,0.725176,,,0,,,,127,11,17513
State,co,2013,49,1.3374,1.3374,,,0,,,,276,10,20637
State,co,2013,50,1.47079,1.47079,,,0,,,,316,11,21485
State,co,2013,51,1.9853,1.9853,,,0,,,,443,11,22314
State,co,2013,52,2.89192,2.89192,,,0,,,,468,11,16183
State,co,2014,1,2.83499,2.83499,,,0,,,,512,9,18060
State,co,2014,2,2.41081,2.41081,,,0,,,,571,10,23685
State,co,2014,3,2.02414,2.02414,,,0,,,,488,11,24109
State,co,2014,4,1.79752,1.79752,,,0,,,,424,11,23588
State,co,2014,5,1.65351,1.65351,,,0,,,,377,10,22800
State,co,2014,6,1.59832,1.59832,,,0,,,,357,11,22336
State,co,2014,7,1.25705,1.25705,,,0,,,,292,11,23229
State,co,2014,8,0.978969,0.978969,,,0,,,,236,11,24107
State,co,2014,9,1.05669,1.05669,,,0,,,,263,11,24889
State,co,2014,10,0.922708,0.922708,,,0,,,,223,11,24168
State,co,2014,11,0.923341,0.923341,,,0,,,,215,11,23285
State,co,2014,12,0.669817,0.669817,,,0,,,,163,11,24335
State,co,2014,13,0.635988,0.635988,,,0,,,,140,11,22013
State,co,2014,14,0.644122,0.644122,,,0,,,,144,11,22356
State,co,2014,15,0.668198,0.668198,,,0,,,,160,11,23945
State,co,2014,16,0.630307,0.630307,,,0,,,,144,11,22846
State,co,2014,17,0.55975,0.55975,,,0,,,,129,11,23046
State,co,2014,18,0.678092,0.678092,,,0,,,,146,8,21531
State,co,2014,19,0.0944882,0.0944882,,,0,,,,3,6,3175
State,co,2014,20,0.232693,0.232693,,,0,,,,8,7,3438
State,co,2014,21,0.16442,0.16442,,,0,,,,5,7,3041
State,co,2014,22,0.139324,0.139324,,,0,,,,4,7,2871
State,co,2014,23,0.423403,0.423403,,,0,,,,11,6,2598
State,co,2014,24,0.432181,0.432181,,,0,,,,13,5,3008
State,co,2014,25,0.545746,0.545746,,,0,,,,17,5,3115
State,co,2014,26,0.599341,0.599341,,,0,,,,20,5,3337
State,co,2014,27,0.707825,0.707825,,,0,,,,18,5,2543
State,co,2014,28,0.26938,0.26938,,,0,,,,9,6,3341
State,co,2014,29,0.42343,0.42343,,,0,,,,12,6,2834
State,co,2014,30,0.223857,0.223857,,,0,,,,7,5,3127
State,co,2014,31,0.335345,0.335345,,,0,,,,10,4,2982
State,co,2014,32,0.383632,0.383632,,,0,,,,12,5,3128
State,co,2014,33,0.541455,0.541455,,,0,,,,16,5,2955
State,co,2014,34,0.501812,0.501812,,,0,,,,18,6,3587
State,co,2014,35,0.632757,0.632757,,,0,,,,26,6,4109
State,co,2014,36,0.562588,0.562588,,,0,,,,12,6,2133
State,co,2014,37,0.575409,0.575409,,,0,,,,19,5,3302
State,co,2014,38,0.461823,0.461823,,,0,,,,15,6,3248
State,co,2014,39,0.38112,0.38112,,,0,,,,13,6,3411
State,co,2014,40,0.466945,0.466945,,,0,,,,19,6,4069
State,co,2014,41,0.427594,0.427594,,,0,,,,15,6,3508
State,co,2014,42,0.472813,0.472813,,,0,,,,18,6,3807
State,co,2014,43,0.440643,0.440643,,,0,,,,17,4,3858
State,co,2014,44,0.49776,0.49776,,,0,,,,20,6,4018
State,co,2014,45,0.557,0.557,,,0,,,,15,6,2693
State,co,2014,46,0.42123,0.42123,,,0,,,,15,5,3561
State,co,2014,47,0.202293,0.202293,,,0,,,,6,4,2966
State,co,2014,48,0.311624,0.311624,,,0,,,,10,4,3209
State,co,2014,49,0.979772,0.979772,,,0,,,,31,6,3164
State,co,2014,50,1.28205,1.28205,,,0,,,,46,6,3588
State,co,2014,51,1.79181,1.79181,,,0,,,,63,6,3516
State,co,2014,52,3.23077,3.23077,,,0,,,,105,5,3250
State,co,2014,53,4.69657,4.69657,,,0,,,,89,4,1895
State,co,2015,1,3.56194,3.56194,,,0,,,,134,6,3762
State,co,2015,2,2.83366,2.83366,,,0,,,,100,6,3529
State,co,2015,3,2.68916,2.68916,,,0,,,,102,5,3793
State,co,2015,4,2.81489,2.81489,,,0,,,,118,6,4192
State,co,2015,5,2.72177,2.72177,,,0,,,,81,5,2976
State,co,2015,6,1.84471,1.84471,,,0,,,,67,6,3632
State,co,2015,7,1.80925,1.80925,,,0,,,,70,6,3869
State,co,2015,8,1.24238,1.24238,,,0,,,,55,6,4427
State,co,2015,9,1.17759,1.17759,,,0,,,,37,6,3142
State,co,2015,10,1.26732,1.26732,,,0,,,,43,4,3393
State,co,2015,11,1.47271,1.47271,,,0,,,,51,5,3463
State,co,2015,12,0.795287,0.795287,,,0,,,,27,5,3395
State,co,2015,13,1.02354,1.02354,,,0,,,,30,6,2931
State,co,2015,14,0.589198,0.589198,,,0,,,,18,6,3055
State,co,2015,15,0.859005,0.859005,,,0,,,,29,6,3376
State,co,2015,16,0.537178,0.537178,,,0,,,,19,6,3537
State,co,2015,17,0.660859,0.660859,,,0,,,,22,6,3329
State,co,2015,18,0.668577,0.668577,,,0,,,,21,6,3141
State,co,2015,19,0.525015,0.525015,,,0,,,,17,6,3238
State,co,2015,20,0.258481,0.258481,,,0,,,,8,6,3095
State,co,2015,21,0.194553,0.194553,,,0,,,,6,5,3084
State,co,2015,22,0.279232,0.279232,,,0,,,,8,5,2865
State,co,2015,23,0.312717,0.312717,,,0,,,,9,5,2878
State,co,2015,24,0.228758,0.228758,,,0,,,,7,5,3060
State,co,2015,25,0.352338,0.352338,,,0,,,,11,6,3122
State,co,2015,26,0.248679,0.248679,,,0,,,,8,5,3217
State,co,2015,27,0.298013,0.298013,,,0,,,,9,5,3020
State,co,2015,28,0.265781,0.265781,,,0,,,,8,6,3010
State,co,2015,29,0.426789,0.426789,,,0,,,,13,6,3046
State,co,2015,30,0.462368,0.462368,,,0,,,,18,4,3893
State,co,2015,31,0.415251,0.415251,,,0,,,,11,5,2649
State,co,2015,32,0.310752,0.310752,,,0,,,,10,6,3218
State,co,2015,33,0.424757,0.424757,,,0,,,,14,5,3296
State,co,2015,34,0.630734,0.630734,,,0,,,,22,6,3488
State,co,2015,35,0.428004,0.428004,,,0,,,,14,6,3271
State,co,2015,36,0.36523,0.36523,,,0,,,,10,5,2738
State,co,2015,37,0.453858,0.453858,,,0,,,,15,5,3305
State,co,2015,38,0.631769,0.631769,,,0,,,,21,5,3324
State,co,2015,39,0.394777,0.394777,,,0,,,,13,6,3293
State,co,2015,40,0.51656,0.51656,,,0,,,,17,5,3291
State,co,2015,41,0.62028,0.62028,,,0,,,,23,6,3708
State,co,2015,42,0.528659,0.528659,,,0,,,,19,6,3594
State,co,2015,43,0.440744,0.440744,,,0,,,,18,5,4084
State,co,2015,44,0.359595,0.359595,,,0,,,,11,5,3059
State,co,2015,45,0.389206,0.389206,,,0,,,,15,5,3854
State,co,2015,46,0.513322,0.513322,,,0,,,,21,5,4091
State,co,2015,47,0.659051,0.659051,,,0,,,,15,5,2276
State,co,2015,48,0.515759,0.515759,,,0,,,,18,6,3490
State,co,2015,49,0.838355,0.838355,,,0,,,,32,6,3817
State,co,2015,50,0.508187,0.508187,,,0,,,,18,5,3542
State,co,2015,51,0.786943,0.786943,,,0,,,,27,6,3431
State,co,2015,52,1.41364,1.41364,,,0,,,,23,4,1627
State,co,2016,1,1.148,1.148,,,0,,,,37,6,3223
State,co,2016,2,0.941567,0.941567,,,0,,,,34,6,3611
State,co,2016,3,1.00711,1.00711,,,0,,,,34,7,3376
State,co,2016,4,0.835921,0.835921,,,0,,,,35,7,4187
State,co,2016,5,1.16318,1.16318,,,0,,,,35,6,3009
State,co,2016,6,1.27733,1.27733,,,0,,,,52,7,4071
State,co,2016,7,1.50134,1.50134,,,0,,,,56,7,3730
State,co,2016,8,1.58921,1.58921,,,0,,,,66,7,4153
State,co,2016,9,1.67642,1.67642,,,0,,,,63,5,3758
State,co,2016,10,1.67542,1.67542,,,0,,,,67,6,3999
State,co,2016,11,1.6285,1.6285,,,0,,,,64,7,3930
State,co,2016,12,1.80285,1.80285,,,0,,,,62,6,3439
State,co,2016,13,1.45565,1.45565,,,0,,,,43,6,2954
State,co,2016,14,1.25915,1.25915,,,0,,,,43,6,3415
State,co,2016,15,1.14943,1.14943,,,0,,,,42,7,3654
State,co,2016,16,1.17543,1.17543,,,0,,,,40,7,3403
State,co,2016,17,0.909538,0.909538,,,0,,,,37,7,4068
State,co,2016,18,0.810612,0.810612,,,0,,,,22,5,2714
State,co,2016,19,0.729288,0.729288,,,0,,,,25,7,3428
State,co,2016,20,0.635654,0.635654,,,0,,,,22,6,3461
State,co,2016,21,0.493523,0.493523,,,0,,,,16,6,3242
State,co,2016,22,0.311958,0.311958,,,0,,,,9,6,2885
State,co,2016,23,0.577157,0.577157,,,0,,,,19,7,3292
State,co,2016,24,0.537474,0.537474,,,0,,,,18,6,3349
State,co,2016,25,0.378191,0.378191,,,0,,,,12,6,3173
State,co,2016,26,0.322477,0.322477,,,0,,,,10,5,3101
State,co,2016,27,0.322581,0.322581,,,0,,,,8,7,2480
State,co,2016,28,0.297177,0.297177,,,0,,,,10,7,3365
State,co,2016,29,0.377477,0.377477,,,0,,,,12,6,3179
State,co,2016,30,0.191257,0.191257,,,0,,,,7,5,3660
State,co,2016,31,0.313917,0.313917,,,0,,,,9,6,2867
State,co,2016,32,0.301932,0.301932,,,0,,,,10,5,3312
State,co,2016,33,0.24377,0.24377,,,0,,,,9,6,3692
State,co,2016,34,0.617761,0.617761,,,0,,,,16,7,2590
State,co,2016,35,1.21923,1.21923,,,0,,,,53,7,4347
State,co,2016,36,0.694444,0.694444,,,0,,,,21,7,3024
State,co,2016,37,1.11019,1.11019,,,0,,,,40,6,3603
State,co,2016,38,0.989467,0.989467,,,0,,,,31,6,3133
State,co,2016,39,0.634417,0.634417,,,0,,,,32,6,5044
State,co,2016,40,0.77574,0.77574,,,0,,,,22,5,2836
State,co,2016,41,1.20449,1.20449,,,0,,,,44,5,3653
State,co,2016,42,1.08558,1.08558,,,0,,,,43,5,3961
State,co,2016,43,0.931521,0.931521,,,0,,,,37,6,3972
State,co,2016,44,0.388299,0.388299,,,0,,,,15,6,3863
State,co,2016,45,0.711744,0.711744,,,0,,,,28,7,3934
State,co,2016,46,1.04565,1.04565,,,0,,,,41,7,3921
State,co,2016,47,0.695581,0.695581,,,0,,,,17,4,2444
State,co,2016,48,1.66047,1.66047,,,0,,,,67,7,4035
State,co,2016,49,1.25899,1.25899,,,0,,,,49,7,3892
State,co,2016,50,1.4232,1.4232,,,0,,,,53,7,3724
State,co,2016,51,1.74142,1.74142,,,0,,,,66,6,3790
State,co,2016,52,0.52356,0.52356,,,0,,,,2,4,382
State,co,2017,1,1.89284,1.89284,,,0,,,,65,6,3434
State,co,2017,2,1.64474,1.64474,,,0,,,,55,5,3344
State,co,2017,3,2.23164,2.23164,,,0,,,,79,5,3540
State,co,2017,4,1.87467,1.87467,,,0,,,,70,5,3734
State,co,2017,5,2.27024,2.27024,,,0,,,,83,5,3656
State,co,2017,6,2.03286,2.03286,,,0,,,,73,5,3591
State,co,2017,7,3.53982,3.53982,,,0,,,,8,5,226
State,co,2017,8,1.31508,1.31508,,,0,,,,49,5,3726
State,co,2017,9,1.73661,1.73661,,,0,,,,60,5,3455
State,co,2017,10,1.57924,1.57924,,,0,,,,56,5,3546
State,co,2017,11,1.2087,1.2087,,,0,,,,45,5,3723
State,co,2017,12,1.84162,1.84162,,,0,,,,60,6,3258
State,co,2017,13,1.39035,1.39035,,,0,,,,53,5,3812
State,co,2017,14,1.49502,1.49502,,,0,,,,45,5,3010
State,co,2017,15,0.969856,0.969856,,,0,,,,37,6,3815
State,co,2017,16,1.13247,1.13247,,,0,,,,43,5,3797
State,co,2017,17,1.37306,1.37306,,,0,,,,53,5,3860
State,co,2017,18,1.33562,1.33562,,,0,,,,39,6,2920
State,co,2017,19,0.626021,0.626021,,,0,,,,23,6,3674
State,co,2017,20,1.13869,1.13869,,,0,,,,39,6,3425
State,co,2017,21,1.41981,1.41981,,,0,,,,44,1,3099
State,co,2017,22,0.746269,0.746269,,,0,,,,2,5,268
State,co,2017,23,0.494761,0.494761,,,0,,,,17,6,3436
State,co,2017,24,0.0,0.0,,,0,,,,0,5,322
State,co,2017,25,0.737191,0.737191,,,0,,,,20,4,2713
State,co,2017,26,0.455927,0.455927,,,0,,,,18,6,3948
State,co,2017,27,0.403587,0.403587,,,0,,,,9,5,2230
State,co,2017,28,0.431034,0.431034,,,0,,,,13,1,3016
State,co,2017,29,0.216316,0.216316,,,0,,,,7,5,3236
State,co,2017,30,0.164258,0.164258,,,0,,,,5,5,3044
State,co,2017,31,0.444074,0.444074,,,0,,,,16,6,3603
State,co,2017,32,0.529838,0.529838,,,0,,,,19,5,3586
State,co,2017,33,0.449371,0.449371,,,0,,,,15,6,3338
State,co,2017,34,0.615836,0.615836,,,0,,,,21,6,3410
State,co,2017,35,1.04757,1.04757,,,0,,,,37,6,3532
State,co,2017,36,1.19166,1.19166,,,0,,,,36,6,3021
State,co,2017,37,0.330311,0.330311,,,0,,,,145,42,43898
State,co,2017,38,0.438989,0.438989,,,0,,,,103,42,23463
State,co,2017,39,0.442427,0.442427,,,0,,,,192,42,43397
State,co,2017,40,0.561578,0.561578,,,0,,,,129,42,22971
State,co,2017,41,0.61809,0.61809,,,0,,,,142,42,22974
State,co,2017,42,0.644714,0.644714,,,0,,,,158,42,24507
State,co,2017,43,0.60276,0.60276,,,0,,,,145,42,24056
State,co,2017,44,0.790138,0.790138,,,0,,,,191,42,24173
State,co,2017,45,0.899244,0.899244,,,0,,,,220,42,24465
State,co,2017,46,1.01535,1.01535,,,0,,,,256,42,25213
State,co,2017,47,1.20099,1.20099,,,0,,,,227,42,18901
State,co,2017,48,1.2685,1.2685,,,0,,,,336,42,26488
State,co,2017,49,1.5286,1.5286,,,0,,,,379,42,24794
State,co,2017,50,1.79085,1.79085,,,0,,,,436,42,24346
State,co,2017,51,2.23917,2.23917,,,0,,,,546,42,24384
State,co,2017,52,2.56986,2.56986,,,0,,,,469,42,18250
State,ct,2010,40,0.0783085,0.0783085,,,0,,,,3,12,3831
State,ct,2010,41,0.238095,0.238095,,,0,,,,9,15,3780
State,ct,2010,42,0.374158,0.374158,,,0,,,,15,16,4009
State,ct,2010,43,0.333542,0.333542,,,0,,,,16,22,4797
State,ct,2010,44,0.396743,0.396743,,,0,,,,19,20,4789
State,ct,2010,45,0.319562,0.319562,,,0,,,,14,19,4381
State,ct,2010,46,0.618847,0.618847,,,0,,,,22,19,3555
State,ct,2010,47,0.716612,0.716612,,,0,,,,11,16,1535
State,ct,2010,48,0.442994,0.442994,,,0,,,,19,19,4289
State,ct,2010,49,0.654897,0.654897,,,0,,,,23,11,3512
State,ct,2010,50,0.659413,0.659413,,,0,,,,20,18,3033
State,ct,2010,51,0.873563,0.873563,,,0,,,,19,19,2175
State,ct,2010,52,0.853578,0.853578,,,0,,,,13,19,1523
State,ct,2011,1,0.923191,0.923191,,,0,,,,25,19,2708
State,ct,2011,2,1.04648,1.04648,,,0,,,,34,22,3249
State,ct,2011,3,1.18359,1.18359,,,0,,,,43,21,3633
State,ct,2011,4,1.07163,1.07163,,,0,,,,38,13,3546
State,ct,2011,5,1.64619,1.64619,,,0,,,,71,21,4313
State,ct,2011,6,1.76373,1.76373,,,0,,,,96,23,5443
State,ct,2011,7,1.98326,1.98326,,,0,,,,109,22,5496
State,ct,2011,8,1.98091,1.98091,,,0,,,,110,22,5553
State,ct,2011,9,1.34299,1.34299,,,0,,,,76,21,5659
State,ct,2011,10,1.15734,1.15734,,,0,,,,37,15,3197
State,ct,2011,11,0.888569,0.888569,,,0,,,,37,22,4164
State,ct,2011,12,0.355872,0.355872,,,0,,,,15,17,4215
State,ct,2011,13,0.673014,0.673014,,,0,,,,41,25,6092
State,ct,2011,14,0.344308,0.344308,,,0,,,,16,13,4647
State,ct,2011,15,0.244275,0.244275,,,0,,,,8,11,3275
State,ct,2011,16,0.230614,0.230614,,,0,,,,8,21,3469
State,ct,2011,17,0.23084,0.23084,,,0,,,,10,17,4332
State,ct,2011,18,0.119296,0.119296,,,0,,,,4,12,3353
State,ct,2011,19,0.128425,0.128425,,,0,,,,3,11,2336
State,ct,2011,20,0.0940291,0.0940291,,,0,,,,2,10,2127
State,ct,2011,21,0.0626566,0.0626566,,,0,,,,1,13,1596
State,ct,2011,22,0.174672,0.174672,,,0,,,,2,7,1145
State,ct,2011,23,0.070922,0.070922,,,0,,,,1,7,1410
State,ct,2011,24,0.0,0.0,,,0,,,,0,7,1363
State,ct,2011,25,0.0,0.0,,,0,,,,0,7,1382
State,ct,2011,26,0.0,0.0,,,0,,,,0,7,1291
State,ct,2011,27,0.0,0.0,,,0,,,,0,7,1101
State,ct,2011,28,0.0,0.0,,,0,,,,0,7,1512
State,ct,2011,29,0.0,0.0,,,0,,,,0,7,1389
State,ct,2011,30,0.0,0.0,,,0,,,,0,6,1324
State,ct,2011,31,0.0,0.0,,,0,,,,0,6,1209
State,ct,2011,32,0.0,0.0,,,0,,,,0,6,1478
State,ct,2011,33,0.135962,0.135962,,,0,,,,2,6,1471
State,ct,2011,34,0.0541712,0.0541712,,,0,,,,1,7,1846
State,ct,2011,35,0.0,0.0,,,0,,,,0,7,1901
State,ct,2011,36,0.0,0.0,,,0,,,,0,8,3029
State,ct,2011,37,0.0477327,0.0477327,,,0,,,,2,9,4190
State,ct,2011,38,0.0,0.0,,,0,,,,0,9,4229
State,ct,2011,39,0.0240096,0.0240096,,,0,,,,1,9,4165
State,ct,2011,40,0.0771208,0.0771208,,,0,,,,3,11,3890
State,ct,2011,41,0.106338,0.106338,,,0,,,,5,16,4702
State,ct,2011,42,0.365591,0.365591,,,0,,,,17,16,4650
State,ct,2011,43,0.190718,0.190718,,,0,,,,9,15,4719
State,ct,2011,44,0.185529,0.185529,,,0,,,,7,12,3773
State,ct,2011,45,0.303321,0.303321,,,0,,,,19,17,6264
State,ct,2011,46,0.199348,0.199348,,,0,,,,11,15,5518
State,ct,2011,47,0.0,0.0,,,0,,,,0,10,1333
State,ct,2011,48,0.157658,0.157658,,,0,,,,7,14,4440
State,ct,2011,49,0.326931,0.326931,,,0,,,,8,8,2447
State,ct,2011,50,0.594059,0.594059,,,0,,,,21,15,3535
State,ct,2011,51,0.36526,0.36526,,,0,,,,9,19,2464
State,ct,2011,52,0.588582,0.588582,,,0,,,,10,12,1699
State,ct,2012,1,0.736434,0.736434,,,0,,,,19,18,2580
State,ct,2012,2,0.293974,0.293974,,,0,,,,6,15,2041
State,ct,2012,3,0.440658,0.440658,,,0,,,,15,15,3404
State,ct,2012,4,0.474934,0.474934,,,0,,,,18,12,3790
State,ct,2012,5,0.36129,0.36129,,,0,,,,14,12,3875
State,ct,2012,6,0.647723,0.647723,,,0,,,,31,19,4786
State,ct,2012,7,0.980015,0.980015,,,0,,,,51,21,5204
State,ct,2012,8,0.59761,0.59761,,,0,,,,21,12,3514
State,ct,2012,9,0.668693,0.668693,,,0,,,,22,14,3290
State,ct,2012,10,0.854317,0.854317,,,0,,,,38,18,4448
State,ct,2012,11,0.721311,0.721311,,,0,,,,11,19,1525
State,ct,2012,12,0.306937,0.306937,,,0,,,,10,14,3258
State,ct,2012,13,0.335102,0.335102,,,0,,,,12,11,3581
State,ct,2012,14,0.239234,0.239234,,,0,,,,8,14,3344
State,ct,2012,15,0.68306,0.68306,,,0,,,,20,15,2928
State,ct,2012,16,0.270709,0.270709,,,0,,,,5,10,1847
State,ct,2012,17,0.121212,0.121212,,,0,,,,2,8,1650
State,ct,2012,18,0.280269,0.280269,,,0,,,,5,11,1784
State,ct,2012,19,0.243457,0.243457,,,0,,,,4,14,1643
State,ct,2012,20,0.162338,0.162338,,,0,,,,1,6,616
State,ct,2012,21,0.419287,0.419287,,,0,,,,6,7,1431
State,ct,2012,22,0.516224,0.516224,,,0,,,,7,12,1356
State,ct,2012,23,0.142653,0.142653,,,0,,,,1,11,701
State,ct,2012,24,0.682594,0.682594,,,0,,,,8,7,1172
State,ct,2012,25,0.37037,0.37037,,,0,,,,4,7,1080
State,ct,2012,26,0.780572,0.780572,,,0,,,,9,6,1153
State,ct,2012,27,0.531915,0.531915,,,0,,,,6,7,1128
State,ct,2012,28,0.442087,0.442087,,,0,,,,5,6,1131
State,ct,2012,29,0.435161,0.435161,,,0,,,,5,6,1149
State,ct,2012,30,0.671141,0.671141,,,0,,,,8,6,1192
State,ct,2012,31,0.0838223,0.0838223,,,0,,,,1,6,1193
State,ct,2012,32,0.42337,0.42337,,,0,,,,5,6,1181
State,ct,2012,33,0.303721,0.303721,,,0,,,,4,6,1317
State,ct,2012,34,0.543848,0.543848,,,0,,,,8,7,1471
State,ct,2012,35,0.311526,0.311526,,,0,,,,7,7,2247
State,ct,2012,36,0.291262,0.291262,,,0,,,,6,7,2060
State,ct,2012,37,0.229621,0.229621,,,0,,,,6,7,2613
State,ct,2012,38,0.291971,0.291971,,,0,,,,8,7,2740
State,ct,2012,39,0.430108,0.430108,,,0,,,,10,6,2325
State,ct,2012,40,0.307161,0.307161,,,0,,,,16,17,5209
State,ct,2012,41,0.331744,0.331744,,,0,,,,16,18,4823
State,ct,2012,42,0.536643,0.536643,,,0,,,,32,21,5963
State,ct,2012,43,0.435584,0.435584,,,0,,,,26,20,5969
State,ct,2012,44,0.593168,0.593168,,,0,,,,29,20,4889
State,ct,2012,45,0.738451,0.738451,,,0,,,,43,20,5823
State,ct,2012,46,0.752014,0.752014,,,0,,,,42,21,5585
State,ct,2012,47,0.817439,0.817439,,,0,,,,21,22,2569
State,ct,2012,48,0.899965,0.899965,,,0,,,,52,25,5778
State,ct,2012,49,1.05111,1.05111,,,0,,,,51,18,4852
State,ct,2012,50,1.15199,1.15199,,,0,,,,62,24,5382
State,ct,2012,51,2.09529,2.09529,,,0,,,,73,22,3484
State,ct,2012,52,3.40782,3.40782,,,0,,,,61,17,1790
State,ct,2013,1,3.8961,3.8961,,,0,,,,141,24,3619
State,ct,2013,2,4.43469,4.43469,,,0,,,,202,24,4555
State,ct,2013,3,4.14041,4.14041,,,0,,,,138,22,3333
State,ct,2013,4,2.9826,2.9826,,,0,,,,144,27,4828
State,ct,2013,5,2.56616,2.56616,,,0,,,,128,22,4988
State,ct,2013,6,1.97204,1.97204,,,0,,,,79,24,4006
State,ct,2013,7,1.53975,1.53975,,,0,,,,55,23,3572
State,ct,2013,8,1.88235,1.88235,,,0,,,,72,23,3825
State,ct,2013,9,1.52352,1.52352,,,0,,,,69,26,4529
State,ct,2013,10,1.41972,1.41972,,,0,,,,55,26,3874
State,ct,2013,11,1.18159,1.18159,,,0,,,,38,26,3216
State,ct,2013,12,1.33806,1.33806,,,0,,,,34,21,2541
State,ct,2013,13,0.974252,0.974252,,,0,,,,28,20,2874
State,ct,2013,14,0.763575,0.763575,,,0,,,,27,18,3536
State,ct,2013,15,0.744269,0.744269,,,0,,,,25,14,3359
State,ct,2013,16,0.744346,0.744346,,,0,,,,26,16,3493
State,ct,2013,17,0.692137,0.692137,,,0,,,,25,17,3612
State,ct,2013,18,0.714286,0.714286,,,0,,,,27,21,3780
State,ct,2013,19,0.502283,0.502283,,,0,,,,11,15,2190
State,ct,2013,20,0.575264,0.575264,,,0,,,,6,12,1043
State,ct,2013,21,0.55918,0.55918,,,0,,,,6,13,1073
State,ct,2013,22,0.465658,0.465658,,,0,,,,4,12,859
State,ct,2013,23,0.0,0.0,,,0,,,,0,3,67
State,ct,2013,24,0.0,0.0,,,0,,,,0,3,65
State,ct,2013,25,0.0,0.0,,,0,,,,0,3,61
State,ct,2013,26,0.0,0.0,,,0,,,,0,3,59
State,ct,2013,27,0.0,0.0,,,0,,,,0,3,63
State,ct,2013,28,0.0,0.0,,,0,,,,0,3,68
State,ct,2013,29,0.0,0.0,,,0,,,,0,3,70
State,ct,2013,30,0.0,0.0,,,0,,,,0,3,65
State,ct,2013,31,0.0,0.0,,,0,,,,0,3,80
State,ct,2013,32,0.0,0.0,,,0,,,,0,3,90
State,ct,2013,33,0.0,0.0,,,0,,,,0,3,71
State,ct,2013,34,0.297619,0.297619,,,0,,,,1,4,336
State,ct,2013,35,0.0,0.0,,,0,,,,0,4,1077
State,ct,2013,36,0.212465,0.212465,,,0,,,,3,5,1412
State,ct,2013,37,0.0686342,0.0686342,,,0,,,,1,5,1457
State,ct,2013,38,0.379507,0.379507,,,0,,,,6,5,1581
State,ct,2013,39,2.31101,2.31101,,,0,,,,59,5,2553
State,ct,2013,40,0.701388,0.701388,,,0,,,,47,27,6701
State,ct,2013,41,0.765879,0.765879,,,0,,,,58,28,7573
State,ct,2013,42,0.851115,0.851115,,,0,,,,71,27,8342
State,ct,2013,43,1.32646,1.32646,,,0,,,,54,20,4071
State,ct,2013,44,1.78213,1.78213,,,0,,,,80,22,4489
State,ct,2013,45,1.81609,1.81609,,,0,,,,79,22,4350
State,ct,2013,46,1.17647,1.17647,,,0,,,,53,25,4505
State,ct,2013,47,0.666667,0.666667,,,0,,,,21,19,3150
State,ct,2013,48,0.893471,0.893471,,,0,,,,13,17,1455
State,ct,2013,49,0.933998,0.933998,,,0,,,,30,15,3212
State,ct,2013,50,1.2318,1.2318,,,0,,,,22,15,1786
State,ct,2013,51,1.33091,1.33091,,,0,,,,22,16,1653
State,ct,2013,52,1.43035,1.43035,,,0,,,,23,18,1608
State,ct,2014,1,1.39241,1.39241,,,0,,,,11,12,790
State,ct,2014,2,1.40479,1.40479,,,0,,,,27,18,1922
State,ct,2014,3,1.56156,1.56156,,,0,,,,26,14,1665
State,ct,2014,4,2.11538,2.11538,,,0,,,,66,14,3120
State,ct,2014,5,3.24649,3.24649,,,0,,,,162,19,4990
State,ct,2014,6,3.27323,3.27323,,,0,,,,167,19,5102
State,ct,2014,7,2.31715,2.31715,,,0,,,,115,19,4963
State,ct,2014,8,2.9813,2.9813,,,0,,,,118,20,3958
State,ct,2014,9,2.43843,2.43843,,,0,,,,100,17,4101
State,ct,2014,10,2.50557,2.50557,,,0,,,,90,14,3592
State,ct,2014,11,1.8018,1.8018,,,0,,,,28,15,1554
State,ct,2014,12,2.84506,2.84506,,,0,,,,74,15,2601
State,ct,2014,13,2.772,2.772,,,0,,,,80,14,2886
State,ct,2014,14,2.76172,2.76172,,,0,,,,86,15,3114
State,ct,2014,15,2.77388,2.77388,,,0,,,,158,27,5696
State,ct,2014,16,2.71526,2.71526,,,0,,,,152,25,5598
State,ct,2014,17,2.47599,2.47599,,,0,,,,116,22,4685
State,ct,2014,18,2.32244,2.32244,,,0,,,,86,16,3703
State,ct,2014,19,2.35484,2.35484,,,0,,,,73,20,3100
State,ct,2014,20,1.54044,1.54044,,,0,,,,24,15,1558
State,ct,2014,21,0.0,0.0,,,0,,,,0,3,319
State,ct,2014,22,0.0,0.0,,,0,,,,0,2,15
State,ct,2014,23,0.0,0.0,,,0,,,,0,3,145
State,ct,2014,24,0.0,0.0,,,0,,,,0,3,150
State,ct,2014,25,0.0,0.0,,,0,,,,0,3,155
State,ct,2014,26,0.0,0.0,,,0,,,,0,3,146
State,ct,2014,27,0.653595,0.653595,,,0,,,,1,3,153
State,ct,2014,28,0.0,0.0,,,0,,,,0,2,127
State,ct,2014,29,0.0,0.0,,,0,,,,0,3,142
State,ct,2014,30,0.0,0.0,,,0,,,,0,3,147
State,ct,2014,31,0.680272,0.680272,,,0,,,,1,3,147
State,ct,2014,32,0.0,0.0,,,0,,,,0,2,131
State,ct,2014,33,0.0,0.0,,,0,,,,0,3,129
State,ct,2014,34,0.0,0.0,,,0,,,,0,4,415
State,ct,2014,35,0.0924214,0.0924214,,,0,,,,1,4,1082
State,ct,2014,36,0.0698812,0.0698812,,,0,,,,1,5,1431
State,ct,2014,37,0.113766,0.113766,,,0,,,,1,5,879
State,ct,2014,38,0.166389,0.166389,,,0,,,,3,6,1803
State,ct,2014,39,0.362976,0.362976,,,0,,,,6,5,1653
State,ct,2014,40,1.48994,1.48994,,,0,,,,60,17,4027
State,ct,2014,41,1.59107,1.59107,,,0,,,,67,18,4211
State,ct,2014,42,1.55388,1.55388,,,0,,,,62,16,3990
State,ct,2014,43,1.45909,1.45909,,,0,,,,56,16,3838
State,ct,2014,44,2.06852,2.06852,,,0,,,,96,21,4641
State,ct,2014,45,2.27323,2.27323,,,0,,,,103,21,4531
State,ct,2014,46,2.11506,2.11506,,,0,,,,75,14,3546
State,ct,2014,47,1.72999,1.72999,,,0,,,,51,16,2948
State,ct,2014,48,1.68593,1.68593,,,0,,,,35,18,2076
State,ct,2014,49,1.75439,1.75439,,,0,,,,105,21,5985
State,ct,2014,50,1.5677,1.5677,,,0,,,,66,14,4210
State,ct,2014,51,1.54565,1.54565,,,0,,,,43,15,2782
State,ct,2014,52,2.05696,2.05696,,,0,,,,65,18,3160
State,ct,2014,53,1.73913,1.73913,,,0,,,,34,15,1955
State,ct,2015,1,2.2769,2.2769,,,0,,,,62,16,2723
State,ct,2015,2,3.10894,3.10894,,,0,,,,127,22,4085
State,ct,2015,3,5.03205,5.03205,,,0,,,,157,20,3120
State,ct,2015,4,5.03132,5.03132,,,0,,,,241,20,4790
State,ct,2015,5,6.16069,6.16069,,,0,,,,263,20,4269
State,ct,2015,6,6.26584,6.26584,,,0,,,,272,21,4341
State,ct,2015,7,6.44041,6.44041,,,0,,,,241,18,3742
State,ct,2015,8,3.9564,3.9564,,,0,,,,265,23,6698
State,ct,2015,9,2.71553,2.71553,,,0,,,,143,18,5266
State,ct,2015,10,2.73245,2.73245,,,0,,,,144,23,5270
State,ct,2015,11,2.10243,2.10243,,,0,,,,78,21,3710
State,ct,2015,12,2.0923,2.0923,,,0,,,,107,20,5114
State,ct,2015,13,2.17831,2.17831,,,0,,,,97,20,4453
State,ct,2015,14,1.7314,1.7314,,,0,,,,74,12,4274
State,ct,2015,15,1.6576,1.6576,,,0,,,,64,17,3861
State,ct,2015,16,1.66299,1.66299,,,0,,,,98,21,5893
State,ct,2015,17,1.61093,1.61093,,,0,,,,79,15,4904
State,ct,2015,18,1.57008,1.57008,,,0,,,,55,16,3503
State,ct,2015,19,1.3197,1.3197,,,0,,,,40,15,3031
State,ct,2015,20,1.2913,1.2913,,,0,,,,34,13,2633
State,ct,2015,21,1.23775,1.23775,,,0,,,,24,11,1939
State,ct,2015,22,0.873362,0.873362,,,0,,,,20,13,2290
State,ct,2015,23,0.740741,0.740741,,,0,,,,17,14,2295
State,ct,2015,24,0.641975,0.641975,,,0,,,,13,11,2025
State,ct,2015,25,0.527937,0.527937,,,0,,,,12,11,2273
State,ct,2015,26,0.718209,0.718209,,,0,,,,17,16,2367
State,ct,2015,27,0.560673,0.560673,,,0,,,,14,16,2497
State,ct,2015,28,0.390071,0.390071,,,0,,,,11,14,2820
State,ct,2015,29,0.268817,0.268817,,,0,,,,7,12,2604
State,ct,2015,30,0.0888494,0.0888494,,,0,,,,2,11,2251
State,ct,2015,31,0.0515996,0.0515996,,,0,,,,1,9,1938
State,ct,2015,32,0.149626,0.149626,,,0,,,,3,10,2005
State,ct,2015,33,0.0455581,0.0455581,,,0,,,,1,8,2195
State,ct,2015,34,0.0,0.0,,,0,,,,0,5,2463
State,ct,2015,35,0.0654664,0.0654664,,,0,,,,2,6,3055
State,ct,2015,36,0.13741,0.13741,,,0,,,,4,6,2911
State,ct,2015,37,0.0569801,0.0569801,,,0,,,,2,6,3510
State,ct,2015,38,0.17673,0.17673,,,0,,,,6,6,3395
State,ct,2015,39,0.448632,0.448632,,,0,,,,20,7,4458
State,ct,2015,40,1.0157,1.0157,,,0,,,,55,17,5415
State,ct,2015,41,0.805524,0.805524,,,0,,,,49,16,6083
State,ct,2015,42,0.963763,0.963763,,,0,,,,50,16,5188
State,ct,2015,43,1.42061,1.42061,,,0,,,,51,15,3590
State,ct,2015,44,1.79143,1.79143,,,0,,,,112,18,6252
State,ct,2015,45,1.07817,1.07817,,,0,,,,72,19,6678
State,ct,2015,46,1.1393,1.1393,,,0,,,,75,20,6583
State,ct,2015,47,1.69643,1.69643,,,0,,,,38,16,2240
State,ct,2015,48,0.956304,0.956304,,,0,,,,65,23,6797
State,ct,2015,49,1.7386,1.7386,,,0,,,,114,26,6557
State,ct,2015,50,1.97822,1.97822,,,0,,,,89,21,4499
State,ct,2015,51,2.39398,2.39398,,,0,,,,35,18,1462
State,ct,2015,52,2.95939,2.95939,,,0,,,,43,18,1453
State,ct,2016,1,2.65283,2.65283,,,0,,,,92,20,3468
State,ct,2016,2,2.82404,2.82404,,,0,,,,117,20,4143
State,ct,2016,3,2.8912,2.8912,,,0,,,,114,16,3943
State,ct,2016,4,3.29925,3.29925,,,0,,,,171,19,5183
State,ct,2016,5,3.19507,3.19507,,,0,,,,171,21,5352
State,ct,2016,6,4.15838,4.15838,,,0,,,,209,17,5026
State,ct,2016,7,3.70722,3.70722,,,0,,,,195,18,5260
State,ct,2016,8,3.7826,3.7826,,,0,,,,190,16,5023
State,ct,2016,9,3.4711,3.4711,,,0,,,,194,16,5589
State,ct,2016,10,3.61106,3.61106,,,0,,,,205,21,5677
State,ct,2016,11,2.67584,2.67584,,,0,,,,105,20,3924
State,ct,2016,12,2.79368,2.79368,,,0,,,,122,19,4367
State,ct,2016,13,2.78382,2.78382,,,0,,,,128,15,4598
State,ct,2016,14,2.61398,2.61398,,,0,,,,129,16,4935
State,ct,2016,15,2.5015,2.5015,,,0,,,,125,15,4997
State,ct,2016,16,2.52809,2.52809,,,0,,,,126,17,4984
State,ct,2016,17,1.45228,1.45228,,,0,,,,56,16,3856
State,ct,2016,18,1.60955,1.60955,,,0,,,,31,10,1926
State,ct,2016,19,1.36275,1.36275,,,0,,,,21,11,1541
State,ct,2016,20,1.53846,1.53846,,,0,,,,13,10,845
State,ct,2016,21,1.38504,1.38504,,,0,,,,10,11,722
State,ct,2016,22,1.32743,1.32743,,,0,,,,12,11,904
State,ct,2016,23,0.980392,0.980392,,,0,,,,8,11,816
State,ct,2016,24,0.564334,0.564334,,,0,,,,5,12,886
State,ct,2016,25,0.350058,0.350058,,,0,,,,3,12,857
State,ct,2016,26,0.303951,0.303951,,,0,,,,4,15,1316
State,ct,2016,27,0.335946,0.335946,,,0,,,,3,12,893
State,ct,2016,28,0.308642,0.308642,,,0,,,,3,13,972
State,ct,2016,29,0.325733,0.325733,,,0,,,,3,13,921
State,ct,2016,30,0.243013,0.243013,,,0,,,,2,10,823
State,ct,2016,31,0.275482,0.275482,,,0,,,,2,11,726
State,ct,2016,32,0.227015,0.227015,,,0,,,,2,10,881
State,ct,2016,33,0.273224,0.273224,,,0,,,,3,10,1098
State,ct,2016,34,0.314218,0.314218,,,0,,,,4,12,1273
State,ct,2016,35,0.320366,0.320366,,,0,,,,7,12,2185
State,ct,2016,36,0.306212,0.306212,,,0,,,,7,12,2286
State,ct,2016,37,0.296485,0.296485,,,0,,,,7,10,2361
State,ct,2016,38,0.395257,0.395257,,,0,,,,10,11,2530
State,ct,2016,39,0.638978,0.638978,,,0,,,,20,12,3130
State,ct,2016,40,1.23552,1.23552,,,0,,,,64,19,5180
State,ct,2016,41,1.07,1.07,,,0,,,,48,18,4486
State,ct,2016,42,1.00688,1.00688,,,0,,,,41,13,4072
State,ct,2016,43,1.14566,1.14566,,,0,,,,49,15,4277
State,ct,2016,44,1.67144,1.67144,,,0,,,,70,15,4188
State,ct,2016,45,1.74239,1.74239,,,0,,,,79,17,4534
State,ct,2016,46,1.62124,1.62124,,,0,,,,69,18,4256
State,ct,2016,47,1.8245,1.8245,,,0,,,,42,19,2302
State,ct,2016,48,1.65078,1.65078,,,0,,,,71,17,4301
State,ct,2016,49,1.63164,1.63164,,,0,,,,66,16,4045
State,ct,2016,50,1.73439,1.73439,,,0,,,,70,21,4036
State,ct,2016,51,1.80426,1.80426,,,0,,,,33,17,1829
State,ct,2016,52,2.01806,2.01806,,,0,,,,38,18,1883
State,ct,2017,1,2.85036,2.85036,,,0,,,,48,17,1684
State,ct,2017,2,2.79488,2.79488,,,0,,,,59,17,2111
State,ct,2017,3,3.29572,3.29572,,,0,,,,111,19,3368
State,ct,2017,4,3.72844,3.72844,,,0,,,,134,14,3594
State,ct,2017,5,4.43425,4.43425,,,0,,,,174,14,3924
State,ct,2017,6,5.45754,5.45754,,,0,,,,232,17,4251
State,ct,2017,7,5.30733,5.30733,,,0,,,,234,16,4409
State,ct,2017,8,5.03785,5.03785,,,0,,,,193,13,3831
State,ct,2017,9,4.01284,4.01284,,,0,,,,175,15,4361
State,ct,2017,10,3.43467,3.43467,,,0,,,,148,18,4309
State,ct,2017,11,3.3579,3.3579,,,0,,,,41,13,1221
State,ct,2017,12,2.20472,2.20472,,,0,,,,98,18,4445
State,ct,2017,13,2.34073,2.34073,,,0,,,,97,16,4144
State,ct,2017,14,2.77175,2.77175,,,0,,,,115,15,4149
State,ct,2017,15,2.18108,2.18108,,,0,,,,86,16,3943
State,ct,2017,16,2.47006,2.47006,,,0,,,,99,14,4008
State,ct,2017,17,2.04551,2.04551,,,0,,,,89,15,4351
State,ct,2017,18,1.6129,1.6129,,,0,,,,62,15,3844
State,ct,2017,19,0.832603,0.832603,,,0,,,,19,13,2282
State,ct,2017,20,0.661914,0.661914,,,0,,,,13,15,1964
State,ct,2017,21,0.645856,0.645856,,,0,,,,6,7,929
State,ct,2017,22,0.547945,0.547945,,,0,,,,2,5,365
State,ct,2017,23,0.555556,0.555556,,,0,,,,2,5,360
State,ct,2017,24,0.297177,0.297177,,,0,,,,2,6,673
State,ct,2017,25,0.277008,0.277008,,,0,,,,1,4,361
State,ct,2017,26,0.453858,0.453858,,,0,,,,3,6,661
State,ct,2017,27,0.294118,0.294118,,,0,,,,1,4,340
State,ct,2017,28,0.0,0.0,,,0,,,,0,3,204
State,ct,2017,29,0.0,0.0,,,0,,,,0,2,24
State,ct,2017,30,0.0,0.0,,,0,,,,0,2,37
State,ct,2017,31,0.0,0.0,,,0,,,,0,2,36
State,ct,2017,32,0.0,0.0,,,0,,,,0,2,38
State,ct,2017,33,0.0,0.0,,,0,,,,0,2,41
State,ct,2017,34,0.0,0.0,,,0,,,,0,2,171
State,ct,2017,35,0.159617,0.159617,,,0,,,,2,4,1253
State,ct,2017,36,0.0,0.0,,,0,,,,0,3,1202
State,ct,2017,37,0.261917,0.261917,,,0,,,,5,4,1909
State,ct,2017,38,0.115607,0.115607,,,0,,,,2,4,1730
State,ct,2017,39,0.267953,0.267953,,,0,,,,5,7,1866
State,ct,2017,40,1.04416,1.04416,,,0,,,,48,17,4597
State,ct,2017,41,1.0367,1.0367,,,0,,,,50,19,4823
State,ct,2017,42,1.07119,1.07119,,,0,,,,48,16,4481
State,ct,2017,43,1.34836,1.34836,,,0,,,,67,20,4969
State,ct,2017,44,1.35031,1.35031,,,0,,,,70,20,5184
State,ct,2017,45,1.43927,1.43927,,,0,,,,73,18,5072
State,ct,2017,46,1.72589,1.72589,,,0,,,,85,20,4925
State,ct,2017,47,2.39194,2.39194,,,0,,,,57,19,2383
State,ct,2017,48,2.65263,2.65263,,,0,,,,126,19,4750
State,ct,2017,49,2.68862,2.68862,,,0,,,,129,19,4798
State,ct,2017,50,2.86832,2.86832,,,0,,,,88,19,3068
State,ct,2017,51,3.93357,3.93357,,,0,,,,90,20,2288
State,ct,2017,52,4.21422,4.21422,,,0,,,,96,19,2278
State,dc,2010,40,2.80877,2.80877,,,0,,,,73,4,2599
State,dc,2010,41,2.89079,2.89079,,,0,,,,81,4,2802
State,dc,2010,42,2.41042,2.41042,,,0,,,,74,4,3070
State,dc,2010,43,3.11632,3.11632,,,0,,,,101,4,3241
State,dc,2010,44,2.99118,2.99118,,,0,,,,95,4,3176
State,dc,2010,45,2.32951,2.32951,,,0,,,,69,4,2962
State,dc,2010,46,1.5844,1.5844,,,0,,,,52,4,3282
State,dc,2010,47,3.33519,3.33519,,,0,,,,60,4,1799
State,dc,2010,48,4.15896,4.15896,,,0,,,,135,4,3246
State,dc,2010,49,3.26052,3.26052,,,0,,,,100,4,3067
State,dc,2010,50,4.33125,4.33125,,,0,,,,125,4,2886
State,dc,2010,51,5.76822,5.76822,,,0,,,,110,4,1907
State,dc,2010,52,6.84746,6.84746,,,0,,,,101,4,1475
State,dc,2011,1,4.75874,4.75874,,,0,,,,143,4,3005
State,dc,2011,2,4.8618,4.8618,,,0,,,,146,4,3003
State,dc,2011,3,3.89466,3.89466,,,0,,,,105,4,2696
State,dc,2011,4,3.92447,3.92447,,,0,,,,106,4,2701
State,dc,2011,5,3.35762,3.35762,,,0,,,,106,4,3157
State,dc,2011,6,3.47826,3.47826,,,0,,,,108,4,3105
State,dc,2011,7,2.7957,2.7957,,,0,,,,78,3,2790
State,dc,2011,8,1.64396,1.64396,,,0,,,,35,3,2129
State,dc,2011,9,2.02952,2.02952,,,0,,,,55,3,2710
State,dc,2011,10,2.30938,2.30938,,,0,,,,63,3,2728
State,dc,2011,11,2.99166,2.99166,,,0,,,,61,2,2039
State,dc,2011,12,2.89299,2.89299,,,0,,,,83,3,2869
State,dc,2011,13,2.37252,2.37252,,,0,,,,67,3,2824
State,dc,2011,14,0.195185,0.195185,,,0,,,,3,2,1537
State,dc,2011,15,0.068306,0.068306,,,0,,,,1,2,1464
State,dc,2011,16,0.0754148,0.0754148,,,0,,,,1,2,1326
State,dc,2011,17,0.0,0.0,,,0,,,,0,2,1381
State,dc,2011,18,0.0,0.0,,,0,,,,0,2,1312
State,dc,2011,19,0.0,0.0,,,0,,,,0,1,756
State,dc,2011,20,2.1322,2.1322,,,0,,,,40,2,1876
State,dc,2011,21,2.08451,2.08451,,,0,,,,37,2,1775
State,dc,2011,22,2.37671,2.37671,,,0,,,,40,2,1683
State,dc,2011,23,2.39674,2.39674,,,0,,,,47,2,1961
State,dc,2011,24,2.72306,2.72306,,,0,,,,47,2,1726
State,dc,2011,25,1.94529,1.94529,,,0,,,,32,2,1645
State,dc,2011,26,2.40416,2.40416,,,0,,,,37,2,1539
State,dc,2011,27,1.82186,1.82186,,,0,,,,27,2,1482
State,dc,2011,28,3.40909,3.40909,,,0,,,,42,1,1232
State,dc,2011,29,1.97669,1.97669,,,0,,,,39,2,1973
State,dc,2011,30,2.01149,2.01149,,,0,,,,35,2,1740
State,dc,2011,31,1.98068,1.98068,,,0,,,,41,2,2070
State,dc,2011,32,1.97224,1.97224,,,0,,,,27,1,1369
State,dc,2011,33,2.39398,2.39398,,,0,,,,35,1,1462
State,dc,2011,34,2.99927,2.99927,,,0,,,,41,1,1367
State,dc,2011,35,2.41935,2.41935,,,0,,,,33,1,1364
State,dc,2011,36,4.17007,4.17007,,,0,,,,51,1,1223
State,dc,2011,37,4.24528,4.24528,,,0,,,,72,1,1696
State,dc,2011,38,5.13532,5.13532,,,0,,,,74,1,1441
State,dc,2011,39,4.66228,4.66228,,,0,,,,78,1,1673
State,dc,2011,40,3.87097,3.87097,,,0,,,,96,3,2480
State,dc,2011,41,4.13112,4.13112,,,0,,,,92,3,2227
State,dc,2011,42,4.86462,4.86462,,,0,,,,106,3,2179
State,dc,2011,43,4.17001,4.17001,,,0,,,,104,3,2494
State,dc,2011,44,3.91914,3.91914,,,0,,,,95,3,2424
State,dc,2011,45,5.40657,5.40657,,,0,,,,125,3,2312
State,dc,2011,46,5.67207,5.67207,,,0,,,,119,2,2098
State,dc,2011,47,6.2333,6.2333,,,0,,,,70,2,1123
State,dc,2011,48,4.62874,4.62874,,,0,,,,96,2,2074
State,dc,2011,49,5.20887,5.20887,,,0,,,,101,2,1939
State,dc,2011,50,4.59471,4.59471,,,0,,,,106,2,2307
State,dc,2011,51,4.07767,4.07767,,,0,,,,63,2,1545
State,dc,2011,52,6.99931,6.99931,,,0,,,,101,2,1443
State,dc,2012,1,5.34629,5.34629,,,0,,,,88,2,1646
State,dc,2012,2,3.88206,3.88206,,,0,,,,79,2,2035
State,dc,2012,3,3.56537,3.56537,,,0,,,,63,2,1767
State,dc,2012,4,3.98374,3.98374,,,0,,,,98,2,2460
State,dc,2012,5,3.61897,3.61897,,,0,,,,87,2,2404
State,dc,2012,6,3.97065,3.97065,,,0,,,,92,2,2317
State,dc,2012,7,4.63646,4.63646,,,0,,,,88,2,1898
State,dc,2012,8,4.34116,4.34116,,,0,,,,85,2,1958
State,dc,2012,9,3.37948,3.37948,,,0,,,,83,2,2456
State,dc,2012,10,2.81987,2.81987,,,0,,,,67,2,2376
State,dc,2012,11,3.61045,3.61045,,,0,,,,76,2,2105
State,dc,2012,12,3.39294,3.39294,,,0,,,,74,2,2181
State,dc,2012,13,2.29661,2.29661,,,0,,,,59,2,2569
State,dc,2012,14,1.90011,1.90011,,,0,,,,35,2,1842
State,dc,2012,15,2.80857,2.80857,,,0,,,,76,2,2706
State,dc,2012,16,2.22902,2.22902,,,0,,,,51,2,2288
State,dc,2012,17,3.0024,3.0024,,,0,,,,75,2,2498
State,dc,2012,18,2.75182,2.75182,,,0,,,,53,1,1926
State,dc,2012,19,2.64901,2.64901,,,0,,,,48,1,1812
State,dc,2012,20,2.61932,2.61932,,,0,,,,45,1,1718
State,dc,2012,21,3.20513,3.20513,,,0,,,,60,1,1872
State,dc,2012,22,2.42588,2.42588,,,0,,,,36,1,1484
State,dc,2012,23,3.42707,3.42707,,,0,,,,78,1,2276
State,dc,2012,24,3.27124,3.27124,,,0,,,,72,1,2201
State,dc,2012,25,2.3798,2.3798,,,0,,,,49,1,2059
State,dc,2012,26,3.64931,3.64931,,,0,,,,82,1,2247
State,dc,2012,27,3.06588,3.06588,,,0,,,,47,1,1533
State,dc,2012,28,2.62541,2.62541,,,0,,,,56,1,2133
State,dc,2012,29,2.8072,2.8072,,,0,,,,53,1,1888
State,dc,2012,30,2.99252,2.99252,,,0,,,,60,1,2005
State,dc,2012,31,3.13253,3.13253,,,0,,,,65,1,2075
State,dc,2012,32,3.10749,3.10749,,,0,,,,61,1,1963
State,dc,2012,33,2.42424,2.42424,,,0,,,,44,1,1815
State,dc,2012,34,3.32397,3.32397,,,0,,,,71,1,2136
State,dc,2012,35,2.81474,2.81474,,,0,,,,55,1,1954
State,dc,2012,36,3.358,3.358,,,0,,,,59,1,1757
State,dc,2012,37,2.93057,2.93057,,,0,,,,65,1,2218
State,dc,2012,38,3.38897,3.38897,,,0,,,,67,1,1977
State,dc,2012,39,2.98913,2.98913,,,0,,,,66,1,2208
State,dc,2012,40,2.84238,2.84238,,,0,,,,55,2,1935
State,dc,2012,41,3.72421,3.72421,,,0,,,,74,2,1987
State,dc,2012,42,3.27949,3.27949,,,0,,,,67,2,2043
State,dc,2012,43,4.59653,4.59653,,,0,,,,90,2,1958
State,dc,2012,44,3.64146,3.64146,,,0,,,,52,2,1428
State,dc,2012,45,4.85437,4.85437,,,0,,,,95,2,1957
State,dc,2012,46,4.64865,4.64865,,,0,,,,86,2,1850
State,dc,2012,47,6.81606,6.81606,,,0,,,,73,2,1071
State,dc,2012,48,6.44302,6.44302,,,0,,,,121,2,1878
State,dc,2012,49,6.32514,6.32514,,,0,,,,121,2,1913
State,dc,2012,50,8.11623,8.11623,,,0,,,,162,2,1996
State,dc,2012,51,8.49941,8.49941,,,0,,,,145,2,1706
State,dc,2012,52,8.92086,8.92086,,,0,,,,62,1,695
State,dc,2013,1,6.20821,6.20821,,,0,,,,65,3,1047
State,dc,2013,2,6.84584,6.84584,,,0,,,,135,3,1972
State,dc,2013,3,7.19162,7.19162,,,0,,,,158,3,2197
State,dc,2013,4,6.97269,6.97269,,,0,,,,120,3,1721
State,dc,2013,5,5.30071,5.30071,,,0,,,,104,3,1962
State,dc,2013,6,5.28531,5.28531,,,0,,,,113,3,2138
State,dc,2013,7,4.76893,4.76893,,,0,,,,97,3,2034
State,dc,2013,8,4.53053,4.53053,,,0,,,,69,3,1523
State,dc,2013,9,4.42177,4.42177,,,0,,,,91,3,2058
State,dc,2013,10,4.90134,4.90134,,,0,,,,77,3,1571
State,dc,2013,11,5.33869,5.33869,,,0,,,,93,3,1742
State,dc,2013,12,4.39252,4.39252,,,0,,,,94,3,2140
State,dc,2013,13,2.7278,2.7278,,,0,,,,47,3,1723
State,dc,2013,14,4.4098,4.4098,,,0,,,,99,3,2245
State,dc,2013,15,4.06863,4.06863,,,0,,,,83,2,2040
State,dc,2013,16,3.61174,3.61174,,,0,,,,48,1,1329
State,dc,2013,17,5.45455,5.45455,,,0,,,,87,1,1595
State,dc,2013,18,5.7732,5.7732,,,0,,,,84,1,1455
State,dc,2013,19,4.74198,4.74198,,,0,,,,68,1,1434
State,dc,2013,20,4.96503,4.96503,,,0,,,,71,1,1430
State,dc,2013,21,5.93645,5.93645,,,0,,,,71,1,1196
State,dc,2013,22,3.99628,3.99628,,,0,,,,43,1,1076
State,dc,2013,23,5.26742,5.26742,,,0,,,,65,1,1234
State,dc,2013,24,3.99079,3.99079,,,0,,,,52,1,1303
State,dc,2013,25,5.07084,5.07084,,,0,,,,68,1,1341
State,dc,2013,26,3.9968,3.9968,,,0,,,,50,1,1251
State,dc,2013,27,4.26885,4.26885,,,0,,,,47,1,1101
State,dc,2013,28,4.6396,4.6396,,,0,,,,56,1,1207
State,dc,2013,29,3.4846,3.4846,,,0,,,,43,1,1234
State,dc,2013,30,4.42073,4.42073,,,0,,,,58,1,1312
State,dc,2013,31,6.70978,6.70978,,,0,,,,83,1,1237
State,dc,2013,32,5.18653,5.18653,,,0,,,,57,1,1099
State,dc,2013,33,5.05576,5.05576,,,0,,,,68,1,1345
State,dc,2013,34,5.8296,5.8296,,,0,,,,65,1,1115
State,dc,2013,35,5.1149,5.1149,,,0,,,,69,1,1349
State,dc,2013,36,4.07659,4.07659,,,0,,,,66,1,1619
State,dc,2013,37,5.61511,5.61511,,,0,,,,110,1,1959
State,dc,2013,38,5.92142,5.92142,,,0,,,,107,1,1807
State,dc,2013,39,5.34351,5.34351,,,0,,,,112,1,2096
State,dc,2013,40,5.41463,5.41463,,,0,,,,111,3,2050
State,dc,2013,41,6.02353,6.02353,,,0,,,,128,3,2125
State,dc,2013,42,5.67605,5.67605,,,0,,,,123,3,2167
State,dc,2013,43,6.50195,6.50195,,,0,,,,150,3,2307
State,dc,2013,44,5.20038,5.20038,,,0,,,,109,3,2096
State,dc,2013,45,7.20887,7.20887,,,0,,,,156,3,2164
State,dc,2013,46,7.79841,7.79841,,,0,,,,147,3,1885
State,dc,2013,47,8.19936,8.19936,,,0,,,,153,3,1866
State,dc,2013,48,9.6956,9.6956,,,0,,,,86,3,887
State,dc,2013,49,11.0972,11.0972,,,0,,,,177,3,1595
State,dc,2013,50,9.10415,9.10415,,,0,,,,125,3,1373
State,dc,2013,51,10.6426,10.6426,,,0,,,,159,3,1494
State,dc,2013,52,13.7076,13.7076,,,0,,,,105,3,766
State,dc,2014,1,16.3476,16.3476,,,0,,,,111,3,679
State,dc,2014,2,13.3748,13.3748,,,0,,,,172,3,1286
State,dc,2014,3,8.77411,8.77411,,,0,,,,141,3,1607
State,dc,2014,4,9.20716,9.20716,,,0,,,,108,3,1173
State,dc,2014,5,8.93569,8.93569,,,0,,,,157,3,1757
State,dc,2014,6,9.0053,9.0053,,,0,,,,153,3,1699
State,dc,2014,7,7.20721,7.20721,,,0,,,,112,3,1554
State,dc,2014,8,7.97153,7.97153,,,0,,,,112,3,1405
State,dc,2014,9,8.52626,8.52626,,,0,,,,151,2,1771
State,dc,2014,10,7.78073,7.78073,,,0,,,,88,2,1131
State,dc,2014,11,8.17052,8.17052,,,0,,,,92,2,1126
State,dc,2014,12,9.03674,9.03674,,,0,,,,91,2,1007
State,dc,2014,13,11.3695,11.3695,,,0,,,,132,2,1161
State,dc,2014,14,9.7337,9.7337,,,0,,,,106,2,1089
State,dc,2014,15,7.63274,7.63274,,,0,,,,69,2,904
State,dc,2014,16,6.62162,6.62162,,,0,,,,98,2,1480
State,dc,2014,17,6.63073,6.63073,,,0,,,,123,2,1855
State,dc,2014,18,4.7014,4.7014,,,0,,,,37,1,787
State,dc,2014,19,5.53746,5.53746,,,0,,,,68,1,1228
State,dc,2014,20,7.2335,7.2335,,,0,,,,57,1,788
State,dc,2014,21,9.6064,9.6064,,,0,,,,144,1,1499
State,dc,2014,22,9.62464,9.62464,,,0,,,,100,1,1039
State,dc,2014,23,7.63077,7.63077,,,0,,,,124,1,1625
State,dc,2014,24,8.20084,8.20084,,,0,,,,98,1,1195
State,dc,2014,25,8.50291,8.50291,,,0,,,,117,1,1376
State,dc,2014,26,7.06349,7.06349,,,0,,,,89,1,1260
State,dc,2014,27,6.23116,6.23116,,,0,,,,62,1,995
State,dc,2014,28,6.8328,6.8328,,,0,,,,85,1,1244
State,dc,2014,29,4.14747,4.14747,,,0,,,,36,1,868
State,dc,2014,30,3.85233,3.85233,,,0,,,,48,1,1246
State,dc,2014,31,3.63077,3.63077,,,0,,,,59,1,1625
State,dc,2014,32,4.67405,4.67405,,,0,,,,38,1,813
State,dc,2014,33,4.08035,4.08035,,,0,,,,65,1,1593
State,dc,2014,34,4.91071,4.91071,,,0,,,,44,1,896
State,dc,2014,35,5.2103,5.2103,,,0,,,,83,1,1593
State,dc,2014,36,5.62771,5.62771,,,0,,,,65,1,1155
State,dc,2014,37,6.77349,6.77349,,,0,,,,93,1,1373
State,dc,2014,38,8.36785,8.36785,,,0,,,,101,1,1207
State,dc,2014,39,8.56793,8.56793,,,0,,,,140,1,1634
State,dc,2014,40,5.85054,5.85054,,,0,,,,119,2,2034
State,dc,2014,41,5.46912,5.46912,,,0,,,,116,2,2121
State,dc,2014,42,5.03445,5.03445,,,0,,,,95,2,1887
State,dc,2014,43,5.6615,5.6615,,,0,,,,95,2,1678
State,dc,2014,44,6.35436,6.35436,,,0,,,,137,2,2156
State,dc,2014,45,7.22467,7.22467,,,0,,,,164,2,2270
State,dc,2014,46,5.93824,5.93824,,,0,,,,150,2,2526
State,dc,2014,47,7.19027,7.19027,,,0,,,,130,2,1808
State,dc,2014,48,9.61123,9.61123,,,0,,,,89,2,926
State,dc,2014,49,11.7008,11.7008,,,0,,,,183,2,1564
State,dc,2014,50,9.75309,9.75309,,,0,,,,158,2,1620
State,dc,2014,51,12.9854,12.9854,,,0,,,,204,2,1571
State,dc,2014,52,13.6364,13.6364,,,0,,,,108,2,792
State,dc,2014,53,14.8148,14.8148,,,0,,,,68,2,459
State,dc,2015,1,12.6485,12.6485,,,0,,,,181,2,1431
State,dc,2015,2,10.8407,10.8407,,,0,,,,196,2,1808
State,dc,2015,3,6.64606,6.64606,,,0,,,,86,2,1294
State,dc,2015,4,8.43223,8.43223,,,0,,,,135,2,1601
State,dc,2015,5,10.2489,10.2489,,,0,,,,140,2,1366
State,dc,2015,6,6.7302,6.7302,,,0,,,,113,2,1679
State,dc,2015,7,6.72269,6.72269,,,0,,,,64,2,952
State,dc,2015,8,5.82294,5.82294,,,0,,,,98,2,1683
State,dc,2015,9,5.53977,5.53977,,,0,,,,78,2,1408
State,dc,2015,10,7.28424,7.28424,,,0,,,,92,2,1263
State,dc,2015,11,5.33507,5.33507,,,0,,,,82,2,1537
State,dc,2015,12,5.54156,5.54156,,,0,,,,88,2,1588
State,dc,2015,13,6.58328,6.58328,,,0,,,,100,2,1519
State,dc,2015,14,4.45092,4.45092,,,0,,,,107,2,2404
State,dc,2015,15,4.66667,4.66667,,,0,,,,70,2,1500
State,dc,2015,16,4.90358,4.90358,,,0,,,,89,2,1815
State,dc,2015,17,5.77689,5.77689,,,0,,,,87,2,1506
State,dc,2015,18,5.03401,5.03401,,,0,,,,74,2,1470
State,dc,2015,19,5.25909,5.25909,,,0,,,,68,2,1293
State,dc,2015,20,6.64305,6.64305,,,0,,,,75,2,1129
State,dc,2015,21,7.95148,7.95148,,,0,,,,59,1,742
State,dc,2015,22,8.86076,8.86076,,,0,,,,35,1,395
State,dc,2015,23,7.70053,7.70053,,,0,,,,72,1,935
State,dc,2015,24,6.80174,6.80174,,,0,,,,47,1,691
State,dc,2015,25,7.2093,7.2093,,,0,,,,62,1,860
State,dc,2015,26,7.3913,7.3913,,,0,,,,51,1,690
State,dc,2015,27,5.58539,5.58539,,,0,,,,52,1,931
State,dc,2015,28,5.64617,5.64617,,,0,,,,45,1,797
State,dc,2015,29,5.39906,5.39906,,,0,,,,46,1,852
State,dc,2015,30,6.2422,6.2422,,,0,,,,50,1,801
State,dc,2015,31,0.0,0.0,,,0,,,,0,0,0
State,dc,2015,32,0.0,0.0,,,0,,,,0,0,0
State,dc,2015,33,0.0,0.0,,,0,,,,0,0,0
State,dc,2015,34,0.0,0.0,,,0,,,,0,0,0
State,dc,2015,35,0.0,0.0,,,0,,,,0,0,0
State,dc,2015,36,0.0,0.0,,,0,,,,0,0,0
State,dc,2015,37,0.0,0.0,,,0,,,,0,0,0
State,dc,2015,38,0.0,0.0,,,0,,,,0,0,0
State,dc,2015,39,0.0,0.0,,,0,,,,0,0,0
State,dc,2015,40,0.0,0.0,,,0,,,,0,0,0
State,dc,2015,41,0.108932,0.108932,,,0,,,,1,1,918
State,dc,2015,42,0.487805,0.487805,,,0,,,,4,1,820
State,dc,2015,43,2.58663,2.58663,,,0,,,,53,1,2049
State,dc,2015,44,5.83764,5.83764,,,0,,,,192,2,3289
State,dc,2015,45,4.2378,4.2378,,,0,,,,139,2,3280
State,dc,2015,46,6.85539,6.85539,,,0,,,,201,2,2932
State,dc,2015,47,7.21118,7.21118,,,0,,,,98,2,1359
State,dc,2015,48,5.67077,5.67077,,,0,,,,175,2,3086
State,dc,2015,49,6.5342,6.5342,,,0,,,,171,2,2617
State,dc,2015,50,6.71418,6.71418,,,0,,,,179,2,2666
State,dc,2015,51,9.51359,9.51359,,,0,,,,133,2,1398
State,dc,2015,52,8.20996,8.20996,,,0,,,,122,2,1486
State,dc,2016,1,9.30537,9.30537,,,0,,,,213,2,2289
State,dc,2016,2,6.23525,6.23525,,,0,,,,185,2,2967
State,dc,2016,3,4.66491,4.66491,,,0,,,,71,2,1522
State,dc,2016,4,5.86047,5.86047,,,0,,,,126,2,2150
State,dc,2016,5,5.19972,5.19972,,,0,,,,151,2,2904
State,dc,2016,6,5.65627,5.65627,,,0,,,,156,2,2758
State,dc,2016,7,5.99214,5.99214,,,0,,,,122,2,2036
State,dc,2016,8,7.911,7.911,,,0,,,,192,2,2427
State,dc,2016,9,9.23582,9.23582,,,0,,,,197,2,2133
State,dc,2016,10,9.33902,9.33902,,,0,,,,219,2,2345
State,dc,2016,11,9.6564,9.6564,,,0,,,,163,2,1688
State,dc,2016,12,8.65231,8.65231,,,0,,,,217,2,2508
State,dc,2016,13,8.34061,8.34061,,,0,,,,191,2,2290
State,dc,2016,14,5.93434,5.93434,,,0,,,,141,2,2376
State,dc,2016,15,5.66696,5.66696,,,0,,,,130,2,2294
State,dc,2016,16,5.81347,5.81347,,,0,,,,139,2,2391
State,dc,2016,17,4.69592,4.69592,,,0,,,,61,2,1299
State,dc,2016,18,9.14668,9.14668,,,0,,,,164,1,1793
State,dc,2016,19,7.1152,7.1152,,,0,,,,147,2,2066
State,dc,2016,20,8.3871,8.3871,,,0,,,,130,2,1550
State,dc,2016,21,9.15649,9.15649,,,0,,,,165,2,1802
State,dc,2016,22,9.33243,9.33243,,,0,,,,137,2,1468
State,dc,2016,23,8.6386,8.6386,,,0,,,,158,2,1829
State,dc,2016,24,7.15123,7.15123,,,0,,,,122,2,1706
State,dc,2016,25,6.88259,6.88259,,,0,,,,119,2,1729
State,dc,2016,26,5.40915,5.40915,,,0,,,,78,2,1442
State,dc,2016,27,4.18195,4.18195,,,0,,,,57,2,1363
State,dc,2016,28,4.89039,4.89039,,,0,,,,87,2,1779
State,dc,2016,29,3.53874,3.53874,,,0,,,,58,2,1639
State,dc,2016,30,4.47248,4.47248,,,0,,,,78,2,1744
State,dc,2016,31,4.88677,4.88677,,,0,,,,82,2,1678
State,dc,2016,32,3.7961,3.7961,,,0,,,,70,2,1844
State,dc,2016,33,2.42174,2.42174,,,0,,,,41,2,1693
State,dc,2016,34,3.82536,3.82536,,,0,,,,92,2,2405
State,dc,2016,35,3.76569,3.76569,,,0,,,,90,2,2390
State,dc,2016,36,4.79317,4.79317,,,0,,,,73,2,1523
State,dc,2016,37,5.33927,5.33927,,,0,,,,144,2,2697
State,dc,2016,38,5.09926,5.09926,,,0,,,,131,2,2569
State,dc,2016,39,4.59265,4.59265,,,0,,,,115,2,2504
State,dc,2016,40,5.52486,5.52486,,,0,,,,160,2,2896
State,dc,2016,41,4.954,4.954,,,0,,,,140,2,2826
State,dc,2016,42,5.25217,5.25217,,,0,,,,151,2,2875
State,dc,2016,43,5.56901,5.56901,,,0,,,,161,2,2891
State,dc,2016,44,4.80318,4.80318,,,0,,,,133,2,2769
State,dc,2016,45,5.06375,5.06375,,,0,,,,139,2,2745
State,dc,2016,46,5.50796,5.50796,,,0,,,,135,2,2451
State,dc,2016,47,6.54804,6.54804,,,0,,,,92,2,1405
State,dc,2016,48,6.7311,6.7311,,,0,,,,195,2,2897
State,dc,2016,49,5.18868,5.18868,,,0,,,,154,2,2968
State,dc,2016,50,7.7642,7.7642,,,0,,,,216,2,2782
State,dc,2016,51,8.41715,8.41715,,,0,,,,159,2,1889
State,dc,2016,52,8.3007,8.3007,,,0,,,,106,2,1277
State,dc,2017,1,7.84964,7.84964,,,0,,,,142,2,1809
State,dc,2017,2,8.478,8.478,,,0,,,,210,2,2477
State,dc,2017,3,4.99426,4.99426,,,0,,,,87,2,1742
State,dc,2017,4,7.38916,7.38916,,,0,,,,195,2,2639
State,dc,2017,5,8.94928,8.94928,,,0,,,,247,2,2760
State,dc,2017,6,9.39163,9.39163,,,0,,,,247,2,2630
State,dc,2017,7,8.46287,8.46287,,,0,,,,196,2,2316
State,dc,2017,8,7.23746,7.23746,,,0,,,,153,2,2114
State,dc,2017,9,7.39146,7.39146,,,0,,,,206,2,2787
State,dc,2017,10,8.17884,8.17884,,,0,,,,225,2,2751
State,dc,2017,11,9.05088,9.05088,,,0,,,,185,2,2044
State,dc,2017,12,7.8258,7.8258,,,0,,,,239,2,3054
State,dc,2017,13,7.14286,7.14286,,,0,,,,207,2,2898
State,dc,2017,14,6.73207,6.73207,,,0,,,,199,2,2956
State,dc,2017,15,0.15674,0.15674,,,0,,,,1,1,638
State,dc,2017,16,4.52506,4.52506,,,0,,,,121,2,2674
State,dc,2017,17,0.0,0.0,,,0,,,,0,1,557
State,dc,2017,18,4.68417,4.68417,,,0,,,,132,2,2818
State,dc,2017,19,3.6162,3.6162,,,0,,,,75,2,2074
State,dc,2017,20,0.0,0.0,,,0,,,,0,1,289
State,dc,2017,21,5.7554,5.7554,,,0,,,,152,2,2641
State,dc,2017,22,4.49556,4.49556,,,0,,,,86,2,1913
State,dc,2017,23,5.08685,5.08685,,,0,,,,123,2,2418
State,dc,2017,24,0.0,0.0,,,0,,,,0,1,159
State,dc,2017,25,5.97222,5.97222,,,0,,,,129,2,2160
State,dc,2017,26,4.11423,4.11423,,,0,,,,85,2,2066
State,dc,2017,27,3.87978,3.87978,,,0,,,,71,2,1830
State,dc,2017,28,3.33201,3.33201,,,0,,,,84,2,2521
State,dc,2017,29,3.20073,3.20073,,,0,,,,70,2,2187
State,dc,2017,30,4.19548,4.19548,,,0,,,,91,2,2169
State,dc,2017,31,4.59722,4.59722,,,0,,,,109,2,2371
State,dc,2017,32,3.37255,3.37255,,,0,,,,86,2,2550
State,dc,2017,33,3.15789,3.15789,,,0,,,,81,2,2565
State,dc,2017,34,3.98796,3.98796,,,0,,,,106,2,2658
State,dc,2017,35,5.74447,5.74447,,,0,,,,174,2,3029
State,dc,2017,36,6.05607,6.05607,,,0,,,,162,2,2675
State,dc,2017,37,5.07881,5.07881,,,0,,,,174,2,3426
State,dc,2017,38,5.05875,5.05875,,,0,,,,155,2,3064
State,dc,2017,39,5.92809,5.92809,,,0,,,,183,2,3087
State,dc,2017,40,1.91672,1.91672,,,0,,,,284,5,14817
State,dc,2017,41,1.96893,1.96893,,,0,,,,275,5,13967
State,dc,2017,42,2.0171,2.0171,,,0,,,,302,5,14972
State,dc,2017,43,1.85678,1.85678,,,0,,,,279,5,15026
State,dc,2017,44,1.65856,1.65856,,,0,,,,232,5,13988
State,dc,2017,45,2.23842,2.23842,,,0,,,,304,5,13581
State,dc,2017,46,2.31138,2.31138,,,0,,,,352,5,15229
State,dc,2017,47,2.19801,2.19801,,,0,,,,230,5,10464
State,dc,2017,48,2.64412,2.64412,,,0,,,,394,5,14901
State,dc,2017,49,2.49746,2.49746,,,0,,,,368,5,14735
State,dc,2017,50,2.54612,2.54612,,,0,,,,363,5,14257
State,dc,2017,51,2.25352,2.25352,,,0,,,,296,5,13135
State,dc,2017,52,2.78897,2.78897,,,0,,,,270,5,9681
State,de,2010,40,0.100125,0.100125,,,0,,,,4,13,3995
State,de,2010,41,0.36855,0.36855,,,0,,,,15,13,4070
State,de,2010,42,0.337025,0.337025,,,0,,,,14,14,4154
State,de,2010,43,0.460494,0.460494,,,0,,,,19,14,4126
State,de,2010,44,0.222332,0.222332,,,0,,,,9,14,4048
State,de,2010,45,0.79466,0.79466,,,0,,,,25,12,3146
State,de,2010,46,0.390879,0.390879,,,0,,,,12,11,3070
State,de,2010,47,0.503356,0.503356,,,0,,,,12,12,2384
State,de,2010,48,0.270005,0.270005,,,0,,,,11,13,4074
State,de,2010,49,0.361156,0.361156,,,0,,,,9,10,2492
State,de,2010,50,0.293902,0.293902,,,0,,,,12,13,4083
State,de,2010,51,0.504267,0.504267,,,0,,,,13,11,2578
State,de,2010,52,0.508974,0.508974,,,0,,,,19,14,3733
State,de,2011,1,0.783904,0.783904,,,0,,,,30,12,3827
State,de,2011,2,2.53041,2.53041,,,0,,,,104,14,4110
State,de,2011,3,1.98627,1.98627,,,0,,,,81,14,4078
State,de,2011,4,1.99336,1.99336,,,0,,,,84,15,4214
State,de,2011,5,1.99868,1.99868,,,0,,,,91,15,4553
State,de,2011,6,2.1037,2.1037,,,0,,,,99,14,4706
State,de,2011,7,2.6928,2.6928,,,0,,,,125,14,4642
State,de,2011,8,2.32987,2.32987,,,0,,,,101,13,4335
State,de,2011,9,2.14613,2.14613,,,0,,,,89,12,4147
State,de,2011,10,1.68552,1.68552,,,0,,,,73,13,4331
State,de,2011,11,0.947763,0.947763,,,0,,,,43,13,4537
State,de,2011,12,0.526316,0.526316,,,0,,,,22,12,4180
State,de,2011,13,0.96858,0.96858,,,0,,,,41,12,4233
State,de,2011,14,0.475119,0.475119,,,0,,,,19,11,3999
State,de,2011,15,0.11534,0.11534,,,0,,,,4,10,3468
State,de,2011,16,0.082012,0.082012,,,0,,,,3,11,3658
State,de,2011,17,0.0457247,0.0457247,,,0,,,,1,7,2187
State,de,2011,18,0.0863309,0.0863309,,,0,,,,3,10,3475
State,de,2011,19,0.0455996,0.0455996,,,0,,,,1,7,2193
State,de,2011,20,0.107643,0.107643,,,0,,,,2,6,1858
State,de,2011,21,0.0,0.0,,,0,,,,0,1,329
State,de,2011,22,0.0,0.0,,,0,,,,0,1,252
State,de,2011,23,0.0,0.0,,,0,,,,0,0,0
State,de,2011,24,0.0,0.0,,,0,,,,0,0,0
State,de,2011,25,0.0,0.0,,,0,,,,0,0,0
State,de,2011,26,0.0,0.0,,,0,,,,0,0,0
State,de,2011,27,0.0,0.0,,,0,,,,0,0,0
State,de,2011,28,0.0,0.0,,,0,,,,0,0,0
State,de,2011,29,0.0,0.0,,,0,,,,0,0,0
State,de,2011,30,0.0,0.0,,,0,,,,0,0,0
State,de,2011,31,0.0,0.0,,,0,,,,0,0,0
State,de,2011,32,0.0,0.0,,,0,,,,0,0,0
State,de,2011,33,0.0,0.0,,,0,,,,0,0,0
State,de,2011,34,0.0,0.0,,,0,,,,0,0,0
State,de,2011,35,0.0,0.0,,,0,,,,0,0,0
State,de,2011,36,0.0,0.0,,,0,,,,0,0,0
State,de,2011,37,0.0,0.0,,,0,,,,0,0,0
State,de,2011,38,0.0,0.0,,,0,,,,0,0,0
State,de,2011,39,0.0,0.0,,,0,,,,0,0,0
State,de,2011,40,0.160772,0.160772,,,0,,,,5,11,3110
State,de,2011,41,0.113058,0.113058,,,0,,,,4,12,3538
State,de,2011,42,0.0638162,0.0638162,,,0,,,,2,12,3134
State,de,2011,43,0.0831947,0.0831947,,,0,,,,3,12,3606
State,de,2011,44,0.222505,0.222505,,,0,,,,7,11,3146
State,de,2011,45,0.283366,0.283366,,,0,,,,10,12,3529
State,de,2011,46,0.357143,0.357143,,,0,,,,13,12,3640
State,de,2011,47,0.0957854,0.0957854,,,0,,,,3,12,3132
State,de,2011,48,0.4208,0.4208,,,0,,,,14,12,3327
State,de,2011,49,0.684182,0.684182,,,0,,,,25,12,3654
State,de,2011,50,0.421496,0.421496,,,0,,,,16,12,3796
State,de,2011,51,0.159617,0.159617,,,0,,,,6,12,3759
State,de,2011,52,0.238663,0.238663,,,0,,,,8,12,3352
State,de,2012,1,0.512267,0.512267,,,0,,,,19,12,3709
State,de,2012,2,0.313808,0.313808,,,0,,,,12,12,3824
State,de,2012,3,0.224143,0.224143,,,0,,,,7,11,3123
State,de,2012,4,0.263366,0.263366,,,0,,,,10,12,3797
State,de,2012,5,0.407166,0.407166,,,0,,,,15,11,3684
State,de,2012,6,0.159702,0.159702,,,0,,,,6,11,3757
State,de,2012,7,0.370468,0.370468,,,0,,,,14,11,3779
State,de,2012,8,0.106129,0.106129,,,0,,,,4,11,3769
State,de,2012,9,0.354484,0.354484,,,0,,,,10,9,2821
State,de,2012,10,0.544,0.544,,,0,,,,17,10,3125
State,de,2012,11,0.468637,0.468637,,,0,,,,13,9,2774
State,de,2012,12,0.41958,0.41958,,,0,,,,12,9,2860
State,de,2012,13,0.141093,0.141093,,,0,,,,4,9,2835
State,de,2012,14,0.45156,0.45156,,,0,,,,11,9,2436
State,de,2012,15,0.57732,0.57732,,,0,,,,14,9,2425
State,de,2012,16,0.149589,0.149589,,,0,,,,4,9,2674
State,de,2012,17,0.0,0.0,,,0,,,,0,9,2508
State,de,2012,18,0.115785,0.115785,,,0,,,,3,9,2591
State,de,2012,19,0.203749,0.203749,,,0,,,,5,9,2454
State,de,2012,20,0.0913659,0.0913659,,,0,,,,2,8,2189
State,de,2012,21,0.0,0.0,,,0,,,,0,7,2346
State,de,2012,22,0.184843,0.184843,,,0,,,,1,2,541
State,de,2012,23,0.0,0.0,,,0,,,,0,1,374
State,de,2012,24,0.0,0.0,,,0,,,,0,1,344
State,de,2012,25,0.0,0.0,,,0,,,,0,1,301
State,de,2012,26,0.0,0.0,,,0,,,,0,1,309
State,de,2012,27,0.0,0.0,,,0,,,,0,1,355
State,de,2012,28,0.0,0.0,,,0,,,,0,1,317
State,de,2012,29,0.0,0.0,,,0,,,,0,1,292
State,de,2012,30,0.0,0.0,,,0,,,,0,1,322
State,de,2012,31,0.0,0.0,,,0,,,,0,1,297
State,de,2012,32,0.0,0.0,,,0,,,,0,1,329
State,de,2012,33,0.113507,0.113507,,,0,,,,1,2,881
State,de,2012,34,0.2849,0.2849,,,0,,,,1,1,351
State,de,2012,35,0.56338,0.56338,,,0,,,,2,1,355
State,de,2012,36,0.174216,0.174216,,,0,,,,2,3,1148
State,de,2012,37,0.0,0.0,,,0,,,,0,1,406
State,de,2012,38,0.0,0.0,,,0,,,,0,1,392
State,de,2012,39,0.0,0.0,,,0,,,,0,1,378
State,de,2012,40,0.15949,0.15949,,,0,,,,5,10,3135
State,de,2012,41,0.268998,0.268998,,,0,,,,8,10,2974
State,de,2012,42,0.298013,0.298013,,,0,,,,9,10,3020
State,de,2012,43,0.456621,0.456621,,,0,,,,15,10,3285
State,de,2012,44,0.239349,0.239349,,,0,,,,5,10,2089
State,de,2012,45,0.457516,0.457516,,,0,,,,14,10,3060
State,de,2012,46,0.485909,0.485909,,,0,,,,15,10,3087
State,de,2012,47,0.905524,0.905524,,,0,,,,30,12,3313
State,de,2012,48,0.837258,0.837258,,,0,,,,32,11,3822
State,de,2012,49,1.45421,1.45421,,,0,,,,47,10,3232
State,de,2012,50,2.05458,2.05458,,,0,,,,67,10,3261
State,de,2012,51,2.38636,2.38636,,,0,,,,84,10,3520
State,de,2012,52,4.21053,4.21053,,,0,,,,112,10,2660
State,de,2013,1,5.16278,5.16278,,,0,,,,157,10,3041
State,de,2013,2,5.11518,5.11518,,,0,,,,151,9,2952
State,de,2013,3,5.49981,5.49981,,,0,,,,148,9,2691
State,de,2013,4,5.04705,5.04705,,,0,,,,118,9,2338
State,de,2013,5,3.08789,3.08789,,,0,,,,78,9,2526
State,de,2013,6,2.01085,2.01085,,,0,,,,63,10,3133
State,de,2013,7,1.63743,1.63743,,,0,,,,42,9,2565
State,de,2013,8,1.67555,1.67555,,,0,,,,44,9,2626
State,de,2013,9,1.11643,1.11643,,,0,,,,28,9,2508
State,de,2013,10,1.12108,1.12108,,,0,,,,30,9,2676
State,de,2013,11,0.967492,0.967492,,,0,,,,25,9,2584
State,de,2013,12,0.858369,0.858369,,,0,,,,22,9,2563
State,de,2013,13,0.806045,0.806045,,,0,,,,16,9,1985
State,de,2013,14,0.552741,0.552741,,,0,,,,12,9,2171
State,de,2013,15,0.243072,0.243072,,,0,,,,5,8,2057
State,de,2013,16,0.363967,0.363967,,,0,,,,8,8,2198
State,de,2013,17,0.0434028,0.0434028,,,0,,,,1,8,2304
State,de,2013,18,0.0,0.0,,,0,,,,0,8,2292
State,de,2013,19,0.0,0.0,,,0,,,,0,8,2571
State,de,2013,20,0.0,0.0,,,0,,,,0,6,1614
State,de,2013,21,0.0,0.0,,,0,,,,0,1,247
State,de,2013,22,0.0,0.0,,,0,,,,0,2,568
State,de,2013,23,0.0,0.0,,,0,,,,0,1,246
State,de,2013,24,0.0,0.0,,,0,,,,0,1,183
State,de,2013,25,0.0,0.0,,,0,,,,0,1,172
State,de,2013,26,0.0,0.0,,,0,,,,0,1,217
State,de,2013,27,0.0,0.0,,,0,,,,0,1,217
State,de,2013,28,0.0,0.0,,,0,,,,0,1,200
State,de,2013,29,0.0,0.0,,,0,,,,0,1,222
State,de,2013,30,0.0,0.0,,,0,,,,0,1,221
State,de,2013,31,0.0,0.0,,,0,,,,0,1,256
State,de,2013,32,0.0,0.0,,,0,,,,0,1,234
State,de,2013,33,0.0,0.0,,,0,,,,0,1,224
State,de,2013,34,0.0,0.0,,,0,,,,0,1,232
State,de,2013,35,0.0,0.0,,,0,,,,0,1,264
State,de,2013,36,0.0,0.0,,,0,,,,0,1,229
State,de,2013,37,0.0,0.0,,,0,,,,0,1,224
State,de,2013,38,0.0,0.0,,,0,,,,0,1,298
State,de,2013,39,0.0,0.0,,,0,,,,0,1,267
State,de,2013,40,0.49636,0.49636,,,0,,,,15,12,3022
State,de,2013,41,0.0378215,0.0378215,,,0,,,,1,11,2644
State,de,2013,42,0.758725,0.758725,,,0,,,,20,12,2636
State,de,2013,43,1.43247,1.43247,,,0,,,,42,12,2932
State,de,2013,44,1.11441,1.11441,,,0,,,,30,12,2692
State,de,2013,45,1.22997,1.22997,,,0,,,,33,12,2683
State,de,2013,46,1.28205,1.28205,,,0,,,,35,12,2730
State,de,2013,47,0.840598,0.840598,,,0,,,,27,13,3212
State,de,2013,48,1.12896,1.12896,,,0,,,,26,12,2303
State,de,2013,49,1.29994,1.29994,,,0,,,,41,12,3154
State,de,2013,50,1.08902,1.08902,,,0,,,,23,11,2112
State,de,2013,51,1.78201,1.78201,,,0,,,,43,11,2413
State,de,2013,52,3.23232,3.23232,,,0,,,,32,5,990
State,de,2014,1,1.84014,1.84014,,,0,,,,32,11,1739
State,de,2014,2,2.02367,2.02367,,,0,,,,53,11,2619
State,de,2014,3,2.40964,2.40964,,,0,,,,64,11,2656
State,de,2014,4,3.70828,3.70828,,,0,,,,60,11,1618
State,de,2014,5,2.48214,2.48214,,,0,,,,66,11,2659
State,de,2014,6,2.98507,2.98507,,,0,,,,72,11,2412
State,de,2014,7,2.2707,2.2707,,,0,,,,51,11,2246
State,de,2014,8,1.72612,1.72612,,,0,,,,45,11,2607
State,de,2014,9,1.86263,1.86263,,,0,,,,48,11,2577
State,de,2014,10,1.95587,1.95587,,,0,,,,39,11,1994
State,de,2014,11,1.18017,1.18017,,,0,,,,30,11,2542
State,de,2014,12,1.29005,1.29005,,,0,,,,31,11,2403
State,de,2014,13,1.51104,1.51104,,,0,,,,39,11,2581
State,de,2014,14,1.72552,1.72552,,,0,,,,43,11,2492
State,de,2014,15,1.48209,1.48209,,,0,,,,36,11,2429
State,de,2014,16,0.274977,0.274977,,,0,,,,6,10,2182
State,de,2014,17,0.097229,0.097229,,,0,,,,2,10,2057
State,de,2014,18,0.0514403,0.0514403,,,0,,,,1,9,1944
State,de,2014,19,0.0,0.0,,,0,,,,0,7,1443
State,de,2014,20,0.0,0.0,,,0,,,,0,7,1347
State,de,2014,21,0.0,0.0,,,0,,,,0,7,1474
State,de,2014,22,0.0,0.0,,,0,,,,0,7,1189
State,de,2014,23,0.0675676,0.0675676,,,0,,,,1,7,1480
State,de,2014,24,0.074239,0.074239,,,0,,,,1,7,1347
State,de,2014,25,0.137741,0.137741,,,0,,,,2,7,1452
State,de,2014,26,0.0,0.0,,,0,,,,0,7,1454
State,de,2014,27,0.0,0.0,,,0,,,,0,7,1227
State,de,2014,28,0.0,0.0,,,0,,,,0,7,1557
State,de,2014,29,0.0,0.0,,,0,,,,0,7,1440
State,de,2014,30,0.0,0.0,,,0,,,,0,7,1479
State,de,2014,31,0.0,0.0,,,0,,,,0,7,1806
State,de,2014,32,0.0,0.0,,,0,,,,0,7,1415
State,de,2014,33,0.0,0.0,,,0,,,,0,7,1455
State,de,2014,34,0.0,0.0,,,0,,,,0,7,1391
State,de,2014,35,0.0,0.0,,,0,,,,0,7,1573
State,de,2014,36,0.0,0.0,,,0,,,,0,7,1230
State,de,2014,37,0.134771,0.134771,,,0,,,,2,7,1484
State,de,2014,38,0.0,0.0,,,0,,,,0,7,1608
State,de,2014,39,0.144092,0.144092,,,0,,,,2,6,1388
State,de,2014,40,0.0629723,0.0629723,,,0,,,,1,7,1588
State,de,2014,41,0.113314,0.113314,,,0,,,,2,7,1765
State,de,2014,42,0.0,0.0,,,0,,,,0,7,1677
State,de,2014,43,0.0,0.0,,,0,,,,0,7,1734
State,de,2014,44,0.0538213,0.0538213,,,0,,,,1,7,1858
State,de,2014,45,0.0993542,0.0993542,,,0,,,,2,7,2013
State,de,2014,46,0.0569801,0.0569801,,,0,,,,1,7,1755
State,de,2014,47,0.0557103,0.0557103,,,0,,,,1,7,1795
State,de,2014,48,0.162338,0.162338,,,0,,,,2,7,1232
State,de,2014,49,0.281215,0.281215,,,0,,,,5,7,1778
State,de,2014,50,0.111421,0.111421,,,0,,,,2,7,1795
State,de,2014,51,0.660793,0.660793,,,0,,,,12,7,1816
State,de,2014,52,1.16183,1.16183,,,0,,,,14,7,1205
State,de,2014,53,1.65687,1.65687,,,0,,,,31,9,1871
State,de,2015,1,1.35514,1.35514,,,0,,,,29,9,2140
State,de,2015,2,4.00863,4.00863,,,0,,,,130,13,3243
State,de,2015,3,3.54913,3.54913,,,0,,,,108,13,3043
State,de,2015,4,2.77865,2.77865,,,0,,,,89,12,3203
State,de,2015,5,1.95035,1.95035,,,0,,,,66,12,3384
State,de,2015,6,1.23839,1.23839,,,0,,,,40,12,3230
State,de,2015,7,0.895639,0.895639,,,0,,,,23,12,2568
State,de,2015,8,0.86741,0.86741,,,0,,,,28,12,3228
State,de,2015,9,0.790663,0.790663,,,0,,,,21,11,2656
State,de,2015,10,0.418545,0.418545,,,0,,,,13,12,3106
State,de,2015,11,0.242204,0.242204,,,0,,,,8,12,3303
State,de,2015,12,0.384862,0.384862,,,0,,,,12,12,3118
State,de,2015,13,0.239973,0.239973,,,0,,,,7,12,2917
State,de,2015,14,0.196657,0.196657,,,0,,,,6,12,3051
State,de,2015,15,0.191205,0.191205,,,0,,,,4,9,2092
State,de,2015,16,0.0954198,0.0954198,,,0,,,,2,9,2096
State,de,2015,17,0.0484496,0.0484496,,,0,,,,1,9,2064
State,de,2015,18,0.0462107,0.0462107,,,0,,,,1,9,2164
State,de,2015,19,0.0,0.0,,,0,,,,0,8,1858
State,de,2015,20,0.0,0.0,,,0,,,,0,7,1663
State,de,2015,21,0.0761035,0.0761035,,,0,,,,1,7,1314
State,de,2015,22,0.0,0.0,,,0,,,,0,7,1622
State,de,2015,23,0.068918,0.068918,,,0,,,,1,7,1451
State,de,2015,24,0.0,0.0,,,0,,,,0,7,1525
State,de,2015,25,0.0,0.0,,,0,,,,0,7,1429
State,de,2015,26,0.0,0.0,,,0,,,,0,7,1289
State,de,2015,27,0.0,0.0,,,0,,,,0,7,1509
State,de,2015,28,0.0,0.0,,,0,,,,0,7,1576
State,de,2015,29,0.0,0.0,,,0,,,,0,7,1584
State,de,2015,30,0.0,0.0,,,0,,,,0,7,1612
State,de,2015,31,0.0,0.0,,,0,,,,0,7,1503
State,de,2015,32,0.0,0.0,,,0,,,,0,7,1314
State,de,2015,33,0.0,0.0,,,0,,,,0,7,1584
State,de,2015,34,0.0,0.0,,,0,,,,0,7,1660
State,de,2015,35,0.0,0.0,,,0,,,,0,7,1656
State,de,2015,36,0.0,0.0,,,0,,,,0,7,1247
State,de,2015,37,0.0,0.0,,,0,,,,0,7,1751
State,de,2015,38,0.0602773,0.0602773,,,0,,,,1,7,1659
State,de,2015,39,0.0,0.0,,,0,,,,0,9,2112
State,de,2015,40,0.0994777,0.0994777,,,0,,,,4,16,4021
State,de,2015,41,0.0235738,0.0235738,,,0,,,,1,16,4242
State,de,2015,42,0.0697188,0.0697188,,,0,,,,3,16,4303
State,de,2015,43,0.123885,0.123885,,,0,,,,5,16,4036
State,de,2015,44,0.204918,0.204918,,,0,,,,9,17,4392
State,de,2015,45,0.167866,0.167866,,,0,,,,7,17,4170
State,de,2015,46,0.273496,0.273496,,,0,,,,11,17,4022
State,de,2015,47,0.261292,0.261292,,,0,,,,7,15,2679
State,de,2015,48,0.148588,0.148588,,,0,,,,6,17,4038
State,de,2015,49,0.148331,0.148331,,,0,,,,6,17,4045
State,de,2015,50,0.144265,0.144265,,,0,,,,6,17,4159
State,de,2015,51,0.0,0.0,,,0,,,,0,13,2047
State,de,2015,52,0.202634,0.202634,,,0,,,,4,13,1974
State,de,2016,1,0.266351,0.266351,,,0,,,,9,13,3379
State,de,2016,2,0.214988,0.214988,,,0,,,,7,13,3256
State,de,2016,3,0.0820008,0.0820008,,,0,,,,2,13,2439
State,de,2016,4,0.10101,0.10101,,,0,,,,3,13,2970
State,de,2016,5,0.186625,0.186625,,,0,,,,6,13,3215
State,de,2016,6,0.0978793,0.0978793,,,0,,,,3,13,3065
State,de,2016,7,0.0641643,0.0641643,,,0,,,,2,13,3117
State,de,2016,8,0.658307,0.658307,,,0,,,,21,13,3190
State,de,2016,9,1.03028,1.03028,,,0,,,,33,13,3203
State,de,2016,10,1.73697,1.73697,,,0,,,,56,13,3224
State,de,2016,11,1.35218,1.35218,,,0,,,,44,13,3254
State,de,2016,12,1.53739,1.53739,,,0,,,,44,13,2862
State,de,2016,13,0.867152,0.867152,,,0,,,,25,13,2883
State,de,2016,14,0.747238,0.747238,,,0,,,,23,13,3078
State,de,2016,15,0.280199,0.280199,,,0,,,,9,13,3212
State,de,2016,16,0.30656,0.30656,,,0,,,,10,13,3262
State,de,2016,17,0.570853,0.570853,,,0,,,,17,13,2978
State,de,2016,18,0.336474,0.336474,,,0,,,,10,13,2972
State,de,2016,19,0.163666,0.163666,,,0,,,,5,13,3055
State,de,2016,20,0.112486,0.112486,,,0,,,,3,11,2667
State,de,2016,21,0.0,0.0,,,0,,,,0,12,2939
State,de,2016,22,0.275356,0.275356,,,0,,,,6,12,2179
State,de,2016,23,0.134544,0.134544,,,0,,,,4,12,2973
State,de,2016,24,0.0,0.0,,,0,,,,0,12,2888
State,de,2016,25,0.0,0.0,,,0,,,,0,12,2492
State,de,2016,26,0.0,0.0,,,0,,,,0,12,2763
State,de,2016,27,0.0,0.0,,,0,,,,0,10,1845
State,de,2016,28,0.10803,0.10803,,,0,,,,3,12,2777
State,de,2016,29,0.102951,0.102951,,,0,,,,3,12,2914
State,de,2016,30,0.0,0.0,,,0,,,,0,12,2699
State,de,2016,31,0.0738825,0.0738825,,,0,,,,2,12,2707
State,de,2016,32,0.0747943,0.0747943,,,0,,,,2,12,2674
State,de,2016,33,0.0,0.0,,,0,,,,0,11,2458
State,de,2016,34,0.19861,0.19861,,,0,,,,6,12,3021
State,de,2016,35,0.0363769,0.0363769,,,0,,,,1,12,2749
State,de,2016,36,0.0978474,0.0978474,,,0,,,,2,11,2044
State,de,2016,37,0.215363,0.215363,,,0,,,,6,11,2786
State,de,2016,38,0.0,0.0,,,0,,,,0,11,2917
State,de,2016,39,0.0,0.0,,,0,,,,0,11,2640
State,de,2016,40,0.104858,0.104858,,,0,,,,3,12,2861
State,de,2016,41,0.0687285,0.0687285,,,0,,,,2,12,2910
State,de,2016,42,0.171703,0.171703,,,0,,,,5,13,2912
State,de,2016,43,0.281591,0.281591,,,0,,,,8,13,2841
State,de,2016,44,0.40293,0.40293,,,0,,,,11,13,2730
State,de,2016,45,0.0359324,0.0359324,,,0,,,,1,13,2783
State,de,2016,46,0.138169,0.138169,,,0,,,,4,13,2895
State,de,2016,47,0.0496032,0.0496032,,,0,,,,1,13,2016
State,de,2016,48,0.0350018,0.0350018,,,0,,,,1,13,2857
State,de,2016,49,0.177179,0.177179,,,0,,,,5,13,2822
State,de,2016,50,0.145826,0.145826,,,0,,,,4,13,2743
State,de,2016,51,0.0785855,0.0785855,,,0,,,,2,13,2545
State,de,2016,52,0.106952,0.106952,,,0,,,,2,13,1870
State,de,2017,1,0.185014,0.185014,,,0,,,,4,13,2162
State,de,2017,2,0.633357,0.633357,,,0,,,,18,13,2842
State,de,2017,3,0.406688,0.406688,,,0,,,,9,13,2213
State,de,2017,4,0.356761,0.356761,,,0,,,,10,13,2803
State,de,2017,5,0.726644,0.726644,,,0,,,,21,13,2890
State,de,2017,6,0.638468,0.638468,,,0,,,,16,13,2506
State,de,2017,7,1.28824,1.28824,,,0,,,,40,13,3105
State,de,2017,8,1.14424,1.14424,,,0,,,,33,13,2884
State,de,2017,9,0.596421,0.596421,,,0,,,,18,13,3018
State,de,2017,10,0.790254,0.790254,,,0,,,,24,13,3037
State,de,2017,11,0.526316,0.526316,,,0,,,,13,13,2470
State,de,2017,12,0.336247,0.336247,,,0,,,,10,13,2974
State,de,2017,13,0.570661,0.570661,,,0,,,,17,13,2979
State,de,2017,14,0.464618,0.464618,,,0,,,,13,13,2798
State,de,2017,15,0.520416,0.520416,,,0,,,,13,13,2498
State,de,2017,16,0.222469,0.222469,,,0,,,,6,13,2697
State,de,2017,17,0.0366032,0.0366032,,,0,,,,1,13,2732
State,de,2017,18,0.0703235,0.0703235,,,0,,,,2,13,2844
State,de,2017,19,0.0,0.0,,,0,,,,0,12,2741
State,de,2017,20,0.145349,0.145349,,,0,,,,4,12,2752
State,de,2017,21,0.0738552,0.0738552,,,0,,,,2,12,2708
State,de,2017,22,0.175593,0.175593,,,0,,,,4,12,2278
State,de,2017,23,0.0,0.0,,,0,,,,0,4,747
State,de,2017,24,0.58873,0.58873,,,0,,,,7,6,1189
State,de,2017,25,0.0,0.0,,,0,,,,0,12,2661
State,de,2017,26,0.0,0.0,,,0,,,,0,12,2456
State,de,2017,27,0.0,0.0,,,0,,,,0,12,1878
State,de,2017,28,0.0,0.0,,,0,,,,0,12,2752
State,de,2017,29,0.145402,0.145402,,,0,,,,4,12,2751
State,de,2017,30,0.0,0.0,,,0,,,,0,12,2757
State,de,2017,31,0.0,0.0,,,0,,,,0,12,2667
State,de,2017,32,0.0,0.0,,,0,,,,0,12,2703
State,de,2017,33,0.076864,0.076864,,,0,,,,2,12,2602
State,de,2017,34,0.114329,0.114329,,,0,,,,3,12,2624
State,de,2017,35,0.0,0.0,,,0,,,,0,12,2711
State,de,2017,36,0.0987654,0.0987654,,,0,,,,2,12,2025
State,de,2017,37,0.0,0.0,,,0,,,,0,12,2734
State,de,2017,38,0.0,0.0,,,0,,,,0,12,2946
State,de,2017,39,0.101557,0.101557,,,0,,,,3,12,2954
State,de,2017,40,0.0717875,0.0717875,,,0,,,,2,13,2786
State,de,2017,41,0.0703235,0.0703235,,,0,,,,2,13,2844
State,de,2017,42,0.0327869,0.0327869,,,0,,,,1,13,3050
State,de,2017,43,0.104603,0.104603,,,0,,,,3,13,2868
State,de,2017,44,0.529501,0.529501,,,0,,,,14,13,2644
State,de,2017,45,0.186081,0.186081,,,0,,,,5,13,2687
State,de,2017,46,0.106308,0.106308,,,0,,,,3,13,2822
State,de,2017,47,0.0542299,0.0542299,,,0,,,,1,13,1844
State,de,2017,48,0.182349,0.182349,,,0,,,,5,13,2742
State,de,2017,49,0.189251,0.189251,,,0,,,,5,12,2642
State,de,2017,50,0.267584,0.267584,,,0,,,,7,12,2616
State,de,2017,51,0.503876,0.503876,,,0,,,,13,12,2580
State,de,2017,52,0.278164,0.278164,,,0,,,,4,11,1438
State,ga,2010,40,1.6049,1.6049,,,0,,,,647,62,40314
State,ga,2010,41,1.71307,1.71307,,,0,,,,702,63,40979
State,ga,2010,42,2.01249,2.01249,,,0,,,,793,62,39404
State,ga,2010,43,2.38747,2.38747,,,0,,,,881,60,36901
State,ga,2010,44,2.65614,2.65614,,,0,,,,1033,62,38891
State,ga,2010,45,3.41305,3.41305,,,0,,,,1390,62,40726
State,ga,2010,46,4.55518,4.55518,,,0,,,,1938,62,42545
State,ga,2010,47,5.4632,5.4632,,,0,,,,1801,61,32966
State,ga,2010,48,3.48178,3.48178,,,0,,,,1315,62,37768
State,ga,2010,49,4.48962,4.48962,,,0,,,,1685,62,37531
State,ga,2010,50,6.30401,6.30401,,,0,,,,2254,61,35755
State,ga,2010,51,7.27884,7.27884,,,0,,,,2489,63,34195
State,ga,2010,52,6.06827,6.06827,,,0,,,,2064,60,34013
State,ga,2011,1,4.82214,4.82214,,,0,,,,1723,63,35731
State,ga,2011,2,4.11148,4.11148,,,0,,,,1133,60,27557
State,ga,2011,3,3.52076,3.52076,,,0,,,,1288,64,36583
State,ga,2011,4,4.36671,4.36671,,,0,,,,1629,65,37305
State,ga,2011,5,4.79551,4.79551,,,0,,,,1828,64,38119
State,ga,2011,6,4.87195,4.87195,,,0,,,,1908,63,39163
State,ga,2011,7,4.71214,4.71214,,,0,,,,1835,62,38942
State,ga,2011,8,4.05653,4.05653,,,0,,,,1596,61,39344
State,ga,2011,9,2.82145,2.82145,,,0,,,,1048,61,37144
State,ga,2011,10,2.36845,2.36845,,,0,,,,794,58,33524
State,ga,2011,11,2.15871,2.15871,,,0,,,,775,60,35901
State,ga,2011,12,1.76585,1.76585,,,0,,,,665,55,37659
State,ga,2011,13,1.64046,1.64046,,,0,,,,581,57,35417
State,ga,2011,14,1.52942,1.52942,,,0,,,,549,58,35896
State,ga,2011,15,1.33095,1.33095,,,0,,,,485,58,36440
State,ga,2011,16,1.32493,1.32493,,,0,,,,490,57,36983
State,ga,2011,17,1.35877,1.35877,,,0,,,,468,53,34443
State,ga,2011,18,1.30999,1.30999,,,0,,,,446,52,34046
State,ga,2011,19,1.45429,1.45429,,,0,,,,488,52,33556
State,ga,2011,20,1.57802,1.57802,,,0,,,,491,50,31115
State,ga,2011,21,1.24069,1.24069,,,0,,,,373,50,30064
State,ga,2011,22,1.32078,1.32078,,,0,,,,414,50,31345
State,ga,2011,23,0.965748,0.965748,,,0,,,,300,51,31064
State,ga,2011,24,0.817922,0.817922,,,0,,,,249,52,30443
State,ga,2011,25,0.667853,0.667853,,,0,,,,214,51,32043
State,ga,2011,26,0.607222,0.607222,,,0,,,,168,48,27667
State,ga,2011,27,0.744043,0.744043,,,0,,,,222,48,29837
State,ga,2011,28,0.598637,0.598637,,,0,,,,173,49,28899
State,ga,2011,29,0.513128,0.513128,,,0,,,,154,48,30012
State,ga,2011,30,0.629303,0.629303,,,0,,,,181,43,28762
State,ga,2011,31,0.690295,0.690295,,,0,,,,186,46,26945
State,ga,2011,32,0.807668,0.807668,,,0,,,,241,45,29839
State,ga,2011,33,0.911454,0.911454,,,0,,,,284,45,31159
State,ga,2011,34,1.19306,1.19306,,,0,,,,406,46,34030
State,ga,2011,35,1.1908,1.1908,,,0,,,,389,45,32667
State,ga,2011,36,1.49351,1.49351,,,0,,,,435,42,29126
State,ga,2011,37,1.3952,1.3952,,,0,,,,467,44,33472
State,ga,2011,38,1.30154,1.30154,,,0,,,,453,43,34805
State,ga,2011,39,1.6361,1.6361,,,0,,,,563,43,34411
State,ga,2011,40,1.4885,1.4885,,,0,,,,578,60,38831
State,ga,2011,41,1.47743,1.47743,,,0,,,,559,59,37836
State,ga,2011,42,1.30289,1.30289,,,0,,,,485,58,37225
State,ga,2011,43,1.38503,1.38503,,,0,,,,389,52,28086
State,ga,2011,44,1.62884,1.62884,,,0,,,,577,57,35424
State,ga,2011,45,1.73634,1.73634,,,0,,,,623,56,35880
State,ga,2011,46,1.53357,1.53357,,,0,,,,569,57,37103
State,ga,2011,47,2.12336,2.12336,,,0,,,,599,55,28210
State,ga,2011,48,1.5674,1.5674,,,0,,,,520,53,33176
State,ga,2011,49,1.82293,1.82293,,,0,,,,440,48,24137
State,ga,2011,50,2.33955,2.33955,,,0,,,,553,46,23637
State,ga,2011,51,3.56635,3.56635,,,0,,,,778,46,21815
State,ga,2011,52,3.57518,3.57518,,,0,,,,714,48,19971
State,ga,2012,1,2.44657,2.44657,,,0,,,,609,49,24892
State,ga,2012,2,1.68191,1.68191,,,0,,,,550,54,32701
State,ga,2012,3,1.92474,1.92474,,,0,,,,622,54,32316
State,ga,2012,4,1.8684,1.8684,,,0,,,,642,52,34361
State,ga,2012,5,2.10746,2.10746,,,0,,,,768,55,36442
State,ga,2012,6,2.00977,2.00977,,,0,,,,724,54,36024
State,ga,2012,7,2.06283,2.06283,,,0,,,,740,56,35873
State,ga,2012,8,1.17643,1.17643,,,0,,,,379,53,32216
State,ga,2012,9,2.01304,2.01304,,,0,,,,732,53,36363
State,ga,2012,10,1.92451,1.92451,,,0,,,,696,54,36165
State,ga,2012,11,2.26454,2.26454,,,0,,,,748,52,33031
State,ga,2012,12,1.92018,1.92018,,,0,,,,688,51,35830
State,ga,2012,13,1.80723,1.80723,,,0,,,,642,49,35524
State,ga,2012,14,1.62493,1.62493,,,0,,,,521,48,32063
State,ga,2012,15,1.44511,1.44511,,,0,,,,468,45,32385
State,ga,2012,16,1.37667,1.37667,,,0,,,,468,47,33995
State,ga,2012,17,1.01402,1.01402,,,0,,,,303,46,29881
State,ga,2012,18,0.650388,0.650388,,,0,,,,175,42,26907
State,ga,2012,19,0.685379,0.685379,,,0,,,,189,43,27576
State,ga,2012,20,0.827498,0.827498,,,0,,,,208,41,25136
State,ga,2012,21,1.5661,1.5661,,,0,,,,476,43,30394
State,ga,2012,22,1.6129,1.6129,,,0,,,,496,44,30752
State,ga,2012,23,1.23034,1.23034,,,0,,,,363,41,29504
State,ga,2012,24,1.16573,1.16573,,,0,,,,346,42,29681
State,ga,2012,25,0.879528,0.879528,,,0,,,,261,41,29675
State,ga,2012,26,0.830607,0.830607,,,0,,,,231,39,27811
State,ga,2012,27,0.981229,0.981229,,,0,,,,253,39,25784
State,ga,2012,28,0.820068,0.820068,,,0,,,,221,38,26949
State,ga,2012,29,0.842697,0.842697,,,0,,,,222,37,26344
State,ga,2012,30,0.851801,0.851801,,,0,,,,231,37,27119
State,ga,2012,31,0.777749,0.777749,,,0,,,,210,38,27001
State,ga,2012,32,1.00992,1.00992,,,0,,,,281,37,27824
State,ga,2012,33,1.10938,1.10938,,,0,,,,335,37,30197
State,ga,2012,34,1.4053,1.4053,,,0,,,,483,37,34370
State,ga,2012,35,1.30468,1.30468,,,0,,,,414,36,31732
State,ga,2012,36,0.787488,0.787488,,,0,,,,215,33,27302
State,ga,2012,37,0.83772,0.83772,,,0,,,,226,32,26978
State,ga,2012,38,0.775279,0.775279,,,0,,,,211,32,27216
State,ga,2012,39,0.84413,0.84413,,,0,,,,230,33,27247
State,ga,2012,40,0.95134,0.95134,,,0,,,,261,41,27435
State,ga,2012,41,1.16844,1.16844,,,0,,,,308,41,26360
State,ga,2012,42,1.04194,1.04194,,,0,,,,278,42,26681
State,ga,2012,43,1.24957,1.24957,,,0,,,,364,46,29130
State,ga,2012,44,1.29223,1.29223,,,0,,,,384,47,29716
State,ga,2012,45,1.82259,1.82259,,,0,,,,587,47,32207
State,ga,2012,46,2.44775,2.44775,,,0,,,,787,48,32152
State,ga,2012,47,3.24457,3.24457,,,0,,,,781,48,24071
State,ga,2012,48,3.26126,3.26126,,,0,,,,1086,48,33300
State,ga,2012,49,4.1396,4.1396,,,0,,,,1338,46,32322
State,ga,2012,50,4.74738,4.74738,,,0,,,,1416,46,29827
State,ga,2012,51,5.03625,5.03625,,,0,,,,1320,46,26210
State,ga,2012,52,5.18475,5.18475,,,0,,,,1427,45,27523
State,ga,2013,1,4.14659,4.14659,,,0,,,,783,45,18883
State,ga,2013,2,3.55827,3.55827,,,0,,,,1014,43,28497
State,ga,2013,3,2.92425,2.92425,,,0,,,,818,42,27973
State,ga,2013,4,2.32237,2.32237,,,0,,,,605,43,26051
State,ga,2013,5,2.45549,2.45549,,,0,,,,651,42,26512
State,ga,2013,6,2.495,2.495,,,0,,,,686,43,27495
State,ga,2013,7,2.2694,2.2694,,,0,,,,636,41,28025
State,ga,2013,8,2.4042,2.4042,,,0,,,,660,41,27452
State,ga,2013,9,2.39994,2.39994,,,0,,,,674,42,28084
State,ga,2013,10,2.61697,2.61697,,,0,,,,754,42,28812
State,ga,2013,11,2.1634,2.1634,,,0,,,,729,44,33697
State,ga,2013,12,1.8007,1.8007,,,0,,,,590,41,32765
State,ga,2013,13,1.73544,1.73544,,,0,,,,572,40,32960
State,ga,2013,14,1.40911,1.40911,,,0,,,,480,42,34064
State,ga,2013,15,1.0082,1.0082,,,0,,,,327,42,32434
State,ga,2013,16,0.941882,0.941882,,,0,,,,270,40,28666
State,ga,2013,17,0.631108,0.631108,,,0,,,,175,39,27729
State,ga,2013,18,0.571364,0.571364,,,0,,,,152,37,26603
State,ga,2013,19,0.770743,0.770743,,,0,,,,200,36,25949
State,ga,2013,20,0.612261,0.612261,,,0,,,,158,34,25806
State,ga,2013,21,0.636416,0.636416,,,0,,,,154,34,24198
State,ga,2013,22,0.522969,0.522969,,,0,,,,139,33,26579
State,ga,2013,23,0.388242,0.388242,,,0,,,,98,32,25242
State,ga,2013,24,0.381727,0.381727,,,0,,,,91,28,23839
State,ga,2013,25,0.363967,0.363967,,,0,,,,84,27,23079
State,ga,2013,26,0.283298,0.283298,,,0,,,,70,29,24709
State,ga,2013,27,0.370136,0.370136,,,0,,,,82,27,22154
State,ga,2013,28,0.230965,0.230965,,,0,,,,59,30,25545
State,ga,2013,29,0.224542,0.224542,,,0,,,,57,30,25385
State,ga,2013,30,0.327948,0.327948,,,0,,,,81,29,24699
State,ga,2013,31,0.268397,0.268397,,,0,,,,67,29,24963
State,ga,2013,32,0.307167,0.307167,,,0,,,,81,31,26370
State,ga,2013,33,0.358171,0.358171,,,0,,,,97,29,27082
State,ga,2013,34,0.48257,0.48257,,,0,,,,143,28,29633
State,ga,2013,35,0.481037,0.481037,,,0,,,,147,29,30559
State,ga,2013,36,0.585656,0.585656,,,0,,,,187,32,31930
State,ga,2013,37,0.630374,0.630374,,,0,,,,217,33,34424
State,ga,2013,38,0.702136,0.702136,,,0,,,,239,30,34039
State,ga,2013,39,0.695063,0.695063,,,0,,,,242,31,34817
State,ga,2013,40,1.00692,1.00692,,,0,,,,380,41,37739
State,ga,2013,41,0.971469,0.971469,,,0,,,,333,41,34278
State,ga,2013,42,1.01722,1.01722,,,0,,,,355,40,34899
State,ga,2013,43,1.1974,1.1974,,,0,,,,418,41,34909
State,ga,2013,44,1.44104,1.44104,,,0,,,,512,41,35530
State,ga,2013,45,1.57451,1.57451,,,0,,,,557,41,35376
State,ga,2013,46,1.66375,1.66375,,,0,,,,580,40,34861
State,ga,2013,47,1.99441,1.99441,,,0,,,,742,38,37204
State,ga,2013,48,2.73349,2.73349,,,0,,,,691,39,25279
State,ga,2013,49,2.75498,2.75498,,,0,,,,913,38,33140
State,ga,2013,50,2.71505,2.71505,,,0,,,,868,39,31970
State,ga,2013,51,4.04705,4.04705,,,0,,,,1218,41,30096
State,ga,2013,52,5.37386,5.37386,,,0,,,,1165,40,21679
State,ga,2014,1,3.58021,3.58021,,,0,,,,961,41,26842
State,ga,2014,2,2.28367,2.28367,,,0,,,,735,44,32185
State,ga,2014,3,2.00119,2.00119,,,0,,,,637,42,31831
State,ga,2014,4,1.84772,1.84772,,,0,,,,472,39,25545
State,ga,2014,5,1.8826,1.8826,,,0,,,,457,37,24275
State,ga,2014,6,1.33199,1.33199,,,0,,,,343,36,25751
State,ga,2014,7,1.33795,1.33795,,,0,,,,205,35,15322
State,ga,2014,8,0.829436,0.829436,,,0,,,,188,36,22666
State,ga,2014,9,0.902047,0.902047,,,0,,,,234,36,25941
State,ga,2014,10,0.814624,0.814624,,,0,,,,168,36,20623
State,ga,2014,11,0.629599,0.629599,,,0,,,,160,36,25413
State,ga,2014,12,0.667277,0.667277,,,0,,,,153,34,22929
State,ga,2014,13,0.637701,0.637701,,,0,,,,182,36,28540
State,ga,2014,14,0.583182,0.583182,,,0,,,,167,35,28636
State,ga,2014,15,0.357918,0.357918,,,0,,,,99,32,27660
State,ga,2014,16,0.361294,0.361294,,,0,,,,106,33,29339
State,ga,2014,17,0.481352,0.481352,,,0,,,,143,31,29708
State,ga,2014,18,0.36579,0.36579,,,0,,,,105,32,28705
State,ga,2014,19,0.314309,0.314309,,,0,,,,95,31,30225
State,ga,2014,20,0.306577,0.306577,,,0,,,,88,31,28704
State,ga,2014,21,0.289491,0.289491,,,0,,,,60,29,20726
State,ga,2014,22,0.24099,0.24099,,,0,,,,67,29,27802
State,ga,2014,23,0.244993,0.244993,,,0,,,,57,28,23266
State,ga,2014,24,0.154143,0.154143,,,0,,,,36,27,23355
State,ga,2014,25,0.031736,0.031736,,,0,,,,1,12,3151
State,ga,2014,26,0.0290613,0.0290613,,,0,,,,1,13,3441
State,ga,2014,27,0.0855499,0.0855499,,,0,,,,11,20,12858
State,ga,2014,28,0.0951336,0.0951336,,,0,,,,13,20,13665
State,ga,2014,29,0.142664,0.142664,,,0,,,,19,21,13318
State,ga,2014,30,0.0963891,0.0963891,,,0,,,,13,20,13487
State,ga,2014,31,0.120376,0.120376,,,0,,,,22,23,18276
State,ga,2014,32,0.156311,0.156311,,,0,,,,24,23,15354
State,ga,2014,33,0.17552,0.17552,,,0,,,,34,23,19371
State,ga,2014,34,0.185759,0.185759,,,0,,,,39,24,20995
State,ga,2014,35,0.176866,0.176866,,,0,,,,30,23,16962
State,ga,2014,36,0.19084,0.19084,,,0,,,,34,21,17816
State,ga,2014,37,0.26178,0.26178,,,0,,,,61,23,23302
State,ga,2014,38,0.189054,0.189054,,,0,,,,39,23,20629
State,ga,2014,39,0.220719,0.220719,,,0,,,,47,21,21294
State,ga,2014,40,0.396825,0.396825,,,0,,,,95,34,23940
State,ga,2014,41,0.500595,0.500595,,,0,,,,101,34,20176
State,ga,2014,42,0.535943,0.535943,,,0,,,,155,35,28921
State,ga,2014,43,0.679822,0.679822,,,0,,,,195,36,28684
State,ga,2014,44,0.769458,0.769458,,,0,,,,182,37,23653
State,ga,2014,45,1.26756,1.26756,,,0,,,,296,37,23352
State,ga,2014,46,1.72023,1.72023,,,0,,,,402,35,23369
State,ga,2014,47,2.89243,2.89243,,,0,,,,740,38,25584
State,ga,2014,48,3.97708,3.97708,,,0,,,,590,35,14835
State,ga,2014,49,4.63476,4.63476,,,0,,,,854,36,18426
State,ga,2014,50,5.48925,5.48925,,,0,,,,1297,37,23628
State,ga,2014,51,6.2816,6.2816,,,0,,,,1615,35,25710
State,ga,2014,52,7.81293,7.81293,,,0,,,,1719,35,22002
State,ga,2014,53,2.36888,2.36888,,,0,,,,570,36,24062
State,ga,2015,1,3.11618,3.11618,,,0,,,,762,34,24453
State,ga,2015,2,2.13011,2.13011,,,0,,,,480,33,22534
State,ga,2015,3,2.36744,2.36744,,,0,,,,588,35,24837
State,ga,2015,4,2.21998,2.21998,,,0,,,,551,34,24820
State,ga,2015,5,2.03713,2.03713,,,0,,,,530,32,26017
State,ga,2015,6,1.99984,1.99984,,,0,,,,500,30,25002
State,ga,2015,7,2.78224,2.78224,,,0,,,,675,31,24261
State,ga,2015,8,2.63795,2.63795,,,0,,,,665,31,25209
State,ga,2015,9,2.38229,2.38229,,,0,,,,592,32,24850
State,ga,2015,10,1.97436,1.97436,,,0,,,,422,31,21374
State,ga,2015,11,1.57449,1.57449,,,0,,,,398,31,25278
State,ga,2015,12,1.55379,1.55379,,,0,,,,432,33,27803
State,ga,2015,13,1.42425,1.42425,,,0,,,,367,31,25768
State,ga,2015,14,1.19306,1.19306,,,0,,,,297,32,24894
State,ga,2015,15,0.989638,0.989638,,,0,,,,255,29,25767
State,ga,2015,16,0.714048,0.714048,,,0,,,,129,27,18066
State,ga,2015,17,0.879014,0.879014,,,0,,,,216,30,24573
State,ga,2015,18,1.05381,1.05381,,,0,,,,225,28,21351
State,ga,2015,19,1.23519,1.23519,,,0,,,,293,28,23721
State,ga,2015,20,1.1996,1.1996,,,0,,,,332,27,27676
State,ga,2015,21,1.09596,1.09596,,,0,,,,291,27,26552
State,ga,2015,22,0.867792,0.867792,,,0,,,,217,29,25006
State,ga,2015,23,0.775844,0.775844,,,0,,,,185,26,23845
State,ga,2015,24,0.548729,0.548729,,,0,,,,117,27,21322
State,ga,2015,25,0.624879,0.624879,,,0,,,,129,26,20644
State,ga,2015,26,0.674737,0.674737,,,0,,,,136,27,20156
State,ga,2015,27,0.602795,0.602795,,,0,,,,132,26,21898
State,ga,2015,28,0.51291,0.51291,,,0,,,,117,27,22811
State,ga,2015,29,0.489649,0.489649,,,0,,,,114,27,23282
State,ga,2015,30,0.504657,0.504657,,,0,,,,136,26,26949
State,ga,2015,31,0.440072,0.440072,,,0,,,,119,27,27041
State,ga,2015,32,0.682938,0.682938,,,0,,,,183,26,26796
State,ga,2015,33,0.800827,0.800827,,,0,,,,248,28,30968
State,ga,2015,34,0.940312,0.940312,,,0,,,,302,28,32117
State,ga,2015,35,1.09347,1.09347,,,0,,,,321,27,29356
State,ga,2015,36,1.27579,1.27579,,,0,,,,371,27,29080
State,ga,2015,37,1.04745,1.04745,,,0,,,,334,28,31887
State,ga,2015,38,1.17176,1.17176,,,0,,,,357,25,30467
State,ga,2015,39,1.40799,1.40799,,,0,,,,431,27,30611
State,ga,2015,40,1.4234,1.4234,,,0,,,,385,30,27048
State,ga,2015,41,1.17165,1.17165,,,0,,,,360,30,30726
State,ga,2015,42,1.03207,1.03207,,,0,,,,318,31,30812
State,ga,2015,43,0.847821,0.847821,,,0,,,,257,30,30313
State,ga,2015,44,1.07349,1.07349,,,0,,,,370,31,34467
State,ga,2015,45,1.01664,1.01664,,,0,,,,344,31,33837
State,ga,2015,46,1.25685,1.25685,,,0,,,,431,31,34292
State,ga,2015,47,1.55757,1.55757,,,0,,,,326,31,20930
State,ga,2015,48,1.11751,1.11751,,,0,,,,367,30,32841
State,ga,2015,49,1.29957,1.29957,,,0,,,,406,29,31241
State,ga,2015,50,2.13077,2.13077,,,0,,,,729,30,34213
State,ga,2015,51,2.6336,2.6336,,,0,,,,756,29,28706
State,ga,2015,52,1.97743,1.97743,,,0,,,,687,31,34742
State,ga,2016,1,1.56396,1.56396,,,0,,,,587,33,37533
State,ga,2016,2,1.53293,1.53293,,,0,,,,537,34,35031
State,ga,2016,3,1.71299,1.71299,,,0,,,,625,32,36486
State,ga,2016,4,1.83451,1.83451,,,0,,,,623,31,33960
State,ga,2016,5,1.81663,1.81663,,,0,,,,682,33,37542
State,ga,2016,6,1.83585,1.83585,,,0,,,,716,33,39001
State,ga,2016,7,2.34201,2.34201,,,0,,,,928,33,39624
State,ga,2016,8,2.60638,2.60638,,,0,,,,1045,33,40094
State,ga,2016,9,2.84092,2.84092,,,0,,,,1141,33,40163
State,ga,2016,10,3.45765,3.45765,,,0,,,,1323,31,38263
State,ga,2016,11,2.5205,2.5205,,,0,,,,993,32,39397
State,ga,2016,12,2.90096,2.90096,,,0,,,,1101,32,37953
State,ga,2016,13,2.75244,2.75244,,,0,,,,1068,29,38802
State,ga,2016,14,2.3326,2.3326,,,0,,,,873,30,37426
State,ga,2016,15,2.13829,2.13829,,,0,,,,770,30,36010
State,ga,2016,16,1.97509,1.97509,,,0,,,,498,29,25214
State,ga,2016,17,1.79856,1.79856,,,0,,,,685,29,38086
State,ga,2016,18,1.87671,1.87671,,,0,,,,646,28,34422
State,ga,2016,19,1.85383,1.85383,,,0,,,,642,26,34631
State,ga,2016,20,1.97988,1.97988,,,0,,,,669,28,33790
State,ga,2016,21,1.89808,1.89808,,,0,,,,628,28,33086
State,ga,2016,22,1.66647,1.66647,,,0,,,,556,29,33364
State,ga,2016,23,1.29727,1.29727,,,0,,,,448,29,34534
State,ga,2016,24,1.23513,1.23513,,,0,,,,436,29,35300
State,ga,2016,25,0.96729,0.96729,,,0,,,,338,28,34943
State,ga,2016,26,1.01903,1.01903,,,0,,,,340,28,33365
State,ga,2016,27,1.22971,1.22971,,,0,,,,369,29,30007
State,ga,2016,28,0.963755,0.963755,,,0,,,,301,25,31232
State,ga,2016,29,0.874626,0.874626,,,0,,,,269,25,30756
State,ga,2016,30,0.828904,0.828904,,,0,,,,276,28,33297
State,ga,2016,31,0.880213,0.880213,,,0,,,,271,27,30788
State,ga,2016,32,1.3136,1.3136,,,0,,,,419,28,31897
State,ga,2016,33,1.6916,1.6916,,,0,,,,580,29,34287
State,ga,2016,34,1.92092,1.92092,,,0,,,,668,28,34775
State,ga,2016,35,1.92631,1.92631,,,0,,,,618,28,32082
State,ga,2016,36,1.74169,1.74169,,,0,,,,597,29,34277
State,ga,2016,37,1.58746,1.58746,,,0,,,,638,30,40190
State,ga,2016,38,1.74381,1.74381,,,0,,,,709,30,40658
State,ga,2016,39,1.70655,1.70655,,,0,,,,649,30,38030
State,ga,2016,40,1.2897,1.2897,,,0,,,,917,54,71102
State,ga,2016,41,2.0006,2.0006,,,0,,,,1065,55,53234
State,ga,2016,42,1.96075,1.96075,,,0,,,,1114,55,56815
State,ga,2016,43,2.0084,2.0084,,,0,,,,1105,55,55019
State,ga,2016,44,2.36802,2.36802,,,0,,,,1334,55,56334
State,ga,2016,45,2.59163,2.59163,,,0,,,,1434,56,55332
State,ga,2016,46,2.56566,2.56566,,,0,,,,1440,56,56126
State,ga,2016,47,3.05187,3.05187,,,0,,,,1505,56,49314
State,ga,2016,48,2.68346,2.68346,,,0,,,,1538,56,57314
State,ga,2016,49,2.82757,2.82757,,,0,,,,1486,53,52554
State,ga,2016,50,3.15559,3.15559,,,0,,,,1544,55,48929
State,ga,2016,51,4.19486,4.19486,,,0,,,,1928,55,45961
State,ga,2016,52,4.48964,4.48964,,,0,,,,2084,54,46418
State,ga,2017,1,3.69019,3.69019,,,0,,,,1982,57,53710
State,ga,2017,2,3.39153,3.39153,,,0,,,,1923,58,56700
State,ga,2017,3,4.21453,4.21453,,,0,,,,2374,56,56329
State,ga,2017,4,4.17872,4.17872,,,0,,,,2370,58,56716
State,ga,2017,5,4.72879,4.72879,,,0,,,,2666,58,56378
State,ga,2017,6,5.08384,5.08384,,,0,,,,3038,58,59758
State,ga,2017,7,6.15154,6.15154,,,0,,,,3284,55,53385
State,ga,2017,8,5.99941,5.99941,,,0,,,,3464,58,57739
State,ga,2017,9,4.57355,4.57355,,,0,,,,2479,55,54203
State,ga,2017,10,4.4781,4.4781,,,0,,,,2487,57,55537
State,ga,2017,11,4.72268,4.72268,,,0,,,,2683,56,56811
State,ga,2017,12,5.21483,5.21483,,,0,,,,3146,54,60328
State,ga,2017,13,4.19851,4.19851,,,0,,,,2505,55,59664
State,ga,2017,14,2.9016,2.9016,,,0,,,,1503,54,51799
State,ga,2017,15,2.29336,2.29336,,,0,,,,1147,51,50014
State,ga,2017,16,1.98045,1.98045,,,0,,,,1027,53,51857
State,ga,2017,17,1.68891,1.68891,,,0,,,,905,51,53585
State,ga,2017,18,1.74979,1.74979,,,0,,,,929,53,53092
State,ga,2017,19,1.68077,1.68077,,,0,,,,862,52,51286
State,ga,2017,20,1.57397,1.57397,,,0,,,,804,53,51081
State,ga,2017,21,1.61768,1.61768,,,0,,,,749,52,46301
State,ga,2017,22,1.24511,1.24511,,,0,,,,608,51,48831
State,ga,2017,23,1.09005,1.09005,,,0,,,,547,53,50181
State,ga,2017,24,1.10279,1.10279,,,0,,,,554,52,50236
State,ga,2017,25,0.946014,0.946014,,,0,,,,467,50,49365
State,ga,2017,26,0.941247,0.941247,,,0,,,,438,50,46534
State,ga,2017,27,1.04752,1.04752,,,0,,,,470,48,44868
State,ga,2017,28,0.846628,0.846628,,,0,,,,398,48,47010
State,ga,2017,29,0.776035,0.776035,,,0,,,,322,47,41493
State,ga,2017,30,0.84384,0.84384,,,0,,,,344,48,40766
State,ga,2017,31,0.857914,0.857914,,,0,,,,372,47,43361
State,ga,2017,32,1.10991,1.10991,,,0,,,,484,49,43607
State,ga,2017,33,1.42033,1.42033,,,0,,,,687,48,48369
State,ga,2017,34,1.51422,1.51422,,,0,,,,767,49,50653
State,ga,2017,35,1.59246,1.59246,,,0,,,,809,49,50802
State,ga,2017,36,1.64075,1.64075,,,0,,,,822,49,50099
State,ga,2017,37,1.69466,1.69466,,,0,,,,784,50,46263
State,ga,2017,38,1.58464,1.58464,,,0,,,,794,49,50106
State,ga,2017,39,1.75021,1.75021,,,0,,,,882,49,50394
State,ga,2017,40,1.83233,1.83233,,,0,,,,850,48,46389
State,ga,2017,41,2.01788,2.01788,,,0,,,,982,50,48665
State,ga,2017,42,2.10223,2.10223,,,0,,,,1022,51,48615
State,ga,2017,43,2.36327,2.36327,,,0,,,,1165,51,49296
State,ga,2017,44,2.57306,2.57306,,,0,,,,1208,51,46948
State,ga,2017,45,3.09381,3.09381,,,0,,,,1466,50,47385
State,ga,2017,46,3.18277,3.18277,,,0,,,,1541,51,48417
State,ga,2017,47,3.69435,3.69435,,,0,,,,1624,49,43959
State,ga,2017,48,3.33017,3.33017,,,0,,,,1650,48,49547
State,ga,2017,49,3.46198,3.46198,,,0,,,,1568,49,45292
State,ga,2017,50,3.59846,3.59846,,,0,,,,1683,49,46770
State,ga,2017,51,4.67296,4.67296,,,0,,,,2199,50,47058
State,ga,2017,52,5.56055,5.56055,,,0,,,,2412,50,43377
State,hi,2010,40,1.02934,1.02934,,,0,,,,20,18,1943
State,hi,2010,41,1.75246,1.75246,,,0,,,,32,19,1826
State,hi,2010,42,0.755124,0.755124,,,0,,,,14,19,1854
State,hi,2010,43,1.57434,1.57434,,,0,,,,27,18,1715
State,hi,2010,44,1.77398,1.77398,,,0,,,,27,18,1522
State,hi,2010,45,1.17429,1.17429,,,0,,,,19,18,1618
State,hi,2010,46,1.31204,1.31204,,,0,,,,23,18,1753
State,hi,2010,47,1.57422,1.57422,,,0,,,,128,18,8131
State,hi,2010,48,1.96305,1.96305,,,0,,,,34,18,1732
State,hi,2010,49,2.42215,2.42215,,,0,,,,42,18,1734
State,hi,2010,50,2.51225,2.51225,,,0,,,,41,17,1632
State,hi,2010,51,2.21704,2.21704,,,0,,,,19,17,857
State,hi,2010,52,3.34378,3.34378,,,0,,,,32,17,957
State,hi,2011,1,2.44275,2.44275,,,0,,,,48,18,1965
State,hi,2011,2,2.01871,2.01871,,,0,,,,41,19,2031
State,hi,2011,3,3.2167,3.2167,,,0,,,,57,18,1772
State,hi,2011,4,3.9489,3.9489,,,0,,,,68,17,1722
State,hi,2011,5,3.73887,3.73887,,,0,,,,63,17,1685
State,hi,2011,6,4.71753,4.71753,,,0,,,,81,17,1717
State,hi,2011,7,5.72271,5.72271,,,0,,,,97,16,1695
State,hi,2011,8,5.54855,5.54855,,,0,,,,88,17,1586
State,hi,2011,9,5.25433,5.25433,,,0,,,,94,17,1789
State,hi,2011,10,5.17388,5.17388,,,0,,,,61,15,1179
State,hi,2011,11,4.2368,4.2368,,,0,,,,73,16,1723
State,hi,2011,12,1.97368,1.97368,,,0,,,,24,16,1216
State,hi,2011,13,2.75953,2.75953,,,0,,,,42,15,1522
State,hi,2011,14,2.79948,2.79948,,,0,,,,43,15,1536
State,hi,2011,15,1.85053,1.85053,,,0,,,,26,15,1405
State,hi,2011,16,2.55447,2.55447,,,0,,,,34,15,1331
State,hi,2011,17,1.77134,1.77134,,,0,,,,22,14,1242
State,hi,2011,18,0.603774,0.603774,,,0,,,,8,14,1325
State,hi,2011,19,1.41176,1.41176,,,0,,,,18,14,1275
State,hi,2011,20,1.40741,1.40741,,,0,,,,19,15,1350
State,hi,2011,21,1.86625,1.86625,,,0,,,,24,15,1286
State,hi,2011,22,1.13754,1.13754,,,0,,,,11,15,967
State,hi,2011,23,1.2334,1.2334,,,0,,,,13,15,1054
State,hi,2011,24,0.756534,0.756534,,,0,,,,11,16,1454
State,hi,2011,25,1.1612,1.1612,,,0,,,,17,16,1464
State,hi,2011,26,1.57618,1.57618,,,0,,,,18,15,1142
State,hi,2011,27,2.35097,2.35097,,,0,,,,28,15,1191
State,hi,2011,28,1.63205,1.63205,,,0,,,,22,15,1348
State,hi,2011,29,1.12755,1.12755,,,0,,,,16,16,1419
State,hi,2011,30,1.51976,1.51976,,,0,,,,20,15,1316
State,hi,2011,31,0.143062,0.143062,,,0,,,,2,14,1398
State,hi,2011,32,0.468933,0.468933,,,0,,,,8,15,1706
State,hi,2011,33,0.736842,0.736842,,,0,,,,7,14,950
State,hi,2011,34,0.97032,0.97032,,,0,,,,17,15,1752
State,hi,2011,35,0.643317,0.643317,,,0,,,,9,15,1399
State,hi,2011,36,0.887574,0.887574,,,0,,,,12,16,1352
State,hi,2011,37,1.28552,1.28552,,,0,,,,19,15,1478
State,hi,2011,38,0.815217,0.815217,,,0,,,,12,15,1472
State,hi,2011,39,0.914962,0.914962,,,0,,,,17,17,1858
State,hi,2011,40,0.726625,0.726625,,,0,,,,106,21,14588
State,hi,2011,41,0.466828,0.466828,,,0,,,,104,23,22278
State,hi,2011,42,0.737279,0.737279,,,0,,,,112,24,15191
State,hi,2011,43,0.830454,0.830454,,,0,,,,125,24,15052
State,hi,2011,44,1.00836,1.00836,,,0,,,,146,23,14479
State,hi,2011,45,0.955864,0.955864,,,0,,,,115,23,12031
State,hi,2011,46,0.910101,0.910101,,,0,,,,131,22,14394
State,hi,2011,47,0.95725,0.95725,,,0,,,,88,23,9193
State,hi,2011,48,0.931267,0.931267,,,0,,,,134,22,14389
State,hi,2011,49,0.889587,0.889587,,,0,,,,119,22,13377
State,hi,2011,50,0.946826,0.946826,,,0,,,,125,23,13202
State,hi,2011,51,0.854254,0.854254,,,0,,,,98,23,11472
State,hi,2011,52,1.08755,1.08755,,,0,,,,100,21,9195
State,hi,2012,1,1.14798,1.14798,,,0,,,,128,22,11150
State,hi,2012,2,0.893751,0.893751,,,0,,,,125,23,13986
State,hi,2012,3,1.27564,1.27564,,,0,,,,148,22,11602
State,hi,2012,4,1.01896,1.01896,,,0,,,,144,22,14132
State,hi,2012,5,1.10465,1.10465,,,0,,,,150,22,13579
State,hi,2012,6,0.926658,0.926658,,,0,,,,129,23,13921
State,hi,2012,7,1.09158,1.09158,,,0,,,,154,23,14108
State,hi,2012,8,1.06421,1.06421,,,0,,,,119,22,11182
State,hi,2012,9,1.2074,1.2074,,,0,,,,169,24,13997
State,hi,2012,10,1.27213,1.27213,,,0,,,,171,24,13442
State,hi,2012,11,1.57938,1.57938,,,0,,,,212,24,13423
State,hi,2012,12,2.30525,2.30525,,,0,,,,319,24,13838
State,hi,2012,13,2.89528,2.89528,,,0,,,,334,24,11536
State,hi,2012,14,2.75811,2.75811,,,0,,,,370,23,13415
State,hi,2012,15,2.88608,2.88608,,,0,,,,57,21,1975
State,hi,2012,16,2.90607,2.90607,,,0,,,,56,20,1927
State,hi,2012,17,2.50523,2.50523,,,0,,,,347,22,13851
State,hi,2012,18,2.54814,2.54814,,,0,,,,352,23,13814
State,hi,2012,19,2.738,2.738,,,0,,,,369,22,13477
State,hi,2012,20,2.67055,2.67055,,,0,,,,348,22,13031
State,hi,2012,21,2.70538,2.70538,,,0,,,,355,21,13122
State,hi,2012,22,2.81913,2.81913,,,0,,,,303,20,10748
State,hi,2012,23,1.87505,1.87505,,,0,,,,241,21,12853
State,hi,2012,24,1.70995,1.70995,,,0,,,,185,21,10819
State,hi,2012,25,1.39322,1.39322,,,0,,,,183,22,13135
State,hi,2012,26,1.21387,1.21387,,,0,,,,160,22,13181
State,hi,2012,27,1.45957,1.45957,,,0,,,,150,21,10277
State,hi,2012,28,0.936373,0.936373,,,0,,,,122,21,13029
State,hi,2012,29,1.23042,1.23042,,,0,,,,161,20,13085
State,hi,2012,30,1.58856,1.58856,,,0,,,,200,21,12590
State,hi,2012,31,1.76282,1.76282,,,0,,,,231,21,13104
State,hi,2012,32,1.80966,1.80966,,,0,,,,251,21,13870
State,hi,2012,33,1.74881,1.74881,,,0,,,,209,20,11951
State,hi,2012,34,1.7048,1.7048,,,0,,,,228,20,13374
State,hi,2012,35,1.53789,1.53789,,,0,,,,208,20,13525
State,hi,2012,36,1.53008,1.53008,,,0,,,,160,19,10457
State,hi,2012,37,1.23419,1.23419,,,0,,,,161,20,13045
State,hi,2012,38,1.26986,1.26986,,,0,,,,171,19,13466
State,hi,2012,39,1.34981,1.34981,,,0,,,,177,18,13113
State,hi,2012,40,1.40314,1.40314,,,0,,,,201,18,14325
State,hi,2012,41,1.44613,1.44613,,,0,,,,173,19,11963
State,hi,2012,42,1.24869,1.24869,,,0,,,,179,20,14335
State,hi,2012,43,1.40326,1.40326,,,0,,,,198,20,14110
State,hi,2012,44,1.25823,1.25823,,,0,,,,170,20,13511
State,hi,2012,45,1.3894,1.3894,,,0,,,,190,21,13675
State,hi,2012,46,1.48123,1.48123,,,0,,,,174,21,11747
State,hi,2012,47,1.96122,1.96122,,,0,,,,178,19,9076
State,hi,2012,48,1.37343,1.37343,,,0,,,,190,18,13834
State,hi,2012,49,1.59971,1.59971,,,0,,,,221,20,13815
State,hi,2012,50,1.86986,1.86986,,,0,,,,248,20,13263
State,hi,2012,51,1.87202,1.87202,,,0,,,,232,18,12393
State,hi,2012,52,1.63839,1.63839,,,0,,,,140,16,8545
State,hi,2013,1,2.52944,2.52944,,,0,,,,247,18,9765
State,hi,2013,2,2.8331,2.8331,,,0,,,,367,19,12954
State,hi,2013,3,3.35174,3.35174,,,0,,,,510,20,15216
State,hi,2013,4,4.84493,4.84493,,,0,,,,603,19,12446
State,hi,2013,5,3.77211,3.77211,,,0,,,,531,17,14077
State,hi,2013,6,4.02789,4.02789,,,0,,,,52,15,1291
State,hi,2013,7,3.20233,3.20233,,,0,,,,44,16,1374
State,hi,2013,8,3.14626,3.14626,,,0,,,,37,15,1176
State,hi,2013,9,4.05101,4.05101,,,0,,,,54,15,1333
State,hi,2013,10,4.51183,4.51183,,,0,,,,61,15,1352
State,hi,2013,11,3.08503,3.08503,,,0,,,,41,15,1329
State,hi,2013,12,3.17965,3.17965,,,0,,,,40,14,1258
State,hi,2013,13,2.45536,2.45536,,,0,,,,22,15,896
State,hi,2013,14,1.95695,1.95695,,,0,,,,20,14,1022
State,hi,2013,15,3.45588,3.45588,,,0,,,,47,15,1360
State,hi,2013,16,2.45098,2.45098,,,0,,,,30,14,1224
State,hi,2013,17,3.50584,3.50584,,,0,,,,42,14,1198
State,hi,2013,18,2.866,2.866,,,0,,,,37,15,1291
State,hi,2013,19,3.93836,3.93836,,,0,,,,46,14,1168
State,hi,2013,20,3.79464,3.79464,,,0,,,,34,12,896
State,hi,2013,21,1.51844,1.51844,,,0,,,,14,12,922
State,hi,2013,22,2.56696,2.56696,,,0,,,,23,12,896
State,hi,2013,23,2.24949,2.24949,,,0,,,,22,12,978
State,hi,2013,24,3.41297,3.41297,,,0,,,,30,12,879
State,hi,2013,25,1.40187,1.40187,,,0,,,,15,14,1070
State,hi,2013,26,1.40977,1.40977,,,0,,,,15,13,1064
State,hi,2013,27,0.753498,0.753498,,,0,,,,7,13,929
State,hi,2013,28,0.551181,0.551181,,,0,,,,7,13,1270
State,hi,2013,29,0.508906,0.508906,,,0,,,,6,12,1179
State,hi,2013,30,0.567721,0.567721,,,0,,,,7,13,1233
State,hi,2013,31,0.587248,0.587248,,,0,,,,7,13,1192
State,hi,2013,32,0.160128,0.160128,,,0,,,,2,12,1249
State,hi,2013,33,0.613497,0.613497,,,0,,,,8,12,1304
State,hi,2013,34,0.527357,0.527357,,,0,,,,8,11,1517
State,hi,2013,35,1.33983,1.33983,,,0,,,,11,11,821
State,hi,2013,36,1.427,1.427,,,0,,,,13,11,911
State,hi,2013,37,1.61663,1.61663,,,0,,,,21,13,1299
State,hi,2013,38,1.37195,1.37195,,,0,,,,18,13,1312
State,hi,2013,39,1.77353,1.77353,,,0,,,,26,15,1466
State,hi,2013,40,1.25261,1.25261,,,0,,,,18,16,1437
State,hi,2013,41,1.98556,1.98556,,,0,,,,33,17,1662
State,hi,2013,42,1.98925,1.98925,,,0,,,,37,18,1860
State,hi,2013,43,1.95767,1.95767,,,0,,,,37,19,1890
State,hi,2013,44,2.10403,2.10403,,,0,,,,36,18,1711
State,hi,2013,45,2.20936,2.20936,,,0,,,,42,18,1901
State,hi,2013,46,2.1264,2.1264,,,0,,,,36,19,1693
State,hi,2013,47,2.53583,2.53583,,,0,,,,46,19,1814
State,hi,2013,48,1.74064,1.74064,,,0,,,,20,17,1149
State,hi,2013,49,2.10035,2.10035,,,0,,,,36,18,1714
State,hi,2013,50,2.86248,2.86248,,,0,,,,46,17,1607
State,hi,2013,51,3.265,3.265,,,0,,,,43,16,1317
State,hi,2013,52,2.06044,2.06044,,,0,,,,15,15,728
State,hi,2014,1,2.95858,2.95858,,,0,,,,25,15,845
State,hi,2014,2,3.61589,3.61589,,,0,,,,61,16,1687
State,hi,2014,3,3.38421,3.38421,,,0,,,,51,17,1507
State,hi,2014,4,5.30303,5.30303,,,0,,,,70,16,1320
State,hi,2014,5,4.99376,4.99376,,,0,,,,80,16,1602
State,hi,2014,6,5.58968,5.58968,,,0,,,,91,17,1628
State,hi,2014,7,5.77617,5.77617,,,0,,,,96,16,1662
State,hi,2014,8,8.10466,8.10466,,,0,,,,127,16,1567
State,hi,2014,9,6.84524,6.84524,,,0,,,,115,15,1680
State,hi,2014,10,6.30225,6.30225,,,0,,,,98,14,1555
State,hi,2014,11,4.625,4.625,,,0,,,,74,15,1600
State,hi,2014,12,2.62123,2.62123,,,0,,,,40,15,1526
State,hi,2014,13,3.03721,3.03721,,,0,,,,40,15,1317
State,hi,2014,14,3.0303,3.0303,,,0,,,,37,14,1221
State,hi,2014,15,2.15783,2.15783,,,0,,,,35,14,1622
State,hi,2014,16,3.24977,3.24977,,,0,,,,35,14,1077
State,hi,2014,17,2.49844,2.49844,,,0,,,,40,15,1601
State,hi,2014,18,1.78462,1.78462,,,0,,,,29,15,1625
State,hi,2014,19,1.81932,1.81932,,,0,,,,29,15,1594
State,hi,2014,20,2.41477,2.41477,,,0,,,,34,15,1408
State,hi,2014,21,3.3213,3.3213,,,0,,,,46,15,1385
State,hi,2014,22,2.83286,2.83286,,,0,,,,40,15,1412
State,hi,2014,23,1.30971,1.30971,,,0,,,,17,13,1298
State,hi,2014,24,2.92154,2.92154,,,0,,,,35,14,1198
State,hi,2014,25,1.61638,1.61638,,,0,,,,15,14,928
State,hi,2014,26,2.82609,2.82609,,,0,,,,39,14,1380
State,hi,2014,27,1.67286,1.67286,,,0,,,,18,14,1076
State,hi,2014,28,1.68577,1.68577,,,0,,,,25,15,1483
State,hi,2014,29,1.61064,1.61064,,,0,,,,23,15,1428
State,hi,2014,30,1.7673,1.7673,,,0,,,,24,14,1358
State,hi,2014,31,1.03774,1.03774,,,0,,,,11,12,1060
State,hi,2014,32,1.07875,1.07875,,,0,,,,10,13,927
State,hi,2014,33,1.41176,1.41176,,,0,,,,18,13,1275
State,hi,2014,34,0.566251,0.566251,,,0,,,,10,12,1766
State,hi,2014,35,1.32626,1.32626,,,0,,,,15,12,1131
State,hi,2014,36,2.32198,2.32198,,,0,,,,30,13,1292
State,hi,2014,37,2.53502,2.53502,,,0,,,,38,13,1499
State,hi,2014,38,3.02419,3.02419,,,0,,,,45,13,1488
State,hi,2014,39,1.9385,1.9385,,,0,,,,29,12,1496
State,hi,2014,40,4.81841,4.81841,,,0,,,,134,20,2781
State,hi,2014,41,4.95225,4.95225,,,0,,,,140,20,2827
State,hi,2014,42,4.42924,4.42924,,,0,,,,123,20,2777
State,hi,2014,43,4.43332,4.43332,,,0,,,,124,20,2797
State,hi,2014,44,4.48448,4.48448,,,0,,,,117,20,2609
State,hi,2014,45,5.23318,5.23318,,,0,,,,147,20,2809
State,hi,2014,46,5.19622,5.19622,,,0,,,,143,20,2752
State,hi,2014,47,3.79275,3.79275,,,0,,,,112,21,2953
State,hi,2014,48,3.86473,3.86473,,,0,,,,96,20,2484
State,hi,2014,49,4.66793,4.66793,,,0,,,,123,20,2635
State,hi,2014,50,4.77601,4.77601,,,0,,,,129,21,2701
State,hi,2014,51,6.84982,6.84982,,,0,,,,187,21,2730
State,hi,2014,52,10.3704,10.3704,,,0,,,,210,21,2025
State,hi,2014,53,13.8313,13.8313,,,0,,,,287,20,2075
State,hi,2015,1,11.99,11.99,,,0,,,,335,19,2794
State,hi,2015,2,16.1445,16.1445,,,0,,,,438,18,2713
State,hi,2015,3,15.7855,15.7855,,,0,,,,415,19,2629
State,hi,2015,4,15.5854,15.5854,,,0,,,,418,20,2682
State,hi,2015,5,13.8272,13.8272,,,0,,,,392,19,2835
State,hi,2015,6,11.6471,11.6471,,,0,,,,367,20,3151
State,hi,2015,7,10.6383,10.6383,,,0,,,,280,19,2632
State,hi,2015,8,8.05215,8.05215,,,0,,,,210,17,2608
State,hi,2015,9,8.73866,8.73866,,,0,,,,212,17,2426
State,hi,2015,10,8.16012,8.16012,,,0,,,,212,17,2598
State,hi,2015,11,4.90196,4.90196,,,0,,,,115,16,2346
State,hi,2015,12,6.49029,6.49029,,,0,,,,157,18,2419
State,hi,2015,13,6.16184,6.16184,,,0,,,,166,18,2694
State,hi,2015,14,6.63667,6.63667,,,0,,,,177,17,2667
State,hi,2015,15,6.00693,6.00693,,,0,,,,156,18,2597
State,hi,2015,16,4.33333,4.33333,,,0,,,,104,16,2400
State,hi,2015,17,4.70639,4.70639,,,0,,,,109,14,2316
State,hi,2015,18,5.75365,5.75365,,,0,,,,142,15,2468
State,hi,2015,19,5.51905,5.51905,,,0,,,,126,15,2283
State,hi,2015,20,5.65386,5.65386,,,0,,,,131,16,2317
State,hi,2015,21,5.62566,5.62566,,,0,,,,107,15,1902
State,hi,2015,22,4.81513,4.81513,,,0,,,,112,15,2326
State,hi,2015,23,1.17139,1.17139,,,0,,,,19,15,1622
State,hi,2015,24,0.992282,0.992282,,,0,,,,18,16,1814
State,hi,2015,25,0.7922,0.7922,,,0,,,,13,15,1641
State,hi,2015,26,1.45128,1.45128,,,0,,,,21,15,1447
State,hi,2015,27,1.00711,1.00711,,,0,,,,17,15,1688
State,hi,2015,28,0.931099,0.931099,,,0,,,,15,15,1611
State,hi,2015,29,1.30516,1.30516,,,0,,,,21,14,1609
State,hi,2015,30,0.624025,0.624025,,,0,,,,8,13,1282
State,hi,2015,31,1.35811,1.35811,,,0,,,,19,13,1399
State,hi,2015,32,0.573248,0.573248,,,0,,,,9,13,1570
State,hi,2015,33,0.676133,0.676133,,,0,,,,10,13,1479
State,hi,2015,34,1.14141,1.14141,,,0,,,,18,13,1577
State,hi,2015,35,1.13208,1.13208,,,0,,,,12,11,1060
State,hi,2015,36,2.0979,2.0979,,,0,,,,36,14,1716
State,hi,2015,37,2.0552,2.0552,,,0,,,,35,14,1703
State,hi,2015,38,2.17267,2.17267,,,0,,,,38,14,1749
State,hi,2015,39,1.89255,1.89255,,,0,,,,31,14,1638
State,hi,2015,40,2.33303,2.33303,,,0,,,,51,20,2186
State,hi,2015,41,1.79028,1.79028,,,0,,,,35,20,1955
State,hi,2015,42,1.30685,1.30685,,,0,,,,25,19,1913
State,hi,2015,43,1.5625,1.5625,,,0,,,,28,18,1792
State,hi,2015,44,2.18274,2.18274,,,0,,,,43,19,1970
State,hi,2015,45,1.69851,1.69851,,,0,,,,32,20,1884
State,hi,2015,46,1.47727,1.47727,,,0,,,,26,18,1760
State,hi,2015,47,2.48344,2.48344,,,0,,,,30,16,1208
State,hi,2015,48,2.1764,2.1764,,,0,,,,38,15,1746
State,hi,2015,49,1.8315,1.8315,,,0,,,,30,15,1638
State,hi,2015,50,2.04221,2.04221,,,0,,,,30,14,1469
State,hi,2015,51,1.5873,1.5873,,,0,,,,16,13,1008
State,hi,2015,52,2.1164,2.1164,,,0,,,,20,12,945
State,hi,2016,1,1.22735,1.22735,,,0,,,,21,15,1711
State,hi,2016,2,1.75439,1.75439,,,0,,,,32,16,1824
State,hi,2016,3,2.45362,2.45362,,,0,,,,41,14,1671
State,hi,2016,4,3.19211,3.19211,,,0,,,,55,15,1723
State,hi,2016,5,2.35911,2.35911,,,0,,,,36,13,1526
State,hi,2016,6,4.0253,4.0253,,,0,,,,70,14,1739
State,hi,2016,7,4.25139,4.25139,,,0,,,,69,16,1623
State,hi,2016,8,5.57043,5.57043,,,0,,,,104,15,1867
State,hi,2016,9,6.0241,6.0241,,,0,,,,100,15,1660
State,hi,2016,10,7.61169,7.61169,,,0,,,,138,15,1813
State,hi,2016,11,7.281,7.281,,,0,,,,128,15,1758
State,hi,2016,12,6.41673,6.41673,,,0,,,,89,15,1387
State,hi,2016,13,5.2356,5.2356,,,0,,,,90,15,1719
State,hi,2016,14,5.41344,5.41344,,,0,,,,91,14,1681
State,hi,2016,15,3.65935,3.65935,,,0,,,,55,13,1503
State,hi,2016,16,3.15113,3.15113,,,0,,,,49,13,1555
State,hi,2016,17,1.93906,1.93906,,,0,,,,21,11,1083
State,hi,2016,18,2.07736,2.07736,,,0,,,,29,13,1396
State,hi,2016,19,2.13476,2.13476,,,0,,,,32,12,1499
State,hi,2016,20,2.27273,2.27273,,,0,,,,29,12,1276
State,hi,2016,21,2.14286,2.14286,,,0,,,,27,12,1260
State,hi,2016,22,2.13068,2.13068,,,0,,,,15,10,704
State,hi,2016,23,1.6129,1.6129,,,0,,,,12,11,744
State,hi,2016,24,1.06496,1.06496,,,0,,,,10,11,939
State,hi,2016,25,1.37773,1.37773,,,0,,,,12,11,871
State,hi,2016,26,1.21279,1.21279,,,0,,,,11,12,907
State,hi,2016,27,2.26064,2.26064,,,0,,,,17,13,752
State,hi,2016,28,0.804829,0.804829,,,0,,,,8,13,994
State,hi,2016,29,1.45985,1.45985,,,0,,,,16,13,1096
State,hi,2016,30,0.536673,0.536673,,,0,,,,6,13,1118
State,hi,2016,31,0.560897,0.560897,,,0,,,,7,13,1248
State,hi,2016,32,0.733634,0.733634,,,0,,,,13,13,1772
State,hi,2016,33,0.978593,0.978593,,,0,,,,16,13,1635
State,hi,2016,34,1.76305,1.76305,,,0,,,,25,13,1418
State,hi,2016,35,1.73841,1.73841,,,0,,,,21,14,1208
State,hi,2016,36,2.0155,2.0155,,,0,,,,26,14,1290
State,hi,2016,37,1.57928,1.57928,,,0,,,,25,14,1583
State,hi,2016,38,1.45028,1.45028,,,0,,,,21,13,1448
State,hi,2016,39,1.78306,1.78306,,,0,,,,24,14,1346
State,hi,2016,40,1.93133,1.93133,,,0,,,,27,15,1398
State,hi,2016,41,1.50171,1.50171,,,0,,,,22,16,1465
State,hi,2016,42,1.45429,1.45429,,,0,,,,21,16,1444
State,hi,2016,43,2.16886,2.16886,,,0,,,,28,16,1291
State,hi,2016,44,2.30238,2.30238,,,0,,,,30,15,1303
State,hi,2016,45,2.0073,2.0073,,,0,,,,22,15,1096
State,hi,2016,46,1.69014,1.69014,,,0,,,,24,16,1420
State,hi,2016,47,2.3084,2.3084,,,0,,,,25,16,1083
State,hi,2016,48,2.08473,2.08473,,,0,,,,31,16,1487
State,hi,2016,49,2.86104,2.86104,,,0,,,,42,16,1468
State,hi,2016,50,3.72263,3.72263,,,0,,,,51,16,1370
State,hi,2016,51,2.86885,2.86885,,,0,,,,28,15,976
State,hi,2016,52,3.2967,3.2967,,,0,,,,24,15,728
State,hi,2017,1,3.45141,3.45141,,,0,,,,38,14,1101
State,hi,2017,2,4.44596,4.44596,,,0,,,,65,15,1462
State,hi,2017,3,3.64261,3.64261,,,0,,,,53,16,1455
State,hi,2017,4,5.1265,5.1265,,,0,,,,77,15,1502
State,hi,2017,5,4.27655,4.27655,,,0,,,,60,16,1403
State,hi,2017,6,3.75683,3.75683,,,0,,,,55,15,1464
State,hi,2017,7,3.7234,3.7234,,,0,,,,56,15,1504
State,hi,2017,8,4.21053,4.21053,,,0,,,,56,16,1330
State,hi,2017,9,3.36927,3.36927,,,0,,,,50,15,1484
State,hi,2017,10,4.629,4.629,,,0,,,,68,15,1469
State,hi,2017,11,2.76008,2.76008,,,0,,,,39,15,1413
State,hi,2017,12,3.30948,3.30948,,,0,,,,37,13,1118
State,hi,2017,13,2.78373,2.78373,,,0,,,,26,14,934
State,hi,2017,14,2.92135,2.92135,,,0,,,,39,15,1335
State,hi,2017,15,2.24179,2.24179,,,0,,,,28,15,1249
State,hi,2017,16,2.70848,2.70848,,,0,,,,38,15,1403
State,hi,2017,17,2.24252,2.24252,,,0,,,,27,14,1204
State,hi,2017,18,2.47383,2.47383,,,0,,,,26,12,1051
State,hi,2017,19,1.18613,1.18613,,,0,,,,13,12,1096
State,hi,2017,20,1.80437,1.80437,,,0,,,,19,14,1053
State,hi,2017,21,1.12994,1.12994,,,0,,,,12,13,1062
State,hi,2017,22,1.31148,1.31148,,,0,,,,12,13,915
State,hi,2017,23,1.11008,1.11008,,,0,,,,12,13,1081
State,hi,2017,24,0.946746,0.946746,,,0,,,,8,13,845
State,hi,2017,25,1.12245,1.12245,,,0,,,,11,13,980
State,hi,2017,26,1.20482,1.20482,,,0,,,,12,13,996
State,hi,2017,27,1.06383,1.06383,,,0,,,,8,12,752
State,hi,2017,28,0.702371,0.702371,,,0,,,,8,13,1139
State,hi,2017,29,0.638686,0.638686,,,0,,,,7,13,1096
State,hi,2017,30,1.08055,1.08055,,,0,,,,11,13,1018
State,hi,2017,31,1.55189,1.55189,,,0,,,,16,12,1031
State,hi,2017,32,0.766017,0.766017,,,0,,,,11,14,1436
State,hi,2017,33,0.439239,0.439239,,,0,,,,6,13,1366
State,hi,2017,34,1.41388,1.41388,,,0,,,,22,14,1556
State,hi,2017,35,1.94489,1.94489,,,0,,,,24,14,1234
State,hi,2017,36,2.60465,2.60465,,,0,,,,28,14,1075
State,hi,2017,37,1.80911,1.80911,,,0,,,,29,16,1603
State,hi,2017,38,1.60107,1.60107,,,0,,,,24,15,1499
State,hi,2017,39,1.36426,1.36426,,,0,,,,20,14,1466
State,hi,2017,40,1.52722,1.52722,,,0,,,,23,16,1506
State,hi,2017,41,1.09215,1.09215,,,0,,,,16,16,1465
State,hi,2017,42,2.20453,2.20453,,,0,,,,36,17,1633
State,hi,2017,43,2.2756,2.2756,,,0,,,,36,16,1582
State,hi,2017,44,2.40497,2.40497,,,0,,,,31,16,1289
State,hi,2017,45,3.55286,3.55286,,,0,,,,41,15,1154
State,hi,2017,46,3.01659,3.01659,,,0,,,,40,15,1326
State,hi,2017,47,3.55769,3.55769,,,0,,,,37,15,1040
State,hi,2017,48,4.52148,4.52148,,,0,,,,60,14,1327
State,hi,2017,49,4.34109,4.34109,,,0,,,,56,14,1290
State,hi,2017,50,3.30852,3.30852,,,0,,,,40,15,1209
State,hi,2017,51,5.96616,5.96616,,,0,,,,67,15,1123
State,hi,2017,52,8.57143,8.57143,,,0,,,,57,14,665
State,ia,2010,40,0.563063,0.563063,,,0,,,,10,6,1776
State,ia,2010,41,0.860956,0.860956,,,0,,,,20,7,2323
State,ia,2010,42,0.407,0.407,,,0,,,,10,8,2457
State,ia,2010,43,0.183225,0.183225,,,0,,,,9,10,4912
State,ia,2010,44,0.35878,0.35878,,,0,,,,18,10,5017
State,ia,2010,45,0.41866,0.41866,,,0,,,,21,10,5016
State,ia,2010,46,0.484206,0.484206,,,0,,,,21,9,4337
State,ia,2010,47,0.533689,0.533689,,,0,,,,8,8,1499
State,ia,2010,48,0.827498,0.827498,,,0,,,,26,10,3142
State,ia,2010,49,0.954329,0.954329,,,0,,,,28,10,2934
State,ia,2010,50,1.49854,1.49854,,,0,,,,41,10,2736
State,ia,2010,51,2.07254,2.07254,,,0,,,,44,10,2123
State,ia,2010,52,1.45606,1.45606,,,0,,,,28,10,1923
State,ia,2011,1,0.579065,0.579065,,,0,,,,13,9,2245
State,ia,2011,2,0.459117,0.459117,,,0,,,,21,10,4574
State,ia,2011,3,1.00663,1.00663,,,0,,,,44,10,4371
State,ia,2011,4,2.19041,2.19041,,,0,,,,101,10,4611
State,ia,2011,5,2.61337,2.61337,,,0,,,,102,9,3903
State,ia,2011,6,1.72855,1.72855,,,0,,,,81,8,4686
State,ia,2011,7,2.19298,2.19298,,,0,,,,105,9,4788
State,ia,2011,8,2.21029,2.21029,,,0,,,,107,9,4841
State,ia,2011,9,2.18331,2.18331,,,0,,,,101,9,4626
State,ia,2011,10,1.44017,1.44017,,,0,,,,55,7,3819
State,ia,2011,11,1.8766,1.8766,,,0,,,,66,7,3517
State,ia,2011,12,0.64433,0.64433,,,0,,,,25,7,3880
State,ia,2011,13,0.568451,0.568451,,,0,,,,12,7,2111
State,ia,2011,14,0.932599,0.932599,,,0,,,,22,7,2359
State,ia,2011,15,0.630915,0.630915,,,0,,,,14,7,2219
State,ia,2011,16,0.442282,0.442282,,,0,,,,10,7,2261
State,ia,2011,17,0.552995,0.552995,,,0,,,,12,7,2170
State,ia,2011,18,0.242131,0.242131,,,0,,,,5,7,2065
State,ia,2011,19,0.167411,0.167411,,,0,,,,3,7,1792
State,ia,2011,20,0.169683,0.169683,,,0,,,,3,8,1768
State,ia,2011,21,0.115741,0.115741,,,0,,,,2,8,1728
State,ia,2011,22,0.0674764,0.0674764,,,0,,,,1,8,1482
State,ia,2011,23,0.0,0.0,,,0,,,,0,7,1639
State,ia,2011,24,0.0,0.0,,,0,,,,0,7,1452
State,ia,2011,25,0.0,0.0,,,0,,,,0,7,1499
State,ia,2011,26,0.0,0.0,,,0,,,,0,7,1477
State,ia,2011,27,0.0794281,0.0794281,,,0,,,,1,7,1259
State,ia,2011,28,0.0,0.0,,,0,,,,0,6,949
State,ia,2011,29,0.0,0.0,,,0,,,,0,6,1106
State,ia,2011,30,0.0,0.0,,,0,,,,0,6,1067
State,ia,2011,31,0.0919118,0.0919118,,,0,,,,1,6,1088
State,ia,2011,32,0.0840336,0.0840336,,,0,,,,1,6,1190
State,ia,2011,33,0.0,0.0,,,0,,,,0,2,595
State,ia,2011,34,0.0540541,0.0540541,,,0,,,,1,6,1850
State,ia,2011,35,0.212202,0.212202,,,0,,,,4,6,1885
State,ia,2011,36,0.331565,0.331565,,,0,,,,5,6,1508
State,ia,2011,37,0.696056,0.696056,,,0,,,,15,7,2155
State,ia,2011,38,0.284206,0.284206,,,0,,,,7,7,2463
State,ia,2011,39,0.51458,0.51458,,,0,,,,12,7,2332
State,ia,2011,40,1.03508,1.03508,,,0,,,,36,10,3478
State,ia,2011,41,1.2098,1.2098,,,0,,,,41,10,3389
State,ia,2011,42,1.12943,1.12943,,,0,,,,37,10,3276
State,ia,2011,43,0.862878,0.862878,,,0,,,,46,11,5331
State,ia,2011,44,1.06274,1.06274,,,0,,,,62,13,5834
State,ia,2011,45,0.500167,0.500167,,,0,,,,30,13,5998
State,ia,2011,46,0.88159,0.88159,,,0,,,,51,13,5785
State,ia,2011,47,0.276174,0.276174,,,0,,,,11,14,3983
State,ia,2011,48,0.612508,0.612508,,,0,,,,38,14,6204
State,ia,2011,49,0.812306,0.812306,,,0,,,,47,14,5786
State,ia,2011,50,1.1621,1.1621,,,0,,,,39,11,3356
State,ia,2011,51,1.47321,1.47321,,,0,,,,33,11,2240
State,ia,2011,52,0.63639,0.63639,,,0,,,,22,13,3457
State,ia,2012,1,0.931395,0.931395,,,0,,,,41,13,4402
State,ia,2012,2,0.626781,0.626781,,,0,,,,33,13,5265
State,ia,2012,3,0.771257,0.771257,,,0,,,,41,14,5316
State,ia,2012,4,0.821391,0.821391,,,0,,,,47,14,5722
State,ia,2012,5,0.914205,0.914205,,,0,,,,52,14,5688
State,ia,2012,6,1.10231,1.10231,,,0,,,,64,14,5806
State,ia,2012,7,1.12788,1.12788,,,0,,,,68,13,6029
State,ia,2012,8,0.822707,0.822707,,,0,,,,40,10,4862
State,ia,2012,9,1.1921,1.1921,,,0,,,,61,9,5117
State,ia,2012,10,0.970464,0.970464,,,0,,,,46,11,4740
State,ia,2012,11,1.19312,1.19312,,,0,,,,43,11,3604
State,ia,2012,12,0.776658,0.776658,,,0,,,,37,10,4764
State,ia,2012,13,0.729927,0.729927,,,0,,,,21,9,2877
State,ia,2012,14,0.345011,0.345011,,,0,,,,13,8,3768
State,ia,2012,15,0.341964,0.341964,,,0,,,,14,8,4094
State,ia,2012,16,0.444884,0.444884,,,0,,,,18,7,4046
State,ia,2012,17,0.335169,0.335169,,,0,,,,14,8,4177
State,ia,2012,18,0.162602,0.162602,,,0,,,,6,8,3690
State,ia,2012,19,0.141894,0.141894,,,0,,,,4,7,2819
State,ia,2012,20,0.0342466,0.0342466,,,0,,,,1,7,2920
State,ia,2012,21,0.0307125,0.0307125,,,0,,,,1,8,3256
State,ia,2012,22,0.0,0.0,,,0,,,,0,8,2423
State,ia,2012,23,0.0,0.0,,,0,,,,0,8,3089
State,ia,2012,24,0.0,0.0,,,0,,,,0,8,2884
State,ia,2012,25,0.0350877,0.0350877,,,0,,,,1,7,2850
State,ia,2012,26,0.10627,0.10627,,,0,,,,1,6,941
State,ia,2012,27,0.0428633,0.0428633,,,0,,,,1,8,2333
State,ia,2012,28,0.0315159,0.0315159,,,0,,,,1,8,3173
State,ia,2012,29,0.0,0.0,,,0,,,,0,5,1014
State,ia,2012,30,0.0,0.0,,,0,,,,0,5,908
State,ia,2012,31,0.0,0.0,,,0,,,,0,3,412
State,ia,2012,32,0.0,0.0,,,0,,,,0,1,149
State,ia,2012,33,0.0,0.0,,,0,,,,0,1,203
State,ia,2012,34,0.0,0.0,,,0,,,,0,1,417
State,ia,2012,35,0.0683527,0.0683527,,,0,,,,1,4,1463
State,ia,2012,36,0.17094,0.17094,,,0,,,,2,4,1170
State,ia,2012,37,0.459016,0.459016,,,0,,,,7,4,1525
State,ia,2012,38,0.0649773,0.0649773,,,0,,,,1,5,1539
State,ia,2012,39,0.418911,0.418911,,,0,,,,7,6,1671
State,ia,2012,40,0.481125,0.481125,,,0,,,,13,10,2702
State,ia,2012,41,0.21106,0.21106,,,0,,,,5,10,2369
State,ia,2012,42,0.40833,0.40833,,,0,,,,10,10,2449
State,ia,2012,43,0.571895,0.571895,,,0,,,,14,10,2448
State,ia,2012,44,0.686591,0.686591,,,0,,,,17,10,2476
State,ia,2012,45,0.868233,0.868233,,,0,,,,17,11,1958
State,ia,2012,46,1.29817,1.29817,,,0,,,,32,15,2465
State,ia,2012,47,1.23153,1.23153,,,0,,,,20,15,1624
State,ia,2012,48,0.621891,0.621891,,,0,,,,30,16,4824
State,ia,2012,49,1.01046,1.01046,,,0,,,,57,17,5641
State,ia,2012,50,1.58146,1.58146,,,0,,,,86,17,5438
State,ia,2012,51,1.69803,1.69803,,,0,,,,37,16,2179
State,ia,2012,52,4.87404,4.87404,,,0,,,,89,17,1826
State,ia,2013,1,4.87805,4.87805,,,0,,,,112,17,2296
State,ia,2013,2,3.24042,3.24042,,,0,,,,93,16,2870
State,ia,2013,3,3.46476,3.46476,,,0,,,,116,17,3348
State,ia,2013,4,3.5179,3.5179,,,0,,,,115,17,3269
State,ia,2013,5,2.51346,2.51346,,,0,,,,84,17,3342
State,ia,2013,6,2.03321,2.03321,,,0,,,,60,15,2951
State,ia,2013,7,1.80092,1.80092,,,0,,,,55,15,3054
State,ia,2013,8,0.970874,0.970874,,,0,,,,32,15,3296
State,ia,2013,9,1.33276,1.33276,,,0,,,,31,12,2326
State,ia,2013,10,1.59872,1.59872,,,0,,,,40,13,2502
State,ia,2013,11,1.13391,1.13391,,,0,,,,21,12,1852
State,ia,2013,12,0.537634,0.537634,,,0,,,,6,11,1116
State,ia,2013,13,0.532569,0.532569,,,0,,,,13,13,2441
State,ia,2013,14,0.519031,0.519031,,,0,,,,12,12,2312
State,ia,2013,15,0.371945,0.371945,,,0,,,,7,10,1882
State,ia,2013,16,0.452261,0.452261,,,0,,,,9,11,1990
State,ia,2013,17,0.166945,0.166945,,,0,,,,3,10,1797
State,ia,2013,18,0.277393,0.277393,,,0,,,,6,11,2163
State,ia,2013,19,0.255885,0.255885,,,0,,,,5,9,1954
State,ia,2013,20,0.0870322,0.0870322,,,0,,,,1,9,1149
State,ia,2013,21,0.0,0.0,,,0,,,,0,9,947
State,ia,2013,22,0.0,0.0,,,0,,,,0,9,884
State,ia,2013,23,0.0,0.0,,,0,,,,0,9,1086
State,ia,2013,24,0.0,0.0,,,0,,,,0,9,1175
State,ia,2013,25,0.0,0.0,,,0,,,,0,9,1190
State,ia,2013,26,0.0,0.0,,,0,,,,0,9,1037
State,ia,2013,27,0.0,0.0,,,0,,,,0,9,778
State,ia,2013,28,0.0938967,0.0938967,,,0,,,,1,9,1065
State,ia,2013,29,0.0,0.0,,,0,,,,0,8,954
State,ia,2013,30,0.0,0.0,,,0,,,,0,7,1148
State,ia,2013,31,0.0,0.0,,,0,,,,0,7,787
State,ia,2013,32,0.0,0.0,,,0,,,,0,3,506
State,ia,2013,33,0.0,0.0,,,0,,,,0,3,671
State,ia,2013,34,0.0,0.0,,,0,,,,0,3,1038
State,ia,2013,35,0.0,0.0,,,0,,,,0,3,1259
State,ia,2013,36,0.165017,0.165017,,,0,,,,2,3,1212
State,ia,2013,37,0.0716846,0.0716846,,,0,,,,1,3,1395
State,ia,2013,38,0.0,0.0,,,0,,,,0,3,1288
State,ia,2013,39,0.162851,0.162851,,,0,,,,52,8,31931
State,ia,2013,40,0.170691,0.170691,,,0,,,,62,21,36323
State,ia,2013,41,0.198186,0.198186,,,0,,,,71,21,35825
State,ia,2013,42,0.208695,0.208695,,,0,,,,77,22,36896
State,ia,2013,43,0.217745,0.217745,,,0,,,,83,21,38118
State,ia,2013,44,0.291361,0.291361,,,0,,,,106,21,36381
State,ia,2013,45,0.261519,0.261519,,,0,,,,97,22,37091
State,ia,2013,46,0.201719,0.201719,,,0,,,,69,21,34206
State,ia,2013,47,0.22015,0.22015,,,0,,,,72,20,32705
State,ia,2013,48,0.192567,0.192567,,,0,,,,50,21,25965
State,ia,2013,49,0.236046,0.236046,,,0,,,,82,21,34739
State,ia,2013,50,0.269823,0.269823,,,0,,,,88,21,32614
State,ia,2013,51,0.414649,0.414649,,,0,,,,131,22,31593
State,ia,2013,52,0.4914,0.4914,,,0,,,,104,21,21164
State,ia,2014,1,0.536949,0.536949,,,0,,,,139,21,25887
State,ia,2014,2,0.572124,0.572124,,,0,,,,174,21,30413
State,ia,2014,3,0.646956,0.646956,,,0,,,,214,21,33078
State,ia,2014,4,0.573543,0.573543,,,0,,,,186,21,32430
State,ia,2014,5,0.547358,0.547358,,,0,,,,161,20,29414
State,ia,2014,6,0.457302,0.457302,,,0,,,,141,20,30833
State,ia,2014,7,0.419744,0.419744,,,0,,,,133,22,31686
State,ia,2014,8,0.387294,0.387294,,,0,,,,114,20,29435
State,ia,2014,9,0.300725,0.300725,,,0,,,,102,21,33918
State,ia,2014,10,0.247295,0.247295,,,0,,,,80,21,32350
State,ia,2014,11,0.249384,0.249384,,,0,,,,80,19,32079
State,ia,2014,12,0.268399,0.268399,,,0,,,,76,20,28316
State,ia,2014,13,0.172989,0.172989,,,0,,,,57,20,32950
State,ia,2014,14,0.175399,0.175399,,,0,,,,54,15,30787
State,ia,2014,15,0.225102,0.225102,,,0,,,,70,16,31097
State,ia,2014,16,0.195775,0.195775,,,0,,,,62,15,31669
State,ia,2014,17,0.215588,0.215588,,,0,,,,66,15,30614
State,ia,2014,18,0.174056,0.174056,,,0,,,,55,13,31599
State,ia,2014,19,0.134026,0.134026,,,0,,,,41,14,30591
State,ia,2014,20,0.133562,0.133562,,,0,,,,39,13,29200
State,ia,2014,21,0.135589,0.135589,,,0,,,,40,12,29501
State,ia,2014,22,0.191121,0.191121,,,0,,,,48,11,25115
State,ia,2014,23,0.146802,0.146802,,,0,,,,42,10,28610
State,ia,2014,24,0.14206,0.14206,,,0,,,,41,11,28861
State,ia,2014,25,0.18354,0.18354,,,0,,,,50,10,27242
State,ia,2014,26,0.10991,0.10991,,,0,,,,31,10,28205
State,ia,2014,27,0.148999,0.148999,,,0,,,,34,11,22819
State,ia,2014,28,0.146801,0.146801,,,0,,,,41,11,27929
State,ia,2014,29,0.133596,0.133596,,,0,,,,36,11,26947
State,ia,2014,30,0.138158,0.138158,,,0,,,,37,11,26781
State,ia,2014,31,0.120465,0.120465,,,0,,,,34,12,28224
State,ia,2014,32,0.124812,0.124812,,,0,,,,34,10,27241
State,ia,2014,33,0.0,0.0,,,0,,,,0,6,488
State,ia,2014,34,0.13297,0.13297,,,0,,,,40,9,30082
State,ia,2014,35,0.180323,0.180323,,,0,,,,57,10,31610
State,ia,2014,36,0.0,0.0,,,0,,,,0,4,878
State,ia,2014,37,0.214626,0.214626,,,0,,,,68,9,31683
State,ia,2014,38,0.289691,0.289691,,,0,,,,87,9,30032
State,ia,2014,39,0.185621,0.185621,,,0,,,,60,9,32324
State,ia,2014,40,0.254043,0.254043,,,0,,,,82,16,32278
State,ia,2014,41,0.315731,0.315731,,,0,,,,102,16,32306
State,ia,2014,42,0.275115,0.275115,,,0,,,,95,14,34531
State,ia,2014,43,0.287503,0.287503,,,0,,,,96,16,33391
State,ia,2014,44,0.34339,0.34339,,,0,,,,117,16,34072
State,ia,2014,45,0.288583,0.288583,,,0,,,,98,17,33959
State,ia,2014,46,0.231332,0.231332,,,0,,,,79,18,34150
State,ia,2014,47,0.34228,0.34228,,,0,,,,120,17,35059
State,ia,2014,48,0.391071,0.391071,,,0,,,,96,16,24548
State,ia,2014,49,0.37362,0.37362,,,0,,,,135,17,36133
State,ia,2014,50,0.794123,0.794123,,,0,,,,280,17,35259
State,ia,2014,51,0.810738,0.810738,,,0,,,,302,17,37250
State,ia,2014,52,0.92394,0.92394,,,0,,,,224,16,24244
State,ia,2014,53,0.787931,0.787931,,,0,,,,211,16,26779
State,ia,2015,1,4.01544,4.01544,,,0,,,,104,12,2590
State,ia,2015,2,2.3933,2.3933,,,0,,,,60,10,2507
State,ia,2015,3,2.58475,2.58475,,,0,,,,61,10,2360
State,ia,2015,4,2.32198,2.32198,,,0,,,,60,10,2584
State,ia,2015,5,1.60626,1.60626,,,0,,,,39,10,2428
State,ia,2015,6,1.92417,1.92417,,,0,,,,34,8,1767
State,ia,2015,7,1.32649,1.32649,,,0,,,,31,8,2337
State,ia,2015,8,1.55417,1.55417,,,0,,,,35,8,2252
State,ia,2015,9,0.913441,0.913441,,,0,,,,21,8,2299
State,ia,2015,10,1.02816,1.02816,,,0,,,,23,8,2237
State,ia,2015,11,1.59872,1.59872,,,0,,,,20,8,1251
State,ia,2015,12,0.716997,0.716997,,,0,,,,17,8,2371
State,ia,2015,13,1.11034,1.11034,,,0,,,,16,6,1441
State,ia,2015,14,0.492126,0.492126,,,0,,,,10,7,2032
State,ia,2015,15,0.366876,0.366876,,,0,,,,7,7,1908
State,ia,2015,16,0.447539,0.447539,,,0,,,,9,7,2011
State,ia,2015,17,0.134228,0.134228,,,0,,,,2,6,1490
State,ia,2015,18,0.237982,0.237982,,,0,,,,5,6,2101
State,ia,2015,19,0.324324,0.324324,,,0,,,,3,4,925
State,ia,2015,20,0.108696,0.108696,,,0,,,,1,4,920
State,ia,2015,21,0.0875657,0.0875657,,,0,,,,1,5,1142
State,ia,2015,22,0.0,0.0,,,0,,,,0,4,1055
State,ia,2015,23,0.0,0.0,,,0,,,,0,4,1134
State,ia,2015,24,0.0,0.0,,,0,,,,0,4,1019
State,ia,2015,25,0.0,0.0,,,0,,,,0,4,1008
State,ia,2015,26,0.0,0.0,,,0,,,,0,4,868
State,ia,2015,27,0.0,0.0,,,0,,,,0,4,951
State,ia,2015,28,0.116009,0.116009,,,0,,,,1,4,862
State,ia,2015,29,0.0,0.0,,,0,,,,0,4,1013
State,ia,2015,30,0.0,0.0,,,0,,,,0,4,1005
State,ia,2015,31,0.0,0.0,,,0,,,,0,3,738
State,ia,2015,32,0.0,0.0,,,0,,,,0,3,527
State,ia,2015,33,0.0,0.0,,,0,,,,0,4,2160
State,ia,2015,34,0.0,0.0,,,0,,,,0,3,1198
State,ia,2015,35,0.154799,0.154799,,,0,,,,2,3,1292
State,ia,2015,36,0.23753,0.23753,,,0,,,,1,2,421
State,ia,2015,37,0.0,0.0,,,0,,,,0,2,535
State,ia,2015,38,0.19802,0.19802,,,0,,,,1,2,505
State,ia,2015,39,0.967742,0.967742,,,0,,,,6,3,620
State,ia,2015,40,0.433735,0.433735,,,0,,,,9,9,2075
State,ia,2015,41,0.28746,0.28746,,,0,,,,8,10,2783
State,ia,2015,42,0.630473,0.630473,,,0,,,,18,10,2855
State,ia,2015,43,0.285714,0.285714,,,0,,,,8,10,2800
State,ia,2015,44,0.559763,0.559763,,,0,,,,17,10,3037
State,ia,2015,45,0.498398,0.498398,,,0,,,,14,9,2809
State,ia,2015,46,0.525164,0.525164,,,0,,,,12,8,2285
State,ia,2015,47,0.344531,0.344531,,,0,,,,4,8,1161
State,ia,2015,48,0.399113,0.399113,,,0,,,,9,8,2255
State,ia,2015,49,0.114112,0.114112,,,0,,,,3,10,2629
State,ia,2015,50,0.370542,0.370542,,,0,,,,8,10,2159
State,ia,2015,51,0.73193,0.73193,,,0,,,,8,10,1093
State,ia,2015,52,1.30548,1.30548,,,0,,,,10,9,766
State,ia,2016,1,0.824317,0.824317,,,0,,,,16,8,1941
State,ia,2016,2,0.587438,0.587438,,,0,,,,13,8,2213
State,ia,2016,3,0.288323,0.288323,,,0,,,,6,9,2081
State,ia,2016,4,0.549218,0.549218,,,0,,,,13,9,2367
State,ia,2016,5,0.528053,0.528053,,,0,,,,8,6,1515
State,ia,2016,6,0.564744,0.564744,,,0,,,,14,9,2479
State,ia,2016,7,1.1657,1.1657,,,0,,,,28,9,2402
State,ia,2016,8,1.35017,1.35017,,,0,,,,31,9,2296
State,ia,2016,9,1.6221,1.6221,,,0,,,,37,9,2281
State,ia,2016,10,1.23092,1.23092,,,0,,,,25,8,2031
State,ia,2016,11,0.896861,0.896861,,,0,,,,10,8,1115
State,ia,2016,12,1.0118,1.0118,,,0,,,,12,6,1186
State,ia,2016,13,1.06496,1.06496,,,0,,,,20,8,1878
State,ia,2016,14,0.700935,0.700935,,,0,,,,6,5,856
State,ia,2016,15,0.627854,0.627854,,,0,,,,11,6,1752
State,ia,2016,16,0.619718,0.619718,,,0,,,,11,6,1775
State,ia,2016,17,0.287026,0.287026,,,0,,,,5,6,1742
State,ia,2016,18,0.367422,0.367422,,,0,,,,6,6,1633
State,ia,2016,19,0.0,0.0,,,0,,,,0,6,1121
State,ia,2016,20,0.0917431,0.0917431,,,0,,,,1,6,1090
State,ia,2016,21,0.172563,0.172563,,,0,,,,2,6,1159
State,ia,2016,22,0.115075,0.115075,,,0,,,,1,6,869
State,ia,2016,23,0.0,0.0,,,0,,,,0,3,389
State,ia,2016,24,0.19305,0.19305,,,0,,,,1,3,518
State,ia,2016,25,0.0,0.0,,,0,,,,0,3,455
State,ia,2016,26,0.0,0.0,,,0,,,,0,3,354
State,ia,2016,27,0.0,0.0,,,0,,,,0,3,304
State,ia,2016,28,0.0,0.0,,,0,,,,0,3,378
State,ia,2016,29,0.0,0.0,,,0,,,,0,3,367
State,ia,2016,30,0.271003,0.271003,,,0,,,,1,3,369
State,ia,2016,31,0.0,0.0,,,0,,,,0,4,509
State,ia,2016,32,0.0,0.0,,,0,,,,0,3,355
State,ia,2016,33,0.0,0.0,,,0,,,,0,3,435
State,ia,2016,34,0.306435,0.306435,,,0,,,,3,3,979
State,ia,2016,35,0.0,0.0,,,0,,,,0,3,1092
State,ia,2016,36,0.0,0.0,,,0,,,,0,3,997
State,ia,2016,37,0.0,0.0,,,0,,,,0,3,1196
State,ia,2016,38,0.0858369,0.0858369,,,0,,,,1,3,1165
State,ia,2016,39,0.163132,0.163132,,,0,,,,2,4,1226
State,ia,2016,40,0.129116,0.129116,,,0,,,,4,8,3098
State,ia,2016,41,0.165472,0.165472,,,0,,,,6,10,3626
State,ia,2016,42,0.117062,0.117062,,,0,,,,4,10,3417
State,ia,2016,43,0.168431,0.168431,,,0,,,,7,11,4156
State,ia,2016,44,0.0883913,0.0883913,,,0,,,,3,10,3394
State,ia,2016,45,0.405051,0.405051,,,0,,,,17,11,4197
State,ia,2016,46,0.402646,0.402646,,,0,,,,14,10,3477
State,ia,2016,47,0.65312,0.65312,,,0,,,,9,10,1378
State,ia,2016,48,0.607287,0.607287,,,0,,,,27,11,4446
State,ia,2016,49,0.727379,0.727379,,,0,,,,25,11,3437
State,ia,2016,50,0.363942,0.363942,,,0,,,,13,11,3572
State,ia,2016,51,0.637233,0.637233,,,0,,,,14,12,2197
State,ia,2016,52,1.43392,1.43392,,,0,,,,23,12,1604
State,ia,2017,1,0.829384,0.829384,,,0,,,,21,12,2532
State,ia,2017,2,1.04279,1.04279,,,0,,,,29,11,2781
State,ia,2017,3,1.75769,1.75769,,,0,,,,56,11,3186
State,ia,2017,4,2.64603,2.64603,,,0,,,,106,12,4006
State,ia,2017,5,2.25039,2.25039,,,0,,,,87,11,3866
State,ia,2017,6,3.20677,3.20677,,,0,,,,125,11,3898
State,ia,2017,7,2.7972,2.7972,,,0,,,,108,11,3861
State,ia,2017,8,1.95448,1.95448,,,0,,,,73,11,3735
State,ia,2017,9,1.12601,1.12601,,,0,,,,42,12,3730
State,ia,2017,10,1.27674,1.27674,,,0,,,,37,11,2898
State,ia,2017,11,0.612053,0.612053,,,0,,,,13,11,2124
State,ia,2017,12,0.634518,0.634518,,,0,,,,25,12,3940
State,ia,2017,13,0.279472,0.279472,,,0,,,,11,10,3936
State,ia,2017,14,0.367454,0.367454,,,0,,,,14,10,3810
State,ia,2017,15,0.169549,0.169549,,,0,,,,5,8,2949
State,ia,2017,16,0.255848,0.255848,,,0,,,,7,10,2736
State,ia,2017,17,0.164908,0.164908,,,0,,,,5,8,3032
State,ia,2017,18,0.2185,0.2185,,,0,,,,6,7,2746
State,ia,2017,19,0.335196,0.335196,,,0,,,,6,7,1790
State,ia,2017,20,0.136054,0.136054,,,0,,,,2,7,1470
State,ia,2017,21,0.0,0.0,,,0,,,,0,6,1347
State,ia,2017,22,0.325733,0.325733,,,0,,,,2,5,614
State,ia,2017,23,0.124069,0.124069,,,0,,,,1,5,806
State,ia,2017,24,0.13089,0.13089,,,0,,,,1,4,764
State,ia,2017,25,0.0,0.0,,,0,,,,0,5,798
State,ia,2017,26,0.30722,0.30722,,,0,,,,2,5,651
State,ia,2017,27,0.201613,0.201613,,,0,,,,1,5,496
State,ia,2017,28,0.126743,0.126743,,,0,,,,1,5,789
State,ia,2017,29,0.0,0.0,,,0,,,,0,5,719
State,ia,2017,30,0.0,0.0,,,0,,,,0,4,632
State,ia,2017,31,0.0,0.0,,,0,,,,0,4,664
State,ia,2017,32,0.0,0.0,,,0,,,,0,4,623
State,ia,2017,33,0.0,0.0,,,0,,,,0,4,958
State,ia,2017,34,0.0,0.0,,,0,,,,0,5,1939
State,ia,2017,35,0.0489716,0.0489716,,,0,,,,1,5,2042
State,ia,2017,36,0.0583431,0.0583431,,,0,,,,1,5,1714
State,ia,2017,37,0.0,0.0,,,0,,,,0,5,2308
State,ia,2017,38,0.0,0.0,,,0,,,,0,5,2310
State,ia,2017,39,0.0,0.0,,,0,,,,0,5,2423
State,ia,2017,40,0.321543,0.321543,,,0,,,,12,14,3732
State,ia,2017,41,0.345469,0.345469,,,0,,,,13,14,3763
State,ia,2017,42,0.22733,0.22733,,,0,,,,9,14,3959
State,ia,2017,43,0.259128,0.259128,,,0,,,,11,14,4245
State,ia,2017,44,0.484429,0.484429,,,0,,,,21,14,4335
State,ia,2017,45,0.550826,0.550826,,,0,,,,22,13,3994
State,ia,2017,46,0.390356,0.390356,,,0,,,,17,13,4355
State,ia,2017,47,0.911508,0.911508,,,0,,,,24,13,2633
State,ia,2017,48,0.829187,0.829187,,,0,,,,40,14,4824
State,ia,2017,49,0.95509,0.95509,,,0,,,,47,14,4921
State,ia,2017,50,1.14634,1.14634,,,0,,,,47,13,4100
State,ia,2017,51,1.58928,1.58928,,,0,,,,51,13,3209
State,ia,2017,52,3.54701,3.54701,,,0,,,,83,14,2340
State,id,2010,40,0.414938,0.414938,,,0,,,,19,12,4579
State,id,2010,41,1.45798,1.45798,,,0,,,,68,12,4664
State,id,2010,42,1.40814,1.40814,,,0,,,,64,11,4545
State,id,2010,43,1.28007,1.28007,,,0,,,,58,12,4531
State,id,2010,44,1.82724,1.82724,,,0,,,,88,13,4816
State,id,2010,45,1.49434,1.49434,,,0,,,,62,13,4149
State,id,2010,46,1.95882,1.95882,,,0,,,,98,13,5003
State,id,2010,47,3.06882,3.06882,,,0,,,,99,13,3226
State,id,2010,48,1.80142,1.80142,,,0,,,,86,13,4774
State,id,2010,49,1.72267,1.72267,,,0,,,,81,13,4702
State,id,2010,50,1.36502,1.36502,,,0,,,,54,12,3956
State,id,2010,51,3.20553,3.20553,,,0,,,,102,12,3182
State,id,2010,52,2.59815,2.59815,,,0,,,,90,12,3464
State,id,2011,1,2.03906,2.03906,,,0,,,,95,11,4659
State,id,2011,2,2.25623,2.25623,,,0,,,,115,13,5097
State,id,2011,3,3.5809,3.5809,,,0,,,,162,13,4524
State,id,2011,4,3.4288,3.4288,,,0,,,,170,13,4958
State,id,2011,5,3.94244,3.94244,,,0,,,,200,13,5073
State,id,2011,6,4.56026,4.56026,,,0,,,,224,11,4912
State,id,2011,7,6.01038,6.01038,,,0,,,,301,12,5008
State,id,2011,8,6.26091,6.26091,,,0,,,,287,12,4584
State,id,2011,9,5.59846,5.59846,,,0,,,,290,11,5180
State,id,2011,10,6.48731,6.48731,,,0,,,,299,10,4609
State,id,2011,11,4.38749,4.38749,,,0,,,,202,9,4604
State,id,2011,12,4.3877,4.3877,,,0,,,,177,10,4034
State,id,2011,13,2.83491,2.83491,,,0,,,,102,7,3598
State,id,2011,14,2.86096,2.86096,,,0,,,,107,8,3740
State,id,2011,15,2.93392,2.93392,,,0,,,,107,8,3647
State,id,2011,16,1.48645,1.48645,,,0,,,,51,6,3431
State,id,2011,17,1.86047,1.86047,,,0,,,,68,7,3655
State,id,2011,18,1.58513,1.58513,,,0,,,,58,7,3659
State,id,2011,19,1.45138,1.45138,,,0,,,,50,7,3445
State,id,2011,20,1.8346,1.8346,,,0,,,,65,7,3543
State,id,2011,21,1.55424,1.55424,,,0,,,,50,7,3217
State,id,2011,22,2.35294,2.35294,,,0,,,,66,6,2805
State,id,2011,23,1.70604,1.70604,,,0,,,,52,6,3048
State,id,2011,24,1.49102,1.49102,,,0,,,,44,6,2951
State,id,2011,25,1.60446,1.60446,,,0,,,,46,6,2867
State,id,2011,26,1.25705,1.25705,,,0,,,,49,7,3898
State,id,2011,27,0.899594,0.899594,,,0,,,,31,7,3446
State,id,2011,28,0.645161,0.645161,,,0,,,,22,6,3410
State,id,2011,29,0.925658,0.925658,,,0,,,,32,7,3457
State,id,2011,30,0.657462,0.657462,,,0,,,,20,7,3042
State,id,2011,31,0.387366,0.387366,,,0,,,,13,7,3356
State,id,2011,32,0.697604,0.697604,,,0,,,,23,7,3297
State,id,2011,33,0.71964,0.71964,,,0,,,,24,7,3335
State,id,2011,34,0.418911,0.418911,,,0,,,,14,6,3342
State,id,2011,35,1.23423,1.23423,,,0,,,,45,7,3646
State,id,2011,36,1.29168,1.29168,,,0,,,,43,7,3329
State,id,2011,37,0.657895,0.657895,,,0,,,,26,6,3952
State,id,2011,38,0.857679,0.857679,,,0,,,,32,6,3731
State,id,2011,39,0.841884,0.841884,,,0,,,,32,7,3801
State,id,2011,40,0.914077,0.914077,,,0,,,,35,8,3829
State,id,2011,41,1.25885,1.25885,,,0,,,,48,9,3813
State,id,2011,42,1.18925,1.18925,,,0,,,,46,8,3868
State,id,2011,43,1.52601,1.52601,,,0,,,,66,11,4325
State,id,2011,44,1.87855,1.87855,,,0,,,,86,11,4578
State,id,2011,45,1.53879,1.53879,,,0,,,,73,12,4744
State,id,2011,46,2.02675,2.02675,,,0,,,,100,12,4934
State,id,2011,47,1.44769,1.44769,,,0,,,,53,11,3661
State,id,2011,48,2.10753,2.10753,,,0,,,,98,11,4650
State,id,2011,49,1.62801,1.62801,,,0,,,,73,11,4484
State,id,2011,50,2.11416,2.11416,,,0,,,,90,11,4257
State,id,2011,51,1.66142,1.66142,,,0,,,,58,11,3491
State,id,2011,52,2.78114,2.78114,,,0,,,,92,11,3308
State,id,2012,1,1.62407,1.62407,,,0,,,,68,10,4187
State,id,2012,2,1.5286,1.5286,,,0,,,,62,8,4056
State,id,2012,3,1.75866,1.75866,,,0,,,,65,9,3696
State,id,2012,4,2.00946,2.00946,,,0,,,,85,9,4230
State,id,2012,5,2.38663,2.38663,,,0,,,,100,10,4190
State,id,2012,6,1.97495,1.97495,,,0,,,,82,10,4152
State,id,2012,7,3.41361,3.41361,,,0,,,,146,10,4277
State,id,2012,8,2.32095,2.32095,,,0,,,,105,9,4524
State,id,2012,9,2.82019,2.82019,,,0,,,,133,10,4716
State,id,2012,10,2.37288,2.37288,,,0,,,,112,10,4720
State,id,2012,11,3.35112,3.35112,,,0,,,,157,10,4685
State,id,2012,12,3.55525,3.55525,,,0,,,,157,10,4416
State,id,2012,13,2.8144,2.8144,,,0,,,,111,10,3944
State,id,2012,14,3.17543,3.17543,,,0,,,,122,9,3842
State,id,2012,15,2.39486,2.39486,,,0,,,,82,8,3424
State,id,2012,16,2.78354,2.78354,,,0,,,,94,8,3377
State,id,2012,17,2.38095,2.38095,,,0,,,,82,7,3444
State,id,2012,18,2.32839,2.32839,,,0,,,,77,7,3307
State,id,2012,19,1.82768,1.82768,,,0,,,,56,6,3064
State,id,2012,20,1.96078,1.96078,,,0,,,,59,6,3009
State,id,2012,21,2.05436,2.05436,,,0,,,,65,6,3164
State,id,2012,22,1.85996,1.85996,,,0,,,,51,6,2742
State,id,2012,23,1.39565,1.39565,,,0,,,,43,6,3081
State,id,2012,24,0.990426,0.990426,,,0,,,,30,6,3029
State,id,2012,25,0.95989,0.95989,,,0,,,,28,6,2917
State,id,2012,26,0.709975,0.709975,,,0,,,,20,5,2817
State,id,2012,27,0.702302,0.702302,,,0,,,,18,5,2563
State,id,2012,28,0.608883,0.608883,,,0,,,,17,5,2792
State,id,2012,29,0.8,0.8,,,0,,,,22,5,2750
State,id,2012,30,0.651466,0.651466,,,0,,,,18,5,2763
State,id,2012,31,0.739247,0.739247,,,0,,,,22,5,2976
State,id,2012,32,0.625,0.625,,,0,,,,18,5,2880
State,id,2012,33,0.531561,0.531561,,,0,,,,16,5,3010
State,id,2012,34,0.708079,0.708079,,,0,,,,22,5,3107
State,id,2012,35,0.849772,0.849772,,,0,,,,28,5,3295
State,id,2012,36,1.26398,1.26398,,,0,,,,26,4,2057
State,id,2012,37,0.814536,0.814536,,,0,,,,26,5,3192
State,id,2012,38,1.28247,1.28247,,,0,,,,39,5,3041
State,id,2012,39,1.89816,1.89816,,,0,,,,63,6,3319
State,id,2012,40,0.988849,0.988849,,,0,,,,47,11,4753
State,id,2012,41,1.03135,1.03135,,,0,,,,50,11,4848
State,id,2012,42,0.920999,0.920999,,,0,,,,45,11,4886
State,id,2012,43,0.598205,0.598205,,,0,,,,30,11,5015
State,id,2012,44,1.09622,1.09622,,,0,,,,54,11,4926
State,id,2012,45,1.37957,1.37957,,,0,,,,72,11,5219
State,id,2012,46,2.19938,2.19938,,,0,,,,107,10,4865
State,id,2012,47,2.54892,2.54892,,,0,,,,99,11,3884
State,id,2012,48,2.01177,2.01177,,,0,,,,106,11,5269
State,id,2012,49,1.86216,1.86216,,,0,,,,97,11,5209
State,id,2012,50,2.09696,2.09696,,,0,,,,109,11,5198
State,id,2012,51,2.97389,2.97389,,,0,,,,131,10,4405
State,id,2012,52,5.056,5.056,,,0,,,,158,10,3125
State,id,2013,1,3.01935,3.01935,,,0,,,,117,9,3875
State,id,2013,2,3.59773,3.59773,,,0,,,,171,10,4753
State,id,2013,3,2.95283,2.95283,,,0,,,,149,11,5046
State,id,2013,4,3.67372,3.67372,,,0,,,,177,11,4818
State,id,2013,5,2.97558,2.97558,,,0,,,,173,11,5814
State,id,2013,6,3.50244,3.50244,,,0,,,,194,11,5539
State,id,2013,7,2.83275,2.83275,,,0,,,,146,11,5154
State,id,2013,8,2.53615,2.53615,,,0,,,,114,10,4495
State,id,2013,9,0.918459,0.918459,,,0,,,,41,10,4464
State,id,2013,10,0.747621,0.747621,,,0,,,,33,8,4414
State,id,2013,11,1.34878,1.34878,,,0,,,,71,11,5264
State,id,2013,12,1.45557,1.45557,,,0,,,,67,10,4603
State,id,2013,13,0.933461,0.933461,,,0,,,,39,10,4178
State,id,2013,14,0.509287,0.509287,,,0,,,,17,7,3338
State,id,2013,15,0.326023,0.326023,,,0,,,,11,7,3374
State,id,2013,16,0.39984,0.39984,,,0,,,,10,7,2501
State,id,2013,17,0.469484,0.469484,,,0,,,,16,7,3408
State,id,2013,18,0.387597,0.387597,,,0,,,,12,6,3096
State,id,2013,19,0.129997,0.129997,,,0,,,,4,7,3077
State,id,2013,20,0.198282,0.198282,,,0,,,,6,7,3026
State,id,2013,21,0.572597,0.572597,,,0,,,,14,6,2445
State,id,2013,22,0.0,0.0,,,0,,,,0,4,1366
State,id,2013,23,0.0607165,0.0607165,,,0,,,,1,4,1647
State,id,2013,24,0.0667111,0.0667111,,,0,,,,1,4,1499
State,id,2013,25,0.066357,0.066357,,,0,,,,1,4,1507
State,id,2013,26,0.125865,0.125865,,,0,,,,2,4,1589
State,id,2013,27,0.0,0.0,,,0,,,,0,4,1426
State,id,2013,28,0.186916,0.186916,,,0,,,,3,4,1605
State,id,2013,29,0.0627746,0.0627746,,,0,,,,1,4,1593
State,id,2013,30,0.0,0.0,,,0,,,,0,4,1174
State,id,2013,31,0.0,0.0,,,0,,,,0,4,1050
State,id,2013,32,0.17762,0.17762,,,0,,,,2,4,1126
State,id,2013,33,0.0,0.0,,,0,,,,0,4,1136
State,id,2013,34,0.0807754,0.0807754,,,0,,,,1,4,1238
State,id,2013,35,0.0789266,0.0789266,,,0,,,,1,4,1267
State,id,2013,36,0.0,0.0,,,0,,,,0,4,1247
State,id,2013,37,0.179426,0.179426,,,0,,,,3,5,1672
State,id,2013,38,0.0550358,0.0550358,,,0,,,,1,5,1817
State,id,2013,39,0.164654,0.164654,,,0,,,,3,5,1822
State,id,2013,40,0.5631,0.5631,,,0,,,,17,8,3019
State,id,2013,41,0.553385,0.553385,,,0,,,,17,8,3072
State,id,2013,42,0.822763,0.822763,,,0,,,,24,8,2917
State,id,2013,43,0.312392,0.312392,,,0,,,,9,8,2881
State,id,2013,44,0.531538,0.531538,,,0,,,,15,8,2822
State,id,2013,45,0.390117,0.390117,,,0,,,,12,8,3076
State,id,2013,46,0.870687,0.870687,,,0,,,,27,8,3101
State,id,2013,47,0.996678,0.996678,,,0,,,,21,7,2107
State,id,2013,48,0.942549,0.942549,,,0,,,,21,9,2228
State,id,2013,49,0.575153,0.575153,,,0,,,,15,9,2608
State,id,2013,50,1.0514,1.0514,,,0,,,,27,9,2568
State,id,2013,51,2.84536,2.84536,,,0,,,,69,9,2425
State,id,2013,52,6.89223,6.89223,,,0,,,,165,10,2394
State,id,2014,1,8.42142,8.42142,,,0,,,,239,10,2838
State,id,2014,2,6.52052,6.52052,,,0,,,,232,10,3558
State,id,2014,3,4.17802,4.17802,,,0,,,,138,10,3303
State,id,2014,4,2.90499,2.90499,,,0,,,,85,10,2926
State,id,2014,5,2.59782,2.59782,,,0,,,,81,8,3118
State,id,2014,6,2.09622,2.09622,,,0,,,,61,9,2910
State,id,2014,7,1.22951,1.22951,,,0,,,,39,10,3172
State,id,2014,8,1.60794,1.60794,,,0,,,,47,9,2923
State,id,2014,9,1.4071,1.4071,,,0,,,,44,9,3127
State,id,2014,10,2.00494,2.00494,,,0,,,,65,10,3242
State,id,2014,11,0.818063,0.818063,,,0,,,,25,10,3056
State,id,2014,12,0.902302,0.902302,,,0,,,,29,10,3214
State,id,2014,13,0.45106,0.45106,,,0,,,,10,9,2217
State,id,2014,14,1.77419,1.77419,,,0,,,,44,8,2480
State,id,2014,15,1.30328,1.30328,,,0,,,,37,9,2839
State,id,2014,16,1.91781,1.91781,,,0,,,,42,8,2190
State,id,2014,17,2.00454,2.00454,,,0,,,,53,7,2644
State,id,2014,18,1.40036,1.40036,,,0,,,,39,9,2785
State,id,2014,19,1.46617,1.46617,,,0,,,,39,8,2660
State,id,2014,20,2.3974,2.3974,,,0,,,,59,8,2461
State,id,2014,21,0.759144,0.759144,,,0,,,,11,5,1449
State,id,2014,22,0.596421,0.596421,,,0,,,,6,4,1006
State,id,2014,23,0.0,0.0,,,0,,,,0,2,416
State,id,2014,24,0.0,0.0,,,0,,,,0,2,490
State,id,2014,25,0.0,0.0,,,0,,,,0,2,414
State,id,2014,26,0.0,0.0,,,0,,,,0,2,599
State,id,2014,27,0.0,0.0,,,0,,,,0,1,93
State,id,2014,28,0.0,0.0,,,0,,,,0,1,128
State,id,2014,29,0.0,0.0,,,0,,,,0,1,123
State,id,2014,30,0.0,0.0,,,0,,,,0,1,141
State,id,2014,31,0.0,0.0,,,0,,,,0,1,132
State,id,2014,32,0.0,0.0,,,0,,,,0,1,150
State,id,2014,33,0.0,0.0,,,0,,,,0,1,167
State,id,2014,34,0.0,0.0,,,0,,,,0,1,221
State,id,2014,35,0.0,0.0,,,0,,,,0,1,233
State,id,2014,36,0.0,0.0,,,0,,,,0,1,259
State,id,2014,37,0.0,0.0,,,0,,,,0,1,330
State,id,2014,38,0.0,0.0,,,0,,,,0,1,297
State,id,2014,39,0.15015,0.15015,,,0,,,,1,2,666
State,id,2014,40,1.14723,1.14723,,,0,,,,30,9,2615
State,id,2014,41,1.28079,1.28079,,,0,,,,39,9,3045
State,id,2014,42,1.48213,1.48213,,,0,,,,51,10,3441
State,id,2014,43,0.863171,0.863171,,,0,,,,27,10,3128
State,id,2014,44,0.947587,0.947587,,,0,,,,32,10,3377
State,id,2014,45,2.12156,2.12156,,,0,,,,74,10,3488
State,id,2014,46,1.64349,1.64349,,,0,,,,52,10,3164
State,id,2014,47,2.19285,2.19285,,,0,,,,73,9,3329
State,id,2014,48,2.33489,2.33489,,,0,,,,70,10,2998
State,id,2014,49,2.44474,2.44474,,,0,,,,73,7,2986
State,id,2014,50,3.51259,3.51259,,,0,,,,113,10,3217
State,id,2014,51,4.98096,4.98096,,,0,,,,157,9,3152
State,id,2014,52,6.49795,6.49795,,,0,,,,190,9,2924
State,id,2014,53,7.98092,7.98092,,,0,,,,251,10,3145
State,id,2015,1,5.63751,5.63751,,,0,,,,214,10,3796
State,id,2015,2,5.98291,5.98291,,,0,,,,196,8,3276
State,id,2015,3,6.13566,6.13566,,,0,,,,218,10,3553
State,id,2015,4,5.7796,5.7796,,,0,,,,225,10,3893
State,id,2015,5,4.81706,4.81706,,,0,,,,183,9,3799
State,id,2015,6,3.92104,3.92104,,,0,,,,145,10,3698
State,id,2015,7,3.41506,3.41506,,,0,,,,117,10,3426
State,id,2015,8,2.99842,2.99842,,,0,,,,114,10,3802
State,id,2015,9,2.77553,2.77553,,,0,,,,103,10,3711
State,id,2015,10,3.04081,3.04081,,,0,,,,114,10,3749
State,id,2015,11,2.76409,2.76409,,,0,,,,101,10,3654
State,id,2015,12,2.27538,2.27538,,,0,,,,78,10,3428
State,id,2015,13,2.07191,2.07191,,,0,,,,68,9,3282
State,id,2015,14,2.11293,2.11293,,,0,,,,58,7,2745
State,id,2015,15,2.02255,2.02255,,,0,,,,61,9,3016
State,id,2015,16,2.08398,2.08398,,,0,,,,67,8,3215
State,id,2015,17,3.35893,3.35893,,,0,,,,105,8,3126
State,id,2015,18,1.81644,1.81644,,,0,,,,57,9,3138
State,id,2015,19,1.49573,1.49573,,,0,,,,35,7,2340
State,id,2015,20,2.56498,2.56498,,,0,,,,75,8,2924
State,id,2015,21,1.32333,1.32333,,,0,,,,30,6,2267
State,id,2015,22,0.768156,0.768156,,,0,,,,11,3,1432
State,id,2015,23,1.23457,1.23457,,,0,,,,16,3,1296
State,id,2015,24,0.349162,0.349162,,,0,,,,5,3,1432
State,id,2015,25,0.418118,0.418118,,,0,,,,6,3,1435
State,id,2015,26,0.363901,0.363901,,,0,,,,5,3,1374
State,id,2015,27,1.15646,1.15646,,,0,,,,17,3,1470
State,id,2015,28,0.510949,0.510949,,,0,,,,7,3,1370
State,id,2015,29,0.680272,0.680272,,,0,,,,9,3,1323
State,id,2015,30,0.336984,0.336984,,,0,,,,4,3,1187
State,id,2015,31,1.40969,1.40969,,,0,,,,16,3,1135
State,id,2015,32,0.262238,0.262238,,,0,,,,3,3,1144
State,id,2015,33,0.727651,0.727651,,,0,,,,7,2,962
State,id,2015,34,0.0,0.0,,,0,,,,0,2,973
State,id,2015,35,0.610998,0.610998,,,0,,,,6,3,982
State,id,2015,36,0.591716,0.591716,,,0,,,,6,2,1014
State,id,2015,37,0.0693001,0.0693001,,,0,,,,1,3,1443
State,id,2015,38,0.063012,0.063012,,,0,,,,1,3,1587
State,id,2015,39,0.30722,0.30722,,,0,,,,6,7,1953
State,id,2015,40,0.404263,0.404263,,,0,,,,11,8,2721
State,id,2015,41,0.354484,0.354484,,,0,,,,10,9,2821
State,id,2015,42,0.609989,0.609989,,,0,,,,16,8,2623
State,id,2015,43,0.576271,0.576271,,,0,,,,17,9,2950
State,id,2015,44,0.443383,0.443383,,,0,,,,13,10,2932
State,id,2015,45,0.673759,0.673759,,,0,,,,19,9,2820
State,id,2015,46,0.439932,0.439932,,,0,,,,13,9,2955
State,id,2015,47,1.07204,1.07204,,,0,,,,25,9,2332
State,id,2015,48,0.681431,0.681431,,,0,,,,20,9,2935
State,id,2015,49,0.43956,0.43956,,,0,,,,12,9,2730
State,id,2015,50,0.958702,0.958702,,,0,,,,26,9,2712
State,id,2015,51,0.441393,0.441393,,,0,,,,9,10,2039
State,id,2015,52,0.839944,0.839944,,,0,,,,18,9,2143
State,id,2016,1,1.48072,1.48072,,,0,,,,43,10,2904
State,id,2016,2,1.28824,1.28824,,,0,,,,32,8,2484
State,id,2016,3,1.2318,1.2318,,,0,,,,33,10,2679
State,id,2016,4,1.71334,1.71334,,,0,,,,52,10,3035
State,id,2016,5,2.32394,2.32394,,,0,,,,66,9,2840
State,id,2016,6,1.38484,1.38484,,,0,,,,38,9,2744
State,id,2016,7,2.25225,2.25225,,,0,,,,65,9,2886
State,id,2016,8,1.46189,1.46189,,,0,,,,42,8,2873
State,id,2016,9,1.79856,1.79856,,,0,,,,55,10,3058
State,id,2016,10,2.03507,2.03507,,,0,,,,65,10,3194
State,id,2016,11,2.4777,2.4777,,,0,,,,50,8,2018
State,id,2016,12,1.50134,1.50134,,,0,,,,28,9,1865
State,id,2016,13,1.43954,1.43954,,,0,,,,30,9,2084
State,id,2016,14,1.45847,1.45847,,,0,,,,23,8,1577
State,id,2016,15,0.742942,0.742942,,,0,,,,10,8,1346
State,id,2016,16,0.779221,0.779221,,,0,,,,15,8,1925
State,id,2016,17,0.771513,0.771513,,,0,,,,13,7,1685
State,id,2016,18,1.36452,1.36452,,,0,,,,21,8,1539
State,id,2016,19,0.857843,0.857843,,,0,,,,14,8,1632
State,id,2016,20,0.999231,0.999231,,,0,,,,13,6,1301
State,id,2016,21,0.185185,0.185185,,,0,,,,1,4,540
State,id,2016,22,0.0,0.0,,,0,,,,0,2,292
State,id,2016,23,0.0,0.0,,,0,,,,0,2,398
State,id,2016,24,0.414365,0.414365,,,0,,,,3,3,724
State,id,2016,25,0.515464,0.515464,,,0,,,,3,2,582
State,id,2016,26,0.0,0.0,,,0,,,,0,1,297
State,id,2016,27,0.149031,0.149031,,,0,,,,1,2,671
State,id,2016,28,0.388601,0.388601,,,0,,,,3,2,772
State,id,2016,29,0.169779,0.169779,,,0,,,,1,2,589
State,id,2016,30,0.779727,0.779727,,,0,,,,4,2,513
State,id,2016,31,0.527241,0.527241,,,0,,,,3,2,569
State,id,2016,32,0.860215,0.860215,,,0,,,,4,2,465
State,id,2016,33,0.191571,0.191571,,,0,,,,1,2,522
State,id,2016,34,0.613497,0.613497,,,0,,,,3,2,489
State,id,2016,35,1.14379,1.14379,,,0,,,,7,2,612
State,id,2016,36,1.26316,1.26316,,,0,,,,6,2,475
State,id,2016,37,0.239234,0.239234,,,0,,,,2,2,836
State,id,2016,38,0.220872,0.220872,,,0,,,,4,3,1811
State,id,2016,39,0.0997506,0.0997506,,,0,,,,2,4,2005
State,id,2016,40,0.373552,0.373552,,,0,,,,10,8,2677
State,id,2016,41,0.32538,0.32538,,,0,,,,9,7,2766
State,id,2016,42,0.55991,0.55991,,,0,,,,10,7,1786
State,id,2016,43,0.791557,0.791557,,,0,,,,15,8,1895
State,id,2016,44,0.409417,0.409417,,,0,,,,8,7,1954
State,id,2016,45,0.662927,0.662927,,,0,,,,13,8,1961
State,id,2016,46,0.675676,0.675676,,,0,,,,13,8,1924
State,id,2016,47,0.75643,0.75643,,,0,,,,10,7,1322
State,id,2016,48,1.00264,1.00264,,,0,,,,19,5,1895
State,id,2016,49,0.691358,0.691358,,,0,,,,14,8,2025
State,id,2016,50,1.38484,1.38484,,,0,,,,19,7,1372
State,id,2016,51,1.21255,1.21255,,,0,,,,17,7,1402
State,id,2016,52,2.698,2.698,,,0,,,,31,7,1149
State,id,2017,1,1.75439,1.75439,,,0,,,,26,8,1482
State,id,2017,2,2.29383,2.29383,,,0,,,,42,7,1831
State,id,2017,3,2.75527,2.75527,,,0,,,,51,8,1851
State,id,2017,4,1.71112,1.71112,,,0,,,,34,7,1987
State,id,2017,5,1.69492,1.69492,,,0,,,,34,7,2006
State,id,2017,6,1.76899,1.76899,,,0,,,,34,8,1922
State,id,2017,7,1.99601,1.99601,,,0,,,,40,8,2004
State,id,2017,8,1.48699,1.48699,,,0,,,,28,7,1883
State,id,2017,9,1.06332,1.06332,,,0,,,,22,8,2069
State,id,2017,10,1.47433,1.47433,,,0,,,,29,8,1967
State,id,2017,11,1.08268,1.08268,,,0,,,,22,8,2032
State,id,2017,12,0.583771,0.583771,,,0,,,,10,8,1713
State,id,2017,13,0.554017,0.554017,,,0,,,,10,7,1805
State,id,2017,14,0.592353,0.592353,,,0,,,,11,8,1857
State,id,2017,15,0.744753,0.744753,,,0,,,,11,8,1477
State,id,2017,16,0.282805,0.282805,,,0,,,,5,8,1768
State,id,2017,17,0.616592,0.616592,,,0,,,,11,7,1784
State,id,2017,18,0.79023,0.79023,,,0,,,,11,5,1392
State,id,2017,19,0.455433,0.455433,,,0,,,,7,5,1537
State,id,2017,20,0.921053,0.921053,,,0,,,,14,5,1520
State,id,2017,21,0.120048,0.120048,,,0,,,,1,3,833
State,id,2017,22,0.0,0.0,,,0,,,,0,2,578
State,id,2017,23,0.0,0.0,,,0,,,,0,1,318
State,id,2017,24,0.0,0.0,,,0,,,,0,1,303
State,id,2017,25,0.0,0.0,,,0,,,,0,1,274
State,id,2017,26,0.0,0.0,,,0,,,,0,1,272
State,id,2017,27,0.0,0.0,,,0,,,,0,1,175
State,id,2017,28,0.0,0.0,,,0,,,,0,1,270
State,id,2017,29,0.0,0.0,,,0,,,,0,1,176
State,id,2017,30,0.0,0.0,,,0,,,,0,1,34
State,id,2017,31,0.0,0.0,,,0,,,,0,1,91
State,id,2017,32,0.0,0.0,,,0,,,,0,1,70
State,id,2017,33,0.0,0.0,,,0,,,,0,1,84
State,id,2017,34,0.0,0.0,,,0,,,,0,1,71
State,id,2017,35,0.0,0.0,,,0,,,,0,1,104
State,id,2017,36,0.0,0.0,,,0,,,,0,1,84
State,id,2017,37,0.0,0.0,,,0,,,,0,1,264
State,id,2017,38,0.0,0.0,,,0,,,,0,1,298
State,id,2017,39,0.0,0.0,,,0,,,,0,2,323
State,id,2017,40,0.165289,0.165289,,,0,,,,2,5,1210
State,id,2017,41,0.441176,0.441176,,,0,,,,6,6,1360
State,id,2017,42,0.367647,0.367647,,,0,,,,5,6,1360
State,id,2017,43,0.444162,0.444162,,,0,,,,7,7,1576
State,id,2017,44,0.948167,0.948167,,,0,,,,15,7,1582
State,id,2017,45,0.530705,0.530705,,,0,,,,7,7,1319
State,id,2017,46,0.646088,0.646088,,,0,,,,9,6,1393
State,id,2017,47,1.19205,1.19205,,,0,,,,9,6,755
State,id,2017,48,1.21858,1.21858,,,0,,,,16,5,1313
State,id,2017,49,1.14329,1.14329,,,0,,,,15,6,1312
State,id,2017,50,0.774336,0.774336,,,0,,,,7,5,904
State,id,2017,51,2.0219,2.0219,,,0,,,,24,7,1187
State,id,2017,52,1.37276,1.37276,,,0,,,,13,7,947
State,il,2010,40,1.28205,1.28205,,,0,,,,505,74,39390
State,il,2010,41,1.45089,1.45089,,,0,,,,600,76,41354
State,il,2010,42,1.56607,1.56607,,,0,,,,644,76,41122
State,il,2010,43,1.45762,1.45762,,,0,,,,623,79,42741
State,il,2010,44,1.4893,1.4893,,,0,,,,625,79,41966
State,il,2010,45,1.55392,1.55392,,,0,,,,651,80,41894
State,il,2010,46,1.63242,1.63242,,,0,,,,661,79,40492
State,il,2010,47,1.81669,1.81669,,,0,,,,622,78,34238
State,il,2010,48,1.62132,1.62132,,,0,,,,659,79,40646
State,il,2010,49,1.85288,1.85288,,,0,,,,732,79,39506
State,il,2010,50,2.05097,2.05097,,,0,,,,775,80,37787
State,il,2010,51,3.09033,3.09033,,,0,,,,1039,79,33621
State,il,2010,52,3.55156,3.55156,,,0,,,,1251,76,35224
State,il,2011,1,2.99071,2.99071,,,0,,,,1172,78,39188
State,il,2011,2,3.28357,3.28357,,,0,,,,1280,79,38982
State,il,2011,3,4.03462,4.03462,,,0,,,,1664,79,41243
State,il,2011,4,4.71879,4.71879,,,0,,,,1991,77,42193
State,il,2011,5,4.9683,4.9683,,,0,,,,1857,76,37377
State,il,2011,6,4.23328,4.23328,,,0,,,,1774,77,41906
State,il,2011,7,4.04362,4.04362,,,0,,,,1739,76,43006
State,il,2011,8,3.85922,3.85922,,,0,,,,1568,74,40630
State,il,2011,9,3.6953,3.6953,,,0,,,,1579,77,42730
State,il,2011,10,3.19015,3.19015,,,0,,,,1345,76,42161
State,il,2011,11,3.373,3.373,,,0,,,,1284,74,38067
State,il,2011,12,2.63603,2.63603,,,0,,,,1045,74,39643
State,il,2011,13,2.55181,2.55181,,,0,,,,985,71,38600
State,il,2011,14,2.15318,2.15318,,,0,,,,851,71,39523
State,il,2011,15,1.57063,1.57063,,,0,,,,616,71,39220
State,il,2011,16,1.72191,1.72191,,,0,,,,640,69,37168
State,il,2011,17,1.52495,1.52495,,,0,,,,526,66,34493
State,il,2011,18,1.34804,1.34804,,,0,,,,479,67,35533
State,il,2011,19,1.59068,1.59068,,,0,,,,575,67,36148
State,il,2011,20,1.19695,1.19695,,,0,,,,392,63,32750
State,il,2011,21,1.23846,1.23846,,,0,,,,381,59,30764
State,il,2011,22,1.68385,1.68385,,,0,,,,516,57,30644
State,il,2011,23,1.2613,1.2613,,,0,,,,392,57,31079
State,il,2011,24,1.10723,1.10723,,,0,,,,311,55,28088
State,il,2011,25,1.06486,1.06486,,,0,,,,307,55,28830
State,il,2011,26,1.24786,1.24786,,,0,,,,379,56,30372
State,il,2011,27,1.5216,1.5216,,,0,,,,372,52,24448
State,il,2011,28,0.822823,0.822823,,,0,,,,244,52,29654
State,il,2011,29,1.14027,1.14027,,,0,,,,335,52,29379
State,il,2011,30,1.18249,1.18249,,,0,,,,356,52,30106
State,il,2011,31,1.39115,1.39115,,,0,,,,351,51,25231
State,il,2011,32,1.01159,1.01159,,,0,,,,316,52,31238
State,il,2011,33,1.14914,1.14914,,,0,,,,370,52,32198
State,il,2011,34,1.21631,1.21631,,,0,,,,398,52,32722
State,il,2011,35,1.3125,1.3125,,,0,,,,431,52,32838
State,il,2011,36,1.41258,1.41258,,,0,,,,448,53,31715
State,il,2011,37,1.33621,1.33621,,,0,,,,439,53,32854
State,il,2011,38,1.93042,1.93042,,,0,,,,541,52,28025
State,il,2011,39,1.53657,1.53657,,,0,,,,512,54,33321
State,il,2011,40,1.83997,1.83997,,,0,,,,886,88,48153
State,il,2011,41,1.64447,1.64447,,,0,,,,794,89,48283
State,il,2011,42,1.65353,1.65353,,,0,,,,755,87,45660
State,il,2011,43,1.69384,1.69384,,,0,,,,772,89,45577
State,il,2011,44,1.7088,1.7088,,,0,,,,797,91,46641
State,il,2011,45,1.64647,1.64647,,,0,,,,742,91,45066
State,il,2011,46,1.76848,1.76848,,,0,,,,819,92,46311
State,il,2011,47,2.03392,2.03392,,,0,,,,783,92,38497
State,il,2011,48,1.71415,1.71415,,,0,,,,772,91,45037
State,il,2011,49,1.62628,1.62628,,,0,,,,694,90,42674
State,il,2011,50,2.09914,2.09914,,,0,,,,772,89,36777
State,il,2011,51,2.14258,2.14258,,,0,,,,840,89,39205
State,il,2011,52,2.68846,2.68846,,,0,,,,1020,87,37940
State,il,2012,1,2.20216,2.20216,,,0,,,,888,89,40324
State,il,2012,2,1.86664,1.86664,,,0,,,,830,89,44465
State,il,2012,3,2.08198,2.08198,,,0,,,,867,87,41643
State,il,2012,4,2.06257,2.06257,,,0,,,,948,86,45962
State,il,2012,5,2.4577,2.4577,,,0,,,,1136,88,46222
State,il,2012,6,2.40434,2.40434,,,0,,,,989,85,41134
State,il,2012,7,2.92657,2.92657,,,0,,,,1361,88,46505
State,il,2012,8,3.36853,3.36853,,,0,,,,1557,87,46222
State,il,2012,9,3.38003,3.38003,,,0,,,,1561,85,46183
State,il,2012,10,3.94913,3.94913,,,0,,,,1829,81,46314
State,il,2012,11,4.66875,4.66875,,,0,,,,2074,83,44423
State,il,2012,12,3.37912,3.37912,,,0,,,,1562,81,46225
State,il,2012,13,2.44384,2.44384,,,0,,,,1077,78,44070
State,il,2012,14,2.32242,2.32242,,,0,,,,1009,77,43446
State,il,2012,15,2.2553,2.2553,,,0,,,,962,75,42655
State,il,2012,16,1.98418,1.98418,,,0,,,,863,75,43494
State,il,2012,17,1.93371,1.93371,,,0,,,,839,73,43388
State,il,2012,18,1.79573,1.79573,,,0,,,,749,75,41710
State,il,2012,19,1.38429,1.38429,,,0,,,,544,71,39298
State,il,2012,20,1.41021,1.41021,,,0,,,,542,70,38434
State,il,2012,21,1.41798,1.41798,,,0,,,,482,56,33992
State,il,2012,22,1.50898,1.50898,,,0,,,,511,68,33864
State,il,2012,23,1.40542,1.40542,,,0,,,,490,68,34865
State,il,2012,24,1.10976,1.10976,,,0,,,,374,61,33701
State,il,2012,25,1.15051,1.15051,,,0,,,,389,61,33811
State,il,2012,26,1.20623,1.20623,,,0,,,,402,60,33327
State,il,2012,27,1.24848,1.24848,,,0,,,,369,58,29556
State,il,2012,28,1.18019,1.18019,,,0,,,,396,59,33554
State,il,2012,29,1.19658,1.19658,,,0,,,,397,56,33178
State,il,2012,30,1.22362,1.22362,,,0,,,,429,65,35060
State,il,2012,31,1.58305,1.58305,,,0,,,,490,71,30953
State,il,2012,32,1.27548,1.27548,,,0,,,,378,69,29636
State,il,2012,33,1.19505,1.19505,,,0,,,,442,70,36986
State,il,2012,34,1.34114,1.34114,,,0,,,,518,72,38624
State,il,2012,35,1.47584,1.47584,,,0,,,,579,73,39232
State,il,2012,36,1.59901,1.59901,,,0,,,,503,64,31457
State,il,2012,37,1.66453,1.66453,,,0,,,,687,73,41273
State,il,2012,38,1.63744,1.63744,,,0,,,,607,72,37070
State,il,2012,39,1.65217,1.65217,,,0,,,,644,74,38979
State,il,2012,40,1.58214,1.58214,,,0,,,,696,84,43991
State,il,2012,41,1.69269,1.69269,,,0,,,,734,83,43363
State,il,2012,42,1.71016,1.71016,,,0,,,,789,86,46136
State,il,2012,43,1.72181,1.72181,,,0,,,,765,83,44430
State,il,2012,44,1.89033,1.89033,,,0,,,,836,83,44225
State,il,2012,45,2.02857,2.02857,,,0,,,,923,85,45500
State,il,2012,46,1.99806,1.99806,,,0,,,,885,84,44293
State,il,2012,47,2.32818,2.32818,,,0,,,,853,84,36638
State,il,2012,48,2.39121,2.39121,,,0,,,,1116,87,46671
State,il,2012,49,3.22268,3.22268,,,0,,,,1529,85,47445
State,il,2012,50,4.239,4.239,,,0,,,,1995,89,47063
State,il,2012,51,5.07826,5.07826,,,0,,,,2271,85,44720
State,il,2012,52,6.27165,6.27165,,,0,,,,2227,83,35509
State,il,2013,1,5.05566,5.05566,,,0,,,,1903,81,37641
State,il,2013,2,4.34811,4.34811,,,0,,,,2008,86,46181
State,il,2013,3,3.88902,3.88902,,,0,,,,1790,88,46027
State,il,2013,4,3.54367,3.54367,,,0,,,,1500,86,42329
State,il,2013,5,3.50275,3.50275,,,0,,,,1572,84,44879
State,il,2013,6,3.12585,3.12585,,,0,,,,1381,84,44180
State,il,2013,7,3.05967,3.05967,,,0,,,,1282,80,41900
State,il,2013,8,2.55517,2.55517,,,0,,,,1064,83,41641
State,il,2013,9,2.81471,2.81471,,,0,,,,1194,82,42420
State,il,2013,10,2.62175,2.62175,,,0,,,,1102,82,42033
State,il,2013,11,3.03716,3.03716,,,0,,,,1073,78,35329
State,il,2013,12,2.64034,2.64034,,,0,,,,1039,79,39351
State,il,2013,13,2.44904,2.44904,,,0,,,,954,78,38954
State,il,2013,14,2.31881,2.31881,,,0,,,,932,76,40193
State,il,2013,15,1.89672,1.89672,,,0,,,,746,76,39331
State,il,2013,16,1.82598,1.82598,,,0,,,,724,76,39650
State,il,2013,17,1.69867,1.69867,,,0,,,,705,79,41503
State,il,2013,18,1.64719,1.64719,,,0,,,,678,80,41161
State,il,2013,19,1.61373,1.61373,,,0,,,,664,80,41147
State,il,2013,20,1.89015,1.89015,,,0,,,,647,79,34230
State,il,2013,21,1.42293,1.42293,,,0,,,,526,76,36966
State,il,2013,22,1.58659,1.58659,,,0,,,,531,77,33468
State,il,2013,23,1.57555,1.57555,,,0,,,,585,76,37130
State,il,2013,24,1.64654,1.64654,,,0,,,,499,74,30306
State,il,2013,25,1.37145,1.37145,,,0,,,,473,74,34489
State,il,2013,26,1.21819,1.21819,,,0,,,,428,72,35134
State,il,2013,27,1.17423,1.17423,,,0,,,,370,72,31510
State,il,2013,28,1.16156,1.16156,,,0,,,,418,72,35986
State,il,2013,29,0.96345,0.96345,,,0,,,,344,70,35705
State,il,2013,30,0.991386,0.991386,,,0,,,,366,75,36918
State,il,2013,31,0.949602,0.949602,,,0,,,,332,70,34962
State,il,2013,32,0.902903,0.902903,,,0,,,,321,71,35552
State,il,2013,33,1.07404,1.07404,,,0,,,,385,70,35846
State,il,2013,34,0.941708,0.941708,,,0,,,,363,71,38547
State,il,2013,35,1.03193,1.03193,,,0,,,,383,68,37115
State,il,2013,36,1.18983,1.18983,,,0,,,,439,72,36896
State,il,2013,37,1.37006,1.37006,,,0,,,,560,75,40874
State,il,2013,38,1.45643,1.45643,,,0,,,,578,72,39686
State,il,2013,39,1.43988,1.43988,,,0,,,,562,71,39031
State,il,2013,40,1.41144,1.41144,,,0,,,,859,105,60860
State,il,2013,41,1.52682,1.52682,,,0,,,,932,107,61042
State,il,2013,42,1.60253,1.60253,,,0,,,,937,103,58470
State,il,2013,43,1.73267,1.73267,,,0,,,,1036,101,59792
State,il,2013,44,1.84818,1.84818,,,0,,,,1072,101,58003
State,il,2013,45,1.79131,1.79131,,,0,,,,1069,104,59677
State,il,2013,46,1.80678,1.80678,,,0,,,,1060,103,58668
State,il,2013,47,1.93023,1.93023,,,0,,,,1095,104,56729
State,il,2013,48,2.33875,2.33875,,,0,,,,1012,103,43271
State,il,2013,49,2.38091,2.38091,,,0,,,,1371,103,57583
State,il,2013,50,2.78107,2.78107,,,0,,,,1337,102,48075
State,il,2013,51,3.00035,3.00035,,,0,,,,1627,101,54227
State,il,2013,52,4.50831,4.50831,,,0,,,,1920,102,42588
State,il,2014,1,4.44242,4.44242,,,0,,,,1995,101,44908
State,il,2014,2,3.44904,3.44904,,,0,,,,1716,107,49753
State,il,2014,3,2.99557,2.99557,,,0,,,,1712,103,57151
State,il,2014,4,2.81371,2.81371,,,0,,,,1538,109,54661
State,il,2014,5,2.31313,2.31313,,,0,,,,1240,107,53607
State,il,2014,6,2.09311,2.09311,,,0,,,,1120,108,53509
State,il,2014,7,2.02027,2.02027,,,0,,,,1146,107,56725
State,il,2014,8,2.07339,2.07339,,,0,,,,1182,107,57008
State,il,2014,9,2.04208,2.04208,,,0,,,,1186,107,58078
State,il,2014,10,1.849,1.849,,,0,,,,1033,106,55868
State,il,2014,11,1.98314,1.98314,,,0,,,,1101,104,55518
State,il,2014,12,1.75208,1.75208,,,0,,,,975,104,55648
State,il,2014,13,2.03628,2.03628,,,0,,,,1126,103,55297
State,il,2014,14,1.96344,1.96344,,,0,,,,1158,107,58978
State,il,2014,15,1.95187,1.95187,,,0,,,,1181,104,60506
State,il,2014,16,1.78886,1.78886,,,0,,,,1006,99,56237
State,il,2014,17,1.86204,1.86204,,,0,,,,1093,102,58699
State,il,2014,18,1.7144,1.7144,,,0,,,,956,97,55763
State,il,2014,19,1.99132,1.99132,,,0,,,,1055,95,52980
State,il,2014,20,1.63255,1.63255,,,0,,,,808,95,49493
State,il,2014,21,1.73257,1.73257,,,0,,,,794,85,45828
State,il,2014,22,1.56121,1.56121,,,0,,,,757,91,48488
State,il,2014,23,1.48708,1.48708,,,0,,,,761,90,51174
State,il,2014,24,1.42806,1.42806,,,0,,,,678,82,47477
State,il,2014,25,1.40261,1.40261,,,0,,,,660,81,47055
State,il,2014,26,1.08399,1.08399,,,0,,,,461,77,42528
State,il,2014,27,0.875356,0.875356,,,0,,,,347,65,39641
State,il,2014,28,0.898938,0.898938,,,0,,,,392,69,43607
State,il,2014,29,0.826602,0.826602,,,0,,,,351,66,42463
State,il,2014,30,0.788524,0.788524,,,0,,,,343,68,43499
State,il,2014,31,0.770412,0.770412,,,0,,,,331,67,42964
State,il,2014,32,0.810804,0.810804,,,0,,,,338,64,41687
State,il,2014,33,0.79646,0.79646,,,0,,,,351,68,44070
State,il,2014,34,0.993506,0.993506,,,0,,,,410,63,41268
State,il,2014,35,0.850544,0.850544,,,0,,,,362,65,42561
State,il,2014,36,1.17051,1.17051,,,0,,,,559,82,47757
State,il,2014,37,1.87919,1.87919,,,0,,,,984,82,52363
State,il,2014,38,1.80433,1.80433,,,0,,,,966,83,53538
State,il,2014,39,1.59832,1.59832,,,0,,,,801,82,50115
State,il,2014,40,1.47637,1.47637,,,0,,,,853,93,57777
State,il,2014,41,1.4802,1.4802,,,0,,,,831,93,56141
State,il,2014,42,1.64143,1.64143,,,0,,,,929,94,56597
State,il,2014,43,1.59675,1.59675,,,0,,,,899,93,56302
State,il,2014,44,1.74722,1.74722,,,0,,,,979,96,56032
State,il,2014,45,1.95543,1.95543,,,0,,,,1109,96,56714
State,il,2014,46,2.16649,2.16649,,,0,,,,1212,96,55943
State,il,2014,47,2.55336,2.55336,,,0,,,,1378,91,53968
State,il,2014,48,3.8006,3.8006,,,0,,,,1810,97,47624
State,il,2014,49,4.50272,4.50272,,,0,,,,2687,98,59675
State,il,2014,50,5.69394,5.69394,,,0,,,,3463,98,60819
State,il,2014,51,5.97552,5.97552,,,0,,,,3569,98,59727
State,il,2014,52,5.59515,5.59515,,,0,,,,2308,90,41250
State,il,2014,53,4.32647,4.32647,,,0,,,,2035,95,47036
State,il,2015,1,3.07323,3.07323,,,0,,,,1397,93,45457
State,il,2015,2,2.31324,2.31324,,,0,,,,1120,93,48417
State,il,2015,3,2.21313,2.21313,,,0,,,,1158,93,52324
State,il,2015,4,2.28888,2.28888,,,0,,,,1153,81,50374
State,il,2015,5,2.34961,2.34961,,,0,,,,1030,77,43837
State,il,2015,6,2.37306,2.37306,,,0,,,,1288,89,54276
State,il,2015,7,2.37467,2.37467,,,0,,,,1232,95,51881
State,il,2015,8,2.41691,2.41691,,,0,,,,1285,92,53167
State,il,2015,9,2.60679,2.60679,,,0,,,,1359,91,52133
State,il,2015,10,2.62478,2.62478,,,0,,,,1484,91,56538
State,il,2015,11,2.80325,2.80325,,,0,,,,1562,92,55721
State,il,2015,12,2.92099,2.92099,,,0,,,,1549,94,53030
State,il,2015,13,2.87552,2.87552,,,0,,,,1547,94,53799
State,il,2015,14,2.45215,2.45215,,,0,,,,1358,91,55380
State,il,2015,15,2.02342,2.02342,,,0,,,,1142,95,56439
State,il,2015,16,1.85577,1.85577,,,0,,,,922,88,49683
State,il,2015,17,1.75137,1.75137,,,0,,,,937,92,53501
State,il,2015,18,1.63577,1.63577,,,0,,,,878,92,53675
State,il,2015,19,1.50995,1.50995,,,0,,,,752,84,49803
State,il,2015,20,1.49161,1.49161,,,0,,,,742,87,49745
State,il,2015,21,1.28484,1.28484,,,0,,,,562,85,43741
State,il,2015,22,1.39058,1.39058,,,0,,,,558,76,40127
State,il,2015,23,1.26708,1.26708,,,0,,,,521,79,41118
State,il,2015,24,1.07415,1.07415,,,0,,,,435,77,40497
State,il,2015,25,1.24446,1.24446,,,0,,,,548,78,44035
State,il,2015,26,1.11324,1.11324,,,0,,,,448,72,40243
State,il,2015,27,1.04587,1.04587,,,0,,,,435,69,41592
State,il,2015,28,1.02889,1.02889,,,0,,,,437,68,42473
State,il,2015,29,1.0008,1.0008,,,0,,,,415,65,41467
State,il,2015,30,1.06443,1.06443,,,0,,,,432,62,40585
State,il,2015,31,1.11983,1.11983,,,0,,,,438,61,39113
State,il,2015,32,0.987891,0.987891,,,0,,,,412,64,41705
State,il,2015,33,0.901366,0.901366,,,0,,,,384,61,42602
State,il,2015,34,1.0581,1.0581,,,0,,,,450,61,42529
State,il,2015,35,1.01978,1.01978,,,0,,,,428,61,41970
State,il,2015,36,1.22324,1.22324,,,0,,,,500,60,40875
State,il,2015,37,1.4677,1.4677,,,0,,,,643,63,43810
State,il,2015,38,1.42413,1.42413,,,0,,,,609,62,42763
State,il,2015,39,1.28036,1.28036,,,0,,,,542,63,42332
State,il,2015,40,1.63805,1.63805,,,0,,,,833,80,50853
State,il,2015,41,1.7586,1.7586,,,0,,,,908,80,51632
State,il,2015,42,1.6042,1.6042,,,0,,,,806,80,50243
State,il,2015,43,1.77543,1.77543,,,0,,,,842,76,47425
State,il,2015,44,1.79698,1.79698,,,0,,,,920,80,51197
State,il,2015,45,2.01816,2.01816,,,0,,,,1020,79,50541
State,il,2015,46,1.89498,1.89498,,,0,,,,978,81,51610
State,il,2015,47,2.04812,2.04812,,,0,,,,830,78,40525
State,il,2015,48,2.04212,2.04212,,,0,,,,1057,81,51760
State,il,2015,49,2.16111,2.16111,,,0,,,,1119,81,51779
State,il,2015,50,2.16723,2.16723,,,0,,,,1008,79,46511
State,il,2015,51,2.6622,2.6622,,,0,,,,1041,77,39103
State,il,2015,52,2.55183,2.55183,,,0,,,,1034,78,40520
State,il,2016,1,2.44474,2.44474,,,0,,,,1178,80,48185
State,il,2016,2,2.79141,2.79141,,,0,,,,1217,80,43598
State,il,2016,3,2.56198,2.56198,,,0,,,,1238,81,48322
State,il,2016,4,2.75204,2.75204,,,0,,,,1402,81,50944
State,il,2016,5,3.04572,3.04572,,,0,,,,1551,78,50924
State,il,2016,6,3.32896,3.32896,,,0,,,,1699,82,51037
State,il,2016,7,3.87532,3.87532,,,0,,,,2003,83,51686
State,il,2016,8,3.88773,3.88773,,,0,,,,1989,81,51161
State,il,2016,9,4.17069,4.17069,,,0,,,,2162,79,51838
State,il,2016,10,3.9101,3.9101,,,0,,,,2093,82,53528
State,il,2016,11,3.32867,3.32867,,,0,,,,1642,79,49329
State,il,2016,12,2.78787,2.78787,,,0,,,,1335,82,47886
State,il,2016,13,2.55401,2.55401,,,0,,,,1246,79,48786
State,il,2016,14,2.10069,2.10069,,,0,,,,1029,80,48984
State,il,2016,15,1.92583,1.92583,,,0,,,,955,79,49589
State,il,2016,16,1.79058,1.79058,,,0,,,,894,79,49928
State,il,2016,17,1.61378,1.61378,,,0,,,,800,78,49573
State,il,2016,18,1.39314,1.39314,,,0,,,,664,77,47662
State,il,2016,19,1.49228,1.49228,,,0,,,,699,75,46841
State,il,2016,20,1.41111,1.41111,,,0,,,,636,76,45071
State,il,2016,21,1.31884,1.31884,,,0,,,,540,69,40945
State,il,2016,22,1.3797,1.3797,,,0,,,,513,66,37182
State,il,2016,23,1.00205,1.00205,,,0,,,,395,64,39419
State,il,2016,24,0.861015,0.861015,,,0,,,,310,58,36004
State,il,2016,25,0.988571,0.988571,,,0,,,,346,58,35000
State,il,2016,26,1.16108,1.16108,,,0,,,,355,57,30575
State,il,2016,27,0.871479,0.871479,,,0,,,,289,53,33162
State,il,2016,28,0.833136,0.833136,,,0,,,,317,55,38049
State,il,2016,29,0.823299,0.823299,,,0,,,,307,56,37289
State,il,2016,30,0.787612,0.787612,,,0,,,,295,55,37455
State,il,2016,31,0.725307,0.725307,,,0,,,,267,55,36812
State,il,2016,32,0.685128,0.685128,,,0,,,,263,59,38387
State,il,2016,33,0.703667,0.703667,,,0,,,,275,59,39081
State,il,2016,34,0.846383,0.846383,,,0,,,,327,56,38635
State,il,2016,35,0.788131,0.788131,,,0,,,,315,55,39968
State,il,2016,36,1.03157,1.03157,,,0,,,,396,58,38388
State,il,2016,37,1.29281,1.29281,,,0,,,,516,60,39913
State,il,2016,38,1.17647,1.17647,,,0,,,,497,61,42245
State,il,2016,39,1.55404,1.55404,,,0,,,,623,60,40089
State,il,2016,40,1.29539,1.29539,,,0,,,,640,79,49406
State,il,2016,41,1.21637,1.21637,,,0,,,,571,77,46943
State,il,2016,42,1.48743,1.48743,,,0,,,,743,77,49952
State,il,2016,43,1.53786,1.53786,,,0,,,,742,80,48249
State,il,2016,44,1.66157,1.66157,,,0,,,,804,75,48388
State,il,2016,45,1.77498,1.77498,,,0,,,,827,80,46592
State,il,2016,46,1.87003,1.87003,,,0,,,,899,78,48074
State,il,2016,47,1.92035,1.92035,,,0,,,,744,77,38743
State,il,2016,48,1.75686,1.75686,,,0,,,,860,80,48951
State,il,2016,49,1.89146,1.89146,,,0,,,,894,81,47265
State,il,2016,50,2.09658,2.09658,,,0,,,,943,78,44978
State,il,2016,51,2.30118,2.30118,,,0,,,,978,81,42500
State,il,2016,52,3.06912,3.06912,,,0,,,,1234,77,40207
State,il,2017,1,2.82989,2.82989,,,0,,,,1267,80,44772
State,il,2017,2,2.88986,2.88986,,,0,,,,1350,79,46715
State,il,2017,3,2.98587,2.98587,,,0,,,,1448,79,48495
State,il,2017,4,3.222,3.222,,,0,,,,1640,82,50900
State,il,2017,5,3.58104,3.58104,,,0,,,,1810,81,50544
State,il,2017,6,4.36443,4.36443,,,0,,,,2297,81,52630
State,il,2017,7,4.76881,4.76881,,,0,,,,2435,81,51061
State,il,2017,8,4.56599,4.56599,,,0,,,,2284,79,50022
State,il,2017,9,3.52349,3.52349,,,0,,,,1743,79,49468
State,il,2017,10,3.61994,3.61994,,,0,,,,1759,81,48592
State,il,2017,11,3.18906,3.18906,,,0,,,,1450,79,45468
State,il,2017,12,3.10204,3.10204,,,0,,,,1440,79,46421
State,il,2017,13,2.73495,2.73495,,,0,,,,1348,78,49288
State,il,2017,14,2.35154,2.35154,,,0,,,,1169,79,49712
State,il,2017,15,1.60639,1.60639,,,0,,,,764,75,47560
State,il,2017,16,1.40298,1.40298,,,0,,,,676,74,48183
State,il,2017,17,1.40462,1.40462,,,0,,,,681,77,48483
State,il,2017,18,1.30381,1.30381,,,0,,,,617,75,47323
State,il,2017,19,1.52283,1.52283,,,0,,,,715,74,46952
State,il,2017,20,1.2583,1.2583,,,0,,,,576,75,45776
State,il,2017,21,1.22028,1.22028,,,0,,,,485,64,39745
State,il,2017,22,1.14586,1.14586,,,0,,,,417,61,36392
State,il,2017,23,1.03763,1.03763,,,0,,,,404,62,38935
State,il,2017,24,0.900231,0.900231,,,0,,,,339,59,37657
State,il,2017,25,0.873269,0.873269,,,0,,,,328,60,37560
State,il,2017,26,0.841253,0.841253,,,0,,,,293,58,34829
State,il,2017,27,0.671101,0.671101,,,0,,,,226,55,33676
State,il,2017,28,0.785296,0.785296,,,0,,,,276,52,35146
State,il,2017,29,0.708017,0.708017,,,0,,,,238,54,33615
State,il,2017,30,0.685727,0.685727,,,0,,,,242,52,35291
State,il,2017,31,0.723532,0.723532,,,0,,,,256,54,35382
State,il,2017,32,0.716609,0.716609,,,0,,,,249,53,34747
State,il,2017,33,0.739136,0.739136,,,0,,,,273,55,36935
State,il,2017,34,0.718894,0.718894,,,0,,,,263,54,36584
State,il,2017,35,0.785354,0.785354,,,0,,,,299,53,38072
State,il,2017,36,0.990154,0.990154,,,0,,,,354,55,35752
State,il,2017,37,1.20348,1.20348,,,0,,,,476,56,39552
State,il,2017,38,1.18339,1.18339,,,0,,,,469,57,39632
State,il,2017,39,1.17861,1.17861,,,0,,,,473,54,40132
State,il,2017,40,1.18308,1.18308,,,0,,,,571,79,48264
State,il,2017,41,1.27165,1.27165,,,0,,,,583,78,45846
State,il,2017,42,1.00391,1.00391,,,0,,,,485,81,48311
State,il,2017,43,1.13777,1.13777,,,0,,,,535,81,47022
State,il,2017,44,1.1868,1.1868,,,0,,,,549,79,46259
State,il,2017,45,1.35089,1.35089,,,0,,,,633,80,46858
State,il,2017,46,1.29322,1.29322,,,0,,,,610,80,47169
State,il,2017,47,1.55901,1.55901,,,0,,,,545,78,34958
State,il,2017,48,1.85926,1.85926,,,0,,,,906,81,48729
State,il,2017,49,1.99942,1.99942,,,0,,,,957,82,47864
State,il,2017,50,2.99869,2.99869,,,0,,,,1397,80,46587
State,il,2017,51,4.1977,4.1977,,,0,,,,1956,77,46597
State,il,2017,52,6.44354,6.44354,,,0,,,,2524,81,39171
State,in,2010,40,0.518962,0.518962,,,0,,,,65,44,12525
State,in,2010,41,0.653137,0.653137,,,0,,,,84,45,12861
State,in,2010,42,0.584346,0.584346,,,0,,,,76,45,13006
State,in,2010,43,0.581084,0.581084,,,0,,,,76,45,13079
State,in,2010,44,0.842254,0.842254,,,0,,,,107,42,12704
State,in,2010,45,0.752055,0.752055,,,0,,,,97,43,12898
State,in,2010,46,0.820837,0.820837,,,0,,,,104,42,12670
State,in,2010,47,0.795053,0.795053,,,0,,,,72,44,9056
State,in,2010,48,0.887189,0.887189,,,0,,,,109,43,12286
State,in,2010,49,0.949958,0.949958,,,0,,,,112,42,11790
State,in,2010,50,0.964187,0.964187,,,0,,,,98,41,10164
State,in,2010,51,1.36295,1.36295,,,0,,,,100,41,7337
State,in,2010,52,1.7327,1.7327,,,0,,,,136,41,7849
State,in,2011,1,1.75182,1.75182,,,0,,,,168,41,9590
State,in,2011,2,2.40376,2.40376,,,0,,,,256,41,10650
State,in,2011,3,4.38823,4.38823,,,0,,,,510,41,11622
State,in,2011,4,6.90447,6.90447,,,0,,,,902,40,13064
State,in,2011,5,6.7716,6.7716,,,0,,,,826,42,12198
State,in,2011,6,6.07211,6.07211,,,0,,,,832,41,13702
State,in,2011,7,5.97522,5.97522,,,0,,,,844,43,14125
State,in,2011,8,5.02345,5.02345,,,0,,,,664,42,13218
State,in,2011,9,3.80817,3.80817,,,0,,,,509,43,13366
State,in,2011,10,2.72749,2.72749,,,0,,,,342,41,12539
State,in,2011,11,2.05007,2.05007,,,0,,,,235,41,11463
State,in,2011,12,1.66513,1.66513,,,0,,,,217,42,13032
State,in,2011,13,0.984447,0.984447,,,0,,,,119,41,12088
State,in,2011,14,0.922334,0.922334,,,0,,,,107,40,11601
State,in,2011,15,0.581147,0.581147,,,0,,,,68,40,11701
State,in,2011,16,0.474655,0.474655,,,0,,,,53,40,11166
State,in,2011,17,0.513118,0.513118,,,0,,,,53,37,10329
State,in,2011,18,0.443973,0.443973,,,0,,,,46,38,10361
State,in,2011,19,0.683028,0.683028,,,0,,,,59,34,8638
State,in,2011,20,0.520077,0.520077,,,0,,,,43,34,8268
State,in,2011,21,0.458475,0.458475,,,0,,,,35,32,7634
State,in,2011,22,0.721805,0.721805,,,0,,,,48,31,6650
State,in,2011,23,0.432961,0.432961,,,0,,,,31,31,7160
State,in,2011,24,0.441631,0.441631,,,0,,,,30,31,6793
State,in,2011,25,0.310973,0.310973,,,0,,,,21,32,6753
State,in,2011,26,0.517443,0.517443,,,0,,,,31,31,5991
State,in,2011,27,0.44712,0.44712,,,0,,,,26,32,5815
State,in,2011,28,0.235651,0.235651,,,0,,,,14,29,5941
State,in,2011,29,0.298039,0.298039,,,0,,,,19,31,6375
State,in,2011,30,0.280987,0.280987,,,0,,,,18,30,6406
State,in,2011,31,0.212379,0.212379,,,0,,,,14,30,6592
State,in,2011,32,0.192864,0.192864,,,0,,,,12,28,6222
State,in,2011,33,0.240215,0.240215,,,0,,,,17,32,7077
State,in,2011,34,0.337634,0.337634,,,0,,,,28,32,8293
State,in,2011,35,0.327392,0.327392,,,0,,,,27,31,8247
State,in,2011,36,0.464989,0.464989,,,0,,,,34,30,7312
State,in,2011,37,0.382742,0.382742,,,0,,,,33,32,8622
State,in,2011,38,0.654159,0.654159,,,0,,,,53,30,8102
State,in,2011,39,0.850359,0.850359,,,0,,,,77,34,9055
State,in,2011,40,0.835991,0.835991,,,0,,,,97,44,11603
State,in,2011,41,1.1312,1.1312,,,0,,,,132,44,11669
State,in,2011,42,1.21314,1.21314,,,0,,,,130,43,10716
State,in,2011,43,1.06163,1.06163,,,0,,,,118,43,11115
State,in,2011,44,1.34108,1.34108,,,0,,,,150,43,11185
State,in,2011,45,1.12788,1.12788,,,0,,,,130,44,11526
State,in,2011,46,1.0255,1.0255,,,0,,,,115,43,11214
State,in,2011,47,1.10343,1.10343,,,0,,,,91,44,8247
State,in,2011,48,1.12444,1.12444,,,0,,,,120,43,10672
State,in,2011,49,1.11361,1.11361,,,0,,,,109,42,9788
State,in,2011,50,1.03663,1.03663,,,0,,,,103,43,9936
State,in,2011,51,1.12758,1.12758,,,0,,,,89,43,7893
State,in,2011,52,1.49254,1.49254,,,0,,,,109,43,7303
State,in,2012,1,1.06865,1.06865,,,0,,,,92,43,8609
State,in,2012,2,1.11591,1.11591,,,0,,,,106,42,9499
State,in,2012,3,0.972222,0.972222,,,0,,,,91,41,9360
State,in,2012,4,1.29289,1.29289,,,0,,,,133,42,10287
State,in,2012,5,1.38354,1.38354,,,0,,,,133,41,9613
State,in,2012,6,1.29026,1.29026,,,0,,,,125,40,9688
State,in,2012,7,1.11044,1.11044,,,0,,,,110,40,9906
State,in,2012,8,1.87577,1.87577,,,0,,,,183,39,9756
State,in,2012,9,1.76911,1.76911,,,0,,,,175,39,9892
State,in,2012,10,2.0077,2.0077,,,0,,,,193,38,9613
State,in,2012,11,2.44256,2.44256,,,0,,,,219,39,8966
State,in,2012,12,2.00895,2.00895,,,0,,,,193,39,9607
State,in,2012,13,1.6112,1.6112,,,0,,,,153,39,9496
State,in,2012,14,1.73466,1.73466,,,0,,,,145,39,8359
State,in,2012,15,1.03984,1.03984,,,0,,,,95,39,9136
State,in,2012,16,0.915862,0.915862,,,0,,,,91,40,9936
State,in,2012,17,0.713822,0.713822,,,0,,,,66,39,9246
State,in,2012,18,0.780267,0.780267,,,0,,,,62,35,7946
State,in,2012,19,0.735294,0.735294,,,0,,,,56,35,7616
State,in,2012,20,0.527395,0.527395,,,0,,,,36,35,6826
State,in,2012,21,0.502513,0.502513,,,0,,,,31,32,6169
State,in,2012,22,0.83968,0.83968,,,0,,,,43,30,5121
State,in,2012,23,0.315985,0.315985,,,0,,,,17,30,5380
State,in,2012,24,0.291705,0.291705,,,0,,,,16,29,5485
State,in,2012,25,0.367715,0.367715,,,0,,,,20,30,5439
State,in,2012,26,0.571767,0.571767,,,0,,,,29,30,5072
State,in,2012,27,0.484731,0.484731,,,0,,,,20,30,4126
State,in,2012,28,0.430954,0.430954,,,0,,,,23,30,5337
State,in,2012,29,0.345954,0.345954,,,0,,,,18,30,5203
State,in,2012,30,0.46906,0.46906,,,0,,,,26,30,5543
State,in,2012,31,0.672447,0.672447,,,0,,,,38,30,5651
State,in,2012,32,0.371025,0.371025,,,0,,,,21,30,5660
State,in,2012,33,0.42707,0.42707,,,0,,,,26,30,6088
State,in,2012,34,0.581649,0.581649,,,0,,,,40,29,6877
State,in,2012,35,0.639422,0.639422,,,0,,,,46,29,7194
State,in,2012,36,0.786276,0.786276,,,0,,,,55,29,6995
State,in,2012,37,0.669672,0.669672,,,0,,,,52,28,7765
State,in,2012,38,0.850362,0.850362,,,0,,,,67,29,7879
State,in,2012,39,0.571354,0.571354,,,0,,,,44,30,7701
State,in,2012,40,0.704945,0.704945,,,0,,,,69,42,9788
State,in,2012,41,0.646532,0.646532,,,0,,,,70,42,10827
State,in,2012,42,0.715717,0.715717,,,0,,,,75,42,10479
State,in,2012,43,0.506139,0.506139,,,0,,,,54,42,10669
State,in,2012,44,0.6508,0.6508,,,0,,,,70,42,10756
State,in,2012,45,1.00503,1.00503,,,0,,,,102,41,10149
State,in,2012,46,0.736934,0.736934,,,0,,,,76,40,10313
State,in,2012,47,1.02361,1.02361,,,0,,,,75,41,7327
State,in,2012,48,1.47923,1.47923,,,0,,,,151,41,10208
State,in,2012,49,2.41508,2.41508,,,0,,,,246,40,10186
State,in,2012,50,4.45092,4.45092,,,0,,,,458,40,10290
State,in,2012,51,5.22257,5.22257,,,0,,,,474,41,9076
State,in,2012,52,7.17515,7.17515,,,0,,,,492,41,6857
State,in,2013,1,4.39602,4.39602,,,0,,,,349,41,7939
State,in,2013,2,4.11404,4.11404,,,0,,,,469,41,11400
State,in,2013,3,4.82472,4.82472,,,0,,,,545,41,11296
State,in,2013,4,3.19107,3.19107,,,0,,,,326,40,10216
State,in,2013,5,3.50093,3.50093,,,0,,,,376,41,10740
State,in,2013,6,3.14203,3.14203,,,0,,,,346,41,11012
State,in,2013,7,2.63581,2.63581,,,0,,,,279,41,10585
State,in,2013,8,2.74562,2.74562,,,0,,,,287,40,10453
State,in,2013,9,2.59448,2.59448,,,0,,,,265,39,10214
State,in,2013,10,2.55328,2.55328,,,0,,,,248,40,9713
State,in,2013,11,2.39939,2.39939,,,0,,,,220,39,9169
State,in,2013,12,1.9318,1.9318,,,0,,,,196,39,10146
State,in,2013,13,1.52966,1.52966,,,0,,,,139,39,9087
State,in,2013,14,1.22368,1.22368,,,0,,,,111,39,9071
State,in,2013,15,1.05047,1.05047,,,0,,,,97,37,9234
State,in,2013,16,0.828228,0.828228,,,0,,,,73,37,8814
State,in,2013,17,0.608924,0.608924,,,0,,,,58,38,9525
State,in,2013,18,0.340216,0.340216,,,0,,,,29,37,8524
State,in,2013,19,0.433265,0.433265,,,0,,,,36,38,8309
State,in,2013,20,0.382653,0.382653,,,0,,,,30,38,7840
State,in,2013,21,0.408297,0.408297,,,0,,,,25,31,6123
State,in,2013,22,0.368664,0.368664,,,0,,,,20,31,5425
State,in,2013,23,0.386847,0.386847,,,0,,,,22,27,5687
State,in,2013,24,0.491642,0.491642,,,0,,,,25,30,5085
State,in,2013,25,0.228358,0.228358,,,0,,,,11,27,4817
State,in,2013,26,0.322451,0.322451,,,0,,,,16,29,4962
State,in,2013,27,0.453894,0.453894,,,0,,,,19,29,4186
State,in,2013,28,0.299018,0.299018,,,0,,,,14,27,4682
State,in,2013,29,0.295625,0.295625,,,0,,,,15,28,5074
State,in,2013,30,0.189934,0.189934,,,0,,,,10,29,5265
State,in,2013,31,0.245098,0.245098,,,0,,,,13,29,5304
State,in,2013,32,0.182017,0.182017,,,0,,,,10,28,5494
State,in,2013,33,0.41806,0.41806,,,0,,,,25,30,5980
State,in,2013,34,0.273973,0.273973,,,0,,,,18,29,6570
State,in,2013,35,0.349922,0.349922,,,0,,,,27,28,7716
State,in,2013,36,0.538401,0.538401,,,0,,,,34,27,6315
State,in,2013,37,0.377169,0.377169,,,0,,,,30,30,7954
State,in,2013,38,0.576142,0.576142,,,0,,,,44,29,7637
State,in,2013,39,0.654391,0.654391,,,0,,,,43,27,6571
State,in,2013,40,0.918555,0.918555,,,0,,,,90,38,9798
State,in,2013,41,0.89906,0.89906,,,0,,,,88,38,9788
State,in,2013,42,0.984087,0.984087,,,0,,,,94,38,9552
State,in,2013,43,1.11026,1.11026,,,0,,,,102,38,9187
State,in,2013,44,1.01808,1.01808,,,0,,,,98,38,9626
State,in,2013,45,1.12326,1.12326,,,0,,,,113,38,10060
State,in,2013,46,1.12862,1.12862,,,0,,,,111,38,9835
State,in,2013,47,1.02115,1.02115,,,0,,,,98,39,9597
State,in,2013,48,1.52973,1.52973,,,0,,,,97,40,6341
State,in,2013,49,1.27785,1.27785,,,0,,,,117,39,9156
State,in,2013,50,1.69102,1.69102,,,0,,,,147,38,8693
State,in,2013,51,2.95226,2.95226,,,0,,,,235,39,7960
State,in,2013,52,5.72125,5.72125,,,0,,,,305,39,5331
State,in,2014,1,4.01657,4.01657,,,0,,,,223,39,5552
State,in,2014,2,3.49933,3.49933,,,0,,,,208,39,5944
State,in,2014,3,2.98864,2.98864,,,0,,,,263,39,8800
State,in,2014,4,3.38857,3.38857,,,0,,,,274,39,8086
State,in,2014,5,3.04646,3.04646,,,0,,,,240,39,7878
State,in,2014,6,2.40204,2.40204,,,0,,,,198,39,8243
State,in,2014,7,1.94611,1.94611,,,0,,,,156,38,8016
State,in,2014,8,1.96205,1.96205,,,0,,,,152,37,7747
State,in,2014,9,1.77923,1.77923,,,0,,,,152,36,8543
State,in,2014,10,1.34899,1.34899,,,0,,,,116,37,8599
State,in,2014,11,1.33333,1.33333,,,0,,,,95,37,7125
State,in,2014,12,1.3592,1.3592,,,0,,,,117,37,8608
State,in,2014,13,0.919183,0.919183,,,0,,,,77,37,8377
State,in,2014,14,0.886968,0.886968,,,0,,,,78,36,8794
State,in,2014,15,0.567721,0.567721,,,0,,,,49,36,8631
State,in,2014,16,0.565355,0.565355,,,0,,,,50,36,8844
State,in,2014,17,0.616675,0.616675,,,0,,,,50,35,8108
State,in,2014,18,0.745033,0.745033,,,0,,,,63,35,8456
State,in,2014,19,0.647463,0.647463,,,0,,,,49,35,7568
State,in,2014,20,1.19117,1.19117,,,0,,,,82,35,6884
State,in,2014,21,0.647529,0.647529,,,0,,,,30,28,4633
State,in,2014,22,0.534158,0.534158,,,0,,,,19,27,3557
State,in,2014,23,0.517552,0.517552,,,0,,,,23,26,4444
State,in,2014,24,0.485973,0.485973,,,0,,,,22,24,4527
State,in,2014,25,0.376023,0.376023,,,0,,,,17,25,4521
State,in,2014,26,0.846468,0.846468,,,0,,,,29,23,3426
State,in,2014,27,0.347222,0.347222,,,0,,,,12,25,3456
State,in,2014,28,0.484076,0.484076,,,0,,,,19,24,3925
State,in,2014,29,0.120744,0.120744,,,0,,,,5,23,4141
State,in,2014,30,0.185917,0.185917,,,0,,,,8,23,4303
State,in,2014,31,0.561523,0.561523,,,0,,,,23,22,4096
State,in,2014,32,0.526778,0.526778,,,0,,,,24,23,4556
State,in,2014,33,0.491464,0.491464,,,0,,,,19,21,3866
State,in,2014,34,0.398062,0.398062,,,0,,,,23,24,5778
State,in,2014,35,0.369004,0.369004,,,0,,,,23,23,6233
State,in,2014,36,0.474244,0.474244,,,0,,,,29,23,6115
State,in,2014,37,0.484922,0.484922,,,0,,,,32,23,6599
State,in,2014,38,0.585097,0.585097,,,0,,,,34,22,5811
State,in,2014,39,0.459297,0.459297,,,0,,,,29,22,6314
State,in,2014,40,0.514369,0.514369,,,0,,,,46,35,8943
State,in,2014,41,0.791997,0.791997,,,0,,,,76,38,9596
State,in,2014,42,0.688047,0.688047,,,0,,,,59,36,8575
State,in,2014,43,0.755814,0.755814,,,0,,,,65,37,8600
State,in,2014,44,0.694664,0.694664,,,0,,,,66,38,9501
State,in,2014,45,0.829048,0.829048,,,0,,,,79,38,9529
State,in,2014,46,1.03026,1.03026,,,0,,,,95,37,9221
State,in,2014,47,1.86797,1.86797,,,0,,,,176,38,9422
State,in,2014,48,2.31533,2.31533,,,0,,,,126,38,5442
State,in,2014,49,3.45071,3.45071,,,0,,,,342,39,9911
State,in,2014,50,5.63278,5.63278,,,0,,,,543,38,9640
State,in,2014,51,7.04394,7.04394,,,0,,,,590,36,8376
State,in,2014,52,8.96499,8.96499,,,0,,,,466,37,5198
State,in,2014,53,5.2339,5.2339,,,0,,,,273,37,5216
State,in,2015,1,3.40893,3.40893,,,0,,,,239,36,7011
State,in,2015,2,3.31008,3.31008,,,0,,,,280,38,8459
State,in,2015,3,1.99163,1.99163,,,0,,,,176,39,8837
State,in,2015,4,1.77683,1.77683,,,0,,,,150,37,8442
State,in,2015,5,2.11786,2.11786,,,0,,,,184,38,8688
State,in,2015,6,1.92823,1.92823,,,0,,,,180,38,9335
State,in,2015,7,1.52127,1.52127,,,0,,,,128,37,8414
State,in,2015,8,1.25375,1.25375,,,0,,,,117,37,9332
State,in,2015,9,1.39993,1.39993,,,0,,,,118,38,8429
State,in,2015,10,2.06722,2.06722,,,0,,,,155,35,7498
State,in,2015,11,1.6775,1.6775,,,0,,,,142,37,8465
State,in,2015,12,1.28052,1.28052,,,0,,,,107,35,8356
State,in,2015,13,1.40811,1.40811,,,0,,,,115,34,8167
State,in,2015,14,1.33264,1.33264,,,0,,,,102,34,7654
State,in,2015,15,1.21816,1.21816,,,0,,,,99,34,8127
State,in,2015,16,0.874788,0.874788,,,0,,,,67,31,7659
State,in,2015,17,0.983243,0.983243,,,0,,,,71,32,7221
State,in,2015,18,0.669303,0.669303,,,0,,,,44,31,6574
State,in,2015,19,0.719424,0.719424,,,0,,,,40,30,5560
State,in,2015,20,0.590688,0.590688,,,0,,,,34,31,5756
State,in,2015,21,0.738477,0.738477,,,0,,,,29,28,3927
State,in,2015,22,0.463897,0.463897,,,0,,,,23,28,4958
State,in,2015,23,0.299103,0.299103,,,0,,,,12,27,4012
State,in,2015,24,0.6492,0.6492,,,0,,,,28,25,4313
State,in,2015,25,0.656685,0.656685,,,0,,,,25,25,3807
State,in,2015,26,0.679785,0.679785,,,0,,,,19,24,2795
State,in,2015,27,0.681886,0.681886,,,0,,,,23,23,3373
State,in,2015,28,0.245834,0.245834,,,0,,,,9,24,3661
State,in,2015,29,0.332396,0.332396,,,0,,,,13,23,3911
State,in,2015,30,0.28616,0.28616,,,0,,,,11,24,3844
State,in,2015,31,0.434227,0.434227,,,0,,,,17,24,3915
State,in,2015,32,0.599486,0.599486,,,0,,,,21,23,3503
State,in,2015,33,0.660418,0.660418,,,0,,,,31,21,4694
State,in,2015,34,0.874126,0.874126,,,0,,,,35,20,4004
State,in,2015,35,0.598679,0.598679,,,0,,,,29,21,4844
State,in,2015,36,0.86145,0.86145,,,0,,,,36,21,4179
State,in,2015,37,0.847637,0.847637,,,0,,,,40,21,4719
State,in,2015,38,1.11996,1.11996,,,0,,,,45,18,4018
State,in,2015,39,1.21769,1.21769,,,0,,,,49,18,4024
State,in,2015,40,0.923388,0.923388,,,0,,,,64,31,6931
State,in,2015,41,1.1695,1.1695,,,0,,,,79,30,6755
State,in,2015,42,1.07755,1.07755,,,0,,,,66,30,6125
State,in,2015,43,1.18121,1.18121,,,0,,,,85,30,7196
State,in,2015,44,1.10347,1.10347,,,0,,,,85,32,7703
State,in,2015,45,1.221,1.221,,,0,,,,80,30,6552
State,in,2015,46,1.19584,1.19584,,,0,,,,85,31,7108
State,in,2015,47,1.48581,1.48581,,,0,,,,56,31,3769
State,in,2015,48,0.891104,0.891104,,,0,,,,59,30,6621
State,in,2015,49,1.42664,1.42664,,,0,,,,95,30,6659
State,in,2015,50,1.85714,1.85714,,,0,,,,104,30,5600
State,in,2015,51,2.1843,2.1843,,,0,,,,64,31,2930
State,in,2015,52,2.54879,2.54879,,,0,,,,64,29,2511
State,in,2016,1,1.45969,1.45969,,,0,,,,65,31,4453
State,in,2016,2,0.945587,0.945587,,,0,,,,57,30,6028
State,in,2016,3,1.44479,1.44479,,,0,,,,84,30,5814
State,in,2016,4,1.56227,1.56227,,,0,,,,104,30,6657
State,in,2016,5,1.20893,1.20893,,,0,,,,78,28,6452
State,in,2016,6,1.50665,1.50665,,,0,,,,94,28,6239
State,in,2016,7,2.05432,2.05432,,,0,,,,118,28,5744
State,in,2016,8,2.7492,2.7492,,,0,,,,171,29,6220
State,in,2016,9,3.48604,3.48604,,,0,,,,226,29,6483
State,in,2016,10,4.73192,4.73192,,,0,,,,263,29,5558
State,in,2016,11,3.03411,3.03411,,,0,,,,169,26,5570
State,in,2016,12,2.26143,2.26143,,,0,,,,141,28,6235
State,in,2016,13,1.73858,1.73858,,,0,,,,110,27,6327
State,in,2016,14,1.46894,1.46894,,,0,,,,92,29,6263
State,in,2016,15,1.09926,1.09926,,,0,,,,67,28,6095
State,in,2016,16,1.34304,1.34304,,,0,,,,83,26,6180
State,in,2016,17,1.202,1.202,,,0,,,,77,29,6406
State,in,2016,18,0.852087,0.852087,,,0,,,,39,27,4577
State,in,2016,19,0.833754,0.833754,,,0,,,,33,27,3958
State,in,2016,20,1.1554,1.1554,,,0,,,,40,24,3462
State,in,2016,21,1.03506,1.03506,,,0,,,,31,19,2995
State,in,2016,22,0.701637,0.701637,,,0,,,,21,19,2993
State,in,2016,23,1.11572,1.11572,,,0,,,,35,19,3137
State,in,2016,24,1.12903,1.12903,,,0,,,,35,18,3100
State,in,2016,25,0.485942,0.485942,,,0,,,,14,18,2881
State,in,2016,26,0.209132,0.209132,,,0,,,,6,18,2869
State,in,2016,27,1.0159,1.0159,,,0,,,,23,18,2264
State,in,2016,28,0.66709,0.66709,,,0,,,,21,18,3148
State,in,2016,29,0.952057,0.952057,,,0,,,,28,16,2941
State,in,2016,30,0.620307,0.620307,,,0,,,,19,17,3063
State,in,2016,31,0.814941,0.814941,,,0,,,,24,19,2945
State,in,2016,32,0.624794,0.624794,,,0,,,,19,19,3041
State,in,2016,33,0.707362,0.707362,,,0,,,,27,19,3817
State,in,2016,34,1.36889,1.36889,,,0,,,,58,17,4237
State,in,2016,35,1.01838,1.01838,,,0,,,,41,15,4026
State,in,2016,36,0.506457,0.506457,,,0,,,,20,17,3949
State,in,2016,37,0.716432,0.716432,,,0,,,,31,16,4327
State,in,2016,38,0.41806,0.41806,,,0,,,,20,17,4784
State,in,2016,39,0.494199,0.494199,,,0,,,,23,16,4654
State,in,2016,40,0.999429,0.999429,,,0,,,,70,28,7004
State,in,2016,41,0.960952,0.960952,,,0,,,,63,27,6556
State,in,2016,42,0.573431,0.573431,,,0,,,,36,28,6278
State,in,2016,43,0.544438,0.544438,,,0,,,,37,27,6796
State,in,2016,44,1.11749,1.11749,,,0,,,,74,27,6622
State,in,2016,45,0.864731,0.864731,,,0,,,,56,26,6476
State,in,2016,46,0.560486,0.560486,,,0,,,,36,26,6423
State,in,2016,47,0.934816,0.934816,,,0,,,,37,26,3958
State,in,2016,48,0.93838,0.93838,,,0,,,,60,27,6394
State,in,2016,49,1.26388,1.26388,,,0,,,,74,27,5855
State,in,2016,50,1.55739,1.55739,,,0,,,,81,27,5201
State,in,2016,51,1.45357,1.45357,,,0,,,,49,25,3371
State,in,2016,52,3.36203,3.36203,,,0,,,,82,24,2439
State,in,2017,1,2.33485,2.33485,,,0,,,,82,26,3512
State,in,2017,2,2.00946,2.00946,,,0,,,,102,26,5076
State,in,2017,3,2.11557,2.11557,,,0,,,,108,25,5105
State,in,2017,4,3.42829,3.42829,,,0,,,,207,25,6038
State,in,2017,5,4.58925,4.58925,,,0,,,,281,26,6123
State,in,2017,6,4.71858,4.71858,,,0,,,,306,25,6485
State,in,2017,7,5.99604,5.99604,,,0,,,,363,24,6054
State,in,2017,8,5.26666,5.26666,,,0,,,,317,24,6019
State,in,2017,9,3.30212,3.30212,,,0,,,,201,26,6087
State,in,2017,10,5.10224,5.10224,,,0,,,,262,26,5135
State,in,2017,11,4.53867,4.53867,,,0,,,,213,26,4693
State,in,2017,12,3.23067,3.23067,,,0,,,,193,25,5974
State,in,2017,13,2.65469,2.65469,,,0,,,,136,24,5123
State,in,2017,14,2.61927,2.61927,,,0,,,,140,25,5345
State,in,2017,15,1.34363,1.34363,,,0,,,,80,26,5954
State,in,2017,16,1.3877,1.3877,,,0,,,,81,24,5837
State,in,2017,17,1.09235,1.09235,,,0,,,,66,25,6042
State,in,2017,18,0.994591,0.994591,,,0,,,,57,25,5731
State,in,2017,19,0.511073,0.511073,,,0,,,,21,22,4109
State,in,2017,20,0.464306,0.464306,,,0,,,,16,21,3446
State,in,2017,21,0.353357,0.353357,,,0,,,,11,19,3113
State,in,2017,22,0.352665,0.352665,,,0,,,,9,21,2552
State,in,2017,23,0.27881,0.27881,,,0,,,,9,17,3228
State,in,2017,24,0.231328,0.231328,,,0,,,,7,17,3026
State,in,2017,25,0.134093,0.134093,,,0,,,,4,16,2983
State,in,2017,26,0.0669568,0.0669568,,,0,,,,2,17,2987
State,in,2017,27,0.0923788,0.0923788,,,0,,,,2,17,2165
State,in,2017,28,0.215285,0.215285,,,0,,,,6,16,2787
State,in,2017,29,0.550585,0.550585,,,0,,,,16,16,2906
State,in,2017,30,0.42623,0.42623,,,0,,,,13,16,3050
State,in,2017,31,0.744096,0.744096,,,0,,,,23,17,3091
State,in,2017,32,1.11397,1.11397,,,0,,,,26,16,2334
State,in,2017,33,0.826993,0.826993,,,0,,,,25,16,3023
State,in,2017,34,1.00756,1.00756,,,0,,,,40,15,3970
State,in,2017,35,1.02041,1.02041,,,0,,,,44,17,4312
State,in,2017,36,1.28643,1.28643,,,0,,,,49,17,3809
State,in,2017,37,1.26242,1.26242,,,0,,,,47,16,3723
State,in,2017,38,1.23935,1.23935,,,0,,,,48,15,3873
State,in,2017,39,1.67845,1.67845,,,0,,,,57,14,3396
State,in,2017,40,1.35701,1.35701,,,0,,,,68,24,5011
State,in,2017,41,1.3458,1.3458,,,0,,,,59,24,4384
State,in,2017,42,1.34346,1.34346,,,0,,,,69,24,5136
State,in,2017,43,1.54462,1.54462,,,0,,,,81,23,5244
State,in,2017,44,1.72414,1.72414,,,0,,,,80,24,4640
State,in,2017,45,1.28018,1.28018,,,0,,,,70,25,5468
State,in,2017,46,1.01897,1.01897,,,0,,,,58,25,5692
State,in,2017,47,1.38593,1.38593,,,0,,,,39,24,2814
State,in,2017,48,2.04347,2.04347,,,0,,,,110,24,5383
State,in,2017,49,2.48435,2.48435,,,0,,,,127,24,5112
State,in,2017,50,2.30987,2.30987,,,0,,,,106,24,4589
State,in,2017,51,4.7195,4.7195,,,0,,,,159,24,3369
State,in,2017,52,7.84406,7.84406,,,0,,,,167,23,2129
State,ks,2010,40,0.442227,0.442227,,,0,,,,39,40,8819
State,ks,2010,41,0.57749,0.57749,,,0,,,,49,40,8485
State,ks,2010,42,0.47975,0.47975,,,0,,,,43,41,8963
State,ks,2010,43,0.538071,0.538071,,,0,,,,53,43,9850
State,ks,2010,44,0.481289,0.481289,,,0,,,,49,43,10181
State,ks,2010,45,0.724993,0.724993,,,0,,,,74,43,10207
State,ks,2010,46,0.595801,0.595801,,,0,,,,63,44,10574
State,ks,2010,47,0.890511,0.890511,,,0,,,,61,43,6850
State,ks,2010,48,0.719424,0.719424,,,0,,,,66,42,9174
State,ks,2010,49,0.828437,0.828437,,,0,,,,86,43,10381
State,ks,2010,50,0.8626,0.8626,,,0,,,,84,41,9738
State,ks,2010,51,0.968867,0.968867,,,0,,,,75,42,7741
State,ks,2010,52,1.36456,1.36456,,,0,,,,81,38,5936
State,ks,2011,1,1.05792,1.05792,,,0,,,,101,43,9547
State,ks,2011,2,1.06197,1.06197,,,0,,,,79,41,7439
State,ks,2011,3,1.60295,1.60295,,,0,,,,148,43,9233
State,ks,2011,4,2.84569,2.84569,,,0,,,,291,42,10226
State,ks,2011,5,3.31402,3.31402,,,0,,,,286,42,8630
State,ks,2011,6,3.19528,3.19528,,,0,,,,341,42,10672
State,ks,2011,7,3.72246,3.72246,,,0,,,,397,42,10665
State,ks,2011,8,3.39597,3.39597,,,0,,,,403,42,11867
State,ks,2011,9,3.08696,3.08696,,,0,,,,350,42,11338
State,ks,2011,10,2.50417,2.50417,,,0,,,,255,42,10183
State,ks,2011,11,1.76917,1.76917,,,0,,,,147,38,8309
State,ks,2011,12,1.55869,1.55869,,,0,,,,96,36,6159
State,ks,2011,13,1.13311,1.13311,,,0,,,,83,36,7325
State,ks,2011,14,0.892174,0.892174,,,0,,,,70,38,7846
State,ks,2011,15,0.616165,0.616165,,,0,,,,51,36,8277
State,ks,2011,16,0.562141,0.562141,,,0,,,,46,38,8183
State,ks,2011,17,0.688073,0.688073,,,0,,,,48,34,6976
State,ks,2011,18,0.4769,0.4769,,,0,,,,32,33,6710
State,ks,2011,19,0.424309,0.424309,,,0,,,,31,33,7306
State,ks,2011,20,0.638298,0.638298,,,0,,,,39,32,6110
State,ks,2011,21,0.667022,0.667022,,,0,,,,25,21,3748
State,ks,2011,22,0.517148,0.517148,,,0,,,,19,22,3674
State,ks,2011,23,0.465477,0.465477,,,0,,,,18,20,3867
State,ks,2011,24,0.152905,0.152905,,,0,,,,6,19,3924
State,ks,2011,25,0.38835,0.38835,,,0,,,,14,18,3605
State,ks,2011,26,0.107267,0.107267,,,0,,,,4,19,3729
State,ks,2011,27,0.109111,0.109111,,,0,,,,4,20,3666
State,ks,2011,28,0.0996016,0.0996016,,,0,,,,4,19,4016
State,ks,2011,29,0.40311,0.40311,,,0,,,,14,19,3473
State,ks,2011,30,0.344149,0.344149,,,0,,,,14,20,4068
State,ks,2011,31,0.192555,0.192555,,,0,,,,6,16,3116
State,ks,2011,32,0.208932,0.208932,,,0,,,,8,19,3829
State,ks,2011,33,0.0457352,0.0457352,,,0,,,,2,20,4373
State,ks,2011,34,0.263852,0.263852,,,0,,,,12,20,4548
State,ks,2011,35,0.419132,0.419132,,,0,,,,17,19,4056
State,ks,2011,36,0.869133,0.869133,,,0,,,,35,18,4027
State,ks,2011,37,0.981461,0.981461,,,0,,,,45,20,4585
State,ks,2011,38,0.590909,0.590909,,,0,,,,26,19,4400
State,ks,2011,39,0.88229,0.88229,,,0,,,,41,20,4647
State,ks,2011,40,0.908174,0.908174,,,0,,,,81,40,8919
State,ks,2011,41,0.815596,0.815596,,,0,,,,82,42,10054
State,ks,2011,42,0.762995,0.762995,,,0,,,,80,43,10485
State,ks,2011,43,0.892172,0.892172,,,0,,,,93,43,10424
State,ks,2011,44,0.761905,0.761905,,,0,,,,72,44,9450
State,ks,2011,45,0.796162,0.796162,,,0,,,,78,44,9797
State,ks,2011,46,0.607306,0.607306,,,0,,,,65,43,10703
State,ks,2011,47,0.952381,0.952381,,,0,,,,70,44,7350
State,ks,2011,48,0.649287,0.649287,,,0,,,,66,45,10165
State,ks,2011,49,0.743767,0.743767,,,0,,,,71,45,9546
State,ks,2011,50,0.97692,0.97692,,,0,,,,80,41,8189
State,ks,2011,51,0.915631,0.915631,,,0,,,,70,45,7645
State,ks,2011,52,1.23299,1.23299,,,0,,,,77,41,6245
State,ks,2012,1,0.76524,0.76524,,,0,,,,59,41,7710
State,ks,2012,2,0.957391,0.957391,,,0,,,,91,43,9505
State,ks,2012,3,1.2701,1.2701,,,0,,,,109,42,8582
State,ks,2012,4,1.07136,1.07136,,,0,,,,112,44,10454
State,ks,2012,5,1.52229,1.52229,,,0,,,,155,44,10182
State,ks,2012,6,2.17739,2.17739,,,0,,,,218,42,10012
State,ks,2012,7,2.66038,2.66038,,,0,,,,265,43,9961
State,ks,2012,8,3.12771,3.12771,,,0,,,,289,41,9240
State,ks,2012,9,3.30739,3.30739,,,0,,,,323,41,9766
State,ks,2012,10,3.43391,3.43391,,,0,,,,338,43,9843
State,ks,2012,11,2.64033,2.64033,,,0,,,,262,44,9923
State,ks,2012,12,1.77594,1.77594,,,0,,,,133,42,7489
State,ks,2012,13,1.04742,1.04742,,,0,,,,93,41,8879
State,ks,2012,14,0.927798,0.927798,,,0,,,,78,41,8407
State,ks,2012,15,0.453361,0.453361,,,0,,,,40,42,8823
State,ks,2012,16,0.463623,0.463623,,,0,,,,39,40,8412
State,ks,2012,17,0.389842,0.389842,,,0,,,,35,38,8978
State,ks,2012,18,0.355366,0.355366,,,0,,,,30,34,8442
State,ks,2012,19,0.280005,0.280005,,,0,,,,22,32,7857
State,ks,2012,20,0.255138,0.255138,,,0,,,,18,31,7055
State,ks,2012,21,0.267523,0.267523,,,0,,,,10,18,3738
State,ks,2012,22,0.178763,0.178763,,,0,,,,5,16,2797
State,ks,2012,23,0.115785,0.115785,,,0,,,,3,12,2591
State,ks,2012,24,0.11236,0.11236,,,0,,,,3,13,2670
State,ks,2012,25,0.0402414,0.0402414,,,0,,,,1,11,2485
State,ks,2012,26,0.0394477,0.0394477,,,0,,,,1,12,2535
State,ks,2012,27,0.171527,0.171527,,,0,,,,4,12,2332
State,ks,2012,28,0.107411,0.107411,,,0,,,,3,12,2793
State,ks,2012,29,0.0,0.0,,,0,,,,0,12,2568
State,ks,2012,30,0.159553,0.159553,,,0,,,,4,11,2507
State,ks,2012,31,0.1114,0.1114,,,0,,,,3,12,2693
State,ks,2012,32,0.0747384,0.0747384,,,0,,,,2,12,2676
State,ks,2012,33,0.068306,0.068306,,,0,,,,2,12,2928
State,ks,2012,34,0.192369,0.192369,,,0,,,,6,11,3119
State,ks,2012,35,0.090307,0.090307,,,0,,,,3,12,3322
State,ks,2012,36,0.181488,0.181488,,,0,,,,6,12,3306
State,ks,2012,37,0.220325,0.220325,,,0,,,,8,12,3631
State,ks,2012,38,0.19909,0.19909,,,0,,,,7,12,3516
State,ks,2012,39,0.0573394,0.0573394,,,0,,,,2,12,3488
State,ks,2012,40,0.635324,0.635324,,,0,,,,50,35,7870
State,ks,2012,41,0.752519,0.752519,,,0,,,,62,37,8239
State,ks,2012,42,1.09511,1.09511,,,0,,,,92,36,8401
State,ks,2012,43,0.793454,0.793454,,,0,,,,64,36,8066
State,ks,2012,44,1.6104,1.6104,,,0,,,,135,37,8383
State,ks,2012,45,1.11566,1.11566,,,0,,,,98,38,8784
State,ks,2012,46,0.907441,0.907441,,,0,,,,75,37,8265
State,ks,2012,47,1.03242,1.03242,,,0,,,,64,37,6199
State,ks,2012,48,1.22207,1.22207,,,0,,,,99,36,8101
State,ks,2012,49,2.35123,2.35123,,,0,,,,194,37,8251
State,ks,2012,50,2.59691,2.59691,,,0,,,,205,37,7894
State,ks,2012,51,3.44278,3.44278,,,0,,,,259,39,7523
State,ks,2012,52,5.95095,5.95095,,,0,,,,347,39,5831
State,ks,2013,1,6.10115,6.10115,,,0,,,,415,38,6802
State,ks,2013,2,4.76133,4.76133,,,0,,,,396,37,8317
State,ks,2013,3,6.03671,6.03671,,,0,,,,513,36,8498
State,ks,2013,4,5.46252,5.46252,,,0,,,,473,37,8659
State,ks,2013,5,6.11562,6.11562,,,0,,,,512,37,8372
State,ks,2013,6,5.38633,5.38633,,,0,,,,458,36,8503
State,ks,2013,7,3.79135,3.79135,,,0,,,,306,36,8071
State,ks,2013,8,3.48031,3.48031,,,0,,,,221,34,6350
State,ks,2013,9,2.04989,2.04989,,,0,,,,143,36,6976
State,ks,2013,10,1.75903,1.75903,,,0,,,,133,34,7561
State,ks,2013,11,1.04929,1.04929,,,0,,,,76,33,7243
State,ks,2013,12,0.938315,0.938315,,,0,,,,54,33,5755
State,ks,2013,13,0.613779,0.613779,,,0,,,,40,32,6517
State,ks,2013,14,0.452011,0.452011,,,0,,,,30,31,6637
State,ks,2013,15,0.551702,0.551702,,,0,,,,35,30,6344
State,ks,2013,16,0.157381,0.157381,,,0,,,,10,30,6354
State,ks,2013,17,0.209847,0.209847,,,0,,,,13,29,6195
State,ks,2013,18,0.298706,0.298706,,,0,,,,18,28,6026
State,ks,2013,19,0.246144,0.246144,,,0,,,,15,29,6094
State,ks,2013,20,0.209373,0.209373,,,0,,,,13,26,6209
State,ks,2013,21,0.199452,0.199452,,,0,,,,8,21,4011
State,ks,2013,22,0.333248,0.333248,,,0,,,,13,21,3901
State,ks,2013,23,0.217812,0.217812,,,0,,,,9,21,4132
State,ks,2013,24,0.173611,0.173611,,,0,,,,7,20,4032
State,ks,2013,25,0.191152,0.191152,,,0,,,,7,18,3662
State,ks,2013,26,0.153531,0.153531,,,0,,,,6,19,3908
State,ks,2013,27,0.183217,0.183217,,,0,,,,5,15,2729
State,ks,2013,28,0.0863558,0.0863558,,,0,,,,3,15,3474
State,ks,2013,29,0.158228,0.158228,,,0,,,,5,15,3160
State,ks,2013,30,0.0593648,0.0593648,,,0,,,,2,15,3369
State,ks,2013,31,0.0755572,0.0755572,,,0,,,,2,13,2647
State,ks,2013,32,0.14404,0.14404,,,0,,,,4,13,2777
State,ks,2013,33,0.172533,0.172533,,,0,,,,5,13,2898
State,ks,2013,34,0.122324,0.122324,,,0,,,,4,14,3270
State,ks,2013,35,0.295858,0.295858,,,0,,,,9,13,3042
State,ks,2013,36,0.334652,0.334652,,,0,,,,11,13,3287
State,ks,2013,37,0.159915,0.159915,,,0,,,,6,14,3752
State,ks,2013,38,0.269469,0.269469,,,0,,,,10,13,3711
State,ks,2013,39,0.284495,0.284495,,,0,,,,10,14,3515
State,ks,2013,40,0.333611,0.333611,,,0,,,,24,32,7194
State,ks,2013,41,0.600429,0.600429,,,0,,,,42,32,6995
State,ks,2013,42,0.572597,0.572597,,,0,,,,42,36,7335
State,ks,2013,43,0.927118,0.927118,,,0,,,,72,34,7766
State,ks,2013,44,0.990375,0.990375,,,0,,,,71,33,7169
State,ks,2013,45,1.12446,1.12446,,,0,,,,88,34,7826
State,ks,2013,46,0.736096,0.736096,,,0,,,,54,33,7336
State,ks,2013,47,1.29288,1.29288,,,0,,,,98,35,7580
State,ks,2013,48,1.19681,1.19681,,,0,,,,63,34,5264
State,ks,2013,49,1.33824,1.33824,,,0,,,,91,34,6800
State,ks,2013,50,1.70002,1.70002,,,0,,,,113,33,6647
State,ks,2013,51,2.76878,2.76878,,,0,,,,171,31,6176
State,ks,2013,52,5.97403,5.97403,,,0,,,,276,34,4620
State,ks,2014,1,5.3431,5.3431,,,0,,,,299,32,5596
State,ks,2014,2,4.56558,4.56558,,,0,,,,299,33,6549
State,ks,2014,3,5.70495,5.70495,,,0,,,,384,33,6731
State,ks,2014,4,5.28142,5.28142,,,0,,,,350,33,6627
State,ks,2014,5,4.66637,4.66637,,,0,,,,314,30,6729
State,ks,2014,6,2.98964,2.98964,,,0,,,,176,32,5887
State,ks,2014,7,2.26361,2.26361,,,0,,,,158,33,6980
State,ks,2014,8,2.19104,2.19104,,,0,,,,153,32,6983
State,ks,2014,9,2.09873,2.09873,,,0,,,,142,28,6766
State,ks,2014,10,1.4466,1.4466,,,0,,,,102,30,7051
State,ks,2014,11,1.8649,1.8649,,,0,,,,127,28,6810
State,ks,2014,12,1.21435,1.21435,,,0,,,,66,30,5435
State,ks,2014,13,0.657425,0.657425,,,0,,,,46,30,6997
State,ks,2014,14,0.862866,0.862866,,,0,,,,56,29,6490
State,ks,2014,15,0.557103,0.557103,,,0,,,,38,28,6821
State,ks,2014,16,0.59438,0.59438,,,0,,,,33,27,5552
State,ks,2014,17,0.630601,0.630601,,,0,,,,38,25,6026
State,ks,2014,18,0.561129,0.561129,,,0,,,,33,26,5881
State,ks,2014,19,0.513184,0.513184,,,0,,,,29,24,5651
State,ks,2014,20,0.584659,0.584659,,,0,,,,25,21,4276
State,ks,2014,21,0.202634,0.202634,,,0,,,,8,21,3948
State,ks,2014,22,0.369213,0.369213,,,0,,,,13,19,3521
State,ks,2014,23,0.112013,0.112013,,,0,,,,4,17,3571
State,ks,2014,24,0.205761,0.205761,,,0,,,,7,17,3402
State,ks,2014,25,0.262314,0.262314,,,0,,,,9,16,3431
State,ks,2014,26,0.0446429,0.0446429,,,0,,,,1,13,2240
State,ks,2014,27,0.0791452,0.0791452,,,0,,,,2,13,2527
State,ks,2014,28,0.167673,0.167673,,,0,,,,5,13,2982
State,ks,2014,29,0.253715,0.253715,,,0,,,,7,14,2759
State,ks,2014,30,0.174277,0.174277,,,0,,,,5,13,2869
State,ks,2014,31,0.434216,0.434216,,,0,,,,10,13,2303
State,ks,2014,32,0.458891,0.458891,,,0,,,,12,13,2615
State,ks,2014,33,0.249822,0.249822,,,0,,,,7,13,2802
State,ks,2014,34,0.107373,0.107373,,,0,,,,3,11,2794
State,ks,2014,35,0.375704,0.375704,,,0,,,,12,11,3194
State,ks,2014,36,0.551181,0.551181,,,0,,,,14,9,2540
State,ks,2014,37,0.931264,0.931264,,,0,,,,21,10,2255
State,ks,2014,38,0.786473,0.786473,,,0,,,,20,9,2543
State,ks,2014,39,0.885461,0.885461,,,0,,,,31,11,3501
State,ks,2014,40,0.498433,0.498433,,,0,,,,35,29,7022
State,ks,2014,41,0.600515,0.600515,,,0,,,,42,30,6994
State,ks,2014,42,0.875099,0.875099,,,0,,,,55,30,6285
State,ks,2014,43,0.922992,0.922992,,,0,,,,67,32,7259
State,ks,2014,44,0.78125,0.78125,,,0,,,,47,29,6016
State,ks,2014,45,1.01807,1.01807,,,0,,,,71,31,6974
State,ks,2014,46,1.18789,1.18789,,,0,,,,82,31,6903
State,ks,2014,47,1.82328,1.82328,,,0,,,,130,31,7130
State,ks,2014,48,2.21992,2.21992,,,0,,,,107,31,4820
State,ks,2014,49,2.2245,2.2245,,,0,,,,152,30,6833
State,ks,2014,50,4.70762,4.70762,,,0,,,,351,33,7456
State,ks,2014,51,8.10231,8.10231,,,0,,,,529,29,6529
State,ks,2014,52,8.62753,8.62753,,,0,,,,413,32,4787
State,ks,2014,53,8.78582,8.78582,,,0,,,,466,32,5304
State,ks,2015,1,6.33073,6.33073,,,0,,,,397,31,6271
State,ks,2015,2,6.01526,6.01526,,,0,,,,410,30,6816
State,ks,2015,3,6.72863,6.72863,,,0,,,,485,31,7208
State,ks,2015,4,7.09809,7.09809,,,0,,,,555,33,7819
State,ks,2015,5,6.0228,6.0228,,,0,,,,449,33,7455
State,ks,2015,6,4.55746,4.55746,,,0,,,,345,32,7570
State,ks,2015,7,4.16726,4.16726,,,0,,,,291,30,6983
State,ks,2015,8,3.89291,3.89291,,,0,,,,285,31,7321
State,ks,2015,9,4.30108,4.30108,,,0,,,,312,31,7254
State,ks,2015,10,4.12485,4.12485,,,0,,,,300,31,7273
State,ks,2015,11,2.83699,2.83699,,,0,,,,177,33,6239
State,ks,2015,12,2.37119,2.37119,,,0,,,,162,29,6832
State,ks,2015,13,2.05531,2.05531,,,0,,,,136,31,6617
State,ks,2015,14,1.75801,1.75801,,,0,,,,119,30,6769
State,ks,2015,15,1.37642,1.37642,,,0,,,,92,29,6684
State,ks,2015,16,1.41046,1.41046,,,0,,,,79,28,5601
State,ks,2015,17,1.56392,1.56392,,,0,,,,86,25,5499
State,ks,2015,18,0.89201,0.89201,,,0,,,,47,25,5269
State,ks,2015,19,0.828402,0.828402,,,0,,,,28,19,3380
State,ks,2015,20,0.436015,0.436015,,,0,,,,20,22,4587
State,ks,2015,21,0.444074,0.444074,,,0,,,,16,18,3603
State,ks,2015,22,0.359477,0.359477,,,0,,,,11,15,3060
State,ks,2015,23,0.43315,0.43315,,,0,,,,15,14,3463
State,ks,2015,24,0.391802,0.391802,,,0,,,,13,14,3318
State,ks,2015,25,0.625823,0.625823,,,0,,,,19,14,3036
State,ks,2015,26,0.266756,0.266756,,,0,,,,8,14,2999
State,ks,2015,27,0.237883,0.237883,,,0,,,,8,14,3363
State,ks,2015,28,0.121433,0.121433,,,0,,,,4,14,3294
State,ks,2015,29,0.178042,0.178042,,,0,,,,6,14,3370
State,ks,2015,30,0.319211,0.319211,,,0,,,,11,14,3446
State,ks,2015,31,0.170989,0.170989,,,0,,,,6,14,3509
State,ks,2015,32,0.104959,0.104959,,,0,,,,4,14,3811
State,ks,2015,33,0.311284,0.311284,,,0,,,,12,14,3855
State,ks,2015,34,0.313934,0.313934,,,0,,,,13,14,4141
State,ks,2015,35,0.272232,0.272232,,,0,,,,12,14,4408
State,ks,2015,36,0.221293,0.221293,,,0,,,,9,14,4067
State,ks,2015,37,0.621404,0.621404,,,0,,,,27,14,4345
State,ks,2015,38,0.898357,0.898357,,,0,,,,35,13,3896
State,ks,2015,39,1.2293,1.2293,,,0,,,,49,13,3986
State,ks,2015,40,1.12164,1.12164,,,0,,,,90,35,8024
State,ks,2015,41,1.02605,1.02605,,,0,,,,78,35,7602
State,ks,2015,42,1.05094,1.05094,,,0,,,,85,34,8088
State,ks,2015,43,1.20738,1.20738,,,0,,,,91,35,7537
State,ks,2015,44,1.60356,1.60356,,,0,,,,119,33,7421
State,ks,2015,45,1.44268,1.44268,,,0,,,,111,35,7694
State,ks,2015,46,1.40774,1.40774,,,0,,,,111,35,7885
State,ks,2015,47,1.58172,1.58172,,,0,,,,90,35,5690
State,ks,2015,48,1.41036,1.41036,,,0,,,,104,34,7374
State,ks,2015,49,1.28025,1.28025,,,0,,,,91,34,7108
State,ks,2015,50,1.34895,1.34895,,,0,,,,91,34,6746
State,ks,2015,51,1.34755,1.34755,,,0,,,,67,34,4972
State,ks,2015,52,1.56353,1.56353,,,0,,,,71,33,4541
State,ks,2016,1,1.59266,1.59266,,,0,,,,99,30,6216
State,ks,2016,2,1.20081,1.20081,,,0,,,,83,33,6912
State,ks,2016,3,1.20733,1.20733,,,0,,,,81,32,6709
State,ks,2016,4,1.45168,1.45168,,,0,,,,105,33,7233
State,ks,2016,5,1.67744,1.67744,,,0,,,,122,33,7273
State,ks,2016,6,1.6462,1.6462,,,0,,,,122,33,7411
State,ks,2016,7,2.34536,2.34536,,,0,,,,182,32,7760
State,ks,2016,8,2.40447,2.40447,,,0,,,,185,30,7694
State,ks,2016,9,2.94245,2.94245,,,0,,,,204,30,6933
State,ks,2016,10,3.26718,3.26718,,,0,,,,242,32,7407
State,ks,2016,11,2.57767,2.57767,,,0,,,,151,32,5858
State,ks,2016,12,2.15661,2.15661,,,0,,,,149,31,6909
State,ks,2016,13,2.06618,2.06618,,,0,,,,128,29,6195
State,ks,2016,14,2.19956,2.19956,,,0,,,,151,30,6865
State,ks,2016,15,2.01791,2.01791,,,0,,,,142,31,7037
State,ks,2016,16,1.33981,1.33981,,,0,,,,91,29,6792
State,ks,2016,17,0.941289,0.941289,,,0,,,,59,27,6268
State,ks,2016,18,1.01357,1.01357,,,0,,,,65,28,6413
State,ks,2016,19,0.763845,0.763845,,,0,,,,48,28,6284
State,ks,2016,20,0.644909,0.644909,,,0,,,,33,25,5117
State,ks,2016,21,0.560292,0.560292,,,0,,,,23,16,4105
State,ks,2016,22,0.299003,0.299003,,,0,,,,9,14,3010
State,ks,2016,23,0.369872,0.369872,,,0,,,,11,13,2974
State,ks,2016,24,0.0913798,0.0913798,,,0,,,,3,13,3283
State,ks,2016,25,0.242498,0.242498,,,0,,,,8,13,3299
State,ks,2016,26,0.193112,0.193112,,,0,,,,6,12,3107
State,ks,2016,27,0.198741,0.198741,,,0,,,,6,13,3019
State,ks,2016,28,0.117302,0.117302,,,0,,,,4,13,3410
State,ks,2016,29,0.090854,0.090854,,,0,,,,3,12,3302
State,ks,2016,30,0.0572246,0.0572246,,,0,,,,2,12,3495
State,ks,2016,31,0.253405,0.253405,,,0,,,,8,11,3157
State,ks,2016,32,0.115241,0.115241,,,0,,,,4,11,3471
State,ks,2016,33,0.0958773,0.0958773,,,0,,,,3,8,3129
State,ks,2016,34,0.205076,0.205076,,,0,,,,8,11,3901
State,ks,2016,35,0.295858,0.295858,,,0,,,,12,11,4056
State,ks,2016,36,0.272554,0.272554,,,0,,,,10,11,3669
State,ks,2016,37,0.221185,0.221185,,,0,,,,9,11,4069
State,ks,2016,38,0.206422,0.206422,,,0,,,,9,11,4360
State,ks,2016,39,0.423617,0.423617,,,0,,,,16,11,3777
State,ks,2016,40,0.840915,0.840915,,,0,,,,61,31,7254
State,ks,2016,41,0.792393,0.792393,,,0,,,,55,32,6941
State,ks,2016,42,1.27355,1.27355,,,0,,,,96,33,7538
State,ks,2016,43,0.730121,0.730121,,,0,,,,55,34,7533
State,ks,2016,44,0.785855,0.785855,,,0,,,,56,32,7126
State,ks,2016,45,0.977827,0.977827,,,0,,,,71,32,7261
State,ks,2016,46,1.02956,1.02956,,,0,,,,70,29,6799
State,ks,2016,47,1.95375,1.95375,,,0,,,,98,31,5016
State,ks,2016,48,1.60483,1.60483,,,0,,,,125,32,7789
State,ks,2016,49,1.53499,1.53499,,,0,,,,102,30,6645
State,ks,2016,50,1.52184,1.52184,,,0,,,,100,30,6571
State,ks,2016,51,2.37844,2.37844,,,0,,,,135,29,5676
State,ks,2016,52,2.27661,2.27661,,,0,,,,120,28,5271
State,ks,2017,1,2.87326,2.87326,,,0,,,,163,28,5673
State,ks,2017,2,3.36849,3.36849,,,0,,,,214,28,6353
State,ks,2017,3,5.10355,5.10355,,,0,,,,345,28,6760
State,ks,2017,4,5.60356,5.60356,,,0,,,,415,28,7406
State,ks,2017,5,8.52463,8.52463,,,0,,,,635,28,7449
State,ks,2017,6,10.3592,10.3592,,,0,,,,796,28,7684
State,ks,2017,7,8.70335,8.70335,,,0,,,,590,27,6779
State,ks,2017,8,6.89316,6.89316,,,0,,,,491,27,7123
State,ks,2017,9,5.14078,5.14078,,,0,,,,367,28,7139
State,ks,2017,10,4.38786,4.38786,,,0,,,,305,28,6951
State,ks,2017,11,4.27592,4.27592,,,0,,,,287,28,6712
State,ks,2017,12,4.0404,4.0404,,,0,,,,224,28,5544
State,ks,2017,13,2.64509,2.64509,,,0,,,,170,28,6427
State,ks,2017,14,2.25758,2.25758,,,0,,,,149,28,6600
State,ks,2017,15,1.39598,1.39598,,,0,,,,93,28,6662
State,ks,2017,16,1.24727,1.24727,,,0,,,,80,26,6414
State,ks,2017,17,1.09416,1.09416,,,0,,,,71,26,6489
State,ks,2017,18,0.933382,0.933382,,,0,,,,51,24,5464
State,ks,2017,19,0.734856,0.734856,,,0,,,,37,23,5035
State,ks,2017,20,0.308404,0.308404,,,0,,,,12,21,3891
State,ks,2017,21,0.335345,0.335345,,,0,,,,15,22,4473
State,ks,2017,22,0.420875,0.420875,,,0,,,,10,15,2376
State,ks,2017,23,0.316581,0.316581,,,0,,,,8,12,2527
State,ks,2017,24,0.251783,0.251783,,,0,,,,6,12,2383
State,ks,2017,25,0.24321,0.24321,,,0,,,,6,12,2467
State,ks,2017,26,0.34617,0.34617,,,0,,,,8,11,2311
State,ks,2017,27,0.394283,0.394283,,,0,,,,8,10,2029
State,ks,2017,28,0.0413052,0.0413052,,,0,,,,1,11,2421
State,ks,2017,29,0.161616,0.161616,,,0,,,,4,11,2475
State,ks,2017,30,0.691057,0.691057,,,0,,,,17,11,2460
State,ks,2017,31,0.139276,0.139276,,,0,,,,3,10,2154
State,ks,2017,32,0.216076,0.216076,,,0,,,,5,10,2314
State,ks,2017,33,0.232172,0.232172,,,0,,,,7,11,3015
State,ks,2017,34,0.293255,0.293255,,,0,,,,9,11,3069
State,ks,2017,35,0.0,0.0,,,0,,,,0,9,2886
State,ks,2017,36,0.191791,0.191791,,,0,,,,5,9,2607
State,ks,2017,37,0.0366569,0.0366569,,,0,,,,1,8,2728
State,ks,2017,38,0.687994,0.687994,,,0,,,,20,8,2907
State,ks,2017,39,0.535783,0.535783,,,0,,,,14,7,2613
State,ks,2017,40,0.900286,0.900286,,,0,,,,66,30,7331
State,ks,2017,41,1.04632,1.04632,,,0,,,,75,31,7168
State,ks,2017,42,0.948213,0.948213,,,0,,,,65,31,6855
State,ks,2017,43,1.1929,1.1929,,,0,,,,82,30,6874
State,ks,2017,44,1.26354,1.26354,,,0,,,,84,30,6648
State,ks,2017,45,1.67403,1.67403,,,0,,,,125,31,7467
State,ks,2017,46,2.00135,2.00135,,,0,,,,148,31,7395
State,ks,2017,47,2.31926,2.31926,,,0,,,,128,31,5519
State,ks,2017,48,1.70712,1.70712,,,0,,,,128,30,7498
State,ks,2017,49,2.53329,2.53329,,,0,,,,175,32,6908
State,ks,2017,50,4.05592,4.05592,,,0,,,,264,32,6509
State,ks,2017,51,6.31697,6.31697,,,0,,,,395,30,6253
State,ks,2017,52,8.03306,8.03306,,,0,,,,379,30,4718
State,ky,2010,40,0.142932,0.142932,,,0,,,,19,14,13293
State,ky,2010,41,0.223975,0.223975,,,0,,,,23,14,10269
State,ky,2010,42,0.156152,0.156152,,,0,,,,25,14,16010
State,ky,2010,43,0.150108,0.150108,,,0,,,,27,15,17987
State,ky,2010,44,0.289678,0.289678,,,0,,,,38,15,13118
State,ky,2010,45,0.222995,0.222995,,,0,,,,34,15,15247
State,ky,2010,46,0.46321,0.46321,,,0,,,,78,15,16839
State,ky,2010,47,0.539615,0.539615,,,0,,,,63,15,11675
State,ky,2010,48,0.673462,0.673462,,,0,,,,111,14,16482
State,ky,2010,49,0.598723,0.598723,,,0,,,,90,15,15032
State,ky,2010,50,0.629651,0.629651,,,0,,,,77,13,12229
State,ky,2010,51,1.2874,1.2874,,,0,,,,148,14,11496
State,ky,2010,52,0.954144,0.954144,,,0,,,,134,14,14044
State,ky,2011,1,1.27095,1.27095,,,0,,,,135,15,10622
State,ky,2011,2,0.710557,0.710557,,,0,,,,98,13,13792
State,ky,2011,3,1.49903,1.49903,,,0,,,,224,15,14943
State,ky,2011,4,2.02093,2.02093,,,0,,,,365,15,18061
State,ky,2011,5,3.20207,3.20207,,,0,,,,496,16,15490
State,ky,2011,6,3.03882,3.03882,,,0,,,,465,15,15302
State,ky,2011,7,2.14109,2.14109,,,0,,,,329,14,15366
State,ky,2011,8,2.57244,2.57244,,,0,,,,459,15,17843
State,ky,2011,9,1.78363,1.78363,,,0,,,,291,14,16315
State,ky,2011,10,0.949242,0.949242,,,0,,,,144,14,15170
State,ky,2011,11,0.63851,0.63851,,,0,,,,96,14,15035
State,ky,2011,12,0.489316,0.489316,,,0,,,,79,15,16145
State,ky,2011,13,0.700844,0.700844,,,0,,,,127,15,18121
State,ky,2011,14,0.356102,0.356102,,,0,,,,44,13,12356
State,ky,2011,15,0.300405,0.300405,,,0,,,,43,11,14314
State,ky,2011,16,0.187166,0.187166,,,0,,,,28,10,14960
State,ky,2011,17,0.183804,0.183804,,,0,,,,35,11,19042
State,ky,2011,18,0.554486,0.554486,,,0,,,,72,10,12985
State,ky,2011,19,0.133925,0.133925,,,0,,,,19,11,14187
State,ky,2011,20,0.126823,0.126823,,,0,,,,18,12,14193
State,ky,2011,21,0.0486204,0.0486204,,,0,,,,8,12,16454
State,ky,2011,22,0.323466,0.323466,,,0,,,,33,8,10202
State,ky,2011,23,0.042793,0.042793,,,0,,,,6,10,14021
State,ky,2011,24,0.0802837,0.0802837,,,0,,,,12,10,14947
State,ky,2011,25,0.0732064,0.0732064,,,0,,,,10,10,13660
State,ky,2011,26,0.211351,0.211351,,,0,,,,34,9,16087
State,ky,2011,27,0.0508337,0.0508337,,,0,,,,5,9,9836
State,ky,2011,28,0.0309483,0.0309483,,,0,,,,5,9,16156
State,ky,2011,29,0.187023,0.187023,,,0,,,,26,9,13902
State,ky,2011,30,0.0130993,0.0130993,,,0,,,,2,7,15268
State,ky,2011,31,0.227768,0.227768,,,0,,,,23,8,10098
State,ky,2011,32,0.0,0.0,,,0,,,,0,7,13874
State,ky,2011,33,0.013289,0.013289,,,0,,,,2,7,15050
State,ky,2011,34,0.0193361,0.0193361,,,0,,,,3,8,15515
State,ky,2011,35,0.0494153,0.0494153,,,0,,,,6,8,12142
State,ky,2011,36,0.0483994,0.0483994,,,0,,,,7,8,14463
State,ky,2011,37,0.0455937,0.0455937,,,0,,,,7,8,15353
State,ky,2011,38,0.0278257,0.0278257,,,0,,,,5,8,17969
State,ky,2011,39,0.0636689,0.0636689,,,0,,,,8,8,12565
State,ky,2011,40,0.429235,0.429235,,,0,,,,73,16,17007
State,ky,2011,41,0.315082,0.315082,,,0,,,,53,16,16821
State,ky,2011,42,0.251372,0.251372,,,0,,,,49,17,19493
State,ky,2011,43,0.356194,0.356194,,,0,,,,59,16,16564
State,ky,2011,44,0.468227,0.468227,,,0,,,,84,18,17940
State,ky,2011,45,0.289824,0.289824,,,0,,,,54,18,18632
State,ky,2011,46,0.373599,0.373599,,,0,,,,57,17,15257
State,ky,2011,47,0.255306,0.255306,,,0,,,,51,18,19976
State,ky,2011,48,0.396764,0.396764,,,0,,,,77,18,19407
State,ky,2011,49,0.453637,0.453637,,,0,,,,84,18,18517
State,ky,2011,50,0.25064,0.25064,,,0,,,,47,18,18752
State,ky,2011,51,0.265568,0.265568,,,0,,,,49,18,18451
State,ky,2011,52,0.279879,0.279879,,,0,,,,37,18,13220
State,ky,2012,1,0.345944,0.345944,,,0,,,,62,16,17922
State,ky,2012,2,0.378889,0.378889,,,0,,,,71,17,18739
State,ky,2012,3,0.256983,0.256983,,,0,,,,46,17,17900
State,ky,2012,4,0.492532,0.492532,,,0,,,,92,17,18679
State,ky,2012,5,0.512597,0.512597,,,0,,,,94,17,18338
State,ky,2012,6,0.476057,0.476057,,,0,,,,85,17,17855
State,ky,2012,7,0.708814,0.708814,,,0,,,,124,17,17494
State,ky,2012,8,0.746407,0.746407,,,0,,,,161,17,21570
State,ky,2012,9,0.670451,0.670451,,,0,,,,137,17,20434
State,ky,2012,10,0.550488,0.550488,,,0,,,,105,16,19074
State,ky,2012,11,0.678916,0.678916,,,0,,,,126,16,18559
State,ky,2012,12,0.516016,0.516016,,,0,,,,106,16,20542
State,ky,2012,13,0.323102,0.323102,,,0,,,,70,16,21665
State,ky,2012,14,0.331823,0.331823,,,0,,,,52,15,15671
State,ky,2012,15,0.0990719,0.0990719,,,0,,,,19,15,19178
State,ky,2012,16,0.144146,0.144146,,,0,,,,23,15,15956
State,ky,2012,17,0.119119,0.119119,,,0,,,,24,15,20148
State,ky,2012,18,0.136976,0.136976,,,0,,,,19,14,13871
State,ky,2012,19,0.0453155,0.0453155,,,0,,,,8,13,17654
State,ky,2012,20,0.0288226,0.0288226,,,0,,,,4,12,13878
State,ky,2012,21,0.0333185,0.0333185,,,0,,,,6,13,18008
State,ky,2012,22,0.0756144,0.0756144,,,0,,,,10,12,13225
State,ky,2012,23,0.0684088,0.0684088,,,0,,,,5,14,7309
State,ky,2012,24,0.0113173,0.0113173,,,0,,,,2,13,17672
State,ky,2012,25,0.00997456,0.00997456,,,0,,,,2,13,20051
State,ky,2012,26,0.0,0.0,,,0,,,,0,12,13692
State,ky,2012,27,0.0452459,0.0452459,,,0,,,,7,12,15471
State,ky,2012,28,0.0114423,0.0114423,,,0,,,,2,12,17479
State,ky,2012,29,0.00597943,0.00597943,,,0,,,,1,12,16724
State,ky,2012,30,0.00569249,0.00569249,,,0,,,,1,12,17567
State,ky,2012,31,0.0654664,0.0654664,,,0,,,,12,12,18330
State,ky,2012,32,0.0190743,0.0190743,,,0,,,,3,11,15728
State,ky,2012,33,0.0271651,0.0271651,,,0,,,,5,11,18406
State,ky,2012,34,0.0261835,0.0261835,,,0,,,,5,11,19096
State,ky,2012,35,0.0461659,0.0461659,,,0,,,,10,10,21661
State,ky,2012,36,0.111669,0.111669,,,0,,,,12,10,10746
State,ky,2012,37,0.0817035,0.0817035,,,0,,,,16,12,19583
State,ky,2012,38,0.0618589,0.0618589,,,0,,,,12,11,19399
State,ky,2012,39,0.0549023,0.0549023,,,0,,,,12,11,21857
State,ky,2012,40,0.106399,0.106399,,,0,,,,21,15,19737
State,ky,2012,41,0.203549,0.203549,,,0,,,,39,15,19160
State,ky,2012,42,0.112327,0.112327,,,0,,,,23,15,20476
State,ky,2012,43,0.0972479,0.0972479,,,0,,,,20,15,20566
State,ky,2012,44,0.0440831,0.0440831,,,0,,,,9,15,20416
State,ky,2012,45,0.128021,0.128021,,,0,,,,25,15,19528
State,ky,2012,46,0.099955,0.099955,,,0,,,,20,14,20009
State,ky,2012,47,0.285898,0.285898,,,0,,,,49,16,17139
State,ky,2012,48,0.333945,0.333945,,,0,,,,71,15,21261
State,ky,2012,49,0.586242,0.586242,,,0,,,,109,14,18593
State,ky,2012,50,0.687302,0.687302,,,0,,,,141,14,20515
State,ky,2012,51,0.744786,0.744786,,,0,,,,150,15,20140
State,ky,2012,52,1.43475,1.43475,,,0,,,,239,16,16658
State,ky,2013,1,1.52582,1.52582,,,0,,,,273,17,17892
State,ky,2013,2,1.12997,1.12997,,,0,,,,249,19,22036
State,ky,2013,3,1.82096,1.82096,,,0,,,,405,19,22241
State,ky,2013,4,1.6038,1.6038,,,0,,,,338,18,21075
State,ky,2013,5,1.4733,1.4733,,,0,,,,335,19,22738
State,ky,2013,6,1.16268,1.16268,,,0,,,,238,19,20470
State,ky,2013,7,1.02495,1.02495,,,0,,,,212,18,20684
State,ky,2013,8,0.977729,0.977729,,,0,,,,216,19,22092
State,ky,2013,9,1.0749,1.0749,,,0,,,,250,18,23258
State,ky,2013,10,0.961493,0.961493,,,0,,,,202,18,21009
State,ky,2013,11,0.931872,0.931872,,,0,,,,193,18,20711
State,ky,2013,12,0.756697,0.756697,,,0,,,,163,18,21541
State,ky,2013,13,0.66362,0.66362,,,0,,,,167,16,25165
State,ky,2013,14,0.43277,0.43277,,,0,,,,72,15,16637
State,ky,2013,15,0.342031,0.342031,,,0,,,,70,16,20466
State,ky,2013,16,0.111364,0.111364,,,0,,,,22,16,19755
State,ky,2013,17,0.0907441,0.0907441,,,0,,,,19,15,20938
State,ky,2013,18,0.259621,0.259621,,,0,,,,17,12,6548
State,ky,2013,19,0.0453583,0.0453583,,,0,,,,3,11,6614
State,ky,2013,20,0.0624025,0.0624025,,,0,,,,4,10,6410
State,ky,2013,21,0.0,0.0,,,0,,,,0,7,4994
State,ky,2013,22,0.0208725,0.0208725,,,0,,,,1,6,4791
State,ky,2013,23,0.0207771,0.0207771,,,0,,,,1,5,4813
State,ky,2013,24,0.142712,0.142712,,,0,,,,7,6,4905
State,ky,2013,25,0.0246124,0.0246124,,,0,,,,1,5,4063
State,ky,2013,26,0.082085,0.082085,,,0,,,,4,6,4873
State,ky,2013,27,0.0212585,0.0212585,,,0,,,,1,6,4704
State,ky,2013,28,0.0596184,0.0596184,,,0,,,,3,6,5032
State,ky,2013,29,0.290135,0.290135,,,0,,,,3,5,1034
State,ky,2013,30,0.0954745,0.0954745,,,0,,,,5,6,5237
State,ky,2013,31,0.0212134,0.0212134,,,0,,,,1,6,4714
State,ky,2013,32,0.136719,0.136719,,,0,,,,7,6,5120
State,ky,2013,33,0.11655,0.11655,,,0,,,,6,5,5148
State,ky,2013,34,0.149142,0.149142,,,0,,,,8,5,5364
State,ky,2013,35,0.153227,0.153227,,,0,,,,8,5,5221
State,ky,2013,36,0.133283,0.133283,,,0,,,,7,5,5252
State,ky,2013,37,0.222924,0.222924,,,0,,,,12,5,5383
State,ky,2013,38,0.114613,0.114613,,,0,,,,6,5,5235
State,ky,2013,39,0.220629,0.220629,,,0,,,,12,6,5439
State,ky,2013,40,0.242983,0.242983,,,0,,,,49,17,20166
State,ky,2013,41,0.168366,0.168366,,,0,,,,35,16,20788
State,ky,2013,42,0.284356,0.284356,,,0,,,,58,17,20397
State,ky,2013,43,0.38655,0.38655,,,0,,,,83,18,21472
State,ky,2013,44,0.538913,0.538913,,,0,,,,111,18,20597
State,ky,2013,45,0.564254,0.564254,,,0,,,,120,17,21267
State,ky,2013,46,0.464582,0.464582,,,0,,,,97,17,20879
State,ky,2013,47,0.304366,0.304366,,,0,,,,67,16,22013
State,ky,2013,48,0.156519,0.156519,,,0,,,,30,15,19167
State,ky,2013,49,0.601551,0.601551,,,0,,,,114,16,18951
State,ky,2013,50,0.486114,0.486114,,,0,,,,101,16,20777
State,ky,2013,51,0.744744,0.744744,,,0,,,,164,16,22021
State,ky,2013,52,1.56378,1.56378,,,0,,,,229,16,14644
State,ky,2014,1,1.92635,1.92635,,,0,,,,373,17,19363
State,ky,2014,2,1.74694,1.74694,,,0,,,,325,16,18604
State,ky,2014,3,1.60158,1.60158,,,0,,,,349,19,21791
State,ky,2014,4,1.36875,1.36875,,,0,,,,235,19,17169
State,ky,2014,5,1.08631,1.08631,,,0,,,,272,19,25039
State,ky,2014,6,1.05997,1.05997,,,0,,,,190,18,17925
State,ky,2014,7,0.777628,0.777628,,,0,,,,156,19,20061
State,ky,2014,8,0.829515,0.829515,,,0,,,,172,19,20735
State,ky,2014,9,0.447359,0.447359,,,0,,,,103,16,23024
State,ky,2014,10,0.322959,0.322959,,,0,,,,55,14,17030
State,ky,2014,11,0.176417,0.176417,,,0,,,,37,16,20973
State,ky,2014,12,0.141301,0.141301,,,0,,,,31,15,21939
State,ky,2014,13,0.188472,0.188472,,,0,,,,43,15,22815
State,ky,2014,14,0.246085,0.246085,,,0,,,,44,16,17880
State,ky,2014,15,0.140948,0.140948,,,0,,,,29,16,20575
State,ky,2014,16,0.140517,0.140517,,,0,,,,29,15,20638
State,ky,2014,17,0.159146,0.159146,,,0,,,,34,16,21364
State,ky,2014,18,0.122162,0.122162,,,0,,,,24,17,19646
State,ky,2014,19,0.0443197,0.0443197,,,0,,,,9,17,20307
State,ky,2014,20,0.0146056,0.0146056,,,0,,,,3,14,20540
State,ky,2014,21,0.00465983,0.00465983,,,0,,,,1,16,21460
State,ky,2014,22,0.0157274,0.0157274,,,0,,,,3,14,19075
State,ky,2014,23,0.0155023,0.0155023,,,0,,,,3,12,19352
State,ky,2014,24,0.00522357,0.00522357,,,0,,,,1,12,19144
State,ky,2014,25,0.00471254,0.00471254,,,0,,,,1,12,21220
State,ky,2014,26,0.0,0.0,,,0,,,,0,12,21923
State,ky,2014,27,0.0210194,0.0210194,,,0,,,,4,12,19030
State,ky,2014,28,0.00958176,0.00958176,,,0,,,,2,12,20873
State,ky,2014,29,0.00530279,0.00530279,,,0,,,,1,11,18858
State,ky,2014,30,0.0,0.0,,,0,,,,0,11,19073
State,ky,2014,31,0.0,0.0,,,0,,,,0,11,19806
State,ky,2014,32,0.00555062,0.00555062,,,0,,,,1,10,18016
State,ky,2014,33,0.0,0.0,,,0,,,,0,9,18505
State,ky,2014,34,0.0,0.0,,,0,,,,0,10,19611
State,ky,2014,35,0.00441579,0.00441579,,,0,,,,1,10,22646
State,ky,2014,36,0.0,0.0,,,0,,,,0,10,16237
State,ky,2014,37,0.0198639,0.0198639,,,0,,,,4,10,20137
State,ky,2014,38,0.0399401,0.0399401,,,0,,,,8,10,20030
State,ky,2014,39,0.0906454,0.0906454,,,0,,,,5,6,5516
State,ky,2014,40,0.100271,0.100271,,,0,,,,20,17,19946
State,ky,2014,41,0.0897384,0.0897384,,,0,,,,20,17,22287
State,ky,2014,42,0.048178,0.048178,,,0,,,,11,19,22832
State,ky,2014,43,0.164097,0.164097,,,0,,,,38,19,23157
State,ky,2014,44,0.0676779,0.0676779,,,0,,,,17,19,25119
State,ky,2014,45,0.165563,0.165563,,,0,,,,34,17,20536
State,ky,2014,46,0.197481,0.197481,,,0,,,,45,19,22787
State,ky,2014,47,0.296366,0.296366,,,0,,,,69,19,23282
State,ky,2014,48,0.330723,0.330723,,,0,,,,68,18,20561
State,ky,2014,49,0.942827,0.942827,,,0,,,,203,20,21531
State,ky,2014,50,1.7344,1.7344,,,0,,,,303,19,17470
State,ky,2014,51,2.98465,2.98465,,,0,,,,737,20,24693
State,ky,2014,52,3.28006,3.28006,,,0,,,,665,18,20274
State,ky,2014,53,3.45241,3.45241,,,0,,,,663,19,19204
State,ky,2015,1,2.36296,2.36296,,,0,,,,494,20,20906
State,ky,2015,2,1.30873,1.30873,,,0,,,,288,21,22006
State,ky,2015,3,1.09457,1.09457,,,0,,,,239,21,21835
State,ky,2015,4,1.52083,1.52083,,,0,,,,146,22,9600
State,ky,2015,5,0.68693,0.68693,,,0,,,,153,23,22273
State,ky,2015,6,0.501695,0.501695,,,0,,,,111,19,22125
State,ky,2015,7,0.488303,0.488303,,,0,,,,67,20,13721
State,ky,2015,8,0.369331,0.369331,,,0,,,,79,19,21390
State,ky,2015,9,0.244362,0.244362,,,0,,,,48,19,19643
State,ky,2015,10,0.37317,0.37317,,,0,,,,79,19,21170
State,ky,2015,11,0.47423,0.47423,,,0,,,,106,18,22352
State,ky,2015,12,0.278806,0.278806,,,0,,,,58,18,20803
State,ky,2015,13,0.403966,0.403966,,,0,,,,88,19,21784
State,ky,2015,14,0.466883,0.466883,,,0,,,,102,20,21847
State,ky,2015,15,0.23213,0.23213,,,0,,,,53,19,22832
State,ky,2015,16,0.234262,0.234262,,,0,,,,55,18,23478
State,ky,2015,17,0.186426,0.186426,,,0,,,,42,19,22529
State,ky,2015,18,0.111622,0.111622,,,0,,,,25,17,22397
State,ky,2015,19,0.0589863,0.0589863,,,0,,,,13,17,22039
State,ky,2015,20,0.0520021,0.0520021,,,0,,,,10,17,19230
State,ky,2015,21,0.0199223,0.0199223,,,0,,,,4,15,20078
State,ky,2015,22,0.0229053,0.0229053,,,0,,,,5,15,21829
State,ky,2015,23,0.0241698,0.0241698,,,0,,,,5,11,20687
State,ky,2015,24,0.00977565,0.00977565,,,0,,,,2,12,20459
State,ky,2015,25,0.00485343,0.00485343,,,0,,,,1,11,20604
State,ky,2015,26,0.00555833,0.00555833,,,0,,,,1,11,17991
State,ky,2015,27,0.00511274,0.00511274,,,0,,,,1,12,19559
State,ky,2015,28,0.0149873,0.0149873,,,0,,,,3,12,20017
State,ky,2015,29,0.005003,0.005003,,,0,,,,1,13,19988
State,ky,2015,30,0.0149536,0.0149536,,,0,,,,3,10,20062
State,ky,2015,31,0.0,0.0,,,0,,,,0,12,19792
State,ky,2015,32,0.0,0.0,,,0,,,,0,9,20006
State,ky,2015,33,0.0047776,0.0047776,,,0,,,,1,9,20931
State,ky,2015,34,0.0190087,0.0190087,,,0,,,,4,10,21043
State,ky,2015,35,0.00493097,0.00493097,,,0,,,,1,9,20280
State,ky,2015,36,0.0174886,0.0174886,,,0,,,,3,9,17154
State,ky,2015,37,0.0324781,0.0324781,,,0,,,,7,9,21553
State,ky,2015,38,0.0534974,0.0534974,,,0,,,,12,9,22431
State,ky,2015,39,0.0502581,0.0502581,,,0,,,,11,10,21887
State,ky,2015,40,0.236898,0.236898,,,0,,,,57,24,24061
State,ky,2015,41,0.307777,0.307777,,,0,,,,78,27,25343
State,ky,2015,42,0.318249,0.318249,,,0,,,,82,23,25766
State,ky,2015,43,0.423318,0.423318,,,0,,,,118,29,27875
State,ky,2015,44,0.494734,0.494734,,,0,,,,132,28,26681
State,ky,2015,45,0.492591,0.492591,,,0,,,,121,28,24564
State,ky,2015,46,0.52279,0.52279,,,0,,,,135,28,25823
State,ky,2015,47,0.58523,0.58523,,,0,,,,134,31,22897
State,ky,2015,48,0.607979,0.607979,,,0,,,,169,37,27797
State,ky,2015,49,0.535988,0.535988,,,0,,,,147,35,27426
State,ky,2015,50,0.612963,0.612963,,,0,,,,169,37,27571
State,ky,2015,51,0.639235,0.639235,,,0,,,,135,36,21119
State,ky,2015,52,0.590034,0.590034,,,0,,,,137,36,23219
State,ky,2016,1,0.652522,0.652522,,,0,,,,175,38,26819
State,ky,2016,2,0.639714,0.639714,,,0,,,,172,40,26887
State,ky,2016,3,0.434208,0.434208,,,0,,,,92,37,21188
State,ky,2016,4,0.514626,0.514626,,,0,,,,133,39,25844
State,ky,2016,5,0.708629,0.708629,,,0,,,,187,38,26389
State,ky,2016,6,1.00349,1.00349,,,0,,,,253,37,25212
State,ky,2016,7,1.48209,1.48209,,,0,,,,398,38,26854
State,ky,2016,8,2.34549,2.34549,,,0,,,,526,38,22426
State,ky,2016,9,2.1133,2.1133,,,0,,,,576,36,27256
State,ky,2016,10,2.67058,2.67058,,,0,,,,746,38,27934
State,ky,2016,11,2.2474,2.2474,,,0,,,,494,35,21981
State,ky,2016,12,1.58069,1.58069,,,0,,,,387,35,24483
State,ky,2016,13,1.4745,1.4745,,,0,,,,371,36,25161
State,ky,2016,14,1.28462,1.28462,,,0,,,,320,35,24910
State,ky,2016,15,1.31761,1.31761,,,0,,,,315,34,23907
State,ky,2016,16,0.853296,0.853296,,,0,,,,218,30,25548
State,ky,2016,17,0.597027,0.597027,,,0,,,,147,31,24622
State,ky,2016,18,0.39467,0.39467,,,0,,,,93,30,23564
State,ky,2016,19,0.304206,0.304206,,,0,,,,69,28,22682
State,ky,2016,20,0.23543,0.23543,,,0,,,,53,28,22512
State,ky,2016,21,0.149585,0.149585,,,0,,,,29,22,19387
State,ky,2016,22,0.0957625,0.0957625,,,0,,,,20,20,20885
State,ky,2016,23,0.0587889,0.0587889,,,0,,,,11,20,18711
State,ky,2016,24,0.0385598,0.0385598,,,0,,,,8,18,20747
State,ky,2016,25,0.044359,0.044359,,,0,,,,9,16,20289
State,ky,2016,26,0.00578436,0.00578436,,,0,,,,1,15,17288
State,ky,2016,27,0.0115168,0.0115168,,,0,,,,2,15,17366
State,ky,2016,28,0.00981836,0.00981836,,,0,,,,2,15,20370
State,ky,2016,29,0.0200552,0.0200552,,,0,,,,4,15,19945
State,ky,2016,30,0.00492368,0.00492368,,,0,,,,1,15,20310
State,ky,2016,31,0.0151707,0.0151707,,,0,,,,3,17,19775
State,ky,2016,32,0.0148846,0.0148846,,,0,,,,3,14,20155
State,ky,2016,33,0.105127,0.105127,,,0,,,,22,14,20927
State,ky,2016,34,0.111405,0.111405,,,0,,,,8,10,7181
State,ky,2016,35,0.124775,0.124775,,,0,,,,9,10,7213
State,ky,2016,36,0.294076,0.294076,,,0,,,,21,9,7141
State,ky,2016,37,0.267809,0.267809,,,0,,,,20,9,7468
State,ky,2016,38,0.534833,0.534833,,,0,,,,39,10,7292
State,ky,2016,39,2.13869,2.13869,,,0,,,,66,8,3086
State,ky,2016,40,0.532645,0.532645,,,0,,,,128,31,24031
State,ky,2016,41,0.419714,0.419714,,,0,,,,101,30,24064
State,ky,2016,42,0.638821,0.638821,,,0,,,,169,32,26455
State,ky,2016,43,1.01945,1.01945,,,0,,,,260,34,25504
State,ky,2016,44,0.675377,0.675377,,,0,,,,168,33,24875
State,ky,2016,45,0.691474,0.691474,,,0,,,,173,33,25019
State,ky,2016,46,1.17578,1.17578,,,0,,,,259,31,22028
State,ky,2016,47,0.880479,0.880479,,,0,,,,181,31,20557
State,ky,2016,48,1.39493,1.39493,,,0,,,,356,29,25521
State,ky,2016,49,0.709875,0.709875,,,0,,,,169,31,23807
State,ky,2016,50,1.04621,1.04621,,,0,,,,211,30,20168
State,ky,2016,51,3.76962,3.76962,,,0,,,,413,29,10956
State,ky,2016,52,4.25743,4.25743,,,0,,,,473,30,11110
State,ky,2017,1,2.56237,2.56237,,,0,,,,266,30,10381
State,ky,2017,2,3.60641,3.60641,,,0,,,,394,32,10925
State,ky,2017,3,4.44958,4.44958,,,0,,,,462,31,10383
State,ky,2017,4,4.8653,4.8653,,,0,,,,540,29,11099
State,ky,2017,5,4.51889,4.51889,,,0,,,,464,27,10268
State,ky,2017,6,6.5129,6.5129,,,0,,,,689,25,10579
State,ky,2017,7,9.21883,9.21883,,,0,,,,1081,28,11726
State,ky,2017,8,8.21918,8.21918,,,0,,,,858,26,10439
State,ky,2017,9,6.13134,6.13134,,,0,,,,633,26,10324
State,ky,2017,10,6.71037,6.71037,,,0,,,,696,25,10372
State,ky,2017,11,7.54849,7.54849,,,0,,,,755,24,10002
State,ky,2017,12,8.17308,8.17308,,,0,,,,850,24,10400
State,ky,2017,13,5.49145,5.49145,,,0,,,,514,22,9360
State,ky,2017,14,3.9444,3.9444,,,0,,,,315,21,7986
State,ky,2017,15,1.89341,1.89341,,,0,,,,162,21,8556
State,ky,2017,16,1.28961,1.28961,,,0,,,,105,18,8142
State,ky,2017,17,0.924409,0.924409,,,0,,,,79,20,8546
State,ky,2017,18,0.735196,0.735196,,,0,,,,55,16,7481
State,ky,2017,19,0.503912,0.503912,,,0,,,,38,16,7541
State,ky,2017,20,0.437637,0.437637,,,0,,,,30,14,6855
State,ky,2017,21,0.37114,0.37114,,,0,,,,25,12,6736
State,ky,2017,22,0.316907,0.316907,,,0,,,,20,12,6311
State,ky,2017,23,0.177077,0.177077,,,0,,,,11,9,6212
State,ky,2017,24,0.121249,0.121249,,,0,,,,8,11,6598
State,ky,2017,25,0.186509,0.186509,,,0,,,,12,11,6434
State,ky,2017,26,0.161473,0.161473,,,0,,,,10,11,6193
State,ky,2017,27,0.164718,0.164718,,,0,,,,10,11,6071
State,ky,2017,28,0.198504,0.198504,,,0,,,,13,10,6549
State,ky,2017,29,0.13751,0.13751,,,0,,,,9,10,6545
State,ky,2017,30,0.124572,0.124572,,,0,,,,8,10,6422
State,ky,2017,31,0.108527,0.108527,,,0,,,,7,9,6450
State,ky,2017,32,0.103245,0.103245,,,0,,,,7,9,6780
State,ky,2017,33,0.178918,0.178918,,,0,,,,12,8,6707
State,ky,2017,34,0.0896593,0.0896593,,,0,,,,6,9,6692
State,ky,2017,35,0.33108,0.33108,,,0,,,,24,9,7249
State,ky,2017,36,0.217662,0.217662,,,0,,,,14,8,6432
State,ky,2017,37,0.341344,0.341344,,,0,,,,25,9,7324
State,ky,2017,38,0.380745,0.380745,,,0,,,,28,9,7354
State,ky,2017,39,0.34463,0.34463,,,0,,,,18,8,5223
State,ky,2017,40,0.727819,0.727819,,,0,,,,63,24,8656
State,ky,2017,41,0.995265,0.995265,,,0,,,,103,30,10349
State,ky,2017,42,0.975701,0.975701,,,0,,,,104,33,10659
State,ky,2017,43,1.46052,1.46052,,,0,,,,160,34,10955
State,ky,2017,44,1.6751,1.6751,,,0,,,,182,35,10865
State,ky,2017,45,1.60245,1.60245,,,0,,,,173,33,10796
State,ky,2017,46,2.17625,2.17625,,,0,,,,243,35,11166
State,ky,2017,47,1.73643,1.73643,,,0,,,,151,33,8696
State,ky,2017,48,2.10069,2.10069,,,0,,,,237,35,11282
State,ky,2017,49,3.32791,3.32791,,,0,,,,368,37,11058
State,ky,2017,50,4.8155,4.8155,,,0,,,,522,35,10840
State,ky,2017,51,9.64837,9.64837,,,0,,,,1007,30,10437
State,ky,2017,52,8.73841,8.73841,,,0,,,,782,32,8949
State,la,2016,40,1.55987,1.55987,,,0,,,,788,73,50517
State,la,2016,41,1.66783,1.66783,,,0,,,,762,75,45688
State,la,2016,42,1.6578,1.6578,,,0,,,,767,78,46266
State,la,2016,43,1.74305,1.74305,,,0,,,,855,80,49052
State,la,2016,44,1.86931,1.86931,,,0,,,,896,75,47932
State,la,2016,45,2.16614,2.16614,,,0,,,,897,74,41410
State,la,2016,46,2.10318,2.10318,,,0,,,,980,79,46596
State,la,2016,47,2.21298,2.21298,,,0,,,,1032,90,46634
State,la,2016,48,2.33506,2.33506,,,0,,,,1071,93,45866
State,la,2016,49,2.41573,2.41573,,,0,,,,1161,100,48060
State,la,2016,50,2.68997,2.68997,,,0,,,,1302,97,48402
State,la,2016,51,3.30251,3.30251,,,0,,,,1618,102,48993
State,la,2016,52,3.69227,3.69227,,,0,,,,1938,95,52488
State,la,2017,1,3.36725,3.36725,,,0,,,,1767,101,52476
State,la,2017,2,3.21637,3.21637,,,0,,,,1715,102,53321
State,la,2017,3,3.63411,3.63411,,,0,,,,1965,99,54071
State,la,2017,4,3.71262,3.71262,,,0,,,,1943,96,52335
State,la,2017,5,4.69911,4.69911,,,0,,,,2473,97,52627
State,la,2017,6,5.52013,5.52013,,,0,,,,2978,97,53948
State,la,2017,7,5.199,5.199,,,0,,,,2832,98,54472
State,la,2017,8,4.66559,4.66559,,,0,,,,2549,101,54634
State,la,2017,9,4.37021,4.37021,,,0,,,,2283,97,52240
State,la,2017,10,3.95981,3.95981,,,0,,,,2156,101,54447
State,la,2017,11,3.73332,3.73332,,,0,,,,2003,102,53652
State,la,2017,12,3.37963,3.37963,,,0,,,,1859,91,55006
State,la,2017,13,2.77131,2.77131,,,0,,,,1465,95,52863
State,la,2017,14,2.51228,2.51228,,,0,,,,1284,103,51109
State,la,2017,15,2.27333,2.27333,,,0,,,,1199,91,52742
State,la,2017,16,2.14774,2.14774,,,0,,,,1097,103,51077
State,la,2017,17,2.06866,2.06866,,,0,,,,1110,102,53658
State,la,2017,18,1.78602,1.78602,,,0,,,,847,101,47424
State,la,2017,19,1.90942,1.90942,,,0,,,,976,90,51115
State,la,2017,20,1.89629,1.89629,,,0,,,,1006,103,53051
State,la,2017,21,1.90058,1.90058,,,0,,,,962,103,50616
State,la,2017,22,1.84308,1.84308,,,0,,,,910,99,49374
State,la,2017,23,1.51033,1.51033,,,0,,,,703,86,46546
State,la,2017,24,1.65132,1.65132,,,0,,,,764,84,46266
State,la,2017,25,1.51794,1.51794,,,0,,,,734,100,48355
State,la,2017,26,1.28872,1.28872,,,0,,,,652,91,50593
State,la,2017,27,1.39423,1.39423,,,0,,,,710,99,50924
State,la,2017,28,1.12423,1.12423,,,0,,,,541,88,48122
State,la,2017,29,1.26204,1.26204,,,0,,,,600,80,47542
State,la,2017,30,1.17224,1.17224,,,0,,,,669,87,57070
State,la,2017,31,1.33081,1.33081,,,0,,,,674,92,50646
State,la,2017,32,1.31464,1.31464,,,0,,,,645,93,49063
State,la,2017,33,1.50053,1.50053,,,0,,,,751,90,50049
State,la,2017,34,1.83972,1.83972,,,0,,,,997,93,54193
State,la,2017,35,2.07069,2.07069,,,0,,,,1041,90,50273
State,la,2017,36,2.06875,2.06875,,,0,,,,1123,90,54284
State,la,2017,37,2.06444,2.06444,,,0,,,,1097,90,53138
State,la,2017,38,1.99443,1.99443,,,0,,,,1082,91,54251
State,la,2017,39,2.17055,2.17055,,,0,,,,1166,92,53719
State,la,2017,40,2.35775,2.35775,,,0,,,,1268,94,53780
State,la,2017,41,2.35066,2.35066,,,0,,,,1286,94,54708
State,la,2017,42,2.80864,2.80864,,,0,,,,1484,93,52837
State,la,2017,43,3.08264,3.08264,,,0,,,,1594,93,51709
State,la,2017,44,3.64463,3.64463,,,0,,,,1933,93,53037
State,la,2017,45,3.97187,3.97187,,,0,,,,2112,93,53174
State,la,2017,46,4.34214,4.34214,,,0,,,,2422,94,55779
State,la,2017,47,5.16172,5.16172,,,0,,,,2587,93,50119
State,la,2017,48,5.08247,5.08247,,,0,,,,3026,94,59538
State,la,2017,49,5.24217,5.24217,,,0,,,,2800,91,53413
State,la,2017,50,6.72283,6.72283,,,0,,,,4046,93,60183
State,la,2017,51,9.61433,9.61433,,,0,,,,6165,91,64123
State,la,2017,52,11.3784,11.3784,,,0,,,,6583,88,57855
State,ma,2010,40,0.604621,0.604621,,,0,,,,168,56,27786
State,ma,2010,41,0.887866,0.887866,,,0,,,,216,54,24328
State,ma,2010,42,0.744806,0.744806,,,0,,,,209,53,28061
State,ma,2010,43,0.783721,0.783721,,,0,,,,228,52,29092
State,ma,2010,44,0.812421,0.812421,,,0,,,,225,53,27695
State,ma,2010,45,0.732931,0.732931,,,0,,,,187,54,25514
State,ma,2010,46,0.803486,0.803486,,,0,,,,236,51,29372
State,ma,2010,47,0.958095,0.958095,,,0,,,,198,50,20666
State,ma,2010,48,0.903185,0.903185,,,0,,,,260,54,28787
State,ma,2010,49,0.96749,0.96749,,,0,,,,272,54,28114
State,ma,2010,50,1.12005,1.12005,,,0,,,,316,55,28213
State,ma,2010,51,1.30649,1.30649,,,0,,,,268,49,20513
State,ma,2010,52,1.4601,1.4601,,,0,,,,258,50,17670
State,ma,2011,1,1.17914,1.17914,,,0,,,,328,51,27817
State,ma,2011,2,1.69167,1.69167,,,0,,,,407,51,24059
State,ma,2011,3,1.52558,1.52558,,,0,,,,370,54,24253
State,ma,2011,4,1.86385,1.86385,,,0,,,,512,53,27470
State,ma,2011,5,2.37127,2.37127,,,0,,,,577,54,24333
State,ma,2011,6,2.33142,2.33142,,,0,,,,697,52,29896
State,ma,2011,7,2.65215,2.65215,,,0,,,,726,52,27374
State,ma,2011,8,2.45628,2.45628,,,0,,,,618,54,25160
State,ma,2011,9,1.93807,1.93807,,,0,,,,532,53,27450
State,ma,2011,10,2.04345,2.04345,,,0,,,,585,51,28628
State,ma,2011,11,1.7797,1.7797,,,0,,,,481,50,27027
State,ma,2011,12,1.51078,1.51078,,,0,,,,424,50,28065
State,ma,2011,13,1.5324,1.5324,,,0,,,,459,51,29953
State,ma,2011,14,1.39126,1.39126,,,0,,,,399,47,28679
State,ma,2011,15,1.28155,1.28155,,,0,,,,364,48,28403
State,ma,2011,16,1.25237,1.25237,,,0,,,,291,47,23236
State,ma,2011,17,0.991172,0.991172,,,0,,,,247,44,24920
State,ma,2011,18,0.912764,0.912764,,,0,,,,244,45,26732
State,ma,2011,19,0.750159,0.750159,,,0,,,,200,42,26661
State,ma,2011,20,0.812329,0.812329,,,0,,,,214,40,26344
State,ma,2011,21,0.954948,0.954948,,,0,,,,248,38,25970
State,ma,2011,22,0.914855,0.914855,,,0,,,,202,36,22080
State,ma,2011,23,0.875651,0.875651,,,0,,,,254,31,29007
State,ma,2011,24,0.940344,0.940344,,,0,,,,218,30,23183
State,ma,2011,25,0.814392,0.814392,,,0,,,,177,28,21734
State,ma,2011,26,0.74462,0.74462,,,0,,,,155,28,20816
State,ma,2011,27,0.771683,0.771683,,,0,,,,138,27,17883
State,ma,2011,28,0.75144,0.75144,,,0,,,,167,28,22224
State,ma,2011,29,0.742563,0.742563,,,0,,,,163,27,21951
State,ma,2011,30,0.708665,0.708665,,,0,,,,154,27,21731
State,ma,2011,31,0.651452,0.651452,,,0,,,,153,27,23486
State,ma,2011,32,0.679427,0.679427,,,0,,,,164,27,24138
State,ma,2011,33,0.607253,0.607253,,,0,,,,142,27,23384
State,ma,2011,34,0.601852,0.601852,,,0,,,,143,27,23760
State,ma,2011,35,0.620629,0.620629,,,0,,,,134,31,21591
State,ma,2011,36,0.578256,0.578256,,,0,,,,121,31,20925
State,ma,2011,37,0.637241,0.637241,,,0,,,,163,31,25579
State,ma,2011,38,0.667404,0.667404,,,0,,,,169,30,25322
State,ma,2011,39,0.837664,0.837664,,,0,,,,216,32,25786
State,ma,2011,40,0.66041,0.66041,,,0,,,,190,53,28770
State,ma,2011,41,1.1542,1.1542,,,0,,,,297,51,25732
State,ma,2011,42,0.933121,0.933121,,,0,,,,275,53,29471
State,ma,2011,43,1.02051,1.02051,,,0,,,,301,53,29495
State,ma,2011,44,1.04637,1.04637,,,0,,,,315,53,30104
State,ma,2011,45,1.00595,1.00595,,,0,,,,306,53,30419
State,ma,2011,46,0.861159,0.861159,,,0,,,,261,51,30308
State,ma,2011,47,1.0905,1.0905,,,0,,,,241,53,22100
State,ma,2011,48,0.863095,0.863095,,,0,,,,261,50,30240
State,ma,2011,49,0.834838,0.834838,,,0,,,,245,52,29347
State,ma,2011,50,1.02838,1.02838,,,0,,,,296,54,28783
State,ma,2011,51,1.28386,1.28386,,,0,,,,319,49,24847
State,ma,2011,52,1.42879,1.42879,,,0,,,,279,50,19527
State,ma,2012,1,1.21609,1.21609,,,0,,,,295,51,24258
State,ma,2012,2,1.1987,1.1987,,,0,,,,333,50,27780
State,ma,2012,3,1.26084,1.26084,,,0,,,,314,50,24904
State,ma,2012,4,1.18723,1.18723,,,0,,,,353,52,29733
State,ma,2012,5,1.14915,1.14915,,,0,,,,338,52,29413
State,ma,2012,6,1.11612,1.11612,,,0,,,,312,47,27954
State,ma,2012,7,1.13318,1.13318,,,0,,,,320,48,28239
State,ma,2012,8,1.33153,1.33153,,,0,,,,305,48,22906
State,ma,2012,9,1.07928,1.07928,,,0,,,,298,47,27611
State,ma,2012,10,0.949091,0.949091,,,0,,,,261,47,27500
State,ma,2012,11,1.14416,1.14416,,,0,,,,292,44,25521
State,ma,2012,12,1.22723,1.22723,,,0,,,,320,47,26075
State,ma,2012,13,0.727152,0.727152,,,0,,,,197,45,27092
State,ma,2012,14,1.08321,1.08321,,,0,,,,289,45,26680
State,ma,2012,15,1.04011,1.04011,,,0,,,,279,44,26824
State,ma,2012,16,1.11602,1.11602,,,0,,,,260,43,23297
State,ma,2012,17,0.858855,0.858855,,,0,,,,235,43,27362
State,ma,2012,18,0.677064,0.677064,,,0,,,,178,42,26290
State,ma,2012,19,0.845924,0.845924,,,0,,,,215,40,25416
State,ma,2012,20,0.76155,0.76155,,,0,,,,196,38,25737
State,ma,2012,21,0.787836,0.787836,,,0,,,,200,35,25386
State,ma,2012,22,0.757944,0.757944,,,0,,,,156,33,20582
State,ma,2012,23,0.665867,0.665867,,,0,,,,161,33,24179
State,ma,2012,24,0.704399,0.704399,,,0,,,,171,33,24276
State,ma,2012,25,0.714846,0.714846,,,0,,,,173,33,24201
State,ma,2012,26,0.709729,0.709729,,,0,,,,168,32,23671
State,ma,2012,27,0.810509,0.810509,,,0,,,,145,31,17890
State,ma,2012,28,0.792868,0.792868,,,0,,,,185,32,23333
State,ma,2012,29,0.730055,0.730055,,,0,,,,166,32,22738
State,ma,2012,30,0.605759,0.605759,,,0,,,,134,30,22121
State,ma,2012,31,0.666173,0.666173,,,0,,,,144,30,21616
State,ma,2012,32,0.725729,0.725729,,,0,,,,159,31,21909
State,ma,2012,33,0.666134,0.666134,,,0,,,,150,30,22518
State,ma,2012,34,0.545568,0.545568,,,0,,,,122,29,22362
State,ma,2012,35,0.604953,0.604953,,,0,,,,139,31,22977
State,ma,2012,36,0.717645,0.717645,,,0,,,,148,32,20623
State,ma,2012,37,0.756898,0.756898,,,0,,,,186,32,24574
State,ma,2012,38,0.635544,0.635544,,,0,,,,165,33,25962
State,ma,2012,39,0.660707,0.660707,,,0,,,,170,33,25730
State,ma,2012,40,0.691073,0.691073,,,0,,,,195,50,28217
State,ma,2012,41,0.721036,0.721036,,,0,,,,177,50,24548
State,ma,2012,42,1.04728,1.04728,,,0,,,,301,48,28741
State,ma,2012,43,0.700902,0.700902,,,0,,,,199,50,28392
State,ma,2012,44,0.7902,0.7902,,,0,,,,189,49,23918
State,ma,2012,45,0.657702,0.657702,,,0,,,,180,51,27368
State,ma,2012,46,0.796016,0.796016,,,0,,,,219,51,27512
State,ma,2012,47,1.04441,1.04441,,,0,,,,218,49,20873
State,ma,2012,48,1.01617,1.01617,,,0,,,,301,53,29621
State,ma,2012,49,1.61812,1.61812,,,0,,,,480,54,29664
State,ma,2012,50,2.06913,2.06913,,,0,,,,622,52,30061
State,ma,2012,51,3.07478,3.07478,,,0,,,,907,50,29498
State,ma,2012,52,4.3606,4.3606,,,0,,,,831,50,19057
State,ma,2013,1,3.0003,3.0003,,,0,,,,697,51,23231
State,ma,2013,2,2.57992,2.57992,,,0,,,,753,49,29187
State,ma,2013,3,2.37227,2.37227,,,0,,,,716,52,30182
State,ma,2013,4,2.48898,2.48898,,,0,,,,672,54,26999
State,ma,2013,5,2.06795,2.06795,,,0,,,,605,52,29256
State,ma,2013,6,1.92758,1.92758,,,0,,,,486,51,25213
State,ma,2013,7,1.66667,1.66667,,,0,,,,444,51,26640
State,ma,2013,8,1.59041,1.59041,,,0,,,,373,52,23453
State,ma,2013,9,1.30838,1.30838,,,0,,,,358,48,27362
State,ma,2013,10,1.46923,1.46923,,,0,,,,365,50,24843
State,ma,2013,11,1.40283,1.40283,,,0,,,,387,49,27587
State,ma,2013,12,1.39068,1.39068,,,0,,,,366,51,26318
State,ma,2013,13,1.46828,1.46828,,,0,,,,411,50,27992
State,ma,2013,14,1.51658,1.51658,,,0,,,,433,48,28551
State,ma,2013,15,1.57023,1.57023,,,0,,,,441,48,28085
State,ma,2013,16,1.3764,1.3764,,,0,,,,300,48,21796
State,ma,2013,17,0.870495,0.870495,,,0,,,,236,45,27111
State,ma,2013,18,0.942834,0.942834,,,0,,,,253,42,26834
State,ma,2013,19,0.908136,0.908136,,,0,,,,242,40,26648
State,ma,2013,20,0.783969,0.783969,,,0,,,,205,37,26149
State,ma,2013,21,0.610074,0.610074,,,0,,,,152,33,24915
State,ma,2013,22,0.673816,0.673816,,,0,,,,142,31,21074
State,ma,2013,23,0.513891,0.513891,,,0,,,,128,29,24908
State,ma,2013,24,0.688924,0.688924,,,0,,,,169,29,24531
State,ma,2013,25,0.585076,0.585076,,,0,,,,134,28,22903
State,ma,2013,26,0.602236,0.602236,,,0,,,,146,29,24243
State,ma,2013,27,0.602604,0.602604,,,0,,,,112,27,18586
State,ma,2013,28,0.521329,0.521329,,,0,,,,126,28,24169
State,ma,2013,29,0.603887,0.603887,,,0,,,,133,27,22024
State,ma,2013,30,0.447231,0.447231,,,0,,,,102,27,22807
State,ma,2013,31,0.481348,0.481348,,,0,,,,116,28,24099
State,ma,2013,32,0.585331,0.585331,,,0,,,,115,26,19647
State,ma,2013,33,0.44635,0.44635,,,0,,,,101,27,22628
State,ma,2013,34,0.525904,0.525904,,,0,,,,121,26,23008
State,ma,2013,35,0.37996,0.37996,,,0,,,,97,28,25529
State,ma,2013,36,0.256022,0.256022,,,0,,,,22,17,8593
State,ma,2013,37,0.431389,0.431389,,,0,,,,105,29,24340
State,ma,2013,38,0.532184,0.532184,,,0,,,,137,28,25743
State,ma,2013,39,0.495255,0.495255,,,0,,,,131,31,26451
State,ma,2013,40,0.621216,0.621216,,,0,,,,196,57,31551
State,ma,2013,41,0.702243,0.702243,,,0,,,,227,59,32325
State,ma,2013,42,0.838235,0.838235,,,0,,,,238,58,28393
State,ma,2013,43,0.714331,0.714331,,,0,,,,224,58,31358
State,ma,2013,44,0.752864,0.752864,,,0,,,,230,57,30550
State,ma,2013,45,0.792602,0.792602,,,0,,,,252,56,31794
State,ma,2013,46,0.858244,0.858244,,,0,,,,265,56,30877
State,ma,2013,47,0.808617,0.808617,,,0,,,,250,56,30917
State,ma,2013,48,1.04882,1.04882,,,0,,,,226,58,21548
State,ma,2013,49,0.840584,0.840584,,,0,,,,256,58,30455
State,ma,2013,50,1.24387,1.24387,,,0,,,,360,56,28942
State,ma,2013,51,1.3106,1.3106,,,0,,,,359,53,27392
State,ma,2013,52,1.87773,1.87773,,,0,,,,340,58,18107
State,ma,2014,1,1.93805,1.93805,,,0,,,,326,57,16821
State,ma,2014,2,1.33203,1.33203,,,0,,,,396,57,29729
State,ma,2014,3,1.82443,1.82443,,,0,,,,547,56,29982
State,ma,2014,4,1.74202,1.74202,,,0,,,,445,56,25545
State,ma,2014,5,1.58231,1.58231,,,0,,,,478,56,30209
State,ma,2014,6,1.99802,1.99802,,,0,,,,525,55,26276
State,ma,2014,7,1.65155,1.65155,,,0,,,,466,58,28216
State,ma,2014,8,1.45711,1.45711,,,0,,,,353,58,24226
State,ma,2014,9,1.2469,1.2469,,,0,,,,372,55,29834
State,ma,2014,10,1.3024,1.3024,,,0,,,,366,52,28102
State,ma,2014,11,1.27717,1.27717,,,0,,,,349,52,27326
State,ma,2014,12,1.50866,1.50866,,,0,,,,412,47,27309
State,ma,2014,13,1.37952,1.37952,,,0,,,,399,48,28923
State,ma,2014,14,1.68397,1.68397,,,0,,,,493,50,29276
State,ma,2014,15,1.89628,1.89628,,,0,,,,547,46,28846
State,ma,2014,16,1.54012,1.54012,,,0,,,,415,44,26946
State,ma,2014,17,1.39503,1.39503,,,0,,,,325,46,23297
State,ma,2014,18,1.01512,1.01512,,,0,,,,288,45,28371
State,ma,2014,19,1.07308,1.07308,,,0,,,,295,41,27491
State,ma,2014,20,1.00655,1.00655,,,0,,,,258,35,25632
State,ma,2014,21,0.749749,0.749749,,,0,,,,209,37,27876
State,ma,2014,22,0.708627,0.708627,,,0,,,,161,34,22720
State,ma,2014,23,0.757277,0.757277,,,0,,,,192,32,25354
State,ma,2014,24,0.717355,0.717355,,,0,,,,187,33,26068
State,ma,2014,25,0.662935,0.662935,,,0,,,,167,32,25191
State,ma,2014,26,0.778862,0.778862,,,0,,,,186,31,23881
State,ma,2014,27,0.84533,0.84533,,,0,,,,165,30,19519
State,ma,2014,28,0.603396,0.603396,,,0,,,,140,28,23202
State,ma,2014,29,0.601338,0.601338,,,0,,,,142,29,23614
State,ma,2014,30,0.579598,0.579598,,,0,,,,135,29,23292
State,ma,2014,31,0.481064,0.481064,,,0,,,,110,28,22866
State,ma,2014,32,0.500134,0.500134,,,0,,,,112,29,22394
State,ma,2014,33,0.552634,0.552634,,,0,,,,124,29,22438
State,ma,2014,34,0.468604,0.468604,,,0,,,,105,29,22407
State,ma,2014,35,0.489302,0.489302,,,0,,,,110,28,22481
State,ma,2014,36,0.612085,0.612085,,,0,,,,125,29,20422
State,ma,2014,37,0.575474,0.575474,,,0,,,,139,28,24154
State,ma,2014,38,0.564925,0.564925,,,0,,,,138,29,24428
State,ma,2014,39,0.664808,0.664808,,,0,,,,155,29,23315
State,ma,2014,40,0.618429,0.618429,,,0,,,,170,47,27489
State,ma,2014,41,0.706026,0.706026,,,0,,,,185,46,26203
State,ma,2014,42,0.784763,0.784763,,,0,,,,178,46,22682
State,ma,2014,43,0.605295,0.605295,,,0,,,,163,48,26929
State,ma,2014,44,0.740407,0.740407,,,0,,,,197,47,26607
State,ma,2014,45,0.943831,0.943831,,,0,,,,266,50,28183
State,ma,2014,46,0.881402,0.881402,,,0,,,,248,50,28137
State,ma,2014,47,0.938086,0.938086,,,0,,,,265,50,28249
State,ma,2014,48,1.09112,1.09112,,,0,,,,211,48,19338
State,ma,2014,49,1.00662,1.00662,,,0,,,,283,50,28114
State,ma,2014,50,1.26052,1.26052,,,0,,,,346,49,27449
State,ma,2014,51,1.43959,1.43959,,,0,,,,392,49,27230
State,ma,2014,52,2.27933,2.27933,,,0,,,,400,46,17549
State,ma,2014,53,2.01187,2.01187,,,0,,,,383,46,19037
State,ma,2015,1,1.76238,1.76238,,,0,,,,468,47,26555
State,ma,2015,2,2.46778,2.46778,,,0,,,,674,46,27312
State,ma,2015,3,3.55623,3.55623,,,0,,,,961,51,27023
State,ma,2015,4,2.97916,2.97916,,,0,,,,639,49,21449
State,ma,2015,5,2.45614,2.45614,,,0,,,,532,48,21660
State,ma,2015,6,2.16851,2.16851,,,0,,,,454,48,20936
State,ma,2015,7,1.5576,1.5576,,,0,,,,313,47,20095
State,ma,2015,8,1.13747,1.13747,,,0,,,,293,48,25759
State,ma,2015,9,1.45583,1.45583,,,0,,,,367,43,25209
State,ma,2015,10,1.50027,1.50027,,,0,,,,365,45,24329
State,ma,2015,11,1.50587,1.50587,,,0,,,,408,46,27094
State,ma,2015,12,1.56529,1.56529,,,0,,,,439,46,28046
State,ma,2015,13,1.52827,1.52827,,,0,,,,436,46,28529
State,ma,2015,14,1.37273,1.37273,,,0,,,,387,45,28192
State,ma,2015,15,1.47236,1.47236,,,0,,,,415,44,28186
State,ma,2015,16,1.32892,1.32892,,,0,,,,301,44,22650
State,ma,2015,17,0.94502,0.94502,,,0,,,,247,42,26137
State,ma,2015,18,0.948982,0.948982,,,0,,,,226,37,23815
State,ma,2015,19,0.744121,0.744121,,,0,,,,181,36,24324
State,ma,2015,20,0.757729,0.757729,,,0,,,,187,33,24679
State,ma,2015,21,0.919678,0.919678,,,0,,,,184,31,20007
State,ma,2015,22,0.730572,0.730572,,,0,,,,157,29,21490
State,ma,2015,23,0.869925,0.869925,,,0,,,,189,27,21726
State,ma,2015,24,0.695212,0.695212,,,0,,,,151,27,21720
State,ma,2015,25,0.739986,0.739986,,,0,,,,138,25,18649
State,ma,2015,26,0.810289,0.810289,,,0,,,,126,25,15550
State,ma,2015,27,0.639635,0.639635,,,0,,,,115,25,17979
State,ma,2015,28,0.578848,0.578848,,,0,,,,107,24,18485
State,ma,2015,29,0.618067,0.618067,,,0,,,,112,24,18121
State,ma,2015,30,0.60925,0.60925,,,0,,,,110,24,18055
State,ma,2015,31,0.575323,0.575323,,,0,,,,103,24,17903
State,ma,2015,32,0.582876,0.582876,,,0,,,,103,24,17671
State,ma,2015,33,0.563607,0.563607,,,0,,,,98,22,17388
State,ma,2015,34,0.666414,0.666414,,,0,,,,123,23,18457
State,ma,2015,35,0.528587,0.528587,,,0,,,,98,23,18540
State,ma,2015,36,0.662703,0.662703,,,0,,,,107,24,16146
State,ma,2015,37,0.681726,0.681726,,,0,,,,134,24,19656
State,ma,2015,38,0.629266,0.629266,,,0,,,,130,25,20659
State,ma,2015,39,0.407127,0.407127,,,0,,,,77,24,18913
State,ma,2015,40,0.790429,0.790429,,,0,,,,185,44,23405
State,ma,2015,41,0.643767,0.643767,,,0,,,,134,43,20815
State,ma,2015,42,0.733375,0.733375,,,0,,,,177,44,24135
State,ma,2015,43,0.589921,0.589921,,,0,,,,142,41,24071
State,ma,2015,44,0.667916,0.667916,,,0,,,,164,44,24554
State,ma,2015,45,0.672289,0.672289,,,0,,,,165,45,24543
State,ma,2015,46,0.645367,0.645367,,,0,,,,162,44,25102
State,ma,2015,47,0.869205,0.869205,,,0,,,,147,42,16912
State,ma,2015,48,0.793021,0.793021,,,0,,,,200,46,25220
State,ma,2015,49,0.811212,0.811212,,,0,,,,202,46,24901
State,ma,2015,50,0.791949,0.791949,,,0,,,,192,45,24244
State,ma,2015,51,1.31384,1.31384,,,0,,,,204,41,15527
State,ma,2015,52,1.24224,1.24224,,,0,,,,192,43,15456
State,ma,2016,1,1.03824,1.03824,,,0,,,,243,43,23405
State,ma,2016,2,1.09204,1.09204,,,0,,,,250,42,22893
State,ma,2016,3,1.25813,1.25813,,,0,,,,269,45,21381
State,ma,2016,4,1.43077,1.43077,,,0,,,,353,45,24672
State,ma,2016,5,1.61123,1.61123,,,0,,,,389,45,24143
State,ma,2016,6,1.49574,1.49574,,,0,,,,335,45,22397
State,ma,2016,7,1.57182,1.57182,,,0,,,,311,44,19786
State,ma,2016,8,1.57617,1.57617,,,0,,,,382,42,24236
State,ma,2016,9,1.75215,1.75215,,,0,,,,413,42,23571
State,ma,2016,10,2.58081,2.58081,,,0,,,,618,42,23946
State,ma,2016,11,2.22927,2.22927,,,0,,,,520,40,23326
State,ma,2016,12,1.9326,1.9326,,,0,,,,449,42,23233
State,ma,2016,13,1.92072,1.92072,,,0,,,,471,42,24522
State,ma,2016,14,1.53833,1.53833,,,0,,,,364,41,23662
State,ma,2016,15,1.36795,1.36795,,,0,,,,323,41,23612
State,ma,2016,16,1.57377,1.57377,,,0,,,,288,36,18300
State,ma,2016,17,0.997163,0.997163,,,0,,,,232,37,23266
State,ma,2016,18,0.958786,0.958786,,,0,,,,211,38,22007
State,ma,2016,19,0.834063,0.834063,,,0,,,,181,36,21701
State,ma,2016,20,0.807351,0.807351,,,0,,,,181,33,22419
State,ma,2016,21,0.835339,0.835339,,,0,,,,177,28,21189
State,ma,2016,22,0.582216,0.582216,,,0,,,,99,26,17004
State,ma,2016,23,0.837011,0.837011,,,0,,,,165,25,19713
State,ma,2016,24,0.580504,0.580504,,,0,,,,106,24,18260
State,ma,2016,25,0.494651,0.494651,,,0,,,,86,23,17386
State,ma,2016,26,0.454519,0.454519,,,0,,,,77,22,16941
State,ma,2016,27,0.488679,0.488679,,,0,,,,60,23,12278
State,ma,2016,28,0.426677,0.426677,,,0,,,,65,22,15234
State,ma,2016,29,0.427722,0.427722,,,0,,,,64,24,14963
State,ma,2016,30,0.414841,0.414841,,,0,,,,71,23,17115
State,ma,2016,31,0.389268,0.389268,,,0,,,,65,22,16698
State,ma,2016,32,0.333677,0.333677,,,0,,,,55,22,16483
State,ma,2016,33,0.465679,0.465679,,,0,,,,100,25,21474
State,ma,2016,34,0.406466,0.406466,,,0,,,,86,25,21158
State,ma,2016,35,0.356064,0.356064,,,0,,,,79,26,22187
State,ma,2016,36,0.477624,0.477624,,,0,,,,92,25,19262
State,ma,2016,37,0.565901,0.565901,,,0,,,,141,26,24916
State,ma,2016,38,0.587343,0.587343,,,0,,,,151,27,25709
State,ma,2016,39,0.487732,0.487732,,,0,,,,130,28,26654
State,ma,2016,40,0.61873,0.61873,,,0,,,,177,45,28607
State,ma,2016,41,0.538175,0.538175,,,0,,,,150,47,27872
State,ma,2016,42,0.677688,0.677688,,,0,,,,198,46,29217
State,ma,2016,43,0.630021,0.630021,,,0,,,,189,46,29999
State,ma,2016,44,0.767178,0.767178,,,0,,,,230,46,29980
State,ma,2016,45,0.679392,0.679392,,,0,,,,210,45,30910
State,ma,2016,46,0.807039,0.807039,,,0,,,,255,44,31597
State,ma,2016,47,0.847225,0.847225,,,0,,,,185,48,21836
State,ma,2016,48,0.691585,0.691585,,,0,,,,220,44,31811
State,ma,2016,49,0.871126,0.871126,,,0,,,,267,44,30650
State,ma,2016,50,1.01981,1.01981,,,0,,,,313,45,30692
State,ma,2016,51,1.1781,1.1781,,,0,,,,340,45,28860
State,ma,2016,52,1.55035,1.55035,,,0,,,,315,44,20318
State,ma,2017,1,1.34451,1.34451,,,0,,,,356,45,26478
State,ma,2017,2,1.32576,1.32576,,,0,,,,406,45,30624
State,ma,2017,3,1.51277,1.51277,,,0,,,,423,47,27962
State,ma,2017,4,1.79816,1.79816,,,0,,,,583,46,32422
State,ma,2017,5,2.23652,2.23652,,,0,,,,737,47,32953
State,ma,2017,6,2.73075,2.73075,,,0,,,,750,45,27465
State,ma,2017,7,2.4473,2.4473,,,0,,,,714,44,29175
State,ma,2017,8,2.53476,2.53476,,,0,,,,669,46,26393
State,ma,2017,9,1.63971,1.63971,,,0,,,,518,45,31591
State,ma,2017,10,1.67908,1.67908,,,0,,,,460,46,27396
State,ma,2017,11,1.78344,1.78344,,,0,,,,435,43,24391
State,ma,2017,12,1.82552,1.82552,,,0,,,,556,44,30457
State,ma,2017,13,2.02522,2.02522,,,0,,,,668,46,32984
State,ma,2017,14,2.10917,2.10917,,,0,,,,694,44,32904
State,ma,2017,15,1.72087,1.72087,,,0,,,,527,43,30624
State,ma,2017,16,1.27052,1.27052,,,0,,,,298,44,23455
State,ma,2017,17,0.896083,0.896083,,,0,,,,248,39,27676
State,ma,2017,18,0.704576,0.704576,,,0,,,,198,39,28102
State,ma,2017,19,0.754067,0.754067,,,0,,,,210,39,27849
State,ma,2017,20,0.820463,0.820463,,,0,,,,221,39,26936
State,ma,2017,21,0.677286,0.677286,,,0,,,,179,32,26429
State,ma,2017,22,0.757756,0.757756,,,0,,,,159,28,20983
State,ma,2017,23,0.667514,0.667514,,,0,,,,168,28,25168
State,ma,2017,24,0.708397,0.708397,,,0,,,,177,27,24986
State,ma,2017,25,0.618827,0.618827,,,0,,,,151,28,24401
State,ma,2017,26,0.430416,0.430416,,,0,,,,27,12,6273
State,ma,2017,27,0.569418,0.569418,,,0,,,,89,27,15630
State,ma,2017,28,0.493396,0.493396,,,0,,,,99,26,20065
State,ma,2017,29,0.4176,0.4176,,,0,,,,82,27,19636
State,ma,2017,30,0.374721,0.374721,,,0,,,,74,27,19748
State,ma,2017,31,0.443732,0.443732,,,0,,,,83,26,18705
State,ma,2017,32,0.462233,0.462233,,,0,,,,88,25,19038
State,ma,2017,33,0.479541,0.479541,,,0,,,,92,24,19185
State,ma,2017,34,0.446002,0.446002,,,0,,,,84,24,18834
State,ma,2017,35,0.395121,0.395121,,,0,,,,69,22,17463
State,ma,2017,36,0.416378,0.416378,,,0,,,,72,24,17292
State,ma,2017,37,0.555258,0.555258,,,0,,,,114,24,20531
State,ma,2017,38,0.557541,0.557541,,,0,,,,117,24,20985
State,ma,2017,39,0.531195,0.531195,,,0,,,,102,20,19202
State,ma,2017,40,0.68067,0.68067,,,0,,,,186,46,27326
State,ma,2017,41,0.891701,0.891701,,,0,,,,296,43,33195
State,ma,2017,42,0.807923,0.807923,,,0,,,,279,45,34533
State,ma,2017,43,0.9611,0.9611,,,0,,,,337,44,35064
State,ma,2017,44,0.995875,0.995875,,,0,,,,338,46,33940
State,ma,2017,45,1.20766,1.20766,,,0,,,,441,44,36517
State,ma,2017,46,1.27454,1.27454,,,0,,,,472,46,37033
State,ma,2017,47,1.66174,1.66174,,,0,,,,455,46,27381
State,ma,2017,48,1.39196,1.39196,,,0,,,,504,46,36208
State,ma,2017,49,1.51453,1.51453,,,0,,,,555,45,36645
State,ma,2017,50,1.72312,1.72312,,,0,,,,639,45,37084
State,ma,2017,51,2.10554,2.10554,,,0,,,,719,44,34148
State,ma,2017,52,3.11497,3.11497,,,0,,,,796,46,25554
State,md,2010,40,1.3192,1.3192,,,0,,,,117,17,8869
State,md,2010,41,2.09879,2.09879,,,0,,,,99,17,4717
State,md,2010,42,1.45439,1.45439,,,0,,,,173,20,11895
State,md,2010,43,1.26769,1.26769,,,0,,,,146,20,11517
State,md,2010,44,1.45386,1.45386,,,0,,,,147,20,10111
State,md,2010,45,1.42159,1.42159,,,0,,,,128,21,9004
State,md,2010,46,1.50014,1.50014,,,0,,,,156,20,10399
State,md,2010,47,2.01258,2.01258,,,0,,,,128,19,6360
State,md,2010,48,1.86342,1.86342,,,0,,,,167,20,8962
State,md,2010,49,1.55109,1.55109,,,0,,,,153,20,9864
State,md,2010,50,2.00849,2.00849,,,0,,,,175,18,8713
State,md,2010,51,2.738,2.738,,,0,,,,174,17,6355
State,md,2010,52,3.6845,3.6845,,,0,,,,199,16,5401
State,md,2011,1,2.27061,2.27061,,,0,,,,219,18,9645
State,md,2011,2,2.36271,2.36271,,,0,,,,219,19,9269
State,md,2011,3,4.12421,4.12421,,,0,,,,344,19,8341
State,md,2011,4,3.80076,3.80076,,,0,,,,322,18,8472
State,md,2011,5,4.0101,4.0101,,,0,,,,381,18,9501
State,md,2011,6,3.65262,3.65262,,,0,,,,339,16,9281
State,md,2011,7,3.05647,3.05647,,,0,,,,269,15,8801
State,md,2011,8,2.62542,2.62542,,,0,,,,213,16,8113
State,md,2011,9,2.14094,2.14094,,,0,,,,199,16,9295
State,md,2011,10,1.99212,1.99212,,,0,,,,177,16,8885
State,md,2011,11,1.66098,1.66098,,,0,,,,146,16,8790
State,md,2011,12,1.77878,1.77878,,,0,,,,142,13,7983
State,md,2011,13,1.22569,1.22569,,,0,,,,104,15,8485
State,md,2011,14,1.57288,1.57288,,,0,,,,116,12,7375
State,md,2011,15,1.94079,1.94079,,,0,,,,118,10,6080
State,md,2011,16,1.95606,1.95606,,,0,,,,130,11,6646
State,md,2011,17,1.05199,1.05199,,,0,,,,69,11,6559
State,md,2011,18,1.13264,1.13264,,,0,,,,83,11,7328
State,md,2011,19,1.01451,1.01451,,,0,,,,72,11,7097
State,md,2011,20,0.850209,0.850209,,,0,,,,55,9,6469
State,md,2011,21,1.2498,1.2498,,,0,,,,77,9,6161
State,md,2011,22,0.889371,0.889371,,,0,,,,41,8,4610
State,md,2011,23,1.41586,1.41586,,,0,,,,70,7,4944
State,md,2011,24,1.78476,1.78476,,,0,,,,100,7,5603
State,md,2011,25,1.20923,1.20923,,,0,,,,66,7,5458
State,md,2011,26,1.21014,1.21014,,,0,,,,63,7,5206
State,md,2011,27,2.39544,2.39544,,,0,,,,63,7,2630
State,md,2011,28,1.28183,1.28183,,,0,,,,74,7,5773
State,md,2011,29,1.20808,1.20808,,,0,,,,67,7,5546
State,md,2011,30,2.37726,2.37726,,,0,,,,46,5,1935
State,md,2011,31,1.723,1.723,,,0,,,,78,6,4527
State,md,2011,32,1.02555,1.02555,,,0,,,,55,6,5363
State,md,2011,33,0.927578,0.927578,,,0,,,,52,6,5606
State,md,2011,34,1.46699,1.46699,,,0,,,,78,6,5317
State,md,2011,35,1.20512,1.20512,,,0,,,,49,5,4066
State,md,2011,36,1.13186,1.13186,,,0,,,,40,4,3534
State,md,2011,37,1.08325,1.08325,,,0,,,,54,4,4985
State,md,2011,38,2.0957,2.0957,,,0,,,,113,6,5392
State,md,2011,39,1.8797,1.8797,,,0,,,,105,5,5586
State,md,2011,40,2.00724,2.00724,,,0,,,,172,12,8569
State,md,2011,41,1.71179,1.71179,,,0,,,,141,14,8237
State,md,2011,42,1.38594,1.38594,,,0,,,,150,13,10823
State,md,2011,43,1.82885,1.82885,,,0,,,,187,13,10225
State,md,2011,44,1.70014,1.70014,,,0,,,,160,15,9411
State,md,2011,45,1.78451,1.78451,,,0,,,,159,16,8910
State,md,2011,46,2.12593,2.12593,,,0,,,,183,16,8608
State,md,2011,47,2.025,2.025,,,0,,,,128,17,6321
State,md,2011,48,1.9118,1.9118,,,0,,,,176,15,9206
State,md,2011,49,1.72904,1.72904,,,0,,,,152,15,8791
State,md,2011,50,2.04082,2.04082,,,0,,,,182,16,8918
State,md,2011,51,2.48714,2.48714,,,0,,,,174,16,6996
State,md,2011,52,2.63112,2.63112,,,0,,,,150,14,5701
State,md,2012,1,1.91666,1.91666,,,0,,,,155,17,8087
State,md,2012,2,1.89331,1.89331,,,0,,,,170,16,8979
State,md,2012,3,2.18625,2.18625,,,0,,,,181,16,8279
State,md,2012,4,2.04349,2.04349,,,0,,,,203,16,9934
State,md,2012,5,1.96292,1.96292,,,0,,,,180,16,9170
State,md,2012,6,2.63717,2.63717,,,0,,,,236,16,8949
State,md,2012,7,2.76723,2.76723,,,0,,,,226,14,8167
State,md,2012,8,1.88416,1.88416,,,0,,,,162,16,8598
State,md,2012,9,3.16901,3.16901,,,0,,,,198,16,6248
State,md,2012,10,2.47261,2.47261,,,0,,,,255,17,10313
State,md,2012,11,3.90424,3.90424,,,0,,,,212,14,5430
State,md,2012,12,2.09246,2.09246,,,0,,,,191,17,9128
State,md,2012,13,2.02075,2.02075,,,0,,,,150,12,7423
State,md,2012,14,1.62208,1.62208,,,0,,,,134,15,8261
State,md,2012,15,1.39476,1.39476,,,0,,,,122,14,8747
State,md,2012,16,1.1973,1.1973,,,0,,,,117,17,9772
State,md,2012,17,1.56532,1.56532,,,0,,,,156,17,9966
State,md,2012,18,2.57455,2.57455,,,0,,,,139,13,5399
State,md,2012,19,3.54061,3.54061,,,0,,,,119,10,3361
State,md,2012,20,1.30009,1.30009,,,0,,,,97,10,7461
State,md,2012,21,2.15727,2.15727,,,0,,,,31,5,1437
State,md,2012,22,0.2589,0.2589,,,0,,,,4,6,1545
State,md,2012,23,3.3744,3.3744,,,0,,,,63,6,1867
State,md,2012,24,6.8152,6.8152,,,0,,,,52,4,763
State,md,2012,25,8.11639,8.11639,,,0,,,,53,4,653
State,md,2012,26,5.17007,5.17007,,,0,,,,38,4,735
State,md,2012,27,6.77966,6.77966,,,0,,,,32,4,472
State,md,2012,28,7.54717,7.54717,,,0,,,,48,4,636
State,md,2012,29,6.71233,6.71233,,,0,,,,49,4,730
State,md,2012,30,5.69307,5.69307,,,0,,,,46,4,808
State,md,2012,31,6.6345,6.6345,,,0,,,,55,4,829
State,md,2012,32,6.74603,6.74603,,,0,,,,51,4,756
State,md,2012,33,5.6338,5.6338,,,0,,,,40,4,710
State,md,2012,34,5.59876,5.59876,,,0,,,,36,4,643
State,md,2012,35,5.64103,5.64103,,,0,,,,55,4,975
State,md,2012,36,6.31277,6.31277,,,0,,,,44,4,697
State,md,2012,37,4.87145,4.87145,,,0,,,,72,5,1478
State,md,2012,38,2.50417,2.50417,,,0,,,,60,7,2396
State,md,2012,39,3.43762,3.43762,,,0,,,,89,7,2589
State,md,2012,40,1.08842,1.08842,,,0,,,,105,15,9647
State,md,2012,41,1.22244,1.22244,,,0,,,,117,15,9571
State,md,2012,42,0.974202,0.974202,,,0,,,,108,16,11086
State,md,2012,43,0.609756,0.609756,,,0,,,,87,17,14268
State,md,2012,44,1.36444,1.36444,,,0,,,,93,15,6816
State,md,2012,45,1.187,1.187,,,0,,,,126,17,10615
State,md,2012,46,0.969659,0.969659,,,0,,,,93,16,9591
State,md,2012,47,1.89411,1.89411,,,0,,,,127,17,6705
State,md,2012,48,1.09847,1.09847,,,0,,,,113,16,10287
State,md,2012,49,3.00338,3.00338,,,0,,,,169,16,5627
State,md,2012,50,2.74794,2.74794,,,0,,,,220,14,8006
State,md,2012,51,3.83902,3.83902,,,0,,,,331,12,8622
State,md,2012,52,10.1205,10.1205,,,0,,,,210,9,2075
State,md,2013,1,3.41351,3.41351,,,0,,,,193,14,5654
State,md,2013,2,4.23557,4.23557,,,0,,,,397,13,9373
State,md,2013,3,3.81307,3.81307,,,0,,,,399,15,10464
State,md,2013,4,3.75483,3.75483,,,0,,,,272,14,7244
State,md,2013,5,2.44738,2.44738,,,0,,,,243,15,9929
State,md,2013,6,1.91896,1.91896,,,0,,,,197,16,10266
State,md,2013,7,2.06293,2.06293,,,0,,,,198,15,9598
State,md,2013,8,2.56122,2.56122,,,0,,,,205,13,8004
State,md,2013,9,2.29801,2.29801,,,0,,,,219,14,9530
State,md,2013,10,5.79103,5.79103,,,0,,,,235,12,4058
State,md,2013,11,2.48607,2.48607,,,0,,,,232,13,9332
State,md,2013,12,1.96761,1.96761,,,0,,,,147,10,7471
State,md,2013,13,2.81526,2.81526,,,0,,,,217,12,7708
State,md,2013,14,1.28833,1.28833,,,0,,,,92,10,7141
State,md,2013,15,1.82949,1.82949,,,0,,,,153,11,8363
State,md,2013,16,1.22677,1.22677,,,0,,,,99,12,8070
State,md,2013,17,1.21983,1.21983,,,0,,,,93,11,7624
State,md,2013,18,1.09759,1.09759,,,0,,,,92,12,8382
State,md,2013,19,2.70944,2.70944,,,0,,,,87,10,3211
State,md,2013,20,2.28534,2.28534,,,0,,,,70,9,3063
State,md,2013,21,1.54024,1.54024,,,0,,,,40,9,2597
State,md,2013,22,2.81875,2.81875,,,0,,,,86,10,3051
State,md,2013,23,1.81881,1.81881,,,0,,,,53,9,2914
State,md,2013,24,2.55084,2.55084,,,0,,,,74,9,2901
State,md,2013,25,1.27612,1.27612,,,0,,,,91,10,7131
State,md,2013,26,1.11429,1.11429,,,0,,,,78,10,7000
State,md,2013,27,1.19643,1.19643,,,0,,,,67,10,5600
State,md,2013,28,0.288739,0.288739,,,0,,,,18,9,6234
State,md,2013,29,0.892061,0.892061,,,0,,,,60,10,6726
State,md,2013,30,0.886474,0.886474,,,0,,,,62,10,6994
State,md,2013,31,0.907354,0.907354,,,0,,,,57,9,6282
State,md,2013,32,0.916466,0.916466,,,0,,,,61,10,6656
State,md,2013,33,0.935925,0.935925,,,0,,,,65,10,6945
State,md,2013,34,1.23343,1.23343,,,0,,,,80,9,6486
State,md,2013,35,2.21441,2.21441,,,0,,,,63,8,2845
State,md,2013,36,1.11243,1.11243,,,0,,,,75,10,6742
State,md,2013,37,2.35627,2.35627,,,0,,,,75,9,3183
State,md,2013,38,2.0801,2.0801,,,0,,,,67,9,3221
State,md,2013,39,2.27848,2.27848,,,0,,,,72,9,3160
State,md,2013,40,0.544569,0.544569,,,0,,,,57,18,10467
State,md,2013,41,0.985784,0.985784,,,0,,,,95,17,9637
State,md,2013,42,0.930275,0.930275,,,0,,,,103,20,11072
State,md,2013,43,0.838383,0.838383,,,0,,,,101,20,12047
State,md,2013,44,0.684679,0.684679,,,0,,,,93,24,13583
State,md,2013,45,0.722491,0.722491,,,0,,,,100,24,13841
State,md,2013,46,1.02634,1.02634,,,0,,,,120,24,11692
State,md,2013,47,0.886032,0.886032,,,0,,,,102,20,11512
State,md,2013,48,1.31439,1.31439,,,0,,,,99,23,7532
State,md,2013,49,1.10348,1.10348,,,0,,,,127,22,11509
State,md,2013,50,1.13908,1.13908,,,0,,,,105,24,9218
State,md,2013,51,0.86881,0.86881,,,0,,,,90,21,10359
State,md,2013,52,2.89608,2.89608,,,0,,,,153,22,5283
State,md,2014,1,3.02808,3.02808,,,0,,,,206,22,6803
State,md,2014,2,1.78191,1.78191,,,0,,,,209,24,11729
State,md,2014,3,2.257,2.257,,,0,,,,261,23,11564
State,md,2014,4,2.07697,2.07697,,,0,,,,170,24,8185
State,md,2014,5,2.00847,2.00847,,,0,,,,242,24,12049
State,md,2014,6,2.28933,2.28933,,,0,,,,282,26,12318
State,md,2014,7,1.95654,1.95654,,,0,,,,190,25,9711
State,md,2014,8,1.37195,1.37195,,,0,,,,144,24,10496
State,md,2014,9,1.40081,1.40081,,,0,,,,160,24,11422
State,md,2014,10,1.22427,1.22427,,,0,,,,116,25,9475
State,md,2014,11,0.858779,0.858779,,,0,,,,108,25,12576
State,md,2014,12,1.07995,1.07995,,,0,,,,114,26,10556
State,md,2014,13,1.01566,1.01566,,,0,,,,107,23,10535
State,md,2014,14,1.44424,1.44424,,,0,,,,133,17,9209
State,md,2014,15,1.32054,1.32054,,,0,,,,139,19,10526
State,md,2014,16,1.02282,1.02282,,,0,,,,91,19,8897
State,md,2014,17,1.01355,1.01355,,,0,,,,101,19,9965
State,md,2014,18,0.82729,0.82729,,,0,,,,81,19,9791
State,md,2014,19,0.813391,0.813391,,,0,,,,69,16,8483
State,md,2014,20,1.00283,1.00283,,,0,,,,78,15,7778
State,md,2014,21,1.08874,1.08874,,,0,,,,93,14,8542
State,md,2014,22,0.729408,0.729408,,,0,,,,41,11,5621
State,md,2014,23,0.631639,0.631639,,,0,,,,44,12,6966
State,md,2014,24,0.630496,0.630496,,,0,,,,38,12,6027
State,md,2014,25,0.665273,0.665273,,,0,,,,35,9,5261
State,md,2014,26,0.4112,0.4112,,,0,,,,21,8,5107
State,md,2014,27,0.822846,0.822846,,,0,,,,34,8,4132
State,md,2014,28,1.78988,1.78988,,,0,,,,23,7,1285
State,md,2014,29,0.689799,0.689799,,,0,,,,33,8,4784
State,md,2014,30,0.41712,0.41712,,,0,,,,23,9,5514
State,md,2014,31,0.345669,0.345669,,,0,,,,17,8,4918
State,md,2014,32,0.452284,0.452284,,,0,,,,20,8,4422
State,md,2014,33,1.55786,1.55786,,,0,,,,21,7,1348
State,md,2014,34,0.411369,0.411369,,,0,,,,22,8,5348
State,md,2014,35,0.579648,0.579648,,,0,,,,27,7,4658
State,md,2014,36,0.795812,0.795812,,,0,,,,38,7,4775
State,md,2014,37,2.13869,2.13869,,,0,,,,33,6,1543
State,md,2014,38,2.05882,2.05882,,,0,,,,49,7,2380
State,md,2014,39,1.55096,1.55096,,,0,,,,42,11,2708
State,md,2014,40,1.01115,1.01115,,,0,,,,107,20,10582
State,md,2014,41,0.966228,0.966228,,,0,,,,105,21,10867
State,md,2014,42,0.857064,0.857064,,,0,,,,93,21,10851
State,md,2014,43,0.957198,0.957198,,,0,,,,123,23,12850
State,md,2014,44,1.12683,1.12683,,,0,,,,133,23,11803
State,md,2014,45,0.925521,0.925521,,,0,,,,127,24,13722
State,md,2014,46,0.855491,0.855491,,,0,,,,111,23,12975
State,md,2014,47,1.76296,1.76296,,,0,,,,137,23,7771
State,md,2014,48,1.71058,1.71058,,,0,,,,137,24,8009
State,md,2014,49,1.89161,1.89161,,,0,,,,237,23,12529
State,md,2014,50,2.38458,2.38458,,,0,,,,282,23,11826
State,md,2014,51,3.41734,3.41734,,,0,,,,438,24,12817
State,md,2014,52,4.59902,4.59902,,,0,,,,320,21,6958
State,md,2014,53,5.94148,5.94148,,,0,,,,467,22,7860
State,md,2015,1,2.78897,2.78897,,,0,,,,346,24,12406
State,md,2015,2,2.56252,2.56252,,,0,,,,291,24,11356
State,md,2015,3,2.51534,2.51534,,,0,,,,291,25,11569
State,md,2015,4,2.25146,2.25146,,,0,,,,255,24,11326
State,md,2015,5,1.77231,1.77231,,,0,,,,229,25,12921
State,md,2015,6,1.414,1.414,,,0,,,,183,25,12942
State,md,2015,7,2.36195,2.36195,,,0,,,,145,22,6139
State,md,2015,8,1.35629,1.35629,,,0,,,,167,33,12313
State,md,2015,9,1.02528,1.02528,,,0,,,,103,34,10046
State,md,2015,10,1.1649,1.1649,,,0,,,,141,31,12104
State,md,2015,11,1.19675,1.19675,,,0,,,,134,30,11197
State,md,2015,12,1.13963,1.13963,,,0,,,,135,30,11846
State,md,2015,13,1.27111,1.27111,,,0,,,,140,31,11014
State,md,2015,14,1.48556,1.48556,,,0,,,,159,30,10703
State,md,2015,15,1.17882,1.17882,,,0,,,,136,31,11537
State,md,2015,16,1.11855,1.11855,,,0,,,,132,31,11801
State,md,2015,17,1.23155,1.23155,,,0,,,,141,30,11449
State,md,2015,18,1.10579,1.10579,,,0,,,,127,30,11485
State,md,2015,19,0.901155,0.901155,,,0,,,,96,27,10653
State,md,2015,20,1.13001,1.13001,,,0,,,,97,27,8584
State,md,2015,21,1.87553,1.87553,,,0,,,,88,25,4692
State,md,2015,22,1.3738,1.3738,,,0,,,,67,25,4877
State,md,2015,23,1.80365,1.80365,,,0,,,,88,14,4879
State,md,2015,24,1.7341,1.7341,,,0,,,,66,13,3806
State,md,2015,25,2.1826,2.1826,,,0,,,,71,13,3253
State,md,2015,26,1.47186,1.47186,,,0,,,,68,16,4620
State,md,2015,27,2.14266,2.14266,,,0,,,,79,21,3687
State,md,2015,28,1.88399,1.88399,,,0,,,,76,21,4034
State,md,2015,29,1.54211,1.54211,,,0,,,,78,22,5058
State,md,2015,30,1.67691,1.67691,,,0,,,,60,20,3578
State,md,2015,31,1.19101,1.19101,,,0,,,,53,12,4450
State,md,2015,32,2.60994,2.60994,,,0,,,,73,10,2797
State,md,2015,33,1.41663,1.41663,,,0,,,,61,12,4306
State,md,2015,34,0.980597,0.980597,,,0,,,,47,13,4793
State,md,2015,35,1.30884,1.30884,,,0,,,,57,11,4355
State,md,2015,36,1.85274,1.85274,,,0,,,,77,12,4156
State,md,2015,37,1.60536,1.60536,,,0,,,,79,12,4921
State,md,2015,38,1.46268,1.46268,,,0,,,,68,12,4649
State,md,2015,39,1.24585,1.24585,,,0,,,,75,15,6020
State,md,2015,40,1.09231,1.09231,,,0,,,,82,32,7507
State,md,2015,41,0.792553,0.792553,,,0,,,,63,30,7949
State,md,2015,42,1.44368,1.44368,,,0,,,,116,30,8035
State,md,2015,43,1.44254,1.44254,,,0,,,,121,33,8388
State,md,2015,44,1.43698,1.43698,,,0,,,,122,31,8490
State,md,2015,45,1.44607,1.44607,,,0,,,,111,30,7676
State,md,2015,46,1.68539,1.68539,,,0,,,,132,30,7832
State,md,2015,47,2.64002,2.64002,,,0,,,,140,30,5303
State,md,2015,48,2.11117,2.11117,,,0,,,,158,31,7484
State,md,2015,49,1.91238,1.91238,,,0,,,,141,32,7373
State,md,2015,50,2.28471,2.28471,,,0,,,,169,33,7397
State,md,2015,51,3.08793,3.08793,,,0,,,,151,32,4890
State,md,2015,52,3.59815,3.59815,,,0,,,,202,32,5614
State,md,2016,1,2.27929,2.27929,,,0,,,,150,31,6581
State,md,2016,2,3.07626,3.07626,,,0,,,,213,29,6924
State,md,2016,3,2.80927,2.80927,,,0,,,,166,31,5909
State,md,2016,4,2.33088,2.33088,,,0,,,,174,35,7465
State,md,2016,5,1.34237,1.34237,,,0,,,,101,34,7524
State,md,2016,6,2.60127,2.60127,,,0,,,,201,38,7727
State,md,2016,7,4.37746,4.37746,,,0,,,,334,36,7630
State,md,2016,8,3.16991,3.16991,,,0,,,,236,26,7445
State,md,2016,9,3.00395,3.00395,,,0,,,,266,27,8855
State,md,2016,10,3.03093,3.03093,,,0,,,,291,27,9601
State,md,2016,11,2.38066,2.38066,,,0,,,,193,27,8107
State,md,2016,12,1.72097,1.72097,,,0,,,,159,26,9239
State,md,2016,13,1.38378,1.38378,,,0,,,,109,25,7877
State,md,2016,14,1.29988,1.29988,,,0,,,,86,20,6616
State,md,2016,15,1.30955,1.30955,,,0,,,,127,28,9698
State,md,2016,16,1.7459,1.7459,,,0,,,,166,28,9508
State,md,2016,17,1.37531,1.37531,,,0,,,,128,26,9307
State,md,2016,18,1.21282,1.21282,,,0,,,,95,25,7833
State,md,2016,19,1.42426,1.42426,,,0,,,,118,24,8285
State,md,2016,20,1.05696,1.05696,,,0,,,,95,25,8988
State,md,2016,21,1.0372,1.0372,,,0,,,,75,20,7231
State,md,2016,22,2.12127,2.12127,,,0,,,,113,18,5327
State,md,2016,23,1.74346,1.74346,,,0,,,,112,18,6424
State,md,2016,24,1.26864,1.26864,,,0,,,,74,19,5833
State,md,2016,25,1.52132,1.52132,,,0,,,,86,19,5653
State,md,2016,26,1.04889,1.04889,,,0,,,,59,18,5625
State,md,2016,27,1.33616,1.33616,,,0,,,,63,17,4715
State,md,2016,28,1.14296,1.14296,,,0,,,,61,17,5337
State,md,2016,29,1.13331,1.13331,,,0,,,,59,17,5206
State,md,2016,30,0.960384,0.960384,,,0,,,,56,19,5831
State,md,2016,31,1.06149,1.06149,,,0,,,,58,18,5464
State,md,2016,32,0.872905,0.872905,,,0,,,,50,18,5728
State,md,2016,33,1.18644,1.18644,,,0,,,,63,16,5310
State,md,2016,34,1.19639,1.19639,,,0,,,,65,17,5433
State,md,2016,35,1.12604,1.12604,,,0,,,,62,16,5506
State,md,2016,36,1.67745,1.67745,,,0,,,,83,17,4948
State,md,2016,37,1.14029,1.14029,,,0,,,,66,18,5788
State,md,2016,38,1.09962,1.09962,,,0,,,,67,19,6093
State,md,2016,39,1.05951,1.05951,,,0,,,,60,18,5663
State,md,2016,40,0.588424,0.588424,,,0,,,,55,41,9347
State,md,2016,41,0.742727,0.742727,,,0,,,,72,42,9694
State,md,2016,42,0.980293,0.980293,,,0,,,,97,42,9895
State,md,2016,43,0.840078,0.840078,,,0,,,,82,42,9761
State,md,2016,44,0.951557,0.951557,,,0,,,,88,42,9248
State,md,2016,45,1.22094,1.22094,,,0,,,,115,42,9419
State,md,2016,46,0.899032,0.899032,,,0,,,,91,41,10122
State,md,2016,47,1.65076,1.65076,,,0,,,,109,42,6603
State,md,2016,48,1.12648,1.12648,,,0,,,,114,42,10120
State,md,2016,49,1.08942,1.08942,,,0,,,,101,41,9271
State,md,2016,50,1.35029,1.35029,,,0,,,,120,41,8887
State,md,2016,51,1.75352,1.75352,,,0,,,,142,41,8098
State,md,2016,52,2.41278,2.41278,,,0,,,,148,41,6134
State,md,2017,1,1.66687,1.66687,,,0,,,,137,41,8219
State,md,2017,2,2.22725,2.22725,,,0,,,,187,41,8396
State,md,2017,3,2.73316,2.73316,,,0,,,,228,40,8342
State,md,2017,4,2.86498,2.86498,,,0,,,,261,42,9110
State,md,2017,5,2.90698,2.90698,,,0,,,,275,42,9460
State,md,2017,6,4.58397,4.58397,,,0,,,,422,42,9206
State,md,2017,7,6.08186,6.08186,,,0,,,,581,43,9553
State,md,2017,8,5.82144,5.82144,,,0,,,,579,43,9946
State,md,2017,9,3.39394,3.39394,,,0,,,,336,43,9900
State,md,2017,10,3.541,3.541,,,0,,,,345,43,9743
State,md,2017,11,3.89496,3.89496,,,0,,,,310,42,7959
State,md,2017,12,3.27304,3.27304,,,0,,,,304,42,9288
State,md,2017,13,3.57217,3.57217,,,0,,,,344,43,9630
State,md,2017,14,2.35602,2.35602,,,0,,,,216,42,9168
State,md,2017,15,1.83007,1.83007,,,0,,,,154,41,8415
State,md,2017,16,1.31684,1.31684,,,0,,,,115,41,8733
State,md,2017,17,1.15975,1.15975,,,0,,,,102,41,8795
State,md,2017,18,0.857281,0.857281,,,0,,,,71,40,8282
State,md,2017,19,0.902109,0.902109,,,0,,,,74,40,8203
State,md,2017,20,1.36833,1.36833,,,0,,,,98,38,7162
State,md,2017,21,0.842793,0.842793,,,0,,,,49,32,5814
State,md,2017,22,1.25798,1.25798,,,0,,,,67,32,5326
State,md,2017,23,0.96963,0.96963,,,0,,,,53,32,5466
State,md,2017,24,1.22888,1.22888,,,0,,,,48,29,3906
State,md,2017,25,1.06998,1.06998,,,0,,,,50,31,4673
State,md,2017,26,1.28205,1.28205,,,0,,,,44,28,3432
State,md,2017,27,1.36908,1.36908,,,0,,,,48,28,3506
State,md,2017,28,1.64931,1.64931,,,0,,,,38,24,2304
State,md,2017,29,0.888063,0.888063,,,0,,,,43,30,4842
State,md,2017,30,1.04592,1.04592,,,0,,,,41,26,3920
State,md,2017,31,1.07442,1.07442,,,0,,,,41,27,3816
State,md,2017,32,0.856327,0.856327,,,0,,,,36,27,4204
State,md,2017,33,0.917686,0.917686,,,0,,,,33,23,3596
State,md,2017,34,0.962269,0.962269,,,0,,,,38,27,3949
State,md,2017,35,1.18606,1.18606,,,0,,,,48,27,4047
State,md,2017,36,1.45644,1.45644,,,0,,,,56,27,3845
State,md,2017,37,0.996738,0.996738,,,0,,,,55,28,5518
State,md,2017,38,1.21772,1.21772,,,0,,,,58,28,4763
State,md,2017,39,1.0841,1.0841,,,0,,,,66,30,6088
State,md,2017,40,0.768398,0.768398,,,0,,,,71,40,9240
State,md,2017,41,0.945495,0.945495,,,0,,,,85,39,8990
State,md,2017,42,0.805459,0.805459,,,0,,,,72,41,8939
State,md,2017,43,0.906307,0.906307,,,0,,,,74,27,8165
State,md,2017,44,0.796359,0.796359,,,0,,,,70,28,8790
State,md,2017,45,1.07304,1.07304,,,0,,,,88,27,8201
State,md,2017,46,1.97863,1.97863,,,0,,,,150,26,7581
State,md,2017,47,1.77414,1.77414,,,0,,,,104,28,5862
State,md,2017,48,1.37223,1.37223,,,0,,,,111,26,8089
State,md,2017,49,1.42686,1.42686,,,0,,,,119,28,8340
State,md,2017,50,1.57176,1.57176,,,0,,,,122,26,7762
State,md,2017,51,2.33503,2.33503,,,0,,,,161,27,6895
State,md,2017,52,4.47549,4.47549,,,0,,,,189,23,4223
State,me,2010,40,0.357724,0.357724,,,0,,,,22,30,6150
State,me,2010,41,0.434855,0.434855,,,0,,,,26,29,5979
State,me,2010,42,0.421743,0.421743,,,0,,,,27,30,6402
State,me,2010,43,0.338409,0.338409,,,0,,,,22,30,6501
State,me,2010,44,0.176471,0.176471,,,0,,,,9,29,5100
State,me,2010,45,0.356622,0.356622,,,0,,,,22,31,6169
State,me,2010,46,0.520341,0.520341,,,0,,,,33,31,6342
State,me,2010,47,0.617566,0.617566,,,0,,,,27,31,4372
State,me,2010,48,0.347958,0.347958,,,0,,,,23,31,6610
State,me,2010,49,0.435219,0.435219,,,0,,,,26,31,5974
State,me,2010,50,0.341472,0.341472,,,0,,,,20,29,5857
State,me,2010,51,0.59952,0.59952,,,0,,,,25,30,4170
State,me,2010,52,0.644828,0.644828,,,0,,,,25,31,3877
State,me,2011,1,0.509198,0.509198,,,0,,,,31,30,6088
State,me,2011,2,0.471204,0.471204,,,0,,,,27,31,5730
State,me,2011,3,0.75275,0.75275,,,0,,,,39,30,5181
State,me,2011,4,1.03409,1.03409,,,0,,,,64,30,6189
State,me,2011,5,1.47004,1.47004,,,0,,,,79,30,5374
State,me,2011,6,1.57754,1.57754,,,0,,,,100,29,6339
State,me,2011,7,2.27929,2.27929,,,0,,,,150,29,6581
State,me,2011,8,1.92711,1.92711,,,0,,,,101,29,5241
State,me,2011,9,1.90314,1.90314,,,0,,,,123,31,6463
State,me,2011,10,1.20046,1.20046,,,0,,,,73,29,6081
State,me,2011,11,1.0707,1.0707,,,0,,,,68,28,6351
State,me,2011,12,0.860451,0.860451,,,0,,,,55,28,6392
State,me,2011,13,0.793257,0.793257,,,0,,,,48,28,6051
State,me,2011,14,0.723634,0.723634,,,0,,,,47,28,6495
State,me,2011,15,0.644531,0.644531,,,0,,,,33,26,5120
State,me,2011,16,0.563317,0.563317,,,0,,,,25,26,4438
State,me,2011,17,0.46474,0.46474,,,0,,,,23,25,4949
State,me,2011,18,0.49682,0.49682,,,0,,,,25,25,5032
State,me,2011,19,0.508233,0.508233,,,0,,,,25,24,4919
State,me,2011,20,0.370028,0.370028,,,0,,,,16,22,4324
State,me,2011,21,0.519802,0.519802,,,0,,,,21,21,4040
State,me,2011,22,0.643537,0.643537,,,0,,,,23,21,3574
State,me,2011,23,0.442369,0.442369,,,0,,,,18,21,4069
State,me,2011,24,0.403035,0.403035,,,0,,,,17,21,4218
State,me,2011,25,0.365764,0.365764,,,0,,,,15,21,4101
State,me,2011,26,0.466029,0.466029,,,0,,,,19,21,4077
State,me,2011,27,0.873485,0.873485,,,0,,,,31,20,3549
State,me,2011,28,0.59657,0.59657,,,0,,,,24,20,4023
State,me,2011,29,0.604011,0.604011,,,0,,,,25,20,4139
State,me,2011,30,0.450024,0.450024,,,0,,,,19,20,4222
State,me,2011,31,0.36036,0.36036,,,0,,,,14,20,3885
State,me,2011,32,0.417478,0.417478,,,0,,,,15,19,3593
State,me,2011,33,0.481155,0.481155,,,0,,,,18,19,3741
State,me,2011,34,0.471175,0.471175,,,0,,,,17,19,3608
State,me,2011,35,0.60551,0.60551,,,0,,,,20,19,3303
State,me,2011,36,0.602601,0.602601,,,0,,,,19,19,3153
State,me,2011,37,0.402414,0.402414,,,0,,,,14,19,3479
State,me,2011,38,0.423392,0.423392,,,0,,,,16,20,3779
State,me,2011,39,0.390219,0.390219,,,0,,,,15,20,3844
State,me,2011,40,0.387205,0.387205,,,0,,,,23,31,5940
State,me,2011,41,0.474415,0.474415,,,0,,,,28,29,5902
State,me,2011,42,0.451739,0.451739,,,0,,,,30,31,6641
State,me,2011,43,0.645856,0.645856,,,0,,,,42,30,6503
State,me,2011,44,0.397128,0.397128,,,0,,,,26,31,6547
State,me,2011,45,0.707282,0.707282,,,0,,,,44,31,6221
State,me,2011,46,0.47041,0.47041,,,0,,,,31,31,6590
State,me,2011,47,0.541339,0.541339,,,0,,,,22,30,4064
State,me,2011,48,0.542169,0.542169,,,0,,,,36,31,6640
State,me,2011,49,0.559284,0.559284,,,0,,,,35,31,6258
State,me,2011,50,0.546355,0.546355,,,0,,,,32,29,5857
State,me,2011,51,0.563326,0.563326,,,0,,,,29,30,5148
State,me,2011,52,0.56844,0.56844,,,0,,,,25,29,4398
State,me,2012,1,0.406576,0.406576,,,0,,,,23,31,5657
State,me,2012,2,0.535386,0.535386,,,0,,,,32,31,5977
State,me,2012,3,0.324398,0.324398,,,0,,,,19,29,5857
State,me,2012,4,0.538993,0.538993,,,0,,,,32,29,5937
State,me,2012,5,0.344488,0.344488,,,0,,,,21,29,6096
State,me,2012,6,0.406886,0.406886,,,0,,,,26,30,6390
State,me,2012,7,0.478321,0.478321,,,0,,,,31,30,6481
State,me,2012,8,0.540641,0.540641,,,0,,,,29,30,5364
State,me,2012,9,0.394308,0.394308,,,0,,,,23,30,5833
State,me,2012,10,0.32344,0.32344,,,0,,,,17,29,5256
State,me,2012,11,0.182542,0.182542,,,0,,,,11,29,6026
State,me,2012,12,0.528677,0.528677,,,0,,,,33,30,6242
State,me,2012,13,0.369181,0.369181,,,0,,,,23,30,6230
State,me,2012,14,0.291451,0.291451,,,0,,,,18,30,6176
State,me,2012,15,0.470958,0.470958,,,0,,,,27,29,5733
State,me,2012,16,0.402091,0.402091,,,0,,,,20,28,4974
State,me,2012,17,0.192207,0.192207,,,0,,,,11,28,5723
State,me,2012,18,0.345006,0.345006,,,0,,,,20,27,5797
State,me,2012,19,0.520924,0.520924,,,0,,,,30,27,5759
State,me,2012,20,0.227591,0.227591,,,0,,,,13,27,5712
State,me,2012,21,0.181305,0.181305,,,0,,,,9,25,4964
State,me,2012,22,0.568316,0.568316,,,0,,,,24,24,4223
State,me,2012,23,0.337838,0.337838,,,0,,,,17,25,5032
State,me,2012,24,0.0514536,0.0514536,,,0,,,,2,22,3887
State,me,2012,25,0.410722,0.410722,,,0,,,,19,23,4626
State,me,2012,26,0.573248,0.573248,,,0,,,,27,23,4710
State,me,2012,27,0.53916,0.53916,,,0,,,,19,23,3524
State,me,2012,28,0.38236,0.38236,,,0,,,,15,22,3923
State,me,2012,29,0.410284,0.410284,,,0,,,,15,21,3656
State,me,2012,30,0.569307,0.569307,,,0,,,,23,22,4040
State,me,2012,31,0.505723,0.505723,,,0,,,,19,22,3757
State,me,2012,32,0.433342,0.433342,,,0,,,,17,22,3923
State,me,2012,33,0.356961,0.356961,,,0,,,,14,22,3922
State,me,2012,34,0.342917,0.342917,,,0,,,,13,21,3791
State,me,2012,35,0.292154,0.292154,,,0,,,,14,23,4792
State,me,2012,36,0.311676,0.311676,,,0,,,,13,23,4171
State,me,2012,37,0.290939,0.290939,,,0,,,,14,23,4812
State,me,2012,38,0.456919,0.456919,,,0,,,,21,22,4596
State,me,2012,39,0.31348,0.31348,,,0,,,,14,22,4466
State,me,2012,40,0.618897,0.618897,,,0,,,,45,35,7271
State,me,2012,41,0.809474,0.809474,,,0,,,,54,35,6671
State,me,2012,42,0.697181,0.697181,,,0,,,,46,34,6598
State,me,2012,43,0.655308,0.655308,,,0,,,,45,33,6867
State,me,2012,44,0.702751,0.702751,,,0,,,,47,33,6688
State,me,2012,45,0.823677,0.823677,,,0,,,,59,36,7163
State,me,2012,46,0.941248,0.941248,,,0,,,,62,35,6587
State,me,2012,47,0.865344,0.865344,,,0,,,,41,36,4738
State,me,2012,48,1.00782,1.00782,,,0,,,,67,34,6648
State,me,2012,49,0.758035,0.758035,,,0,,,,50,35,6596
State,me,2012,50,1.36778,1.36778,,,0,,,,90,35,6580
State,me,2012,51,2.18264,2.18264,,,0,,,,136,36,6231
State,me,2012,52,4.19098,4.19098,,,0,,,,158,35,3770
State,me,2013,1,2.81891,2.81891,,,0,,,,158,36,5605
State,me,2013,2,2.89363,2.89363,,,0,,,,213,36,7361
State,me,2013,3,3.04298,3.04298,,,0,,,,211,36,6934
State,me,2013,4,2.06863,2.06863,,,0,,,,129,35,6236
State,me,2013,5,1.91816,1.91816,,,0,,,,120,34,6256
State,me,2013,6,1.57348,1.57348,,,0,,,,103,36,6546
State,me,2013,7,1.11177,1.11177,,,0,,,,75,36,6746
State,me,2013,8,1.06507,1.06507,,,0,,,,64,35,6009
State,me,2013,9,1.09103,1.09103,,,0,,,,64,34,5866
State,me,2013,10,0.840619,0.840619,,,0,,,,50,35,5948
State,me,2013,11,0.813899,0.813899,,,0,,,,52,36,6389
State,me,2013,12,0.772201,0.772201,,,0,,,,46,35,5957
State,me,2013,13,0.920051,0.920051,,,0,,,,58,34,6304
State,me,2013,14,1.19685,1.19685,,,0,,,,76,35,6350
State,me,2013,15,0.946657,0.946657,,,0,,,,63,35,6655
State,me,2013,16,0.642398,0.642398,,,0,,,,36,34,5604
State,me,2013,17,0.914989,0.914989,,,0,,,,55,32,6011
State,me,2013,18,0.736772,0.736772,,,0,,,,44,34,5972
State,me,2013,19,0.658979,0.658979,,,0,,,,40,34,6070
State,me,2013,20,0.437637,0.437637,,,0,,,,26,33,5941
State,me,2013,21,0.876168,0.876168,,,0,,,,45,30,5136
State,me,2013,22,0.828609,0.828609,,,0,,,,38,31,4586
State,me,2013,23,0.843961,0.843961,,,0,,,,45,31,5332
State,me,2013,24,0.830532,0.830532,,,0,,,,42,30,5057
State,me,2013,25,0.798199,0.798199,,,0,,,,39,29,4886
State,me,2013,26,0.800821,0.800821,,,0,,,,39,29,4870
State,me,2013,27,1.00416,1.00416,,,0,,,,41,28,4083
State,me,2013,28,0.810437,0.810437,,,0,,,,41,29,5059
State,me,2013,29,0.659472,0.659472,,,0,,,,33,29,5004
State,me,2013,30,0.623903,0.623903,,,0,,,,32,28,5129
State,me,2013,31,0.62383,0.62383,,,0,,,,30,28,4809
State,me,2013,32,0.694728,0.694728,,,0,,,,34,29,4894
State,me,2013,33,0.589072,0.589072,,,0,,,,29,29,4923
State,me,2013,34,0.377059,0.377059,,,0,,,,19,29,5039
State,me,2013,35,0.680272,0.680272,,,0,,,,33,29,4851
State,me,2013,36,0.517435,0.517435,,,0,,,,23,29,4445
State,me,2013,37,0.471311,0.471311,,,0,,,,23,29,4880
State,me,2013,38,0.207756,0.207756,,,0,,,,9,23,4332
State,me,2013,39,0.281258,0.281258,,,0,,,,11,21,3911
State,me,2013,40,0.823958,0.823958,,,0,,,,52,33,6311
State,me,2013,41,0.554468,0.554468,,,0,,,,34,33,6132
State,me,2013,42,0.826162,0.826162,,,0,,,,48,33,5810
State,me,2013,43,0.631413,0.631413,,,0,,,,40,33,6335
State,me,2013,44,0.31428,0.31428,,,0,,,,16,27,5091
State,me,2013,45,0.329075,0.329075,,,0,,,,17,28,5166
State,me,2013,46,0.698273,0.698273,,,0,,,,38,31,5442
State,me,2013,47,0.418493,0.418493,,,0,,,,21,26,5018
State,me,2013,48,1.23086,1.23086,,,0,,,,41,31,3331
State,me,2013,49,0.788412,0.788412,,,0,,,,43,32,5454
State,me,2013,50,0.913242,0.913242,,,0,,,,50,32,5475
State,me,2013,51,1.00865,1.00865,,,0,,,,49,31,4858
State,me,2013,52,1.11067,1.11067,,,0,,,,28,31,2521
State,me,2014,1,1.12263,1.12263,,,0,,,,39,32,3474
State,me,2014,2,1.12581,1.12581,,,0,,,,57,31,5063
State,me,2014,3,1.28159,1.28159,,,0,,,,71,32,5540
State,me,2014,4,1.80248,1.80248,,,0,,,,96,32,5326
State,me,2014,5,1.9802,1.9802,,,0,,,,106,31,5353
State,me,2014,6,1.9725,1.9725,,,0,,,,99,31,5019
State,me,2014,7,1.82579,1.82579,,,0,,,,96,32,5258
State,me,2014,8,1.86074,1.86074,,,0,,,,93,32,4998
State,me,2014,9,1.40138,1.40138,,,0,,,,81,32,5780
State,me,2014,10,1.52855,1.52855,,,0,,,,83,30,5430
State,me,2014,11,1.21849,1.21849,,,0,,,,58,32,4760
State,me,2014,12,1.02136,1.02136,,,0,,,,55,32,5385
State,me,2014,13,1.15268,1.15268,,,0,,,,61,31,5292
State,me,2014,14,1.23343,1.23343,,,0,,,,67,32,5432
State,me,2014,15,1.23162,1.23162,,,0,,,,67,31,5440
State,me,2014,16,0.94897,0.94897,,,0,,,,53,31,5585
State,me,2014,17,1.08509,1.08509,,,0,,,,57,32,5253
State,me,2014,18,0.882191,0.882191,,,0,,,,48,32,5441
State,me,2014,19,0.874026,0.874026,,,0,,,,46,29,5263
State,me,2014,20,1.02746,1.02746,,,0,,,,55,31,5353
State,me,2014,21,0.766046,0.766046,,,0,,,,37,28,4830
State,me,2014,22,0.79001,0.79001,,,0,,,,31,27,3924
State,me,2014,23,1.05037,1.05037,,,0,,,,44,26,4189
State,me,2014,24,0.656919,0.656919,,,0,,,,31,27,4719
State,me,2014,25,0.615385,0.615385,,,0,,,,28,27,4550
State,me,2014,26,0.579969,0.579969,,,0,,,,26,27,4483
State,me,2014,27,0.706621,0.706621,,,0,,,,27,26,3821
State,me,2014,28,0.354359,0.354359,,,0,,,,15,22,4233
State,me,2014,29,0.282413,0.282413,,,0,,,,11,22,3895
State,me,2014,30,0.634249,0.634249,,,0,,,,30,27,4730
State,me,2014,31,0.724797,0.724797,,,0,,,,33,26,4553
State,me,2014,32,0.710136,0.710136,,,0,,,,33,26,4647
State,me,2014,33,0.709849,0.709849,,,0,,,,32,27,4508
State,me,2014,34,0.621891,0.621891,,,0,,,,25,26,4020
State,me,2014,35,0.585059,0.585059,,,0,,,,26,26,4444
State,me,2014,36,0.832702,0.832702,,,0,,,,33,26,3963
State,me,2014,37,0.701426,0.701426,,,0,,,,30,25,4277
State,me,2014,38,1.32956,1.32956,,,0,,,,61,26,4588
State,me,2014,39,1.36112,1.36112,,,0,,,,64,26,4702
State,me,2014,40,1.30226,1.30226,,,0,,,,76,29,5836
State,me,2014,41,1.25817,1.25817,,,0,,,,77,30,6120
State,me,2014,42,1.13998,1.13998,,,0,,,,68,31,5965
State,me,2014,43,0.969279,0.969279,,,0,,,,59,31,6087
State,me,2014,44,1.02456,1.02456,,,0,,,,63,30,6149
State,me,2014,45,1.04025,1.04025,,,0,,,,61,31,5864
State,me,2014,46,1.34328,1.34328,,,0,,,,72,30,5360
State,me,2014,47,0.683816,0.683816,,,0,,,,42,31,6142
State,me,2014,48,1.44386,1.44386,,,0,,,,58,31,4017
State,me,2014,49,1.18283,1.18283,,,0,,,,70,31,5918
State,me,2014,50,1.48879,1.48879,,,0,,,,77,31,5172
State,me,2014,51,1.29393,1.29393,,,0,,,,74,31,5719
State,me,2014,52,1.90583,1.90583,,,0,,,,68,30,3568
State,me,2014,53,1.93678,1.93678,,,0,,,,87,30,4492
State,me,2015,1,2.23803,2.23803,,,0,,,,129,30,5764
State,me,2015,2,3.02053,3.02053,,,0,,,,178,31,5893
State,me,2015,3,3.08197,3.08197,,,0,,,,188,31,6100
State,me,2015,4,3.33761,3.33761,,,0,,,,156,31,4674
State,me,2015,5,2.56611,2.56611,,,0,,,,131,31,5105
State,me,2015,6,1.98849,1.98849,,,0,,,,114,31,5733
State,me,2015,7,2.16106,2.16106,,,0,,,,95,29,4396
State,me,2015,8,1.7343,1.7343,,,0,,,,100,30,5766
State,me,2015,9,1.94346,1.94346,,,0,,,,99,29,5094
State,me,2015,10,1.70555,1.70555,,,0,,,,87,29,5101
State,me,2015,11,1.51289,1.51289,,,0,,,,81,30,5354
State,me,2015,12,1.46161,1.46161,,,0,,,,79,30,5405
State,me,2015,13,1.46424,1.46424,,,0,,,,78,29,5327
State,me,2015,14,1.46252,1.46252,,,0,,,,88,30,6017
State,me,2015,15,0.685312,0.685312,,,0,,,,37,25,5399
State,me,2015,16,1.09351,1.09351,,,0,,,,58,29,5304
State,me,2015,17,0.821722,0.821722,,,0,,,,46,28,5598
State,me,2015,18,0.977139,0.977139,,,0,,,,53,28,5424
State,me,2015,19,0.697472,0.697472,,,0,,,,40,28,5735
State,me,2015,20,0.857867,0.857867,,,0,,,,44,26,5129
State,me,2015,21,0.628366,0.628366,,,0,,,,28,26,4456
State,me,2015,22,0.839476,0.839476,,,0,,,,41,26,4884
State,me,2015,23,0.863724,0.863724,,,0,,,,45,26,5210
State,me,2015,24,0.571102,0.571102,,,0,,,,30,26,5253
State,me,2015,25,0.737101,0.737101,,,0,,,,36,25,4884
State,me,2015,26,0.570687,0.570687,,,0,,,,22,20,3855
State,me,2015,27,0.752644,0.752644,,,0,,,,37,25,4916
State,me,2015,28,0.803213,0.803213,,,0,,,,38,25,4731
State,me,2015,29,0.468241,0.468241,,,0,,,,23,25,4912
State,me,2015,30,0.294317,0.294317,,,0,,,,13,19,4417
State,me,2015,31,0.635637,0.635637,,,0,,,,31,25,4877
State,me,2015,32,0.575349,0.575349,,,0,,,,26,24,4519
State,me,2015,33,0.605807,0.605807,,,0,,,,29,24,4787
State,me,2015,34,0.58126,0.58126,,,0,,,,25,19,4301
State,me,2015,35,0.892676,0.892676,,,0,,,,44,25,4929
State,me,2015,36,0.777143,0.777143,,,0,,,,34,25,4375
State,me,2015,37,0.731261,0.731261,,,0,,,,28,24,3829
State,me,2015,38,0.192097,0.192097,,,0,,,,7,19,3644
State,me,2015,39,0.536033,0.536033,,,0,,,,27,25,5037
State,me,2015,40,1.1742,1.1742,,,0,,,,67,28,5706
State,me,2015,41,0.893655,0.893655,,,0,,,,50,28,5595
State,me,2015,42,1.09129,1.09129,,,0,,,,63,28,5773
State,me,2015,43,1.03147,1.03147,,,0,,,,59,28,5720
State,me,2015,44,1.08696,1.08696,,,0,,,,55,27,5060
State,me,2015,45,1.35762,1.35762,,,0,,,,79,28,5819
State,me,2015,46,0.985137,0.985137,,,0,,,,57,28,5786
State,me,2015,47,0.688249,0.688249,,,0,,,,27,28,3923
State,me,2015,48,1.06572,1.06572,,,0,,,,54,28,5067
State,me,2015,49,0.960171,0.960171,,,0,,,,54,27,5624
State,me,2015,50,0.898204,0.898204,,,0,,,,48,28,5344
State,me,2015,51,0.902171,0.902171,,,0,,,,32,27,3547
State,me,2015,52,1.62022,1.62022,,,0,,,,50,26,3086
State,me,2016,1,0.862745,0.862745,,,0,,,,44,26,5100
State,me,2016,2,0.872151,0.872151,,,0,,,,44,27,5045
State,me,2016,3,0.951315,0.951315,,,0,,,,51,28,5361
State,me,2016,4,0.886557,0.886557,,,0,,,,49,28,5527
State,me,2016,5,1.15839,1.15839,,,0,,,,52,27,4489
State,me,2016,6,0.899844,0.899844,,,0,,,,46,28,5112
State,me,2016,7,0.920887,0.920887,,,0,,,,44,28,4778
State,me,2016,8,0.883864,0.883864,,,0,,,,43,26,4865
State,me,2016,9,0.903274,0.903274,,,0,,,,48,28,5314
State,me,2016,10,1.1257,1.1257,,,0,,,,60,27,5330
State,me,2016,11,1.95195,1.95195,,,0,,,,91,26,4662
State,me,2016,12,1.40088,1.40088,,,0,,,,73,28,5211
State,me,2016,13,1.80668,1.80668,,,0,,,,100,28,5535
State,me,2016,14,1.05263,1.05263,,,0,,,,56,26,5320
State,me,2016,15,1.57875,1.57875,,,0,,,,85,27,5384
State,me,2016,16,1.37094,1.37094,,,0,,,,70,28,5106
State,me,2016,17,1.59865,1.59865,,,0,,,,85,27,5317
State,me,2016,18,1.18756,1.18756,,,0,,,,63,26,5305
State,me,2016,19,0.96324,0.96324,,,0,,,,49,26,5087
State,me,2016,20,0.719984,0.719984,,,0,,,,37,25,5139
State,me,2016,21,0.516956,0.516956,,,0,,,,25,24,4836
State,me,2016,22,0.84122,0.84122,,,0,,,,32,24,3804
State,me,2016,23,0.59778,0.59778,,,0,,,,28,24,4684
State,me,2016,24,0.634115,0.634115,,,0,,,,30,24,4731
State,me,2016,25,0.497512,0.497512,,,0,,,,24,24,4824
State,me,2016,26,0.699143,0.699143,,,0,,,,31,24,4434
State,me,2016,27,0.312419,0.312419,,,0,,,,12,23,3841
State,me,2016,28,0.436395,0.436395,,,0,,,,20,24,4583
State,me,2016,29,0.707651,0.707651,,,0,,,,32,24,4522
State,me,2016,30,0.531091,0.531091,,,0,,,,24,24,4519
State,me,2016,31,0.442478,0.442478,,,0,,,,19,23,4294
State,me,2016,32,0.471698,0.471698,,,0,,,,21,24,4452
State,me,2016,33,0.57853,0.57853,,,0,,,,27,24,4667
State,me,2016,34,0.439174,0.439174,,,0,,,,20,24,4554
State,me,2016,35,0.445074,0.445074,,,0,,,,22,25,4943
State,me,2016,36,0.720461,0.720461,,,0,,,,30,25,4164
State,me,2016,37,0.679432,0.679432,,,0,,,,33,25,4857
State,me,2016,38,1.02916,1.02916,,,0,,,,48,24,4664
State,me,2016,39,0.596506,0.596506,,,0,,,,28,25,4694
State,me,2016,40,0.833484,0.833484,,,0,,,,46,28,5519
State,me,2016,41,0.741152,0.741152,,,0,,,,40,29,5397
State,me,2016,42,0.847302,0.847302,,,0,,,,46,28,5429
State,me,2016,43,0.93744,0.93744,,,0,,,,49,28,5227
State,me,2016,44,0.892028,0.892028,,,0,,,,48,28,5381
State,me,2016,45,0.595775,0.595775,,,0,,,,33,29,5539
State,me,2016,46,0.761062,0.761062,,,0,,,,43,29,5650
State,me,2016,47,0.721925,0.721925,,,0,,,,27,29,3740
State,me,2016,48,0.81557,0.81557,,,0,,,,44,29,5395
State,me,2016,49,0.773196,0.773196,,,0,,,,42,29,5432
State,me,2016,50,0.57398,0.57398,,,0,,,,27,29,4704
State,me,2016,51,0.692119,0.692119,,,0,,,,31,29,4479
State,me,2016,52,1.04447,1.04447,,,0,,,,31,29,2968
State,me,2017,1,0.892857,0.892857,,,0,,,,44,29,4928
State,me,2017,2,0.646552,0.646552,,,0,,,,30,29,4640
State,me,2017,3,0.908373,0.908373,,,0,,,,46,29,5064
State,me,2017,4,0.813173,0.813173,,,0,,,,40,29,4919
State,me,2017,5,0.931446,0.931446,,,0,,,,50,28,5368
State,me,2017,6,1.61117,1.61117,,,0,,,,75,29,4655
State,me,2017,7,1.20902,1.20902,,,0,,,,52,29,4301
State,me,2017,8,1.23158,1.23158,,,0,,,,56,29,4547
State,me,2017,9,1.38257,1.38257,,,0,,,,76,29,5497
State,me,2017,10,1.63965,1.63965,,,0,,,,88,29,5367
State,me,2017,11,1.84502,1.84502,,,0,,,,85,29,4607
State,me,2017,12,2.24138,2.24138,,,0,,,,104,28,4640
State,me,2017,13,1.66667,1.66667,,,0,,,,74,27,4440
State,me,2017,14,1.87339,1.87339,,,0,,,,87,27,4644
State,me,2017,15,2.1068,2.1068,,,0,,,,101,28,4794
State,me,2017,16,1.20361,1.20361,,,0,,,,48,27,3988
State,me,2017,17,0.965251,0.965251,,,0,,,,40,27,4144
State,me,2017,18,0.881057,0.881057,,,0,,,,38,26,4313
State,me,2017,19,0.741982,0.741982,,,0,,,,31,26,4178
State,me,2017,20,0.42953,0.42953,,,0,,,,16,24,3725
State,me,2017,21,0.535555,0.535555,,,0,,,,18,23,3361
State,me,2017,22,0.895009,0.895009,,,0,,,,26,23,2905
State,me,2017,23,0.71347,0.71347,,,0,,,,25,23,3504
State,me,2017,24,0.602064,0.602064,,,0,,,,21,22,3488
State,me,2017,25,0.462428,0.462428,,,0,,,,16,21,3460
State,me,2017,26,0.814725,0.814725,,,0,,,,27,22,3314
State,me,2017,27,0.473416,0.473416,,,0,,,,13,22,2746
State,me,2017,28,0.418786,0.418786,,,0,,,,14,22,3343
State,me,2017,29,0.298507,0.298507,,,0,,,,10,22,3350
State,me,2017,30,0.59322,0.59322,,,0,,,,21,22,3540
State,me,2017,31,0.335878,0.335878,,,0,,,,11,22,3275
State,me,2017,32,0.322581,0.322581,,,0,,,,11,22,3410
State,me,2017,33,0.385528,0.385528,,,0,,,,13,22,3372
State,me,2017,34,0.473513,0.473513,,,0,,,,16,22,3379
State,me,2017,35,0.457274,0.457274,,,0,,,,16,23,3499
State,me,2017,36,0.350877,0.350877,,,0,,,,11,23,3135
State,me,2017,37,0.487145,0.487145,,,0,,,,18,23,3695
State,me,2017,38,0.651558,0.651558,,,0,,,,23,23,3530
State,me,2017,39,0.546635,0.546635,,,0,,,,16,21,2927
State,me,2017,40,0.294985,0.294985,,,0,,,,9,20,3051
State,me,2017,41,0.588078,0.588078,,,0,,,,22,24,3741
State,me,2017,42,0.797085,0.797085,,,0,,,,35,25,4391
State,me,2017,43,0.782732,0.782732,,,0,,,,33,24,4216
State,me,2017,44,0.411765,0.411765,,,0,,,,14,25,3400
State,me,2017,45,0.52506,0.52506,,,0,,,,22,24,4190
State,me,2017,46,0.805048,0.805048,,,0,,,,37,25,4596
State,me,2017,47,0.909091,0.909091,,,0,,,,24,25,2640
State,me,2017,48,1.08962,1.08962,,,0,,,,40,24,3671
State,me,2017,49,0.854503,0.854503,,,0,,,,37,25,4330
State,me,2017,50,0.782065,0.782065,,,0,,,,30,25,3836
State,me,2017,51,0.968188,0.968188,,,0,,,,35,24,3615
State,me,2017,52,1.19332,1.19332,,,0,,,,25,24,2095
State,mi,2010,40,0.671831,0.671831,,,0,,,,98,47,14587
State,mi,2010,41,0.585011,0.585011,,,0,,,,95,53,16239
State,mi,2010,42,0.524238,0.524238,,,0,,,,81,50,15451
State,mi,2010,43,0.921435,0.921435,,,0,,,,152,51,16496
State,mi,2010,44,0.863417,0.863417,,,0,,,,138,51,15983
State,mi,2010,45,0.806639,0.806639,,,0,,,,139,53,17232
State,mi,2010,46,0.655481,0.655481,,,0,,,,109,49,16629
State,mi,2010,47,0.855178,0.855178,,,0,,,,92,52,10758
State,mi,2010,48,0.564609,0.564609,,,0,,,,88,49,15586
State,mi,2010,49,0.563399,0.563399,,,0,,,,85,52,15087
State,mi,2010,50,0.755685,0.755685,,,0,,,,106,52,14027
State,mi,2010,51,0.683919,0.683919,,,0,,,,74,47,10820
State,mi,2010,52,0.899631,0.899631,,,0,,,,83,48,9226
State,mi,2011,1,0.687039,0.687039,,,0,,,,96,49,13973
State,mi,2011,2,0.833662,0.833662,,,0,,,,127,51,15234
State,mi,2011,3,1.0462,1.0462,,,0,,,,149,50,14242
State,mi,2011,4,1.59031,1.59031,,,0,,,,252,49,15846
State,mi,2011,5,1.73742,1.73742,,,0,,,,230,48,13238
State,mi,2011,6,2.27731,2.27731,,,0,,,,384,52,16862
State,mi,2011,7,2.29611,2.29611,,,0,,,,375,49,16332
State,mi,2011,8,2.71023,2.71023,,,0,,,,428,51,15792
State,mi,2011,9,2.1339,2.1339,,,0,,,,291,49,13637
State,mi,2011,10,2.18373,2.18373,,,0,,,,353,48,16165
State,mi,2011,11,1.70829,1.70829,,,0,,,,249,47,14576
State,mi,2011,12,1.31108,1.31108,,,0,,,,216,49,16475
State,mi,2011,13,1.08931,1.08931,,,0,,,,176,48,16157
State,mi,2011,14,0.834344,0.834344,,,0,,,,117,46,14023
State,mi,2011,15,0.558727,0.558727,,,0,,,,92,49,16466
State,mi,2011,16,0.640349,0.640349,,,0,,,,97,47,15148
State,mi,2011,17,0.49864,0.49864,,,0,,,,77,48,15442
State,mi,2011,18,0.556691,0.556691,,,0,,,,79,44,14191
State,mi,2011,19,0.584429,0.584429,,,0,,,,84,44,14373
State,mi,2011,20,0.840106,0.840106,,,0,,,,92,39,10951
State,mi,2011,21,0.527108,0.527108,,,0,,,,56,38,10624
State,mi,2011,22,0.542265,0.542265,,,0,,,,51,38,9405
State,mi,2011,23,0.53505,0.53505,,,0,,,,69,42,12896
State,mi,2011,24,0.55197,0.55197,,,0,,,,65,40,11776
State,mi,2011,25,0.482464,0.482464,,,0,,,,52,35,10778
State,mi,2011,26,0.616509,0.616509,,,0,,,,54,33,8759
State,mi,2011,27,0.580739,0.580739,,,0,,,,36,30,6199
State,mi,2011,28,0.431365,0.431365,,,0,,,,45,36,10432
State,mi,2011,29,0.385826,0.385826,,,0,,,,38,34,9849
State,mi,2011,30,0.299341,0.299341,,,0,,,,30,34,10022
State,mi,2011,31,0.564738,0.564738,,,0,,,,41,30,7260
State,mi,2011,32,0.433866,0.433866,,,0,,,,35,30,8067
State,mi,2011,33,0.430946,0.430946,,,0,,,,42,33,9746
State,mi,2011,34,0.493612,0.493612,,,0,,,,51,35,10332
State,mi,2011,35,0.696587,0.696587,,,0,,,,70,38,10049
State,mi,2011,36,0.679423,0.679423,,,0,,,,49,32,7212
State,mi,2011,37,0.542495,0.542495,,,0,,,,63,36,11613
State,mi,2011,38,0.440233,0.440233,,,0,,,,59,39,13402
State,mi,2011,39,0.653808,0.653808,,,0,,,,80,38,12236
State,mi,2011,40,0.600171,0.600171,,,0,,,,105,52,17495
State,mi,2011,41,0.606742,0.606742,,,0,,,,108,55,17800
State,mi,2011,42,0.571845,0.571845,,,0,,,,102,56,17837
State,mi,2011,43,0.514484,0.514484,,,0,,,,92,56,17882
State,mi,2011,44,0.677397,0.677397,,,0,,,,117,55,17272
State,mi,2011,45,0.671595,0.671595,,,0,,,,119,55,17719
State,mi,2011,46,0.527357,0.527357,,,0,,,,88,53,16687
State,mi,2011,47,0.654552,0.654552,,,0,,,,76,54,11611
State,mi,2011,48,0.516951,0.516951,,,0,,,,86,55,16636
State,mi,2011,49,0.556167,0.556167,,,0,,,,91,54,16362
State,mi,2011,50,0.702562,0.702562,,,0,,,,113,52,16084
State,mi,2011,51,0.6634,0.6634,,,0,,,,88,49,13265
State,mi,2011,52,0.723831,0.723831,,,0,,,,65,46,8980
State,mi,2012,1,0.604131,0.604131,,,0,,,,74,51,12249
State,mi,2012,2,0.630453,0.630453,,,0,,,,99,55,15703
State,mi,2012,3,0.679524,0.679524,,,0,,,,105,55,15452
State,mi,2012,4,0.759094,0.759094,,,0,,,,125,55,16467
State,mi,2012,5,1.04344,1.04344,,,0,,,,135,48,12938
State,mi,2012,6,0.763035,0.763035,,,0,,,,126,53,16513
State,mi,2012,7,1.03808,1.03808,,,0,,,,163,50,15702
State,mi,2012,8,0.942744,0.942744,,,0,,,,150,52,15911
State,mi,2012,9,1.11641,1.11641,,,0,,,,171,50,15317
State,mi,2012,10,1.47622,1.47622,,,0,,,,189,45,12803
State,mi,2012,11,1.65565,1.65565,,,0,,,,263,49,15885
State,mi,2012,12,1.10076,1.10076,,,0,,,,169,46,15353
State,mi,2012,13,0.679728,0.679728,,,0,,,,102,48,15006
State,mi,2012,14,0.739247,0.739247,,,0,,,,99,47,13392
State,mi,2012,15,0.711864,0.711864,,,0,,,,105,46,14750
State,mi,2012,16,0.577485,0.577485,,,0,,,,85,47,14719
State,mi,2012,17,0.573425,0.573425,,,0,,,,87,49,15172
State,mi,2012,18,0.893012,0.893012,,,0,,,,103,42,11534
State,mi,2012,19,0.825334,0.825334,,,0,,,,92,38,11147
State,mi,2012,20,0.746057,0.746057,,,0,,,,79,37,10589
State,mi,2012,21,0.531247,0.531247,,,0,,,,55,37,10353
State,mi,2012,22,0.569692,0.569692,,,0,,,,45,33,7899
State,mi,2012,23,0.549048,0.549048,,,0,,,,45,31,8196
State,mi,2012,24,0.54594,0.54594,,,0,,,,47,30,8609
State,mi,2012,25,0.642317,0.642317,,,0,,,,51,28,7940
State,mi,2012,26,0.178498,0.178498,,,0,,,,13,28,7283
State,mi,2012,27,0.828325,0.828325,,,0,,,,51,30,6157
State,mi,2012,28,0.588443,0.588443,,,0,,,,50,28,8497
State,mi,2012,29,0.43684,0.43684,,,0,,,,36,30,8241
State,mi,2012,30,0.513141,0.513141,,,0,,,,41,29,7990
State,mi,2012,31,0.541191,0.541191,,,0,,,,45,30,8315
State,mi,2012,32,0.356158,0.356158,,,0,,,,31,31,8704
State,mi,2012,33,0.509697,0.509697,,,0,,,,41,31,8044
State,mi,2012,34,0.589864,0.589864,,,0,,,,49,31,8307
State,mi,2012,35,0.503889,0.503889,,,0,,,,46,34,9129
State,mi,2012,36,0.618407,0.618407,,,0,,,,51,36,8247
State,mi,2012,37,0.456802,0.456802,,,0,,,,46,34,10070
State,mi,2012,38,0.54334,0.54334,,,0,,,,64,40,11779
State,mi,2012,39,0.304569,0.304569,,,0,,,,33,40,10835
State,mi,2012,40,0.849218,0.849218,,,0,,,,139,58,16368
State,mi,2012,41,0.923707,0.923707,,,0,,,,158,58,17105
State,mi,2012,42,1.00627,1.00627,,,0,,,,167,58,16596
State,mi,2012,43,0.770931,0.770931,,,0,,,,136,59,17641
State,mi,2012,44,1.13607,1.13607,,,0,,,,177,57,15580
State,mi,2012,45,1.01608,1.01608,,,0,,,,170,57,16731
State,mi,2012,46,1.33071,1.33071,,,0,,,,210,58,15781
State,mi,2012,47,1.45055,1.45055,,,0,,,,182,58,12547
State,mi,2012,48,1.24331,1.24331,,,0,,,,216,58,17373
State,mi,2012,49,1.45087,1.45087,,,0,,,,224,55,15439
State,mi,2012,50,1.8124,1.8124,,,0,,,,302,55,16663
State,mi,2012,51,2.94965,2.94965,,,0,,,,379,50,12849
State,mi,2012,52,4.8137,4.8137,,,0,,,,447,52,9286
State,mi,2013,1,4.43242,4.43242,,,0,,,,508,54,11461
State,mi,2013,2,3.87657,3.87657,,,0,,,,696,54,17954
State,mi,2013,3,4.07978,4.07978,,,0,,,,720,56,17648
State,mi,2013,4,4.42058,4.42058,,,0,,,,708,56,16016
State,mi,2013,5,3.39719,3.39719,,,0,,,,493,53,14512
State,mi,2013,6,3.4188,3.4188,,,0,,,,544,56,15912
State,mi,2013,7,2.95892,2.95892,,,0,,,,466,54,15749
State,mi,2013,8,2.66819,2.66819,,,0,,,,397,54,14879
State,mi,2013,9,2.69076,2.69076,,,0,,,,414,55,15386
State,mi,2013,10,2.39333,2.39333,,,0,,,,350,56,14624
State,mi,2013,11,2.84375,2.84375,,,0,,,,443,54,15578
State,mi,2013,12,2.46751,2.46751,,,0,,,,374,54,15157
State,mi,2013,13,1.98939,1.98939,,,0,,,,300,55,15080
State,mi,2013,14,1.79514,1.79514,,,0,,,,255,54,14205
State,mi,2013,15,1.58921,1.58921,,,0,,,,251,55,15794
State,mi,2013,16,1.47816,1.47816,,,0,,,,221,54,14951
State,mi,2013,17,1.39788,1.39788,,,0,,,,203,53,14522
State,mi,2013,18,0.989528,0.989528,,,0,,,,120,46,12127
State,mi,2013,19,1.32419,1.32419,,,0,,,,166,42,12536
State,mi,2013,20,1.11895,1.11895,,,0,,,,130,38,11618
State,mi,2013,21,1.31349,1.31349,,,0,,,,150,39,11420
State,mi,2013,22,1.74044,1.74044,,,0,,,,162,39,9308
State,mi,2013,23,1.5665,1.5665,,,0,,,,159,33,10150
State,mi,2013,24,1.17882,1.17882,,,0,,,,112,35,9501
State,mi,2013,25,1.56589,1.56589,,,0,,,,166,34,10601
State,mi,2013,26,1.45393,1.45393,,,0,,,,154,35,10592
State,mi,2013,27,1.86465,1.86465,,,0,,,,143,35,7669
State,mi,2013,28,1.26174,1.26174,,,0,,,,141,35,11175
State,mi,2013,29,1.61791,1.61791,,,0,,,,125,30,7726
State,mi,2013,30,1.17672,1.17672,,,0,,,,113,33,9603
State,mi,2013,31,1.20076,1.20076,,,0,,,,82,26,6829
State,mi,2013,32,0.963801,0.963801,,,0,,,,86,29,8923
State,mi,2013,33,1.13792,1.13792,,,0,,,,75,25,6591
State,mi,2013,34,1.10357,1.10357,,,0,,,,78,26,7068
State,mi,2013,35,1.3688,1.3688,,,0,,,,106,27,7744
State,mi,2013,36,1.20918,1.20918,,,0,,,,107,35,8849
State,mi,2013,37,1.71218,1.71218,,,0,,,,116,30,6775
State,mi,2013,38,1.775,1.775,,,0,,,,142,31,8000
State,mi,2013,39,1.18761,1.18761,,,0,,,,143,36,12041
State,mi,2013,40,1.1005,1.1005,,,0,,,,182,48,16538
State,mi,2013,41,1.1484,1.1484,,,0,,,,193,46,16806
State,mi,2013,42,1.27306,1.27306,,,0,,,,216,48,16967
State,mi,2013,43,1.07441,1.07441,,,0,,,,189,49,17591
State,mi,2013,44,1.15028,1.15028,,,0,,,,201,52,17474
State,mi,2013,45,1.35071,1.35071,,,0,,,,228,49,16880
State,mi,2013,46,1.4787,1.4787,,,0,,,,252,51,17042
State,mi,2013,47,1.4711,1.4711,,,0,,,,213,49,14479
State,mi,2013,48,2.41871,2.41871,,,0,,,,241,46,9964
State,mi,2013,49,2.14276,2.14276,,,0,,,,308,50,14374
State,mi,2013,50,1.881,1.881,,,0,,,,288,51,15311
State,mi,2013,51,2.44917,2.44917,,,0,,,,371,52,15148
State,mi,2013,52,3.35632,3.35632,,,0,,,,292,52,8700
State,mi,2014,1,3.56317,3.56317,,,0,,,,370,51,10384
State,mi,2014,2,3.15222,3.15222,,,0,,,,427,57,13546
State,mi,2014,3,2.44761,2.44761,,,0,,,,424,55,17323
State,mi,2014,4,2.5653,2.5653,,,0,,,,383,54,14930
State,mi,2014,5,2.40028,2.40028,,,0,,,,349,54,14540
State,mi,2014,6,2.33985,2.33985,,,0,,,,366,54,15642
State,mi,2014,7,2.38357,2.38357,,,0,,,,325,49,13635
State,mi,2014,8,2.53917,2.53917,,,0,,,,376,53,14808
State,mi,2014,9,1.90937,1.90937,,,0,,,,292,51,15293
State,mi,2014,10,2.25215,2.25215,,,0,,,,306,48,13587
State,mi,2014,11,2.0962,2.0962,,,0,,,,319,49,15218
State,mi,2014,12,2.02663,2.02663,,,0,,,,312,50,15395
State,mi,2014,13,1.71558,1.71558,,,0,,,,266,49,15505
State,mi,2014,14,1.65936,1.65936,,,0,,,,246,48,14825
State,mi,2014,15,1.3891,1.3891,,,0,,,,187,43,13462
State,mi,2014,16,1.15602,1.15602,,,0,,,,145,38,12543
State,mi,2014,17,0.955642,0.955642,,,0,,,,120,38,12557
State,mi,2014,18,1.08984,1.08984,,,0,,,,152,39,13947
State,mi,2014,19,1.1358,1.1358,,,0,,,,138,37,12150
State,mi,2014,20,1.08848,1.08848,,,0,,,,140,38,12862
State,mi,2014,21,1.15321,1.15321,,,0,,,,126,33,10926
State,mi,2014,22,0.990553,0.990553,,,0,,,,108,36,10903
State,mi,2014,23,1.01219,1.01219,,,0,,,,127,34,12547
State,mi,2014,24,1.09414,1.09414,,,0,,,,111,28,10145
State,mi,2014,25,0.985389,0.985389,,,0,,,,116,31,11772
State,mi,2014,26,0.944783,0.944783,,,0,,,,90,26,9526
State,mi,2014,27,1.38702,1.38702,,,0,,,,93,24,6705
State,mi,2014,28,0.463807,0.463807,,,0,,,,28,20,6037
State,mi,2014,29,0.472016,0.472016,,,0,,,,42,25,8898
State,mi,2014,30,0.544107,0.544107,,,0,,,,47,23,8638
State,mi,2014,31,0.511623,0.511623,,,0,,,,46,25,8991
State,mi,2014,32,0.928621,0.928621,,,0,,,,67,22,7215
State,mi,2014,33,0.804327,0.804327,,,0,,,,58,22,7211
State,mi,2014,34,0.522759,0.522759,,,0,,,,41,22,7843
State,mi,2014,35,0.707117,0.707117,,,0,,,,62,23,8768
State,mi,2014,36,0.411734,0.411734,,,0,,,,32,28,7772
State,mi,2014,37,0.495091,0.495091,,,0,,,,59,31,11917
State,mi,2014,38,0.666009,0.666009,,,0,,,,81,30,12162
State,mi,2014,39,0.786535,0.786535,,,0,,,,100,32,12714
State,mi,2014,40,0.320957,0.320957,,,0,,,,51,42,15890
State,mi,2014,41,0.270187,0.270187,,,0,,,,44,45,16285
State,mi,2014,42,0.394187,0.394187,,,0,,,,67,47,16997
State,mi,2014,43,0.443656,0.443656,,,0,,,,75,47,16905
State,mi,2014,44,0.494181,0.494181,,,0,,,,93,52,18819
State,mi,2014,45,0.650309,0.650309,,,0,,,,119,48,18299
State,mi,2014,46,0.54948,0.54948,,,0,,,,103,50,18745
State,mi,2014,47,0.563518,0.563518,,,0,,,,92,49,16326
State,mi,2014,48,0.897997,0.897997,,,0,,,,117,51,13029
State,mi,2014,49,0.936288,0.936288,,,0,,,,169,52,18050
State,mi,2014,50,2.0382,2.0382,,,0,,,,365,49,17908
State,mi,2014,51,2.88557,2.88557,,,0,,,,464,52,16080
State,mi,2014,52,4.93178,4.93178,,,0,,,,553,53,11213
State,mi,2014,53,4.09173,4.09173,,,0,,,,455,52,11120
State,mi,2015,1,2.35103,2.35103,,,0,,,,391,52,16631
State,mi,2015,2,2.09382,2.09382,,,0,,,,366,54,17480
State,mi,2015,3,1.89619,1.89619,,,0,,,,278,52,14661
State,mi,2015,4,1.25583,1.25583,,,0,,,,218,53,17359
State,mi,2015,5,1.22715,1.22715,,,0,,,,196,54,15972
State,mi,2015,6,1.13235,1.13235,,,0,,,,202,55,17839
State,mi,2015,7,1.3043,1.3043,,,0,,,,218,53,16714
State,mi,2015,8,0.802958,0.802958,,,0,,,,139,52,17311
State,mi,2015,9,0.967417,0.967417,,,0,,,,144,47,14885
State,mi,2015,10,0.891856,0.891856,,,0,,,,159,50,17828
State,mi,2015,11,1.0895,1.0895,,,0,,,,172,50,15787
State,mi,2015,12,0.97011,0.97011,,,0,,,,148,43,15256
State,mi,2015,13,0.661841,0.661841,,,0,,,,96,49,14505
State,mi,2015,14,1.1732,1.1732,,,0,,,,173,47,14746
State,mi,2015,15,0.74747,0.74747,,,0,,,,130,49,17392
State,mi,2015,16,0.610856,0.610856,,,0,,,,105,50,17189
State,mi,2015,17,0.646174,0.646174,,,0,,,,107,49,16559
State,mi,2015,18,0.442288,0.442288,,,0,,,,72,49,16279
State,mi,2015,19,0.373134,0.373134,,,0,,,,55,43,14740
State,mi,2015,20,0.394333,0.394333,,,0,,,,54,42,13694
State,mi,2015,21,0.374336,0.374336,,,0,,,,43,41,11487
State,mi,2015,22,0.318134,0.318134,,,0,,,,45,43,14145
State,mi,2015,23,0.157691,0.157691,,,0,,,,20,43,12683
State,mi,2015,24,0.132769,0.132769,,,0,,,,16,42,12051
State,mi,2015,25,0.111867,0.111867,,,0,,,,12,40,10727
State,mi,2015,26,0.133662,0.133662,,,0,,,,13,37,9726
State,mi,2015,27,0.336178,0.336178,,,0,,,,39,36,11601
State,mi,2015,28,0.243902,0.243902,,,0,,,,32,40,13120
State,mi,2015,29,0.0953743,0.0953743,,,0,,,,10,33,10485
State,mi,2015,30,0.332478,0.332478,,,0,,,,35,33,10527
State,mi,2015,31,0.240964,0.240964,,,0,,,,29,35,12035
State,mi,2015,32,0.284437,0.284437,,,0,,,,35,35,12305
State,mi,2015,33,0.268924,0.268924,,,0,,,,34,35,12643
State,mi,2015,34,0.143258,0.143258,,,0,,,,23,51,16055
State,mi,2015,35,0.223573,0.223573,,,0,,,,32,49,14313
State,mi,2015,36,0.181549,0.181549,,,0,,,,27,52,14872
State,mi,2015,37,0.298647,0.298647,,,0,,,,51,51,17077
State,mi,2015,38,0.208333,0.208333,,,0,,,,31,48,14880
State,mi,2015,39,0.281641,0.281641,,,0,,,,48,50,17043
State,mi,2015,40,0.679905,0.679905,,,0,,,,164,66,24121
State,mi,2015,41,0.682377,0.682377,,,0,,,,172,70,25206
State,mi,2015,42,0.655234,0.655234,,,0,,,,162,70,24724
State,mi,2015,43,0.722036,0.722036,,,0,,,,187,71,25899
State,mi,2015,44,0.835379,0.835379,,,0,,,,211,70,25258
State,mi,2015,45,0.816032,0.816032,,,0,,,,215,70,26347
State,mi,2015,46,0.781501,0.781501,,,0,,,,170,65,21753
State,mi,2015,47,0.754856,0.754856,,,0,,,,143,68,18944
State,mi,2015,48,0.653595,0.653595,,,0,,,,158,68,24174
State,mi,2015,49,0.731161,0.731161,,,0,,,,186,70,25439
State,mi,2015,50,0.905253,0.905253,,,0,,,,193,70,21320
State,mi,2015,51,0.905545,0.905545,,,0,,,,130,68,14356
State,mi,2015,52,0.94131,0.94131,,,0,,,,149,68,15829
State,mi,2016,1,0.953501,0.953501,,,0,,,,219,70,22968
State,mi,2016,2,0.687134,0.687134,,,0,,,,156,71,22703
State,mi,2016,3,0.898847,0.898847,,,0,,,,209,68,23252
State,mi,2016,4,0.842919,0.842919,,,0,,,,192,68,22778
State,mi,2016,5,1.01783,1.01783,,,0,,,,246,69,24169
State,mi,2016,6,1.37645,1.37645,,,0,,,,309,71,22449
State,mi,2016,7,1.7294,1.7294,,,0,,,,391,71,22609
State,mi,2016,8,2.39001,2.39001,,,0,,,,597,74,24979
State,mi,2016,9,2.6582,2.6582,,,0,,,,670,76,25205
State,mi,2016,10,2.73456,2.73456,,,0,,,,703,73,25708
State,mi,2016,11,2.33998,2.33998,,,0,,,,597,73,25513
State,mi,2016,12,2.18061,2.18061,,,0,,,,566,74,25956
State,mi,2016,13,1.991,1.991,,,0,,,,482,75,24209
State,mi,2016,14,1.24723,1.24723,,,0,,,,298,72,23893
State,mi,2016,15,1.46172,1.46172,,,0,,,,366,69,25039
State,mi,2016,16,1.12651,1.12651,,,0,,,,256,69,22725
State,mi,2016,17,1.07665,1.07665,,,0,,,,251,73,23313
State,mi,2016,18,0.865389,0.865389,,,0,,,,209,74,24151
State,mi,2016,19,0.887623,0.887623,,,0,,,,215,74,24222
State,mi,2016,20,0.653622,0.653622,,,0,,,,159,73,24326
State,mi,2016,21,0.594686,0.594686,,,0,,,,109,68,18329
State,mi,2016,22,0.470475,0.470475,,,0,,,,78,69,16579
State,mi,2016,23,0.471162,0.471162,,,0,,,,87,68,18465
State,mi,2016,24,0.321743,0.321743,,,0,,,,57,64,17716
State,mi,2016,25,0.357244,0.357244,,,0,,,,63,66,17635
State,mi,2016,26,0.367341,0.367341,,,0,,,,53,60,14428
State,mi,2016,27,0.301872,0.301872,,,0,,,,45,63,14907
State,mi,2016,28,0.401338,0.401338,,,0,,,,72,63,17940
State,mi,2016,29,0.285836,0.285836,,,0,,,,47,59,16443
State,mi,2016,30,0.221239,0.221239,,,0,,,,36,58,16272
State,mi,2016,31,0.309345,0.309345,,,0,,,,53,57,17133
State,mi,2016,32,0.403105,0.403105,,,0,,,,67,58,16621
State,mi,2016,33,0.300535,0.300535,,,0,,,,50,56,16637
State,mi,2016,34,0.434945,0.434945,,,0,,,,70,52,16094
State,mi,2016,35,0.425844,0.425844,,,0,,,,58,54,13620
State,mi,2016,36,0.366229,0.366229,,,0,,,,56,53,15291
State,mi,2016,37,0.368489,0.368489,,,0,,,,66,54,17911
State,mi,2016,38,0.857128,0.857128,,,0,,,,163,60,19017
State,mi,2016,39,0.839074,0.839074,,,0,,,,162,63,19307
State,mi,2016,40,0.858584,0.858584,,,0,,,,206,72,23993
State,mi,2016,41,0.931407,0.931407,,,0,,,,236,75,25338
State,mi,2016,42,1.26664,1.26664,,,0,,,,314,72,24790
State,mi,2016,43,1.25542,1.25542,,,0,,,,310,73,24693
State,mi,2016,44,1.63981,1.63981,,,0,,,,408,73,24881
State,mi,2016,45,1.63886,1.63886,,,0,,,,391,70,23858
State,mi,2016,46,1.6545,1.6545,,,0,,,,401,74,24237
State,mi,2016,47,1.52157,1.52157,,,0,,,,266,72,17482
State,mi,2016,48,1.08338,1.08338,,,0,,,,267,72,24645
State,mi,2016,49,1.86207,1.86207,,,0,,,,388,71,20837
State,mi,2016,50,1.7306,1.7306,,,0,,,,365,75,21091
State,mi,2016,51,2.12636,2.12636,,,0,,,,348,73,16366
State,mi,2016,52,2.35249,2.35249,,,0,,,,366,72,15558
State,mi,2017,1,2.18288,2.18288,,,0,,,,455,77,20844
State,mi,2017,2,2.15291,2.15291,,,0,,,,497,77,23085
State,mi,2017,3,2.14959,2.14959,,,0,,,,486,76,22609
State,mi,2017,4,2.3959,2.3959,,,0,,,,580,76,24208
State,mi,2017,5,3.16458,3.16458,,,0,,,,777,77,24553
State,mi,2017,6,3.71318,3.71318,,,0,,,,1001,78,26958
State,mi,2017,7,4.60287,4.60287,,,0,,,,1115,74,24224
State,mi,2017,8,4.28887,4.28887,,,0,,,,1069,75,24925
State,mi,2017,9,3.26298,3.26298,,,0,,,,790,75,24211
State,mi,2017,10,3.48875,3.48875,,,0,,,,868,74,24880
State,mi,2017,11,3.26327,3.26327,,,0,,,,753,71,23075
State,mi,2017,12,3.21732,3.21732,,,0,,,,807,73,25083
State,mi,2017,13,2.69803,2.69803,,,0,,,,624,74,23128
State,mi,2017,14,1.86882,1.86882,,,0,,,,412,73,22046
State,mi,2017,15,1.45771,1.45771,,,0,,,,348,73,23873
State,mi,2017,16,1.3616,1.3616,,,0,,,,307,69,22547
State,mi,2017,17,1.1713,1.1713,,,0,,,,285,73,24332
State,mi,2017,18,0.91615,0.91615,,,0,,,,210,72,22922
State,mi,2017,19,0.951728,0.951728,,,0,,,,222,70,23326
State,mi,2017,20,1.0448,1.0448,,,0,,,,222,68,21248
State,mi,2017,21,0.770612,0.770612,,,0,,,,133,61,17259
State,mi,2017,22,0.820838,0.820838,,,0,,,,150,67,18274
State,mi,2017,23,0.645329,0.645329,,,0,,,,124,62,19215
State,mi,2017,24,0.639423,0.639423,,,0,,,,110,63,17203
State,mi,2017,25,0.616925,0.616925,,,0,,,,106,61,17182
State,mi,2017,26,0.614478,0.614478,,,0,,,,73,52,11880
State,mi,2017,27,0.679198,0.679198,,,0,,,,86,54,12662
State,mi,2017,28,0.508587,0.508587,,,0,,,,77,57,15140
State,mi,2017,29,0.400102,0.400102,,,0,,,,63,56,15746
State,mi,2017,30,0.459694,0.459694,,,0,,,,69,56,15010
State,mi,2017,31,0.471632,0.471632,,,0,,,,67,57,14206
State,mi,2017,32,0.32346,0.32346,,,0,,,,51,58,15767
State,mi,2017,33,0.441067,0.441067,,,0,,,,65,53,14737
State,mi,2017,34,0.52302,0.52302,,,0,,,,76,53,14531
State,mi,2017,35,0.726744,0.726744,,,0,,,,105,58,14448
State,mi,2017,36,0.935695,0.935695,,,0,,,,149,58,15924
State,mi,2017,37,0.876686,0.876686,,,0,,,,167,58,19049
State,mi,2017,38,1.13108,1.13108,,,0,,,,258,73,22810
State,mi,2017,39,1.21513,1.21513,,,0,,,,250,73,20574
State,mi,2017,40,1.05751,1.05751,,,0,,,,290,81,27423
State,mi,2017,41,1.18879,1.18879,,,0,,,,311,82,26161
State,mi,2017,42,1.34334,1.34334,,,0,,,,374,85,27841
State,mi,2017,43,1.37719,1.37719,,,0,,,,376,86,27302
State,mi,2017,44,1.24986,1.24986,,,0,,,,343,87,27443
State,mi,2017,45,1.5819,1.5819,,,0,,,,442,88,27941
State,mi,2017,46,1.50287,1.50287,,,0,,,,395,89,26283
State,mi,2017,47,1.86769,1.86769,,,0,,,,428,88,22916
State,mi,2017,48,1.57373,1.57373,,,0,,,,429,85,27260
State,mi,2017,49,1.87036,1.87036,,,0,,,,524,86,28016
State,mi,2017,50,2.2088,2.2088,,,0,,,,545,83,24674
State,mi,2017,51,2.75099,2.75099,,,0,,,,579,85,21047
State,mi,2017,52,3.50053,3.50053,,,0,,,,566,83,16169
State,mn,2010,40,0.5748,0.5748,,,0,,,,38,17,6611
State,mn,2010,41,0.541293,0.541293,,,0,,,,35,18,6466
State,mn,2010,42,0.521162,0.521162,,,0,,,,33,17,6332
State,mn,2010,43,0.637716,0.637716,,,0,,,,42,18,6586
State,mn,2010,44,0.805802,0.805802,,,0,,,,50,18,6205
State,mn,2010,45,0.82012,0.82012,,,0,,,,45,16,5487
State,mn,2010,46,0.702763,0.702763,,,0,,,,44,18,6261
State,mn,2010,47,1.10096,1.10096,,,0,,,,47,18,4269
State,mn,2010,48,0.855418,0.855418,,,0,,,,51,18,5962
State,mn,2010,49,0.584334,0.584334,,,0,,,,37,17,6332
State,mn,2010,50,1.16119,1.16119,,,0,,,,59,15,5081
State,mn,2010,51,1.0122,1.0122,,,0,,,,39,15,3853
State,mn,2010,52,1.10533,1.10533,,,0,,,,34,15,3076
State,mn,2011,1,1.37079,1.37079,,,0,,,,61,15,4450
State,mn,2011,2,1.06915,1.06915,,,0,,,,47,14,4396
State,mn,2011,3,1.83651,1.83651,,,0,,,,82,14,4465
State,mn,2011,4,1.98138,1.98138,,,0,,,,100,14,5047
State,mn,2011,5,2.56631,2.56631,,,0,,,,119,14,4637
State,mn,2011,6,2.51155,2.51155,,,0,,,,125,15,4977
State,mn,2011,7,3.1493,3.1493,,,0,,,,162,15,5144
State,mn,2011,8,2.98699,2.98699,,,0,,,,140,14,4687
State,mn,2011,9,3.23099,3.23099,,,0,,,,161,13,4983
State,mn,2011,10,2.84067,2.84067,,,0,,,,133,13,4682
State,mn,2011,11,2.80579,2.80579,,,0,,,,128,14,4562
State,mn,2011,12,2.38585,2.38585,,,0,,,,116,14,4862
State,mn,2011,13,2.18437,2.18437,,,0,,,,109,14,4990
State,mn,2011,14,2.04599,2.04599,,,0,,,,105,15,5132
State,mn,2011,15,1.40235,1.40235,,,0,,,,68,14,4849
State,mn,2011,16,1.32867,1.32867,,,0,,,,57,12,4290
State,mn,2011,17,1.01429,1.01429,,,0,,,,44,12,4338
State,mn,2011,18,0.588957,0.588957,,,0,,,,24,10,4075
State,mn,2011,19,0.582165,0.582165,,,0,,,,22,10,3779
State,mn,2011,20,0.756474,0.756474,,,0,,,,26,9,3437
State,mn,2011,21,0.59795,0.59795,,,0,,,,21,9,3512
State,mn,2011,22,0.524738,0.524738,,,0,,,,14,9,2668
State,mn,2011,23,0.523722,0.523722,,,0,,,,17,8,3246
State,mn,2011,24,0.436554,0.436554,,,0,,,,15,8,3436
State,mn,2011,25,0.811416,0.811416,,,0,,,,29,8,3574
State,mn,2011,26,0.334753,0.334753,,,0,,,,11,8,3286
State,mn,2011,27,0.936262,0.936262,,,0,,,,26,8,2777
State,mn,2011,28,0.358423,0.358423,,,0,,,,12,8,3348
State,mn,2011,29,0.468604,0.468604,,,0,,,,15,8,3201
State,mn,2011,30,0.16116,0.16116,,,0,,,,4,5,2482
State,mn,2011,31,0.562676,0.562676,,,0,,,,18,8,3199
State,mn,2011,32,0.362538,0.362538,,,0,,,,12,8,3310
State,mn,2011,33,0.950119,0.950119,,,0,,,,8,4,842
State,mn,2011,34,0.56164,0.56164,,,0,,,,20,9,3561
State,mn,2011,35,0.761773,0.761773,,,0,,,,11,7,1444
State,mn,2011,36,0.646478,0.646478,,,0,,,,19,8,2939
State,mn,2011,37,1.0107,1.0107,,,0,,,,34,7,3364
State,mn,2011,38,1.0989,1.0989,,,0,,,,27,6,2457
State,mn,2011,39,1.75369,1.75369,,,0,,,,44,6,2509
State,mn,2011,40,0.694883,0.694883,,,0,,,,33,14,4749
State,mn,2011,41,0.848806,0.848806,,,0,,,,48,15,5655
State,mn,2011,42,1.55971,1.55971,,,0,,,,70,14,4488
State,mn,2011,43,1.06683,1.06683,,,0,,,,53,14,4968
State,mn,2011,44,1.55469,1.55469,,,0,,,,84,16,5403
State,mn,2011,45,1.66825,1.66825,,,0,,,,88,16,5275
State,mn,2011,46,1.2756,1.2756,,,0,,,,71,16,5566
State,mn,2011,47,1.94514,1.94514,,,0,,,,78,16,4010
State,mn,2011,48,1.34722,1.34722,,,0,,,,75,17,5567
State,mn,2011,49,1.26777,1.26777,,,0,,,,66,16,5206
State,mn,2011,50,1.32592,1.32592,,,0,,,,62,15,4676
State,mn,2011,51,2.1711,2.1711,,,0,,,,67,14,3086
State,mn,2011,52,3.25009,3.25009,,,0,,,,95,15,2923
State,mn,2012,1,1.80741,1.80741,,,0,,,,61,15,3375
State,mn,2012,2,1.66667,1.66667,,,0,,,,64,15,3840
State,mn,2012,3,1.16015,1.16015,,,0,,,,46,14,3965
State,mn,2012,4,1.48064,1.48064,,,0,,,,65,13,4390
State,mn,2012,5,1.65403,1.65403,,,0,,,,72,14,4353
State,mn,2012,6,1.70083,1.70083,,,0,,,,78,14,4586
State,mn,2012,7,1.77976,1.77976,,,0,,,,80,14,4495
State,mn,2012,8,1.825,1.825,,,0,,,,73,13,4000
State,mn,2012,9,2.11864,2.11864,,,0,,,,95,15,4484
State,mn,2012,10,1.99723,1.99723,,,0,,,,72,13,3605
State,mn,2012,11,2.28088,2.28088,,,0,,,,89,13,3902
State,mn,2012,12,2.41331,2.41331,,,0,,,,103,14,4268
State,mn,2012,13,1.74662,1.74662,,,0,,,,75,14,4294
State,mn,2012,14,1.91069,1.91069,,,0,,,,86,13,4501
State,mn,2012,15,1.55039,1.55039,,,0,,,,68,12,4386
State,mn,2012,16,1.27344,1.27344,,,0,,,,55,14,4319
State,mn,2012,17,1.29018,1.29018,,,0,,,,59,13,4573
State,mn,2012,18,1.64442,1.64442,,,0,,,,69,13,4196
State,mn,2012,19,1.76962,1.76962,,,0,,,,53,12,2995
State,mn,2012,20,1.36265,1.36265,,,0,,,,44,13,3229
State,mn,2012,21,0.529942,0.529942,,,0,,,,20,14,3774
State,mn,2012,22,0.694225,0.694225,,,0,,,,22,14,3169
State,mn,2012,23,0.75266,0.75266,,,0,,,,29,14,3853
State,mn,2012,24,0.705467,0.705467,,,0,,,,24,13,3402
State,mn,2012,25,0.383142,0.383142,,,0,,,,14,12,3654
State,mn,2012,26,0.898802,0.898802,,,0,,,,27,10,3004
State,mn,2012,27,1.02547,1.02547,,,0,,,,31,12,3023
State,mn,2012,28,0.765373,0.765373,,,0,,,,29,11,3789
State,mn,2012,29,0.467897,0.467897,,,0,,,,18,12,3847
State,mn,2012,30,0.676956,0.676956,,,0,,,,25,12,3693
State,mn,2012,31,0.709906,0.709906,,,0,,,,22,10,3099
State,mn,2012,32,0.659898,0.659898,,,0,,,,26,12,3940
State,mn,2012,33,0.278862,0.278862,,,0,,,,10,11,3586
State,mn,2012,34,0.475059,0.475059,,,0,,,,20,12,4210
State,mn,2012,35,0.300996,0.300996,,,0,,,,13,11,4319
State,mn,2012,36,0.431144,0.431144,,,0,,,,17,11,3943
State,mn,2012,37,0.641711,0.641711,,,0,,,,30,11,4675
State,mn,2012,38,0.704225,0.704225,,,0,,,,32,10,4544
State,mn,2012,39,0.649491,0.649491,,,0,,,,30,11,4619
State,mn,2012,40,0.871795,0.871795,,,0,,,,34,14,3900
State,mn,2012,41,0.483092,0.483092,,,0,,,,24,15,4968
State,mn,2012,42,0.556816,0.556816,,,0,,,,27,13,4849
State,mn,2012,43,0.598555,0.598555,,,0,,,,29,14,4845
State,mn,2012,44,0.765358,0.765358,,,0,,,,38,13,4965
State,mn,2012,45,0.730519,0.730519,,,0,,,,36,14,4928
State,mn,2012,46,0.61894,0.61894,,,0,,,,30,14,4847
State,mn,2012,47,1.05714,1.05714,,,0,,,,37,13,3500
State,mn,2012,48,0.966879,0.966879,,,0,,,,47,13,4861
State,mn,2012,49,0.953961,0.953961,,,0,,,,46,13,4822
State,mn,2012,50,1.78823,1.78823,,,0,,,,89,14,4977
State,mn,2012,51,3.05277,3.05277,,,0,,,,140,14,4586
State,mn,2012,52,6.67769,6.67769,,,0,,,,202,14,3025
State,mn,2013,1,5.54971,5.54971,,,0,,,,211,14,3802
State,mn,2013,2,4.0914,4.0914,,,0,,,,188,13,4595
State,mn,2013,3,3.07692,3.07692,,,0,,,,152,13,4940
State,mn,2013,4,2.86423,2.86423,,,0,,,,127,13,4434
State,mn,2013,5,2.67437,2.67437,,,0,,,,125,13,4674
State,mn,2013,6,3.01697,3.01697,,,0,,,,144,13,4773
State,mn,2013,7,2.63502,2.63502,,,0,,,,121,13,4592
State,mn,2013,8,1.77297,1.77297,,,0,,,,82,12,4625
State,mn,2013,9,1.64868,1.64868,,,0,,,,84,12,5095
State,mn,2013,10,1.71015,1.71015,,,0,,,,78,12,4561
State,mn,2013,11,2.04417,2.04417,,,0,,,,87,12,4256
State,mn,2013,12,1.06414,1.06414,,,0,,,,37,11,3477
State,mn,2013,13,1.07527,1.07527,,,0,,,,47,11,4371
State,mn,2013,14,0.707808,0.707808,,,0,,,,32,12,4521
State,mn,2013,15,0.863371,0.863371,,,0,,,,40,12,4633
State,mn,2013,16,1.23119,1.23119,,,0,,,,54,12,4386
State,mn,2013,17,0.729927,0.729927,,,0,,,,32,12,4384
State,mn,2013,18,0.860737,0.860737,,,0,,,,39,12,4531
State,mn,2013,19,0.509613,0.509613,,,0,,,,22,12,4317
State,mn,2013,20,0.61263,0.61263,,,0,,,,26,12,4244
State,mn,2013,21,0.687548,0.687548,,,0,,,,27,12,3927
State,mn,2013,22,0.567503,0.567503,,,0,,,,19,12,3348
State,mn,2013,23,0.631912,0.631912,,,0,,,,24,12,3798
State,mn,2013,24,0.664084,0.664084,,,0,,,,24,11,3614
State,mn,2013,25,0.121212,0.121212,,,0,,,,4,12,3300
State,mn,2013,26,0.574413,0.574413,,,0,,,,22,12,3830
State,mn,2013,27,1.09127,1.09127,,,0,,,,33,10,3024
State,mn,2013,28,0.449438,0.449438,,,0,,,,18,11,4005
State,mn,2013,29,0.490463,0.490463,,,0,,,,18,11,3670
State,mn,2013,30,0.680094,0.680094,,,0,,,,26,11,3823
State,mn,2013,31,0.607983,0.607983,,,0,,,,23,11,3783
State,mn,2013,32,0.509626,0.509626,,,0,,,,18,11,3532
State,mn,2013,33,0.829099,0.829099,,,0,,,,31,11,3739
State,mn,2013,34,0.750939,0.750939,,,0,,,,30,11,3995
State,mn,2013,35,0.769804,0.769804,,,0,,,,31,10,4027
State,mn,2013,36,0.117786,0.117786,,,0,,,,4,10,3396
State,mn,2013,37,0.126904,0.126904,,,0,,,,4,8,3152
State,mn,2013,38,0.0637552,0.0637552,,,0,,,,2,8,3137
State,mn,2013,39,0.125905,0.125905,,,0,,,,4,8,3177
State,mn,2013,40,0.259572,0.259572,,,0,,,,12,12,4623
State,mn,2013,41,0.660264,0.660264,,,0,,,,33,13,4998
State,mn,2013,42,0.510856,0.510856,,,0,,,,24,12,4698
State,mn,2013,43,1.12782,1.12782,,,0,,,,57,16,5054
State,mn,2013,44,1.32789,1.32789,,,0,,,,65,16,4895
State,mn,2013,45,0.953188,0.953188,,,0,,,,45,16,4721
State,mn,2013,46,0.463714,0.463714,,,0,,,,20,15,4313
State,mn,2013,47,0.376189,0.376189,,,0,,,,17,17,4519
State,mn,2013,48,1.08668,1.08668,,,0,,,,43,17,3957
State,mn,2013,49,1.17106,1.17106,,,0,,,,56,19,4782
State,mn,2013,50,0.904621,0.904621,,,0,,,,46,17,5085
State,mn,2013,51,2.01371,2.01371,,,0,,,,94,17,4668
State,mn,2013,52,3.51852,3.51852,,,0,,,,95,17,2700
State,mn,2014,1,3.34739,3.34739,,,0,,,,127,20,3794
State,mn,2014,2,2.51268,2.51268,,,0,,,,109,20,4338
State,mn,2014,3,3.1093,3.1093,,,0,,,,130,18,4181
State,mn,2014,4,3.26496,3.26496,,,0,,,,156,20,4778
State,mn,2014,5,2.53456,2.53456,,,0,,,,121,20,4774
State,mn,2014,6,2.15726,2.15726,,,0,,,,107,18,4960
State,mn,2014,7,2.13796,2.13796,,,0,,,,106,17,4958
State,mn,2014,8,2.65642,2.65642,,,0,,,,121,18,4555
State,mn,2014,9,1.96669,1.96669,,,0,,,,98,18,4983
State,mn,2014,10,2.27225,2.27225,,,0,,,,109,18,4797
State,mn,2014,11,1.88838,1.88838,,,0,,,,90,17,4766
State,mn,2014,12,2.06639,2.06639,,,0,,,,94,16,4549
State,mn,2014,13,1.7914,1.7914,,,0,,,,90,17,5024
State,mn,2014,14,2.11676,2.11676,,,0,,,,95,16,4488
State,mn,2014,15,1.33506,1.33506,,,0,,,,62,15,4644
State,mn,2014,16,1.2565,1.2565,,,0,,,,58,17,4616
State,mn,2014,17,1.56118,1.56118,,,0,,,,74,17,4740
State,mn,2014,18,1.73495,1.73495,,,0,,,,83,16,4784
State,mn,2014,19,1.3382,1.3382,,,0,,,,66,18,4932
State,mn,2014,20,1.41359,1.41359,,,0,,,,62,15,4386
State,mn,2014,21,1.82819,1.82819,,,0,,,,83,16,4540
State,mn,2014,22,0.137221,0.137221,,,0,,,,4,13,2915
State,mn,2014,23,1.11949,1.11949,,,0,,,,49,15,4377
State,mn,2014,24,0.840116,0.840116,,,0,,,,32,12,3809
State,mn,2014,25,0.861829,0.861829,,,0,,,,31,11,3597
State,mn,2014,26,1.02194,1.02194,,,0,,,,34,11,3327
State,mn,2014,27,0.765931,0.765931,,,0,,,,25,10,3264
State,mn,2014,28,0.893796,0.893796,,,0,,,,34,10,3804
State,mn,2014,29,0.693518,0.693518,,,0,,,,26,9,3749
State,mn,2014,30,0.408677,0.408677,,,0,,,,13,8,3181
State,mn,2014,31,0.847458,0.847458,,,0,,,,24,8,2832
State,mn,2014,32,0.478334,0.478334,,,0,,,,17,9,3554
State,mn,2014,33,1.02477,1.02477,,,0,,,,36,9,3513
State,mn,2014,34,0.624321,0.624321,,,0,,,,23,9,3684
State,mn,2014,35,0.564668,0.564668,,,0,,,,21,8,3719
State,mn,2014,36,1.28317,1.28317,,,0,,,,44,8,3429
State,mn,2014,37,1.03321,1.03321,,,0,,,,42,8,4065
State,mn,2014,38,1.42687,1.42687,,,0,,,,60,8,4205
State,mn,2014,39,0.631821,0.631821,,,0,,,,22,7,3482
State,mn,2014,40,0.766983,0.766983,,,0,,,,42,16,5476
State,mn,2014,41,0.754446,0.754446,,,0,,,,42,16,5567
State,mn,2014,42,0.892164,0.892164,,,0,,,,46,15,5156
State,mn,2014,43,0.856198,0.856198,,,0,,,,44,16,5139
State,mn,2014,44,0.826598,0.826598,,,0,,,,45,16,5444
State,mn,2014,45,0.827719,0.827719,,,0,,,,43,15,5195
State,mn,2014,46,0.775054,0.775054,,,0,,,,43,16,5548
State,mn,2014,47,1.41224,1.41224,,,0,,,,63,15,4461
State,mn,2014,48,1.30183,1.30183,,,0,,,,54,16,4148
State,mn,2014,49,1.70758,1.70758,,,0,,,,80,15,4685
State,mn,2014,50,4.53885,4.53885,,,0,,,,250,16,5508
State,mn,2014,51,5.72078,5.72078,,,0,,,,302,15,5279
State,mn,2014,52,7.85111,7.85111,,,0,,,,251,16,3197
State,mn,2014,53,5.72185,5.72185,,,0,,,,216,15,3775
State,mn,2015,1,3.64327,3.64327,,,0,,,,163,15,4474
State,mn,2015,2,3.23494,3.23494,,,0,,,,160,15,4946
State,mn,2015,3,3.62635,3.62635,,,0,,,,158,14,4357
State,mn,2015,4,2.74324,2.74324,,,0,,,,139,15,5067
State,mn,2015,5,2.77726,2.77726,,,0,,,,148,15,5329
State,mn,2015,6,2.23289,2.23289,,,0,,,,107,14,4792
State,mn,2015,7,2.31372,2.31372,,,0,,,,127,15,5489
State,mn,2015,8,2.04648,2.04648,,,0,,,,118,16,5766
State,mn,2015,9,2.36808,2.36808,,,0,,,,127,16,5363
State,mn,2015,10,2.59921,2.59921,,,0,,,,131,16,5040
State,mn,2015,11,2.75626,2.75626,,,0,,,,153,17,5551
State,mn,2015,12,4.12833,4.12833,,,0,,,,166,15,4021
State,mn,2015,13,2.74203,2.74203,,,0,,,,147,16,5361
State,mn,2015,14,2.05597,2.05597,,,0,,,,108,15,5253
State,mn,2015,15,2.53521,2.53521,,,0,,,,117,15,4615
State,mn,2015,16,1.56617,1.56617,,,0,,,,80,15,5108
State,mn,2015,17,1.45709,1.45709,,,0,,,,73,15,5010
State,mn,2015,18,1.06451,1.06451,,,0,,,,50,15,4697
State,mn,2015,19,1.00184,1.00184,,,0,,,,49,16,4891
State,mn,2015,20,1.60404,1.60404,,,0,,,,73,15,4551
State,mn,2015,21,0.700935,0.700935,,,0,,,,15,11,2140
State,mn,2015,22,0.974704,0.974704,,,0,,,,42,15,4309
State,mn,2015,23,1.16138,1.16138,,,0,,,,48,15,4133
State,mn,2015,24,0.69025,0.69025,,,0,,,,32,16,4636
State,mn,2015,25,0.651042,0.651042,,,0,,,,30,14,4608
State,mn,2015,26,0.840564,0.840564,,,0,,,,31,12,3688
State,mn,2015,27,0.710702,0.710702,,,0,,,,34,12,4784
State,mn,2015,28,0.754636,0.754636,,,0,,,,35,12,4638
State,mn,2015,29,0.785469,0.785469,,,0,,,,32,11,4074
State,mn,2015,30,0.566572,0.566572,,,0,,,,26,12,4589
State,mn,2015,31,1.00865,1.00865,,,0,,,,42,11,4164
State,mn,2015,32,0.99734,0.99734,,,0,,,,45,12,4512
State,mn,2015,33,0.831328,0.831328,,,0,,,,38,12,4571
State,mn,2015,34,1.17915,1.17915,,,0,,,,57,11,4834
State,mn,2015,35,0.72381,0.72381,,,0,,,,38,11,5250
State,mn,2015,36,0.527958,0.527958,,,0,,,,22,10,4167
State,mn,2015,37,0.393332,0.393332,,,0,,,,21,11,5339
State,mn,2015,38,0.78256,0.78256,,,0,,,,42,11,5367
State,mn,2015,39,0.815059,0.815059,,,0,,,,42,10,5153
State,mn,2015,40,0.597213,0.597213,,,0,,,,36,17,6028
State,mn,2015,41,1.17073,1.17073,,,0,,,,60,16,5125
State,mn,2015,42,0.78125,0.78125,,,0,,,,45,17,5760
State,mn,2015,43,0.831601,0.831601,,,0,,,,48,18,5772
State,mn,2015,44,1.2874,1.2874,,,0,,,,74,18,5748
State,mn,2015,45,1.10984,1.10984,,,0,,,,68,18,6127
State,mn,2015,46,1.49593,1.49593,,,0,,,,79,18,5281
State,mn,2015,47,1.94823,1.94823,,,0,,,,73,14,3747
State,mn,2015,48,0.920578,0.920578,,,0,,,,51,17,5540
State,mn,2015,49,1.80049,1.80049,,,0,,,,111,17,6165
State,mn,2015,50,1.54377,1.54377,,,0,,,,85,18,5506
State,mn,2015,51,2.84483,2.84483,,,0,,,,99,17,3480
State,mn,2015,52,1.93642,1.93642,,,0,,,,67,17,3460
State,mn,2016,1,0.556836,0.556836,,,0,,,,29,18,5208
State,mn,2016,2,0.58096,0.58096,,,0,,,,31,18,5336
State,mn,2016,3,0.676788,0.676788,,,0,,,,37,18,5467
State,mn,2016,4,0.762547,0.762547,,,0,,,,43,17,5639
State,mn,2016,5,1.00438,1.00438,,,0,,,,39,16,3883
State,mn,2016,6,1.11789,1.11789,,,0,,,,44,17,3936
State,mn,2016,7,2.73241,2.73241,,,0,,,,87,14,3184
State,mn,2016,8,2.65649,2.65649,,,0,,,,87,13,3275
State,mn,2016,9,3.09101,3.09101,,,0,,,,162,15,5241
State,mn,2016,10,4.07295,4.07295,,,0,,,,201,15,4935
State,mn,2016,11,2.50569,2.50569,,,0,,,,121,15,4829
State,mn,2016,12,2.23573,2.23573,,,0,,,,114,15,5099
State,mn,2016,13,1.42236,1.42236,,,0,,,,72,14,5062
State,mn,2016,14,1.66983,1.66983,,,0,,,,88,15,5270
State,mn,2016,15,1.60559,1.60559,,,0,,,,85,14,5294
State,mn,2016,16,1.6936,1.6936,,,0,,,,87,15,5137
State,mn,2016,17,2.1065,2.1065,,,0,,,,72,14,3418
State,mn,2016,18,0.953895,0.953895,,,0,,,,30,13,3145
State,mn,2016,19,1.47287,1.47287,,,0,,,,38,13,2580
State,mn,2016,20,0.770626,0.770626,,,0,,,,17,13,2206
State,mn,2016,21,0.589319,0.589319,,,0,,,,16,13,2715
State,mn,2016,22,0.614125,0.614125,,,0,,,,12,11,1954
State,mn,2016,23,0.558919,0.558919,,,0,,,,12,13,2147
State,mn,2016,24,0.527325,0.527325,,,0,,,,11,13,2086
State,mn,2016,25,0.56899,0.56899,,,0,,,,12,13,2109
State,mn,2016,26,0.475813,0.475813,,,0,,,,12,14,2522
State,mn,2016,27,0.266193,0.266193,,,0,,,,6,14,2254
State,mn,2016,28,0.324826,0.324826,,,0,,,,7,13,2155
State,mn,2016,29,0.644202,0.644202,,,0,,,,13,13,2018
State,mn,2016,30,0.879567,0.879567,,,0,,,,13,11,1478
State,mn,2016,31,0.674252,0.674252,,,0,,,,16,13,2373
State,mn,2016,32,0.578947,0.578947,,,0,,,,11,9,1900
State,mn,2016,33,0.905701,0.905701,,,0,,,,17,9,1877
State,mn,2016,34,0.880503,0.880503,,,0,,,,14,7,1590
State,mn,2016,35,0.634115,0.634115,,,0,,,,10,6,1577
State,mn,2016,36,1.11016,1.11016,,,0,,,,26,8,2342
State,mn,2016,37,0.672394,0.672394,,,0,,,,18,8,2677
State,mn,2016,38,1.18748,1.18748,,,0,,,,33,8,2779
State,mn,2016,39,0.803213,0.803213,,,0,,,,26,10,3237
State,mn,2016,40,1.35371,1.35371,,,0,,,,62,21,4580
State,mn,2016,41,1.35184,1.35184,,,0,,,,75,21,5548
State,mn,2016,42,1.05163,1.05163,,,0,,,,55,21,5230
State,mn,2016,43,1.54139,1.54139,,,0,,,,73,20,4736
State,mn,2016,44,0.778458,0.778458,,,0,,,,61,22,7836
State,mn,2016,45,0.673854,0.673854,,,0,,,,50,22,7420
State,mn,2016,46,0.954766,0.954766,,,0,,,,61,20,6389
State,mn,2016,47,1.0981,1.0981,,,0,,,,60,22,5464
State,mn,2016,48,1.52593,1.52593,,,0,,,,118,22,7733
State,mn,2016,49,1.10247,1.10247,,,0,,,,78,22,7075
State,mn,2016,50,1.18233,1.18233,,,0,,,,76,21,6428
State,mn,2016,51,2.19521,2.19521,,,0,,,,121,20,5512
State,mn,2016,52,2.33905,2.33905,,,0,,,,105,21,4489
State,mn,2017,1,2.27992,2.27992,,,0,,,,108,21,4737
State,mn,2017,2,2.34944,2.34944,,,0,,,,142,21,6044
State,mn,2017,3,3.40085,3.40085,,,0,,,,225,21,6616
State,mn,2017,4,3.3874,3.3874,,,0,,,,236,21,6967
State,mn,2017,5,3.44587,3.44587,,,0,,,,247,21,7168
State,mn,2017,6,4.41595,4.41595,,,0,,,,279,20,6318
State,mn,2017,7,4.54856,4.54856,,,0,,,,333,20,7321
State,mn,2017,8,4.61632,4.61632,,,0,,,,305,19,6607
State,mn,2017,9,3.02862,3.02862,,,0,,,,218,21,7198
State,mn,2017,10,3.58261,3.58261,,,0,,,,206,19,5750
State,mn,2017,11,2.78864,2.78864,,,0,,,,164,20,5881
State,mn,2017,12,3.01904,3.01904,,,0,,,,203,20,6724
State,mn,2017,13,3.16175,3.16175,,,0,,,,207,20,6547
State,mn,2017,14,3.30335,3.30335,,,0,,,,213,20,6448
State,mn,2017,15,2.76616,2.76616,,,0,,,,172,18,6218
State,mn,2017,16,2.92533,2.92533,,,0,,,,190,19,6495
State,mn,2017,17,2.43869,2.43869,,,0,,,,176,20,7217
State,mn,2017,18,2.14699,2.14699,,,0,,,,156,21,7266
State,mn,2017,19,2.20834,2.20834,,,0,,,,152,21,6883
State,mn,2017,20,1.85063,1.85063,,,0,,,,112,21,6052
State,mn,2017,21,1.34168,1.34168,,,0,,,,75,20,5590
State,mn,2017,22,1.04428,1.04428,,,0,,,,50,19,4788
State,mn,2017,23,0.805861,0.805861,,,0,,,,11,12,1365
State,mn,2017,24,0.722311,0.722311,,,0,,,,9,11,1246
State,mn,2017,25,1.27753,1.27753,,,0,,,,58,17,4540
State,mn,2017,26,0.744359,0.744359,,,0,,,,32,17,4299
State,mn,2017,27,0.633756,0.633756,,,0,,,,19,14,2998
State,mn,2017,28,0.811542,0.811542,,,0,,,,36,15,4436
State,mn,2017,29,1.12544,1.12544,,,0,,,,48,15,4265
State,mn,2017,30,1.19541,1.19541,,,0,,,,49,15,4099
State,mn,2017,31,0.935673,0.935673,,,0,,,,32,12,3420
State,mn,2017,32,0.947977,0.947977,,,0,,,,41,13,4325
State,mn,2017,33,1.09426,1.09426,,,0,,,,44,12,4021
State,mn,2017,34,0.736607,0.736607,,,0,,,,33,11,4480
State,mn,2017,35,0.623182,0.623182,,,0,,,,30,13,4814
State,mn,2017,36,0.567823,0.567823,,,0,,,,9,7,1585
State,mn,2017,37,1.00271,1.00271,,,0,,,,63,16,6283
State,mn,2017,38,0.702494,0.702494,,,0,,,,20,10,2847
State,mn,2017,39,1.16713,1.16713,,,0,,,,75,16,6426
State,mn,2017,40,1.42651,1.42651,,,0,,,,99,22,6940
State,mn,2017,41,1.43321,1.43321,,,0,,,,106,24,7396
State,mn,2017,42,1.42129,1.42129,,,0,,,,106,24,7458
State,mn,2017,43,1.24153,1.24153,,,0,,,,88,23,7088
State,mn,2017,44,1.36721,1.36721,,,0,,,,99,24,7241
State,mn,2017,45,1.42363,1.42363,,,0,,,,107,24,7516
State,mn,2017,46,1.64262,1.64262,,,0,,,,115,23,7001
State,mn,2017,47,1.6596,1.6596,,,0,,,,90,24,5423
State,mn,2017,48,1.47341,1.47341,,,0,,,,100,23,6787
State,mn,2017,49,2.15039,2.15039,,,0,,,,153,25,7115
State,mn,2017,50,2.30408,2.30408,,,0,,,,157,27,6814
State,mn,2017,51,2.93532,2.93532,,,0,,,,177,25,6030
State,mn,2017,52,3.63548,3.63548,,,0,,,,150,24,4126
State,mo,2010,40,1.10176,1.10176,,,0,,,,106,33,9621
State,mo,2010,41,0.930521,0.930521,,,0,,,,90,32,9672
State,mo,2010,42,0.98989,0.98989,,,0,,,,94,32,9496
State,mo,2010,43,0.959713,0.959713,,,0,,,,91,31,9482
State,mo,2010,44,1.16768,1.16768,,,0,,,,100,31,8564
State,mo,2010,45,1.22374,1.22374,,,0,,,,106,31,8662
State,mo,2010,46,1.20367,1.20367,,,0,,,,101,31,8391
State,mo,2010,47,1.41407,1.41407,,,0,,,,78,30,5516
State,mo,2010,48,1.56732,1.56732,,,0,,,,132,30,8422
State,mo,2010,49,1.37036,1.37036,,,0,,,,113,31,8246
State,mo,2010,50,1.41003,1.41003,,,0,,,,126,32,8936
State,mo,2010,51,2.34292,2.34292,,,0,,,,154,32,6573
State,mo,2010,52,2.68029,2.68029,,,0,,,,181,32,6753
State,mo,2011,1,2.12687,2.12687,,,0,,,,173,31,8134
State,mo,2011,2,2.35408,2.35408,,,0,,,,194,32,8241
State,mo,2011,3,2.2551,2.2551,,,0,,,,189,31,8381
State,mo,2011,4,3.66952,3.66952,,,0,,,,322,31,8775
State,mo,2011,5,5.05806,5.05806,,,0,,,,318,31,6287
State,mo,2011,6,4.89771,4.89771,,,0,,,,395,30,8065
State,mo,2011,7,6.10616,6.10616,,,0,,,,528,29,8647
State,mo,2011,8,5.4344,5.4344,,,0,,,,466,31,8575
State,mo,2011,9,3.89713,3.89713,,,0,,,,344,31,8827
State,mo,2011,10,4.21369,4.21369,,,0,,,,336,30,7974
State,mo,2011,11,2.54097,2.54097,,,0,,,,200,30,7871
State,mo,2011,12,2.44453,2.44453,,,0,,,,184,28,7527
State,mo,2011,13,1.99634,1.99634,,,0,,,,131,27,6562
State,mo,2011,14,1.61195,1.61195,,,0,,,,109,26,6762
State,mo,2011,15,1.33698,1.33698,,,0,,,,93,26,6956
State,mo,2011,16,0.99348,0.99348,,,0,,,,64,24,6442
State,mo,2011,17,0.711214,0.711214,,,0,,,,43,21,6046
State,mo,2011,18,0.603942,0.603942,,,0,,,,38,23,6292
State,mo,2011,19,0.901051,0.901051,,,0,,,,54,21,5993
State,mo,2011,20,0.717913,0.717913,,,0,,,,41,24,5711
State,mo,2011,21,0.804039,0.804039,,,0,,,,43,22,5348
State,mo,2011,22,0.0808407,0.0808407,,,0,,,,2,22,2474
State,mo,2011,23,0.103448,0.103448,,,0,,,,3,21,2900
State,mo,2011,24,0.03885,0.03885,,,0,,,,1,20,2574
State,mo,2011,25,0.315831,0.315831,,,0,,,,8,20,2533
State,mo,2011,26,0.109131,0.109131,,,0,,,,3,20,2749
State,mo,2011,27,0.162668,0.162668,,,0,,,,4,20,2459
State,mo,2011,28,0.109569,0.109569,,,0,,,,3,20,2738
State,mo,2011,29,0.0745156,0.0745156,,,0,,,,2,21,2684
State,mo,2011,30,0.0380807,0.0380807,,,0,,,,1,20,2626
State,mo,2011,31,0.122599,0.122599,,,0,,,,3,19,2447
State,mo,2011,32,0.0385802,0.0385802,,,0,,,,1,20,2592
State,mo,2011,33,0.0346861,0.0346861,,,0,,,,1,20,2883
State,mo,2011,34,0.0318167,0.0318167,,,0,,,,1,19,3143
State,mo,2011,35,0.141603,0.141603,,,0,,,,5,20,3531
State,mo,2011,36,0.247219,0.247219,,,0,,,,8,20,3236
State,mo,2011,37,0.254813,0.254813,,,0,,,,9,20,3532
State,mo,2011,38,0.270433,0.270433,,,0,,,,9,19,3328
State,mo,2011,39,0.161421,0.161421,,,0,,,,6,20,3717
State,mo,2011,40,0.900155,0.900155,,,0,,,,87,31,9665
State,mo,2011,41,0.831085,0.831085,,,0,,,,77,31,9265
State,mo,2011,42,0.718889,0.718889,,,0,,,,58,30,8068
State,mo,2011,43,0.690193,0.690193,,,0,,,,62,31,8983
State,mo,2011,44,0.944003,0.944003,,,0,,,,88,31,9322
State,mo,2011,45,0.678149,0.678149,,,0,,,,63,31,9290
State,mo,2011,46,1.08447,1.08447,,,0,,,,95,31,8760
State,mo,2011,47,1.18463,1.18463,,,0,,,,70,31,5909
State,mo,2011,48,1.02662,1.02662,,,0,,,,86,30,8377
State,mo,2011,49,0.885827,0.885827,,,0,,,,72,31,8128
State,mo,2011,50,1.33616,1.33616,,,0,,,,107,30,8008
State,mo,2011,51,1.27138,1.27138,,,0,,,,84,30,6607
State,mo,2011,52,1.94731,1.94731,,,0,,,,119,31,6111
State,mo,2012,1,1.82245,1.82245,,,0,,,,132,31,7243
State,mo,2012,2,1.74426,1.74426,,,0,,,,136,31,7797
State,mo,2012,3,1.62369,1.62369,,,0,,,,136,31,8376
State,mo,2012,4,2.24756,2.24756,,,0,,,,203,31,9032
State,mo,2012,5,3.48837,3.48837,,,0,,,,312,31,8944
State,mo,2012,6,3.79789,3.79789,,,0,,,,342,30,9005
State,mo,2012,7,4.36207,4.36207,,,0,,,,386,31,8849
State,mo,2012,8,4.11684,4.11684,,,0,,,,358,30,8696
State,mo,2012,9,4.39352,4.39352,,,0,,,,393,29,8945
State,mo,2012,10,3.97808,3.97808,,,0,,,,363,28,9125
State,mo,2012,11,3.36105,3.36105,,,0,,,,291,29,8658
State,mo,2012,12,1.97747,1.97747,,,0,,,,158,28,7990
State,mo,2012,13,1.19574,1.19574,,,0,,,,92,29,7694
State,mo,2012,14,0.798828,0.798828,,,0,,,,60,26,7511
State,mo,2012,15,0.838245,0.838245,,,0,,,,64,25,7635
State,mo,2012,16,0.650325,0.650325,,,0,,,,52,25,7996
State,mo,2012,17,0.723914,0.723914,,,0,,,,58,25,8012
State,mo,2012,18,0.682325,0.682325,,,0,,,,52,25,7621
State,mo,2012,19,0.222816,0.222816,,,0,,,,10,24,4488
State,mo,2012,20,0.184049,0.184049,,,0,,,,6,21,3260
State,mo,2012,21,0.124224,0.124224,,,0,,,,4,21,3220
State,mo,2012,22,0.25878,0.25878,,,0,,,,7,21,2705
State,mo,2012,23,0.0947867,0.0947867,,,0,,,,3,19,3165
State,mo,2012,24,0.0,0.0,,,0,,,,0,20,3076
State,mo,2012,25,0.0,0.0,,,0,,,,0,21,3042
State,mo,2012,26,0.0614817,0.0614817,,,0,,,,2,21,3253
State,mo,2012,27,0.0,0.0,,,0,,,,0,21,2523
State,mo,2012,28,0.234035,0.234035,,,0,,,,7,19,2991
State,mo,2012,29,0.193361,0.193361,,,0,,,,6,21,3103
State,mo,2012,30,0.0644538,0.0644538,,,0,,,,2,21,3103
State,mo,2012,31,0.0325521,0.0325521,,,0,,,,1,21,3072
State,mo,2012,32,0.0629525,0.0629525,,,0,,,,2,20,3177
State,mo,2012,33,0.146628,0.146628,,,0,,,,5,21,3410
State,mo,2012,34,0.121007,0.121007,,,0,,,,5,21,4132
State,mo,2012,35,0.0463392,0.0463392,,,0,,,,2,22,4316
State,mo,2012,36,0.224909,0.224909,,,0,,,,8,20,3557
State,mo,2012,37,0.406688,0.406688,,,0,,,,18,21,4426
State,mo,2012,38,0.133958,0.133958,,,0,,,,6,22,4479
State,mo,2012,39,0.639269,0.639269,,,0,,,,28,21,4380
State,mo,2012,40,1.09343,1.09343,,,0,,,,101,26,9237
State,mo,2012,41,1.15393,1.15393,,,0,,,,103,27,8926
State,mo,2012,42,1.59635,1.59635,,,0,,,,140,28,8770
State,mo,2012,43,1.38299,1.38299,,,0,,,,114,28,8243
State,mo,2012,44,1.38699,1.38699,,,0,,,,132,26,9517
State,mo,2012,45,2.01608,2.01608,,,0,,,,168,28,8333
State,mo,2012,46,2.45792,2.45792,,,0,,,,203,27,8259
State,mo,2012,47,3.53357,3.53357,,,0,,,,210,28,5943
State,mo,2012,48,3.07673,3.07673,,,0,,,,251,28,8158
State,mo,2012,49,2.97351,2.97351,,,0,,,,238,28,8004
State,mo,2012,50,3.49486,3.49486,,,0,,,,282,28,8069
State,mo,2012,51,4.7619,4.7619,,,0,,,,309,24,6489
State,mo,2012,52,6.97715,6.97715,,,0,,,,397,27,5690
State,mo,2013,1,5.2717,5.2717,,,0,,,,325,27,6165
State,mo,2013,2,4.59826,4.59826,,,0,,,,380,27,8264
State,mo,2013,3,4.42954,4.42954,,,0,,,,403,28,9098
State,mo,2013,4,4.89124,4.89124,,,0,,,,407,28,8321
State,mo,2013,5,4.95706,4.95706,,,0,,,,381,27,7686
State,mo,2013,6,4.4439,4.4439,,,0,,,,360,27,8101
State,mo,2013,7,3.33773,3.33773,,,0,,,,253,27,7580
State,mo,2013,8,3.15217,3.15217,,,0,,,,203,27,6440
State,mo,2013,9,2.36915,2.36915,,,0,,,,153,24,6458
State,mo,2013,10,2.59259,2.59259,,,0,,,,182,24,7020
State,mo,2013,11,2.10808,2.10808,,,0,,,,142,24,6736
State,mo,2013,12,1.81256,1.81256,,,0,,,,123,25,6786
State,mo,2013,13,1.86999,1.86999,,,0,,,,105,23,5615
State,mo,2013,14,1.2985,1.2985,,,0,,,,83,21,6392
State,mo,2013,15,1.25548,1.25548,,,0,,,,83,21,6611
State,mo,2013,16,0.901675,0.901675,,,0,,,,63,23,6987
State,mo,2013,17,1.24487,1.24487,,,0,,,,85,22,6828
State,mo,2013,18,0.918209,0.918209,,,0,,,,65,23,7079
State,mo,2013,19,0.839965,0.839965,,,0,,,,57,22,6786
State,mo,2013,20,0.52705,0.52705,,,0,,,,34,22,6451
State,mo,2013,21,0.816168,0.816168,,,0,,,,42,21,5146
State,mo,2013,22,0.743633,0.743633,,,0,,,,40,21,5379
State,mo,2013,23,0.209351,0.209351,,,0,,,,6,20,2866
State,mo,2013,24,0.211045,0.211045,,,0,,,,6,19,2843
State,mo,2013,25,0.236327,0.236327,,,0,,,,7,19,2962
State,mo,2013,26,0.074184,0.074184,,,0,,,,2,19,2696
State,mo,2013,27,0.040783,0.040783,,,0,,,,1,19,2452
State,mo,2013,28,0.0352113,0.0352113,,,0,,,,1,19,2840
State,mo,2013,29,0.0759013,0.0759013,,,0,,,,2,18,2635
State,mo,2013,30,0.0,0.0,,,0,,,,0,18,2684
State,mo,2013,31,0.0773994,0.0773994,,,0,,,,2,19,2584
State,mo,2013,32,0.0680504,0.0680504,,,0,,,,2,19,2939
State,mo,2013,33,0.095057,0.095057,,,0,,,,3,19,3156
State,mo,2013,34,0.105263,0.105263,,,0,,,,4,19,3800
State,mo,2013,35,0.081389,0.081389,,,0,,,,3,18,3686
State,mo,2013,36,0.306279,0.306279,,,0,,,,10,18,3265
State,mo,2013,37,0.337838,0.337838,,,0,,,,13,18,3848
State,mo,2013,38,0.431566,0.431566,,,0,,,,14,17,3244
State,mo,2013,39,0.354724,0.354724,,,0,,,,11,15,3101
State,mo,2013,40,1.10175,1.10175,,,0,,,,85,22,7715
State,mo,2013,41,1.32619,1.32619,,,0,,,,104,23,7842
State,mo,2013,42,1.00076,1.00076,,,0,,,,79,23,7894
State,mo,2013,43,1.24873,1.24873,,,0,,,,98,23,7848
State,mo,2013,44,1.06213,1.06213,,,0,,,,80,21,7532
State,mo,2013,45,1.16895,1.16895,,,0,,,,86,20,7357
State,mo,2013,46,1.23795,1.23795,,,0,,,,95,22,7674
State,mo,2013,47,1.4448,1.4448,,,0,,,,103,20,7129
State,mo,2013,48,1.6266,1.6266,,,0,,,,90,21,5533
State,mo,2013,49,1.90597,1.90597,,,0,,,,150,24,7870
State,mo,2013,50,2.27721,2.27721,,,0,,,,173,25,7597
State,mo,2013,51,4.55016,4.55016,,,0,,,,308,25,6769
State,mo,2013,52,6.69931,6.69931,,,0,,,,342,23,5105
State,mo,2014,1,5.92605,5.92605,,,0,,,,351,25,5923
State,mo,2014,2,3.97493,3.97493,,,0,,,,260,24,6541
State,mo,2014,3,3.3622,3.3622,,,0,,,,264,25,7852
State,mo,2014,4,3.19497,3.19497,,,0,,,,244,25,7637
State,mo,2014,5,3.17951,3.17951,,,0,,,,257,26,8083
State,mo,2014,6,2.43792,2.43792,,,0,,,,162,24,6645
State,mo,2014,7,2.00081,2.00081,,,0,,,,148,23,7397
State,mo,2014,8,1.68301,1.68301,,,0,,,,127,23,7546
State,mo,2014,9,1.63679,1.63679,,,0,,,,126,23,7698
State,mo,2014,10,1.40174,1.40174,,,0,,,,100,22,7134
State,mo,2014,11,1.78872,1.78872,,,0,,,,117,20,6541
State,mo,2014,12,1.32347,1.32347,,,0,,,,93,21,7027
State,mo,2014,13,1.37779,1.37779,,,0,,,,81,21,5879
State,mo,2014,14,1.56726,1.56726,,,0,,,,103,20,6572
State,mo,2014,15,0.902869,0.902869,,,0,,,,62,20,6867
State,mo,2014,16,0.8907,0.8907,,,0,,,,59,20,6624
State,mo,2014,17,0.990099,0.990099,,,0,,,,62,20,6262
State,mo,2014,18,0.779697,0.779697,,,0,,,,51,19,6541
State,mo,2014,19,0.963817,0.963817,,,0,,,,61,18,6329
State,mo,2014,20,0.616698,0.616698,,,0,,,,39,19,6324
State,mo,2014,21,0.785388,0.785388,,,0,,,,43,19,5475
State,mo,2014,22,0.723487,0.723487,,,0,,,,41,19,5667
State,mo,2014,23,0.0359583,0.0359583,,,0,,,,1,18,2781
State,mo,2014,24,0.108421,0.108421,,,0,,,,3,18,2767
State,mo,2014,25,0.039604,0.039604,,,0,,,,1,16,2525
State,mo,2014,26,0.036523,0.036523,,,0,,,,1,17,2738
State,mo,2014,27,0.0394789,0.0394789,,,0,,,,1,17,2533
State,mo,2014,28,0.035524,0.035524,,,0,,,,1,17,2815
State,mo,2014,29,0.0730727,0.0730727,,,0,,,,2,18,2737
State,mo,2014,30,0.10442,0.10442,,,0,,,,3,18,2873
State,mo,2014,31,0.218898,0.218898,,,0,,,,6,18,2741
State,mo,2014,32,0.178253,0.178253,,,0,,,,5,18,2805
State,mo,2014,33,0.180245,0.180245,,,0,,,,5,16,2774
State,mo,2014,34,0.0543331,0.0543331,,,0,,,,2,18,3681
State,mo,2014,35,0.0262605,0.0262605,,,0,,,,1,17,3808
State,mo,2014,36,0.0682128,0.0682128,,,0,,,,2,16,2932
State,mo,2014,37,0.330368,0.330368,,,0,,,,13,17,3935
State,mo,2014,38,0.284164,0.284164,,,0,,,,11,17,3871
State,mo,2014,39,0.276451,0.276451,,,0,,,,11,17,3979
State,mo,2014,40,1.03915,1.03915,,,0,,,,86,23,8276
State,mo,2014,41,1.28882,1.28882,,,0,,,,105,23,8147
State,mo,2014,42,1.40453,1.40453,,,0,,,,116,23,8259
State,mo,2014,43,1.32654,1.32654,,,0,,,,112,22,8443
State,mo,2014,44,0.948386,0.948386,,,0,,,,52,22,5483
State,mo,2014,45,1.04767,1.04767,,,0,,,,80,21,7636
State,mo,2014,46,1.616,1.616,,,0,,,,118,23,7302
State,mo,2014,47,1.09715,1.09715,,,0,,,,55,20,5013
State,mo,2014,48,2.70174,2.70174,,,0,,,,152,23,5626
State,mo,2014,49,2.50949,2.50949,,,0,,,,205,22,8169
State,mo,2014,50,5.39804,5.39804,,,0,,,,436,21,8077
State,mo,2014,51,6.14749,6.14749,,,0,,,,461,22,7499
State,mo,2014,52,8.54034,8.54034,,,0,,,,471,22,5515
State,mo,2014,53,7.63245,7.63245,,,0,,,,461,23,6040
State,mo,2015,1,4.37008,4.37008,,,0,,,,333,23,7620
State,mo,2015,2,3.3668,3.3668,,,0,,,,285,23,8465
State,mo,2015,3,3.2881,3.2881,,,0,,,,189,22,5748
State,mo,2015,4,3.71205,3.71205,,,0,,,,247,22,6654
State,mo,2015,5,2.88219,2.88219,,,0,,,,240,23,8327
State,mo,2015,6,2.46064,2.46064,,,0,,,,211,21,8575
State,mo,2015,7,2.33557,2.33557,,,0,,,,174,22,7450
State,mo,2015,8,2.40867,2.40867,,,0,,,,209,23,8677
State,mo,2015,9,2.20076,2.20076,,,0,,,,196,22,8906
State,mo,2015,10,2.44123,2.44123,,,0,,,,108,21,4424
State,mo,2015,11,2.01586,2.01586,,,0,,,,89,19,4415
State,mo,2015,12,2.066,2.066,,,0,,,,72,21,3485
State,mo,2015,13,1.93118,1.93118,,,0,,,,142,21,7353
State,mo,2015,14,1.83448,1.83448,,,0,,,,131,20,7141
State,mo,2015,15,1.46409,1.46409,,,0,,,,106,19,7240
State,mo,2015,16,1.31024,1.31024,,,0,,,,87,20,6640
State,mo,2015,17,1.41824,1.41824,,,0,,,,102,19,7192
State,mo,2015,18,1.04167,1.04167,,,0,,,,71,19,6816
State,mo,2015,19,1.09926,1.09926,,,0,,,,68,19,6186
State,mo,2015,20,0.958637,0.958637,,,0,,,,54,18,5633
State,mo,2015,21,0.129758,0.129758,,,0,,,,3,16,2312
State,mo,2015,22,0.195389,0.195389,,,0,,,,5,17,2559
State,mo,2015,23,0.0755572,0.0755572,,,0,,,,2,16,2647
State,mo,2015,24,0.190404,0.190404,,,0,,,,5,16,2626
State,mo,2015,25,0.406054,0.406054,,,0,,,,11,16,2709
State,mo,2015,26,0.442478,0.442478,,,0,,,,10,16,2260
State,mo,2015,27,0.0371609,0.0371609,,,0,,,,1,17,2691
State,mo,2015,28,0.260805,0.260805,,,0,,,,7,17,2684
State,mo,2015,29,0.196309,0.196309,,,0,,,,5,16,2547
State,mo,2015,30,0.0806777,0.0806777,,,0,,,,2,17,2479
State,mo,2015,31,0.249584,0.249584,,,0,,,,6,17,2404
State,mo,2015,32,0.0784314,0.0784314,,,0,,,,2,16,2550
State,mo,2015,33,0.260501,0.260501,,,0,,,,8,16,3071
State,mo,2015,34,0.148846,0.148846,,,0,,,,6,17,4031
State,mo,2015,35,0.0474834,0.0474834,,,0,,,,2,17,4212
State,mo,2015,36,0.244126,0.244126,,,0,,,,8,14,3277
State,mo,2015,37,0.735294,0.735294,,,0,,,,24,16,3264
State,mo,2015,38,0.819921,0.819921,,,0,,,,27,16,3293
State,mo,2015,39,0.908785,0.908785,,,0,,,,27,16,2971
State,mo,2015,40,1.11897,1.11897,,,0,,,,87,17,7775
State,mo,2015,41,1.26363,1.26363,,,0,,,,102,16,8072
State,mo,2015,42,1.60311,1.60311,,,0,,,,132,18,8234
State,mo,2015,43,1.13927,1.13927,,,0,,,,98,20,8602
State,mo,2015,44,1.44876,1.44876,,,0,,,,122,19,8421
State,mo,2015,45,1.6603,1.6603,,,0,,,,139,20,8372
State,mo,2015,46,1.18776,1.18776,,,0,,,,99,20,8335
State,mo,2015,47,1.86682,1.86682,,,0,,,,97,18,5196
State,mo,2015,48,1.20617,1.20617,,,0,,,,97,20,8042
State,mo,2015,49,1.16959,1.16959,,,0,,,,90,19,7695
State,mo,2015,50,1.75389,1.75389,,,0,,,,125,20,7127
State,mo,2015,51,2.03742,2.03742,,,0,,,,98,19,4810
State,mo,2015,52,2.02099,2.02099,,,0,,,,104,20,5146
State,mo,2016,1,1.91673,1.91673,,,0,,,,122,20,6365
State,mo,2016,2,1.59607,1.59607,,,0,,,,104,20,6516
State,mo,2016,3,1.82839,1.82839,,,0,,,,127,21,6946
State,mo,2016,4,1.60151,1.60151,,,0,,,,136,22,8492
State,mo,2016,5,1.37948,1.37948,,,0,,,,110,19,7974
State,mo,2016,6,2.1764,2.1764,,,0,,,,171,21,7857
State,mo,2016,7,2.2293,2.2293,,,0,,,,182,20,8164
State,mo,2016,8,2.0909,2.0909,,,0,,,,190,21,9087
State,mo,2016,9,2.83647,2.83647,,,0,,,,247,21,8708
State,mo,2016,10,3.06748,3.06748,,,0,,,,260,21,8476
State,mo,2016,11,2.6461,2.6461,,,0,,,,211,19,7974
State,mo,2016,12,2.86005,2.86005,,,0,,,,225,19,7867
State,mo,2016,13,2.94644,2.94644,,,0,,,,214,19,7263
State,mo,2016,14,1.91642,1.91642,,,0,,,,155,19,8088
State,mo,2016,15,1.7713,1.7713,,,0,,,,147,20,8299
State,mo,2016,16,1.71316,1.71316,,,0,,,,148,20,8639
State,mo,2016,17,1.48666,1.48666,,,0,,,,117,21,7870
State,mo,2016,18,1.30981,1.30981,,,0,,,,98,20,7482
State,mo,2016,19,1.15217,1.15217,,,0,,,,82,18,7117
State,mo,2016,20,0.886672,0.886672,,,0,,,,32,19,3609
State,mo,2016,21,0.313199,0.313199,,,0,,,,7,13,2235
State,mo,2016,22,0.53357,0.53357,,,0,,,,12,16,2249
State,mo,2016,23,0.918964,0.918964,,,0,,,,22,16,2394
State,mo,2016,24,0.486224,0.486224,,,0,,,,12,16,2468
State,mo,2016,25,0.416493,0.416493,,,0,,,,10,16,2401
State,mo,2016,26,0.388098,0.388098,,,0,,,,9,16,2319
State,mo,2016,27,0.631769,0.631769,,,0,,,,14,16,2216
State,mo,2016,28,0.443459,0.443459,,,0,,,,10,16,2255
State,mo,2016,29,0.285714,0.285714,,,0,,,,7,16,2450
State,mo,2016,30,0.519031,0.519031,,,0,,,,12,16,2312
State,mo,2016,31,0.271739,0.271739,,,0,,,,6,15,2208
State,mo,2016,32,0.483481,0.483481,,,0,,,,12,16,2482
State,mo,2016,33,0.170648,0.170648,,,0,,,,5,16,2930
State,mo,2016,34,0.29932,0.29932,,,0,,,,11,17,3675
State,mo,2016,35,0.425773,0.425773,,,0,,,,15,17,3523
State,mo,2016,36,0.739056,0.739056,,,0,,,,26,17,3518
State,mo,2016,37,0.405268,0.405268,,,0,,,,16,17,3948
State,mo,2016,38,0.551615,0.551615,,,0,,,,21,16,3807
State,mo,2016,39,0.305499,0.305499,,,0,,,,12,17,3928
State,mo,2016,40,0.809969,0.809969,,,0,,,,65,19,8025
State,mo,2016,41,1.05737,1.05737,,,0,,,,87,20,8228
State,mo,2016,42,1.03819,1.03819,,,0,,,,84,19,8091
State,mo,2016,43,1.11033,1.11033,,,0,,,,95,20,8556
State,mo,2016,44,1.38921,1.38921,,,0,,,,120,20,8638
State,mo,2016,45,1.25032,1.25032,,,0,,,,99,20,7918
State,mo,2016,46,1.40548,1.40548,,,0,,,,120,21,8538
State,mo,2016,47,1.84358,1.84358,,,0,,,,99,20,5370
State,mo,2016,48,1.87003,1.87003,,,0,,,,141,20,7540
State,mo,2016,49,1.66839,1.66839,,,0,,,,113,19,6773
State,mo,2016,50,1.85009,1.85009,,,0,,,,136,20,7351
State,mo,2016,51,2.28994,2.28994,,,0,,,,127,19,5546
State,mo,2016,52,4.06755,4.06755,,,0,,,,224,20,5507
State,mo,2017,1,4.43428,4.43428,,,0,,,,252,20,5683
State,mo,2017,2,3.60914,3.60914,,,0,,,,229,20,6345
State,mo,2017,3,3.74388,3.74388,,,0,,,,283,19,7559
State,mo,2017,4,5.67474,5.67474,,,0,,,,410,18,7225
State,mo,2017,5,6.49829,6.49829,,,0,,,,476,18,7325
State,mo,2017,6,6.74594,6.74594,,,0,,,,556,18,8242
State,mo,2017,7,5.01464,5.01464,,,0,,,,411,18,8196
State,mo,2017,8,4.40847,4.40847,,,0,,,,354,19,8030
State,mo,2017,9,3.08846,3.08846,,,0,,,,243,19,7868
State,mo,2017,10,3.1356,3.1356,,,0,,,,231,16,7367
State,mo,2017,11,2.52691,2.52691,,,0,,,,169,18,6688
State,mo,2017,12,2.01827,2.01827,,,0,,,,137,16,6788
State,mo,2017,13,2.20751,2.20751,,,0,,,,140,16,6342
State,mo,2017,14,1.60621,1.60621,,,0,,,,120,17,7471
State,mo,2017,15,1.28613,1.28613,,,0,,,,93,16,7231
State,mo,2017,16,1.15415,1.15415,,,0,,,,87,17,7538
State,mo,2017,17,1.03435,1.03435,,,0,,,,78,17,7541
State,mo,2017,18,1.07771,1.07771,,,0,,,,76,18,7052
State,mo,2017,19,0.407643,0.407643,,,0,,,,16,16,3925
State,mo,2017,20,0.345261,0.345261,,,0,,,,11,15,3186
State,mo,2017,21,0.18797,0.18797,,,0,,,,5,14,2660
State,mo,2017,22,0.0851064,0.0851064,,,0,,,,2,15,2350
State,mo,2017,23,0.067714,0.067714,,,0,,,,5,15,7384
State,mo,2017,24,0.167785,0.167785,,,0,,,,4,13,2384
State,mo,2017,25,0.0418235,0.0418235,,,0,,,,1,14,2391
State,mo,2017,26,0.15534,0.15534,,,0,,,,4,15,2575
State,mo,2017,27,0.0955566,0.0955566,,,0,,,,2,15,2093
State,mo,2017,28,0.0381825,0.0381825,,,0,,,,1,14,2619
State,mo,2017,29,0.0416667,0.0416667,,,0,,,,1,15,2400
State,mo,2017,30,0.10005,0.10005,,,0,,,,2,15,1999
State,mo,2017,31,0.0507614,0.0507614,,,0,,,,1,16,1970
State,mo,2017,32,0.0,0.0,,,0,,,,0,14,2249
State,mo,2017,33,0.0850702,0.0850702,,,0,,,,2,15,2351
State,mo,2017,34,0.0951173,0.0951173,,,0,,,,3,16,3154
State,mo,2017,35,0.0928505,0.0928505,,,0,,,,3,16,3231
State,mo,2017,36,0.387597,0.387597,,,0,,,,12,16,3096
State,mo,2017,37,0.494777,0.494777,,,0,,,,18,16,3638
State,mo,2017,38,0.614182,0.614182,,,0,,,,22,16,3582
State,mo,2017,39,0.769003,0.769003,,,0,,,,26,15,3381
State,mo,2017,40,0.445236,0.445236,,,0,,,,20,18,4492
State,mo,2017,41,0.523918,0.523918,,,0,,,,23,20,4390
State,mo,2017,42,0.779459,0.779459,,,0,,,,34,19,4362
State,mo,2017,43,0.877785,0.877785,,,0,,,,39,18,4443
State,mo,2017,44,1.1684,1.1684,,,0,,,,92,21,7874
State,mo,2017,45,0.99566,0.99566,,,0,,,,78,21,7834
State,mo,2017,46,1.26502,1.26502,,,0,,,,100,21,7905
State,mo,2017,47,1.39695,1.39695,,,0,,,,77,21,5512
State,mo,2017,48,1.42461,1.42461,,,0,,,,72,19,5054
State,mo,2017,49,2.27393,2.27393,,,0,,,,172,21,7564
State,mo,2017,50,2.78846,2.78846,,,0,,,,203,20,7280
State,mo,2017,51,4.90646,4.90646,,,0,,,,278,18,5666
State,mo,2017,52,9.33202,9.33202,,,0,,,,190,19,2036
State,ms,2010,40,2.9098,2.9098,,,0,,,,491,42,16874
State,ms,2010,41,2.97075,2.97075,,,0,,,,523,45,17605
State,ms,2010,42,2.98141,2.98141,,,0,,,,534,45,17911
State,ms,2010,43,3.14804,3.14804,,,0,,,,538,47,17090
State,ms,2010,44,3.3557,3.3557,,,0,,,,550,45,16390
State,ms,2010,45,3.93095,3.93095,,,0,,,,649,44,16510
State,ms,2010,46,4.46575,4.46575,,,0,,,,764,45,17108
State,ms,2010,47,4.83811,4.83811,,,0,,,,786,46,16246
State,ms,2010,48,4.88509,4.88509,,,0,,,,829,44,16970
State,ms,2010,49,5.33836,5.33836,,,0,,,,878,46,16447
State,ms,2010,50,8.81573,8.81573,,,0,,,,1529,48,17344
State,ms,2010,51,10.8166,10.8166,,,0,,,,1775,45,16410
State,ms,2010,52,9.03389,9.03389,,,0,,,,1570,45,17379
State,ms,2011,1,6.75844,6.75844,,,0,,,,1139,47,16853
State,ms,2011,2,5.94459,5.94459,,,0,,,,899,45,15123
State,ms,2011,3,6.62632,6.62632,,,0,,,,1062,45,16027
State,ms,2011,4,6.58129,6.58129,,,0,,,,1146,46,17413
State,ms,2011,5,6.80856,6.80856,,,0,,,,1142,47,16773
State,ms,2011,6,6.14754,6.14754,,,0,,,,1020,46,16592
State,ms,2011,7,5.96418,5.96418,,,0,,,,1089,44,18259
State,ms,2011,8,5.0174,5.0174,,,0,,,,865,46,17240
State,ms,2011,9,4.25786,4.25786,,,0,,,,677,44,15900
State,ms,2011,10,4.01552,4.01552,,,0,,,,621,44,15465
State,ms,2011,11,3.77297,3.77297,,,0,,,,581,45,15399
State,ms,2011,12,3.04018,3.04018,,,0,,,,513,43,16874
State,ms,2011,13,3.35792,3.35792,,,0,,,,560,44,16677
State,ms,2011,14,3.13642,3.13642,,,0,,,,515,43,16420
State,ms,2011,15,3.1314,3.1314,,,0,,,,520,43,16606
State,ms,2011,16,2.85882,2.85882,,,0,,,,438,40,15321
State,ms,2011,17,2.72215,2.72215,,,0,,,,420,40,15429
State,ms,2011,18,2.32148,2.32148,,,0,,,,355,43,15292
State,ms,2011,19,2.40229,2.40229,,,0,,,,378,42,15735
State,ms,2011,20,2.18672,2.18672,,,0,,,,334,42,15274
State,ms,2011,21,2.27182,2.27182,,,0,,,,342,42,15054
State,ms,2011,22,2.40786,2.40786,,,0,,,,392,44,16280
State,ms,2011,23,2.13416,2.13416,,,0,,,,349,43,16353
State,ms,2011,24,1.88371,1.88371,,,0,,,,300,44,15926
State,ms,2011,25,1.8323,1.8323,,,0,,,,276,41,15063
State,ms,2011,26,1.63593,1.63593,,,0,,,,212,40,12959
State,ms,2011,27,1.7163,1.7163,,,0,,,,268,44,15615
State,ms,2011,28,1.64122,1.64122,,,0,,,,244,40,14867
State,ms,2011,29,1.83892,1.83892,,,0,,,,287,41,15607
State,ms,2011,30,1.51907,1.51907,,,0,,,,235,42,15470
State,ms,2011,31,1.46256,1.46256,,,0,,,,225,42,15384
State,ms,2011,32,1.61967,1.61967,,,0,,,,247,41,15250
State,ms,2011,33,1.95423,1.95423,,,0,,,,304,42,15556
State,ms,2011,34,2.57653,2.57653,,,0,,,,404,40,15680
State,ms,2011,35,2.05144,2.05144,,,0,,,,327,37,15940
State,ms,2011,36,2.48053,2.48053,,,0,,,,360,38,14513
State,ms,2011,37,2.35249,2.35249,,,0,,,,370,36,15728
State,ms,2011,38,2.43185,2.43185,,,0,,,,339,35,13940
State,ms,2011,39,2.79782,2.79782,,,0,,,,415,38,14833
State,ms,2011,40,2.62725,2.62725,,,0,,,,399,39,15187
State,ms,2011,41,2.59877,2.59877,,,0,,,,394,34,15161
State,ms,2011,42,2.61265,2.61265,,,0,,,,396,39,15157
State,ms,2011,43,2.69223,2.69223,,,0,,,,389,40,14449
State,ms,2011,44,2.85042,2.85042,,,0,,,,412,40,14454
State,ms,2011,45,3.22581,3.22581,,,0,,,,467,33,14477
State,ms,2011,46,3.53311,3.53311,,,0,,,,438,33,12397
State,ms,2011,47,2.8728,2.8728,,,0,,,,430,40,14968
State,ms,2011,48,3.36865,3.36865,,,0,,,,426,34,12646
State,ms,2011,49,4.28481,4.28481,,,0,,,,405,32,9452
State,ms,2011,50,3.77676,3.77676,,,0,,,,494,37,13080
State,ms,2011,51,3.97266,3.97266,,,0,,,,529,35,13316
State,ms,2011,52,4.14514,4.14514,,,0,,,,666,39,16067
State,ms,2012,1,2.97906,2.97906,,,0,,,,488,39,16381
State,ms,2012,2,3.46842,3.46842,,,0,,,,576,41,16607
State,ms,2012,3,3.05138,3.05138,,,0,,,,443,39,14518
State,ms,2012,4,3.17245,3.17245,,,0,,,,514,39,16202
State,ms,2012,5,4.15225,4.15225,,,0,,,,660,41,15895
State,ms,2012,6,4.07314,4.07314,,,0,,,,646,40,15860
State,ms,2012,7,3.86596,3.86596,,,0,,,,593,39,15339
State,ms,2012,8,3.83416,3.83416,,,0,,,,578,42,15075
State,ms,2012,9,4.67671,4.67671,,,0,,,,562,37,12017
State,ms,2012,10,5.17955,5.17955,,,0,,,,688,40,13283
State,ms,2012,11,5.32075,5.32075,,,0,,,,671,37,12611
State,ms,2012,12,4.37794,4.37794,,,0,,,,531,38,12129
State,ms,2012,13,4.1368,4.1368,,,0,,,,456,40,11023
State,ms,2012,14,3.82471,3.82471,,,0,,,,439,39,11478
State,ms,2012,15,3.21383,3.21383,,,0,,,,329,31,10237
State,ms,2012,16,2.77607,2.77607,,,0,,,,316,36,11383
State,ms,2012,17,2.9274,2.9274,,,0,,,,375,37,12810
State,ms,2012,18,3.18757,3.18757,,,0,,,,398,37,12486
State,ms,2012,19,3.09789,3.09789,,,0,,,,425,37,13719
State,ms,2012,20,3.35361,3.35361,,,0,,,,397,38,11838
State,ms,2012,21,3.72832,3.72832,,,0,,,,359,34,9629
State,ms,2012,22,2.77309,2.77309,,,0,,,,263,33,9484
State,ms,2012,23,2.96261,2.96261,,,0,,,,252,32,8506
State,ms,2012,24,2.84244,2.84244,,,0,,,,232,33,8162
State,ms,2012,25,1.93061,1.93061,,,0,,,,212,32,10981
State,ms,2012,26,2.54899,2.54899,,,0,,,,186,31,7297
State,ms,2012,27,2.21041,2.21041,,,0,,,,183,27,8279
State,ms,2012,28,2.04362,2.04362,,,0,,,,134,26,6557
State,ms,2012,29,2.06145,2.06145,,,0,,,,104,22,5045
State,ms,2012,30,2.77476,2.77476,,,0,,,,230,27,8289
State,ms,2012,31,3.34141,3.34141,,,0,,,,262,30,7841
State,ms,2012,32,2.56314,2.56314,,,0,,,,205,31,7998
State,ms,2012,33,2.02938,2.02938,,,0,,,,181,32,8919
State,ms,2012,34,2.32719,2.32719,,,0,,,,235,30,10098
State,ms,2012,35,2.83371,2.83371,,,0,,,,190,28,6705
State,ms,2012,36,2.40038,2.40038,,,0,,,,250,28,10415
State,ms,2012,37,2.16875,2.16875,,,0,,,,219,29,10098
State,ms,2012,38,2.93781,2.93781,,,0,,,,257,32,8748
State,ms,2012,39,3.18698,3.18698,,,0,,,,323,33,10135
State,ms,2012,40,3.24119,3.24119,,,0,,,,469,44,14470
State,ms,2012,41,3.53982,3.53982,,,0,,,,504,44,14238
State,ms,2012,42,3.8453,3.8453,,,0,,,,518,43,13471
State,ms,2012,43,4.11831,4.11831,,,0,,,,550,43,13355
State,ms,2012,44,4.32281,4.32281,,,0,,,,571,42,13209
State,ms,2012,45,5.37964,5.37964,,,0,,,,649,41,12064
State,ms,2012,46,6.50728,6.50728,,,0,,,,822,42,12632
State,ms,2012,47,8.56248,8.56248,,,0,,,,1093,42,12765
State,ms,2012,48,6.95423,6.95423,,,0,,,,977,42,14049
State,ms,2012,49,8.21743,8.21743,,,0,,,,1483,44,18047
State,ms,2012,50,8.64163,8.64163,,,0,,,,1537,44,17786
State,ms,2012,51,13.2534,13.2534,,,0,,,,1647,42,12427
State,ms,2012,52,11.5652,11.5652,,,0,,,,1794,42,15512
State,ms,2013,1,8.14324,8.14324,,,0,,,,1353,44,16615
State,ms,2013,2,6.70186,6.70186,,,0,,,,1168,44,17428
State,ms,2013,3,6.09412,6.09412,,,0,,,,1014,45,16639
State,ms,2013,4,5.95498,5.95498,,,0,,,,1037,44,17414
State,ms,2013,5,5.44546,5.44546,,,0,,,,959,45,17611
State,ms,2013,6,5.19833,5.19833,,,0,,,,899,45,17294
State,ms,2013,7,4.6582,4.6582,,,0,,,,785,45,16852
State,ms,2013,8,4.86339,4.86339,,,0,,,,858,45,17642
State,ms,2013,9,5.46707,5.46707,,,0,,,,865,43,15822
State,ms,2013,10,5.2593,5.2593,,,0,,,,933,44,17740
State,ms,2013,11,5.7033,5.7033,,,0,,,,920,45,16131
State,ms,2013,12,4.08434,4.08434,,,0,,,,740,45,18118
State,ms,2013,13,4.27448,4.27448,,,0,,,,636,42,14879
State,ms,2013,14,3.68828,3.68828,,,0,,,,620,41,16810
State,ms,2013,15,3.17919,3.17919,,,0,,,,550,42,17300
State,ms,2013,16,2.58736,2.58736,,,0,,,,445,44,17199
State,ms,2013,17,2.57813,2.57813,,,0,,,,410,42,15903
State,ms,2013,18,2.27837,2.27837,,,0,,,,367,42,16108
State,ms,2013,19,2.50143,2.50143,,,0,,,,393,42,15711
State,ms,2013,20,2.45089,2.45089,,,0,,,,383,42,15627
State,ms,2013,21,2.25472,2.25472,,,0,,,,350,41,15523
State,ms,2013,22,2.20735,2.20735,,,0,,,,343,41,15539
State,ms,2013,23,1.64636,1.64636,,,0,,,,254,39,15428
State,ms,2013,24,1.99554,1.99554,,,0,,,,295,38,14783
State,ms,2013,25,1.62306,1.62306,,,0,,,,250,40,15403
State,ms,2013,26,1.79954,1.79954,,,0,,,,244,39,13559
State,ms,2013,27,1.39608,1.39608,,,0,,,,205,38,14684
State,ms,2013,28,1.30618,1.30618,,,0,,,,202,40,15465
State,ms,2013,29,1.31698,1.31698,,,0,,,,203,40,15414
State,ms,2013,30,1.49117,1.49117,,,0,,,,228,41,15290
State,ms,2013,31,1.54989,1.54989,,,0,,,,240,41,15485
State,ms,2013,32,1.61554,1.61554,,,0,,,,227,40,14051
State,ms,2013,33,1.85141,1.85141,,,0,,,,231,38,12477
State,ms,2013,34,2.31196,2.31196,,,0,,,,371,39,16047
State,ms,2013,35,2.52181,2.52181,,,0,,,,399,38,15822
State,ms,2013,36,2.28196,2.28196,,,0,,,,393,41,17222
State,ms,2013,37,2.39607,2.39607,,,0,,,,415,42,17320
State,ms,2013,38,2.15876,2.15876,,,0,,,,350,41,16213
State,ms,2013,39,2.27382,2.27382,,,0,,,,378,44,16624
State,ms,2013,40,2.57892,2.57892,,,0,,,,415,40,16092
State,ms,2013,41,2.88654,2.88654,,,0,,,,491,42,17010
State,ms,2013,42,3.59019,3.59019,,,0,,,,615,42,17130
State,ms,2013,43,4.09245,4.09245,,,0,,,,664,41,16225
State,ms,2013,44,4.3561,4.3561,,,0,,,,664,40,15243
State,ms,2013,45,4.64586,4.64586,,,0,,,,835,42,17973
State,ms,2013,46,5.02288,5.02288,,,0,,,,889,43,17699
State,ms,2013,47,5.14072,5.14072,,,0,,,,948,43,18441
State,ms,2013,48,5.77082,5.77082,,,0,,,,907,42,15717
State,ms,2013,49,6.0416,6.0416,,,0,,,,1127,43,18654
State,ms,2013,50,6.21812,6.21812,,,0,,,,1085,42,17449
State,ms,2013,51,7.28649,7.28649,,,0,,,,1203,40,16510
State,ms,2013,52,7.97735,7.97735,,,0,,,,1141,39,14303
State,ms,2014,1,7.49913,7.49913,,,0,,,,1296,42,17282
State,ms,2014,2,6.17894,6.17894,,,0,,,,1076,44,17414
State,ms,2014,3,5.18229,5.18229,,,0,,,,914,45,17637
State,ms,2014,4,4.99943,4.99943,,,0,,,,873,44,17462
State,ms,2014,5,4.83694,4.83694,,,0,,,,663,43,13707
State,ms,2014,6,4.11217,4.11217,,,0,,,,698,41,16974
State,ms,2014,7,3.7958,3.7958,,,0,,,,635,44,16729
State,ms,2014,8,3.02017,3.02017,,,0,,,,533,43,17648
State,ms,2014,9,3.02302,3.02302,,,0,,,,541,44,17896
State,ms,2014,10,3.07097,3.07097,,,0,,,,540,44,17584
State,ms,2014,11,2.18562,2.18562,,,0,,,,284,39,12994
State,ms,2014,12,2.28571,2.28571,,,0,,,,392,43,17150
State,ms,2014,13,2.10551,2.10551,,,0,,,,356,42,16908
State,ms,2014,14,2.33345,2.33345,,,0,,,,393,43,16842
State,ms,2014,15,2.0764,2.0764,,,0,,,,343,43,16519
State,ms,2014,16,2.13312,2.13312,,,0,,,,349,41,16361
State,ms,2014,17,2.1301,2.1301,,,0,,,,278,39,13051
State,ms,2014,18,1.8175,1.8175,,,0,,,,290,41,15956
State,ms,2014,19,1.8882,1.8882,,,0,,,,304,39,16100
State,ms,2014,20,1.992,1.992,,,0,,,,219,32,10994
State,ms,2014,21,2.43114,2.43114,,,0,,,,361,38,14849
State,ms,2014,22,2.09246,2.09246,,,0,,,,339,42,16201
State,ms,2014,23,1.85963,1.85963,,,0,,,,301,40,16186
State,ms,2014,24,1.93889,1.93889,,,0,,,,283,41,14596
State,ms,2014,25,1.49305,1.49305,,,0,,,,217,40,14534
State,ms,2014,26,1.64258,1.64258,,,0,,,,241,40,14672
State,ms,2014,27,1.71565,1.71565,,,0,,,,230,41,13406
State,ms,2014,28,1.34846,1.34846,,,0,,,,208,37,15425
State,ms,2014,29,1.51859,1.51859,,,0,,,,214,40,14092
State,ms,2014,30,1.42219,1.42219,,,0,,,,226,40,15891
State,ms,2014,31,1.15988,1.15988,,,0,,,,181,39,15605
State,ms,2014,32,1.2929,1.2929,,,0,,,,223,40,17248
State,ms,2014,33,1.85954,1.85954,,,0,,,,300,41,16133
State,ms,2014,34,2.14161,2.14161,,,0,,,,379,39,17697
State,ms,2014,35,2.24905,2.24905,,,0,,,,354,38,15740
State,ms,2014,36,1.9318,1.9318,,,0,,,,311,39,16099
State,ms,2014,37,2.25673,2.25673,,,0,,,,372,39,16484
State,ms,2014,38,2.31096,2.31096,,,0,,,,375,38,16227
State,ms,2014,39,2.67093,2.67093,,,0,,,,434,40,16249
State,ms,2014,40,2.26715,2.26715,,,0,,,,453,50,19981
State,ms,2014,41,2.87785,2.87785,,,0,,,,528,52,18347
State,ms,2014,42,2.48465,2.48465,,,0,,,,441,53,17749
State,ms,2014,43,2.86832,2.86832,,,0,,,,550,53,19175
State,ms,2014,44,2.45889,2.45889,,,0,,,,483,54,19643
State,ms,2014,45,3.13698,3.13698,,,0,,,,622,52,19828
State,ms,2014,46,3.15941,3.15941,,,0,,,,614,53,19434
State,ms,2014,47,4.27091,4.27091,,,0,,,,787,50,18427
State,ms,2014,48,4.94181,4.94181,,,0,,,,930,51,18819
State,ms,2014,49,5.90889,5.90889,,,0,,,,1323,53,22390
State,ms,2014,50,7.21097,7.21097,,,0,,,,1535,54,21287
State,ms,2014,51,10.328,10.328,,,0,,,,2226,53,21553
State,ms,2014,52,11.5581,11.5581,,,0,,,,2359,53,20410
State,ms,2014,53,8.09211,8.09211,,,0,,,,1641,53,20279
State,ms,2015,1,5.57493,5.57493,,,0,,,,1103,53,19785
State,ms,2015,2,5.25514,5.25514,,,0,,,,1000,47,19029
State,ms,2015,3,6.33119,6.33119,,,0,,,,1238,48,19554
State,ms,2015,4,5.59281,5.59281,,,0,,,,1126,49,20133
State,ms,2015,5,6.16195,6.16195,,,0,,,,1264,51,20513
State,ms,2015,6,5.83218,5.83218,,,0,,,,1224,49,20987
State,ms,2015,7,6.44198,6.44198,,,0,,,,1294,49,20087
State,ms,2015,8,6.32893,6.32893,,,0,,,,1293,50,20430
State,ms,2015,9,6.42088,6.42088,,,0,,,,1247,50,19421
State,ms,2015,10,5.5252,5.5252,,,0,,,,991,48,17936
State,ms,2015,11,4.21696,4.21696,,,0,,,,821,47,19469
State,ms,2015,12,3.98078,3.98078,,,0,,,,754,50,18941
State,ms,2015,13,3.24798,3.24798,,,0,,,,600,48,18473
State,ms,2015,14,3.06616,3.06616,,,0,,,,609,50,19862
State,ms,2015,15,2.50502,2.50502,,,0,,,,487,47,19441
State,ms,2015,16,2.69645,2.69645,,,0,,,,536,49,19878
State,ms,2015,17,2.46013,2.46013,,,0,,,,415,48,16869
State,ms,2015,18,2.28433,2.28433,,,0,,,,434,50,18999
State,ms,2015,19,2.36609,2.36609,,,0,,,,417,47,17624
State,ms,2015,20,1.9207,1.9207,,,0,,,,326,46,16973
State,ms,2015,21,1.90867,1.90867,,,0,,,,316,46,16556
State,ms,2015,22,1.64819,1.64819,,,0,,,,275,47,16685
State,ms,2015,23,1.46889,1.46889,,,0,,,,255,46,17360
State,ms,2015,24,1.47422,1.47422,,,0,,,,251,44,17026
State,ms,2015,25,1.62843,1.62843,,,0,,,,269,45,16519
State,ms,2015,26,1.43311,1.43311,,,0,,,,221,42,15421
State,ms,2015,27,1.43233,1.43233,,,0,,,,218,44,15220
State,ms,2015,28,1.23758,1.23758,,,0,,,,213,43,17211
State,ms,2015,29,1.3491,1.3491,,,0,,,,219,45,16233
State,ms,2015,30,1.33222,1.33222,,,0,,,,207,44,15538
State,ms,2015,31,1.13267,1.13267,,,0,,,,181,45,15980
State,ms,2015,32,1.31951,1.31951,,,0,,,,224,44,16976
State,ms,2015,33,1.60092,1.60092,,,0,,,,293,44,18302
State,ms,2015,34,1.57368,1.57368,,,0,,,,286,43,18174
State,ms,2015,35,2.53905,2.53905,,,0,,,,369,43,14533
State,ms,2015,36,1.93839,1.93839,,,0,,,,314,44,16199
State,ms,2015,37,2.11071,2.11071,,,0,,,,347,39,16440
State,ms,2015,38,2.3217,2.3217,,,0,,,,389,44,16755
State,ms,2015,39,2.19729,2.19729,,,0,,,,421,46,19160
State,ms,2015,40,2.15856,2.15856,,,0,,,,428,53,19828
State,ms,2015,41,2.57163,2.57163,,,0,,,,473,53,18393
State,ms,2015,42,2.59902,2.59902,,,0,,,,521,53,20046
State,ms,2015,43,2.55443,2.55443,,,0,,,,501,53,19613
State,ms,2015,44,2.38468,2.38468,,,0,,,,503,54,21093
State,ms,2015,45,2.73615,2.73615,,,0,,,,566,54,20686
State,ms,2015,46,3.16855,3.16855,,,0,,,,598,52,18873
State,ms,2015,47,3.37755,3.37755,,,0,,,,578,53,17113
State,ms,2015,48,3.32872,3.32872,,,0,,,,674,51,20248
State,ms,2015,49,3.09749,3.09749,,,0,,,,644,52,20791
State,ms,2015,50,3.18088,3.18088,,,0,,,,555,51,17448
State,ms,2015,51,3.73491,3.73491,,,0,,,,625,49,16734
State,ms,2015,52,3.25682,3.25682,,,0,,,,620,50,19037
State,ms,2016,1,2.65897,2.65897,,,0,,,,516,52,19406
State,ms,2016,2,2.4243,2.4243,,,0,,,,470,51,19387
State,ms,2016,3,2.8172,2.8172,,,0,,,,536,50,19026
State,ms,2016,4,3.15879,3.15879,,,0,,,,666,52,21084
State,ms,2016,5,2.87259,2.87259,,,0,,,,574,50,19982
State,ms,2016,6,3.51508,3.51508,,,0,,,,606,47,17240
State,ms,2016,7,3.54654,3.54654,,,0,,,,743,51,20950
State,ms,2016,8,4.57577,4.57577,,,0,,,,933,51,20390
State,ms,2016,9,4.8877,4.8877,,,0,,,,988,47,20214
State,ms,2016,10,5.35687,5.35687,,,0,,,,1053,50,19657
State,ms,2016,11,4.11273,4.11273,,,0,,,,772,49,18771
State,ms,2016,12,3.84615,3.84615,,,0,,,,791,52,20566
State,ms,2016,13,3.78362,3.78362,,,0,,,,633,47,16730
State,ms,2016,14,3.1701,3.1701,,,0,,,,648,51,20441
State,ms,2016,15,3.39072,3.39072,,,0,,,,648,50,19111
State,ms,2016,16,2.58117,2.58117,,,0,,,,539,50,20882
State,ms,2016,17,2.45303,2.45303,,,0,,,,521,51,21239
State,ms,2016,18,2.05388,2.05388,,,0,,,,401,50,19524
State,ms,2016,19,2.18008,2.18008,,,0,,,,415,49,19036
State,ms,2016,20,2.23964,2.23964,,,0,,,,400,46,17860
State,ms,2016,21,2.22658,2.22658,,,0,,,,386,44,17336
State,ms,2016,22,1.97856,1.97856,,,0,,,,347,47,17538
State,ms,2016,23,1.49065,1.49065,,,0,,,,271,48,18180
State,ms,2016,24,1.44634,1.44634,,,0,,,,264,48,18253
State,ms,2016,25,1.48546,1.48546,,,0,,,,263,48,17705
State,ms,2016,26,1.20597,1.20597,,,0,,,,189,48,15672
State,ms,2016,27,1.12159,1.12159,,,0,,,,201,47,17921
State,ms,2016,28,1.24944,1.24944,,,0,,,,225,49,18008
State,ms,2016,29,1.12422,1.12422,,,0,,,,203,47,18057
State,ms,2016,30,1.19877,1.19877,,,0,,,,203,45,16934
State,ms,2016,31,1.28663,1.28663,,,0,,,,216,45,16788
State,ms,2016,32,1.51692,1.51692,,,0,,,,260,47,17140
State,ms,2016,33,1.67972,1.67972,,,0,,,,298,41,17741
State,ms,2016,34,2.14676,2.14676,,,0,,,,385,43,17934
State,ms,2016,35,1.9484,1.9484,,,0,,,,290,39,14884
State,ms,2016,36,2.04315,2.04315,,,0,,,,376,46,18403
State,ms,2016,37,1.80416,1.80416,,,0,,,,283,45,15686
State,ms,2016,38,1.80599,1.80599,,,0,,,,342,44,18937
State,ms,2016,39,1.97368,1.97368,,,0,,,,360,46,18240
State,ms,2016,40,1.94482,1.94482,,,0,,,,375,49,19282
State,ms,2016,41,2.04569,2.04569,,,0,,,,394,50,19260
State,ms,2016,42,2.28732,2.28732,,,0,,,,424,49,18537
State,ms,2016,43,2.60329,2.60329,,,0,,,,511,49,19629
State,ms,2016,44,2.92228,2.92228,,,0,,,,555,50,18992
State,ms,2016,45,2.98825,2.98825,,,0,,,,575,49,19242
State,ms,2016,46,2.68891,2.68891,,,0,,,,432,49,16066
State,ms,2016,47,3.59271,3.59271,,,0,,,,603,51,16784
State,ms,2016,48,3.05013,3.05013,,,0,,,,536,45,17573
State,ms,2016,49,2.81312,2.81312,,,0,,,,440,46,15641
State,ms,2016,50,3.57419,3.57419,,,0,,,,554,44,15500
State,ms,2016,51,4.79193,4.79193,,,0,,,,722,45,15067
State,ms,2016,52,4.07867,4.07867,,,0,,,,730,45,17898
State,ms,2017,1,3.4803,3.4803,,,0,,,,622,49,17872
State,ms,2017,2,3.37425,3.37425,,,0,,,,613,48,18167
State,ms,2017,3,4.1751,4.1751,,,0,,,,763,48,18275
State,ms,2017,4,3.57162,3.57162,,,0,,,,663,49,18563
State,ms,2017,5,5.50059,5.50059,,,0,,,,1112,51,20216
State,ms,2017,6,6.42202,6.42202,,,0,,,,1365,51,21255
State,ms,2017,7,6.25095,6.25095,,,0,,,,1238,47,19805
State,ms,2017,8,6.78651,6.78651,,,0,,,,1344,49,19804
State,ms,2017,9,5.83258,5.83258,,,0,,,,1165,50,19974
State,ms,2017,10,5.41306,5.41306,,,0,,,,937,44,17310
State,ms,2017,11,4.78162,4.78162,,,0,,,,843,48,17630
State,ms,2017,12,3.72348,3.72348,,,0,,,,795,47,21351
State,ms,2017,13,3.44721,3.44721,,,0,,,,667,49,19349
State,ms,2017,14,2.87508,2.87508,,,0,,,,426,45,14817
State,ms,2017,15,3.11772,3.11772,,,0,,,,616,48,19758
State,ms,2017,16,2.76871,2.76871,,,0,,,,441,43,15928
State,ms,2017,17,2.26128,2.26128,,,0,,,,422,47,18662
State,ms,2017,18,2.07801,2.07801,,,0,,,,374,49,17998
State,ms,2017,19,2.15738,2.15738,,,0,,,,383,48,17753
State,ms,2017,20,2.33797,2.33797,,,0,,,,360,46,15398
State,ms,2017,21,2.25424,2.25424,,,0,,,,316,45,14018
State,ms,2017,22,1.78687,1.78687,,,0,,,,277,44,15502
State,ms,2017,23,1.78197,1.78197,,,0,,,,272,44,15264
State,ms,2017,24,1.80792,1.80792,,,0,,,,301,45,16649
State,ms,2017,25,1.36037,1.36037,,,0,,,,212,46,15584
State,ms,2017,26,1.37673,1.37673,,,0,,,,151,32,10968
State,ms,2017,27,1.49562,1.49562,,,0,,,,232,46,15512
State,ms,2017,28,1.15319,1.15319,,,0,,,,190,44,16476
State,ms,2017,29,1.40341,1.40341,,,0,,,,204,39,14536
State,ms,2017,30,1.04305,1.04305,,,0,,,,165,40,15819
State,ms,2017,31,1.10808,1.10808,,,0,,,,138,40,12454
State,ms,2017,32,1.44106,1.44106,,,0,,,,211,40,14642
State,ms,2017,33,1.5379,1.5379,,,0,,,,255,41,16581
State,ms,2017,34,2.91122,2.91122,,,0,,,,543,44,18652
State,ms,2017,35,3.40079,3.40079,,,0,,,,526,41,15467
State,ms,2017,36,2.18348,2.18348,,,0,,,,377,45,17266
State,ms,2017,37,1.89839,1.89839,,,0,,,,352,43,18542
State,ms,2017,38,1.96141,1.96141,,,0,,,,370,45,18864
State,ms,2017,39,2.25916,2.25916,,,0,,,,386,43,17086
State,ms,2017,40,2.42836,2.42836,,,0,,,,450,46,18531
State,ms,2017,41,2.23881,2.23881,,,0,,,,318,42,14204
State,ms,2017,42,2.14188,2.14188,,,0,,,,314,41,14660
State,ms,2017,43,2.80514,2.80514,,,0,,,,467,45,16648
State,ms,2017,44,3.16718,3.16718,,,0,,,,413,38,13040
State,ms,2017,45,4.40056,4.40056,,,0,,,,820,47,18634
State,ms,2017,46,5.2879,5.2879,,,0,,,,1080,48,20424
State,ms,2017,47,6.08589,6.08589,,,0,,,,1087,47,17861
State,ms,2017,48,5.5717,5.5717,,,0,,,,1112,47,19958
State,ms,2017,49,5.92492,5.92492,,,0,,,,917,45,15477
State,ms,2017,50,8.49014,8.49014,,,0,,,,1498,48,17644
State,ms,2017,51,12.2494,12.2494,,,0,,,,2426,46,19805
State,ms,2017,52,13.8878,13.8878,,,0,,,,2059,45,14826
State,mt,2010,40,0.0371195,0.0371195,,,0,,,,1,7,2694
State,mt,2010,41,0.180963,0.180963,,,0,,,,5,7,2763
State,mt,2010,42,0.185874,0.185874,,,0,,,,5,7,2690
State,mt,2010,43,0.0363901,0.0363901,,,0,,,,1,7,2748
State,mt,2010,44,0.0405186,0.0405186,,,0,,,,1,7,2468
State,mt,2010,45,0.243902,0.243902,,,0,,,,6,6,2460
State,mt,2010,46,0.10993,0.10993,,,0,,,,3,6,2729
State,mt,2010,47,0.537057,0.537057,,,0,,,,10,6,1862
State,mt,2010,48,0.0380518,0.0380518,,,0,,,,1,6,2628
State,mt,2010,49,0.0359454,0.0359454,,,0,,,,1,6,2782
State,mt,2010,50,0.0772798,0.0772798,,,0,,,,2,6,2588
State,mt,2010,51,0.062422,0.062422,,,0,,,,1,6,1602
State,mt,2010,52,0.234926,0.234926,,,0,,,,3,5,1277
State,mt,2011,1,0.0,0.0,,,0,,,,0,6,2164
State,mt,2011,2,0.221926,0.221926,,,0,,,,5,6,2253
State,mt,2011,3,0.251004,0.251004,,,0,,,,5,5,1992
State,mt,2011,4,0.207828,0.207828,,,0,,,,6,6,2887
State,mt,2011,5,0.836972,0.836972,,,0,,,,23,6,2748
State,mt,2011,6,0.355114,0.355114,,,0,,,,10,6,2816
State,mt,2011,7,0.701262,0.701262,,,0,,,,20,6,2852
State,mt,2011,8,1.10193,1.10193,,,0,,,,28,6,2541
State,mt,2011,9,1.11654,1.11654,,,0,,,,32,6,2866
State,mt,2011,10,0.801165,0.801165,,,0,,,,22,6,2746
State,mt,2011,11,0.815376,0.815376,,,0,,,,28,6,3434
State,mt,2011,12,0.835189,0.835189,,,0,,,,30,6,3592
State,mt,2011,13,0.4662,0.4662,,,0,,,,14,5,3003
State,mt,2011,14,0.27933,0.27933,,,0,,,,6,5,2148
State,mt,2011,15,0.235018,0.235018,,,0,,,,8,6,3404
State,mt,2011,16,0.0297885,0.0297885,,,0,,,,1,6,3357
State,mt,2011,17,0.0,0.0,,,0,,,,0,6,3262
State,mt,2011,18,0.0,0.0,,,0,,,,0,6,3191
State,mt,2011,19,0.0,0.0,,,0,,,,0,6,3023
State,mt,2011,20,0.0,0.0,,,0,,,,0,4,1696
State,mt,2011,21,0.0,0.0,,,0,,,,0,5,2497
State,mt,2011,22,0.0,0.0,,,0,,,,0,5,1779
State,mt,2011,23,0.0,0.0,,,0,,,,0,4,1220
State,mt,2011,24,0.0,0.0,,,0,,,,0,3,1472
State,mt,2011,25,0.0,0.0,,,0,,,,0,4,1198
State,mt,2011,26,0.0,0.0,,,0,,,,0,4,1692
State,mt,2011,27,0.0,0.0,,,0,,,,0,4,1470
State,mt,2011,28,0.0,0.0,,,0,,,,0,4,1649
State,mt,2011,29,0.0,0.0,,,0,,,,0,4,1158
State,mt,2011,30,0.0,0.0,,,0,,,,0,5,1406
State,mt,2011,31,0.0,0.0,,,0,,,,0,5,1241
State,mt,2011,32,0.0,0.0,,,0,,,,0,5,1330
State,mt,2011,33,0.0,0.0,,,0,,,,0,5,1392
State,mt,2011,34,0.0,0.0,,,0,,,,0,5,2168
State,mt,2011,35,0.0,0.0,,,0,,,,0,5,1991
State,mt,2011,36,0.0,0.0,,,0,,,,0,4,1517
State,mt,2011,37,0.0,0.0,,,0,,,,0,5,2049
State,mt,2011,38,0.0530223,0.0530223,,,0,,,,1,5,1886
State,mt,2011,39,0.0,0.0,,,0,,,,0,4,1668
State,mt,2011,40,0.0,0.0,,,0,,,,0,7,2331
State,mt,2011,41,0.0907853,0.0907853,,,0,,,,2,7,2203
State,mt,2011,42,0.039604,0.039604,,,0,,,,1,7,2525
State,mt,2011,43,0.15949,0.15949,,,0,,,,4,7,2508
State,mt,2011,44,0.177148,0.177148,,,0,,,,4,7,2258
State,mt,2011,45,0.0,0.0,,,0,,,,0,7,2209
State,mt,2011,46,0.120289,0.120289,,,0,,,,3,7,2494
State,mt,2011,47,0.45425,0.45425,,,0,,,,7,7,1541
State,mt,2011,48,0.294985,0.294985,,,0,,,,7,7,2373
State,mt,2011,49,0.174749,0.174749,,,0,,,,4,7,2289
State,mt,2011,50,0.129814,0.129814,,,0,,,,3,7,2311
State,mt,2011,51,0.19305,0.19305,,,0,,,,3,7,1554
State,mt,2011,52,0.165837,0.165837,,,0,,,,2,7,1206
State,mt,2012,1,0.120555,0.120555,,,0,,,,2,7,1659
State,mt,2012,2,0.201918,0.201918,,,0,,,,4,7,1981
State,mt,2012,3,0.180397,0.180397,,,0,,,,3,7,1663
State,mt,2012,4,0.171453,0.171453,,,0,,,,4,7,2333
State,mt,2012,5,0.247117,0.247117,,,0,,,,6,7,2428
State,mt,2012,6,0.27933,0.27933,,,0,,,,7,7,2506
State,mt,2012,7,0.211238,0.211238,,,0,,,,5,7,2367
State,mt,2012,8,0.741084,0.741084,,,0,,,,16,7,2159
State,mt,2012,9,0.46875,0.46875,,,0,,,,12,7,2560
State,mt,2012,10,0.845899,0.845899,,,0,,,,23,7,2719
State,mt,2012,11,1.17335,1.17335,,,0,,,,31,7,2642
State,mt,2012,12,0.744806,0.744806,,,0,,,,19,7,2551
State,mt,2012,13,0.15674,0.15674,,,0,,,,4,7,2552
State,mt,2012,14,0.185759,0.185759,,,0,,,,3,7,1615
State,mt,2012,15,0.394737,0.394737,,,0,,,,9,6,2280
State,mt,2012,16,0.0821693,0.0821693,,,0,,,,2,6,2434
State,mt,2012,17,0.401768,0.401768,,,0,,,,10,7,2489
State,mt,2012,18,0.0,0.0,,,0,,,,0,6,2542
State,mt,2012,19,0.119522,0.119522,,,0,,,,3,7,2510
State,mt,2012,20,0.0,0.0,,,0,,,,0,7,1754
State,mt,2012,21,0.0,0.0,,,0,,,,0,6,1974
State,mt,2012,22,0.0,0.0,,,0,,,,0,6,1042
State,mt,2012,23,0.0,0.0,,,0,,,,0,5,1182
State,mt,2012,24,0.0,0.0,,,0,,,,0,6,1286
State,mt,2012,25,0.0,0.0,,,0,,,,0,5,1227
State,mt,2012,26,0.0,0.0,,,0,,,,0,6,1215
State,mt,2012,27,0.0,0.0,,,0,,,,0,4,929
State,mt,2012,28,0.0,0.0,,,0,,,,0,5,1301
State,mt,2012,29,0.0,0.0,,,0,,,,0,5,1280
State,mt,2012,30,0.0,0.0,,,0,,,,0,5,1377
State,mt,2012,31,0.0,0.0,,,0,,,,0,5,1254
State,mt,2012,32,0.0,0.0,,,0,,,,0,5,1184
State,mt,2012,33,0.0,0.0,,,0,,,,0,5,1269
State,mt,2012,34,0.0,0.0,,,0,,,,0,4,1547
State,mt,2012,35,0.0,0.0,,,0,,,,0,5,1917
State,mt,2012,36,0.0,0.0,,,0,,,,0,5,1691
State,mt,2012,37,0.0,0.0,,,0,,,,0,5,1983
State,mt,2012,38,0.0,0.0,,,0,,,,0,5,1919
State,mt,2012,39,0.0,0.0,,,0,,,,0,4,1875
State,mt,2012,40,0.170474,0.170474,,,0,,,,5,10,2933
State,mt,2012,41,0.148976,0.148976,,,0,,,,4,10,2685
State,mt,2012,42,0.17325,0.17325,,,0,,,,5,10,2886
State,mt,2012,43,0.0769231,0.0769231,,,0,,,,2,8,2600
State,mt,2012,44,0.188182,0.188182,,,0,,,,5,9,2657
State,mt,2012,45,0.120822,0.120822,,,0,,,,3,9,2483
State,mt,2012,46,0.15829,0.15829,,,0,,,,4,9,2527
State,mt,2012,47,0.426743,0.426743,,,0,,,,9,9,2109
State,mt,2012,48,0.101317,0.101317,,,0,,,,3,9,2961
State,mt,2012,49,0.186986,0.186986,,,0,,,,5,8,2674
State,mt,2012,50,0.18315,0.18315,,,0,,,,5,7,2730
State,mt,2012,51,1.22505,1.22505,,,0,,,,27,7,2204
State,mt,2012,52,0.631136,0.631136,,,0,,,,9,8,1426
State,mt,2013,1,1.06045,1.06045,,,0,,,,20,8,1886
State,mt,2013,2,1.05949,1.05949,,,0,,,,26,8,2454
State,mt,2013,3,1.3905,1.3905,,,0,,,,36,9,2589
State,mt,2013,4,1.22777,1.22777,,,0,,,,29,9,2362
State,mt,2013,5,1.32319,1.32319,,,0,,,,40,9,3023
State,mt,2013,6,0.956938,0.956938,,,0,,,,26,7,2717
State,mt,2013,7,0.2886,0.2886,,,0,,,,8,8,2772
State,mt,2013,8,1.03766,1.03766,,,0,,,,27,8,2602
State,mt,2013,9,0.837277,0.837277,,,0,,,,23,7,2747
State,mt,2013,10,0.778066,0.778066,,,0,,,,21,7,2699
State,mt,2013,11,1.38462,1.38462,,,0,,,,36,7,2600
State,mt,2013,12,0.389656,0.389656,,,0,,,,11,8,2823
State,mt,2013,13,0.580998,0.580998,,,0,,,,17,9,2926
State,mt,2013,14,0.155925,0.155925,,,0,,,,3,7,1924
State,mt,2013,15,0.21606,0.21606,,,0,,,,6,8,2777
State,mt,2013,16,0.0362056,0.0362056,,,0,,,,1,8,2762
State,mt,2013,17,0.177054,0.177054,,,0,,,,5,8,2824
State,mt,2013,18,0.0,0.0,,,0,,,,0,7,2525
State,mt,2013,19,0.0,0.0,,,0,,,,0,6,2547
State,mt,2013,20,0.0412541,0.0412541,,,0,,,,1,6,2424
State,mt,2013,21,0.110011,0.110011,,,0,,,,2,6,1818
State,mt,2013,22,0.0,0.0,,,0,,,,0,6,1586
State,mt,2013,23,0.245218,0.245218,,,0,,,,5,6,2039
State,mt,2013,24,0.0791139,0.0791139,,,0,,,,1,5,1264
State,mt,2013,25,0.226929,0.226929,,,0,,,,3,5,1322
State,mt,2013,26,0.0784314,0.0784314,,,0,,,,1,5,1275
State,mt,2013,27,0.0,0.0,,,0,,,,0,5,991
State,mt,2013,28,0.0,0.0,,,0,,,,0,5,1347
State,mt,2013,29,0.0,0.0,,,0,,,,0,4,560
State,mt,2013,30,0.0729395,0.0729395,,,0,,,,1,5,1371
State,mt,2013,31,0.0,0.0,,,0,,,,0,6,1636
State,mt,2013,32,0.0,0.0,,,0,,,,0,5,1335
State,mt,2013,33,0.0,0.0,,,0,,,,0,4,628
State,mt,2013,34,0.0,0.0,,,0,,,,0,4,1542
State,mt,2013,35,0.0,0.0,,,0,,,,0,4,1717
State,mt,2013,36,0.0,0.0,,,0,,,,0,4,1424
State,mt,2013,37,0.0,0.0,,,0,,,,0,4,1741
State,mt,2013,38,0.0581734,0.0581734,,,0,,,,1,4,1719
State,mt,2013,39,0.0,0.0,,,0,,,,0,4,1576
State,mt,2013,40,0.0852152,0.0852152,,,0,,,,2,8,2347
State,mt,2013,41,0.113766,0.113766,,,0,,,,3,8,2637
State,mt,2013,42,0.0796495,0.0796495,,,0,,,,2,8,2511
State,mt,2013,43,0.0,0.0,,,0,,,,0,8,2500
State,mt,2013,44,0.0776096,0.0776096,,,0,,,,2,7,2577
State,mt,2013,45,0.0376932,0.0376932,,,0,,,,1,8,2653
State,mt,2013,46,0.295334,0.295334,,,0,,,,5,7,1693
State,mt,2013,47,0.22409,0.22409,,,0,,,,4,7,1785
State,mt,2013,48,0.169683,0.169683,,,0,,,,3,8,1768
State,mt,2013,49,0.473244,0.473244,,,0,,,,13,8,2747
State,mt,2013,50,0.452117,0.452117,,,0,,,,11,8,2433
State,mt,2013,51,0.834028,0.834028,,,0,,,,10,6,1199
State,mt,2013,52,4.81586,4.81586,,,0,,,,34,6,706
State,mt,2014,1,2.97143,2.97143,,,0,,,,52,7,1750
State,mt,2014,2,1.69348,1.69348,,,0,,,,40,7,2362
State,mt,2014,3,1.01585,1.01585,,,0,,,,25,8,2461
State,mt,2014,4,0.635497,0.635497,,,0,,,,14,8,2203
State,mt,2014,5,0.145613,0.145613,,,0,,,,4,9,2747
State,mt,2014,6,0.518327,0.518327,,,0,,,,14,9,2701
State,mt,2014,7,0.143885,0.143885,,,0,,,,4,9,2780
State,mt,2014,8,0.331538,0.331538,,,0,,,,8,9,2413
State,mt,2014,9,0.15625,0.15625,,,0,,,,4,9,2560
State,mt,2014,10,0.403522,0.403522,,,0,,,,11,8,2726
State,mt,2014,11,0.0,0.0,,,0,,,,0,9,2931
State,mt,2014,12,0.103663,0.103663,,,0,,,,3,9,2894
State,mt,2014,13,0.0347343,0.0347343,,,0,,,,1,9,2879
State,mt,2014,14,0.290135,0.290135,,,0,,,,6,9,2068
State,mt,2014,15,0.0336927,0.0336927,,,0,,,,1,9,2968
State,mt,2014,16,0.0344828,0.0344828,,,0,,,,1,9,2900
State,mt,2014,17,0.0700035,0.0700035,,,0,,,,2,9,2857
State,mt,2014,18,0.0344116,0.0344116,,,0,,,,1,9,2906
State,mt,2014,19,0.0691324,0.0691324,,,0,,,,2,9,2893
State,mt,2014,20,0.0,0.0,,,0,,,,0,8,2649
State,mt,2014,21,0.0754148,0.0754148,,,0,,,,1,7,1326
State,mt,2014,22,0.0,0.0,,,0,,,,0,8,1690
State,mt,2014,23,0.224972,0.224972,,,0,,,,2,7,889
State,mt,2014,24,0.0597015,0.0597015,,,0,,,,1,8,1675
State,mt,2014,25,0.0672948,0.0672948,,,0,,,,1,8,1486
State,mt,2014,26,0.0625782,0.0625782,,,0,,,,1,8,1598
State,mt,2014,27,0.0,0.0,,,0,,,,0,8,1464
State,mt,2014,28,0.0,0.0,,,0,,,,0,8,1722
State,mt,2014,29,0.0,0.0,,,0,,,,0,7,705
State,mt,2014,30,0.0,0.0,,,0,,,,0,6,1325
State,mt,2014,31,0.0,0.0,,,0,,,,0,7,1564
State,mt,2014,32,0.0,0.0,,,0,,,,0,7,1448
State,mt,2014,33,0.0,0.0,,,0,,,,0,7,1499
State,mt,2014,34,0.0,0.0,,,0,,,,0,7,1875
State,mt,2014,35,0.0,0.0,,,0,,,,0,7,2005
State,mt,2014,36,0.0,0.0,,,0,,,,0,7,1952
State,mt,2014,37,0.0,0.0,,,0,,,,0,7,2202
State,mt,2014,38,0.0,0.0,,,0,,,,0,7,2148
State,mt,2014,39,0.0882613,0.0882613,,,0,,,,2,7,2266
State,mt,2014,40,0.096401,0.096401,,,0,,,,3,12,3112
State,mt,2014,41,0.0,0.0,,,0,,,,0,11,3426
State,mt,2014,42,0.0597907,0.0597907,,,0,,,,2,11,3345
State,mt,2014,43,0.126984,0.126984,,,0,,,,4,12,3150
State,mt,2014,44,0.118941,0.118941,,,0,,,,4,12,3363
State,mt,2014,45,0.188088,0.188088,,,0,,,,6,11,3190
State,mt,2014,46,0.138696,0.138696,,,0,,,,4,11,2884
State,mt,2014,47,0.126823,0.126823,,,0,,,,4,10,3154
State,mt,2014,48,0.129422,0.129422,,,0,,,,3,11,2318
State,mt,2014,49,0.0272926,0.0272926,,,0,,,,1,11,3664
State,mt,2014,50,0.569544,0.569544,,,0,,,,19,10,3336
State,mt,2014,51,0.542373,0.542373,,,0,,,,16,11,2950
State,mt,2014,52,1.47992,1.47992,,,0,,,,28,11,1892
State,mt,2014,53,0.98668,0.98668,,,0,,,,20,11,2027
State,mt,2015,1,1.40569,1.40569,,,0,,,,43,11,3059
State,mt,2015,2,1.73021,1.73021,,,0,,,,59,11,3410
State,mt,2015,3,1.84049,1.84049,,,0,,,,57,11,3097
State,mt,2015,4,2.0467,2.0467,,,0,,,,71,10,3469
State,mt,2015,5,1.28351,1.28351,,,0,,,,45,10,3506
State,mt,2015,6,0.606936,0.606936,,,0,,,,21,10,3460
State,mt,2015,7,0.376648,0.376648,,,0,,,,12,10,3186
State,mt,2015,8,0.59812,0.59812,,,0,,,,21,10,3511
State,mt,2015,9,0.4,0.4,,,0,,,,14,10,3500
State,mt,2015,10,0.71708,0.71708,,,0,,,,22,9,3068
State,mt,2015,11,0.795229,0.795229,,,0,,,,24,9,3018
State,mt,2015,12,0.735059,0.735059,,,0,,,,23,9,3129
State,mt,2015,13,0.177857,0.177857,,,0,,,,4,9,2249
State,mt,2015,14,0.166168,0.166168,,,0,,,,5,9,3009
State,mt,2015,15,0.166389,0.166389,,,0,,,,5,9,3005
State,mt,2015,16,0.200602,0.200602,,,0,,,,6,9,2991
State,mt,2015,17,0.269088,0.269088,,,0,,,,8,9,2973
State,mt,2015,18,0.0699301,0.0699301,,,0,,,,2,9,2860
State,mt,2015,19,0.0,0.0,,,0,,,,0,8,3115
State,mt,2015,20,0.0,0.0,,,0,,,,0,8,2273
State,mt,2015,21,0.143472,0.143472,,,0,,,,3,8,2091
State,mt,2015,22,0.0,0.0,,,0,,,,0,7,2027
State,mt,2015,23,0.0,0.0,,,0,,,,0,4,537
State,mt,2015,24,0.0600962,0.0600962,,,0,,,,1,5,1664
State,mt,2015,25,0.0,0.0,,,0,,,,0,5,1629
State,mt,2015,26,0.0,0.0,,,0,,,,0,5,1309
State,mt,2015,27,0.109951,0.109951,,,0,,,,2,5,1819
State,mt,2015,28,0.0,0.0,,,0,,,,0,5,1747
State,mt,2015,29,0.0550055,0.0550055,,,0,,,,1,5,1818
State,mt,2015,30,0.157563,0.157563,,,0,,,,3,5,1904
State,mt,2015,31,0.212766,0.212766,,,0,,,,4,5,1880
State,mt,2015,32,0.0,0.0,,,0,,,,0,5,1768
State,mt,2015,33,0.0,0.0,,,0,,,,0,4,1372
State,mt,2015,34,0.0,0.0,,,0,,,,0,5,2019
State,mt,2015,35,0.0,0.0,,,0,,,,0,5,2245
State,mt,2015,36,0.0494315,0.0494315,,,0,,,,1,5,2023
State,mt,2015,37,0.140302,0.140302,,,0,,,,4,7,2851
State,mt,2015,38,0.130548,0.130548,,,0,,,,3,5,2298
State,mt,2015,39,0.0581734,0.0581734,,,0,,,,1,5,1719
State,mt,2015,40,0.129618,0.129618,,,0,,,,4,8,3086
State,mt,2015,41,0.110092,0.110092,,,0,,,,3,8,2725
State,mt,2015,42,0.286328,0.286328,,,0,,,,8,7,2794
State,mt,2015,43,0.059453,0.059453,,,0,,,,2,8,3364
State,mt,2015,44,0.193299,0.193299,,,0,,,,6,8,3104
State,mt,2015,45,0.23488,0.23488,,,0,,,,8,9,3406
State,mt,2015,46,0.0518135,0.0518135,,,0,,,,2,9,3860
State,mt,2015,47,0.195084,0.195084,,,0,,,,5,9,2563
State,mt,2015,48,0.13031,0.13031,,,0,,,,5,10,3837
State,mt,2015,49,0.1321,0.1321,,,0,,,,5,9,3785
State,mt,2015,50,0.140895,0.140895,,,0,,,,4,8,2839
State,mt,2015,51,0.239693,0.239693,,,0,,,,5,9,2086
State,mt,2015,52,0.27946,0.27946,,,0,,,,6,9,2147
State,mt,2016,1,0.123495,0.123495,,,0,,,,4,8,3239
State,mt,2016,2,0.0592944,0.0592944,,,0,,,,2,8,3373
State,mt,2016,3,0.129534,0.129534,,,0,,,,4,10,3088
State,mt,2016,4,0.246548,0.246548,,,0,,,,10,10,4056
State,mt,2016,5,0.224027,0.224027,,,0,,,,8,9,3571
State,mt,2016,6,0.336962,0.336962,,,0,,,,13,10,3858
State,mt,2016,7,0.349548,0.349548,,,0,,,,12,10,3433
State,mt,2016,8,0.247321,0.247321,,,0,,,,9,9,3639
State,mt,2016,9,0.60347,0.60347,,,0,,,,24,10,3977
State,mt,2016,10,0.35229,0.35229,,,0,,,,14,10,3974
State,mt,2016,11,1.23457,1.23457,,,0,,,,48,10,3888
State,mt,2016,12,0.43494,0.43494,,,0,,,,12,8,2759
State,mt,2016,13,0.31091,0.31091,,,0,,,,11,9,3538
State,mt,2016,14,0.514756,0.514756,,,0,,,,15,9,2914
State,mt,2016,15,0.237844,0.237844,,,0,,,,9,9,3784
State,mt,2016,16,0.424516,0.424516,,,0,,,,16,10,3769
State,mt,2016,17,0.528541,0.528541,,,0,,,,20,9,3784
State,mt,2016,18,0.511836,0.511836,,,0,,,,16,8,3126
State,mt,2016,19,0.10803,0.10803,,,0,,,,3,7,2777
State,mt,2016,20,0.0,0.0,,,0,,,,0,6,1627
State,mt,2016,21,0.0,0.0,,,0,,,,0,6,1787
State,mt,2016,22,0.0,0.0,,,0,,,,0,6,1348
State,mt,2016,23,0.0,0.0,,,0,,,,0,4,1604
State,mt,2016,24,0.0,0.0,,,0,,,,0,4,1465
State,mt,2016,25,0.0,0.0,,,0,,,,0,4,1488
State,mt,2016,26,0.0696864,0.0696864,,,0,,,,1,3,1435
State,mt,2016,27,0.0,0.0,,,0,,,,0,3,1091
State,mt,2016,28,0.0,0.0,,,0,,,,0,3,1360
State,mt,2016,29,0.0,0.0,,,0,,,,0,3,1446
State,mt,2016,30,0.0,0.0,,,0,,,,0,3,1448
State,mt,2016,31,0.0,0.0,,,0,,,,0,3,1258
State,mt,2016,32,0.0,0.0,,,0,,,,0,3,1419
State,mt,2016,33,0.0,0.0,,,0,,,,0,3,1246
State,mt,2016,34,0.0657462,0.0657462,,,0,,,,1,3,1521
State,mt,2016,35,0.0,0.0,,,0,,,,0,2,617
State,mt,2016,36,0.0679348,0.0679348,,,0,,,,1,3,1472
State,mt,2016,37,0.0,0.0,,,0,,,,0,3,1692
State,mt,2016,38,0.0,0.0,,,0,,,,0,3,1792
State,mt,2016,39,0.0,0.0,,,0,,,,0,3,1807
State,mt,2016,40,0.0,0.0,,,0,,,,0,7,3190
State,mt,2016,41,0.255428,0.255428,,,0,,,,8,8,3132
State,mt,2016,42,0.20552,0.20552,,,0,,,,7,9,3406
State,mt,2016,43,0.142005,0.142005,,,0,,,,5,9,3521
State,mt,2016,44,0.112867,0.112867,,,0,,,,4,9,3544
State,mt,2016,45,0.215285,0.215285,,,0,,,,6,9,2787
State,mt,2016,46,0.145858,0.145858,,,0,,,,5,8,3428
State,mt,2016,47,0.15273,0.15273,,,0,,,,4,9,2619
State,mt,2016,48,0.0269251,0.0269251,,,0,,,,1,9,3714
State,mt,2016,49,0.12987,0.12987,,,0,,,,4,8,3080
State,mt,2016,50,0.196271,0.196271,,,0,,,,6,8,3057
State,mt,2016,51,0.565171,0.565171,,,0,,,,16,9,2831
State,mt,2016,52,0.229489,0.229489,,,0,,,,4,7,1743
State,mt,2017,1,0.234926,0.234926,,,0,,,,6,9,2554
State,mt,2017,2,0.393106,0.393106,,,0,,,,13,9,3307
State,mt,2017,3,0.48226,0.48226,,,0,,,,14,9,2903
State,mt,2017,4,0.313917,0.313917,,,0,,,,9,8,2867
State,mt,2017,5,0.504484,0.504484,,,0,,,,18,9,3568
State,mt,2017,6,0.542083,0.542083,,,0,,,,19,9,3505
State,mt,2017,7,0.117268,0.117268,,,0,,,,4,8,3411
State,mt,2017,8,0.244275,0.244275,,,0,,,,8,9,3275
State,mt,2017,9,0.152672,0.152672,,,0,,,,5,8,3275
State,mt,2017,10,0.204499,0.204499,,,0,,,,7,9,3423
State,mt,2017,11,0.252101,0.252101,,,0,,,,9,9,3570
State,mt,2017,12,0.0403877,0.0403877,,,0,,,,1,8,2476
State,mt,2017,13,0.228768,0.228768,,,0,,,,8,9,3497
State,mt,2017,14,0.163621,0.163621,,,0,,,,6,9,3667
State,mt,2017,15,0.0575043,0.0575043,,,0,,,,2,8,3478
State,mt,2017,16,0.111888,0.111888,,,0,,,,4,9,3575
State,mt,2017,17,0.0484027,0.0484027,,,0,,,,1,7,2066
State,mt,2017,18,0.0,0.0,,,0,,,,0,9,3641
State,mt,2017,19,0.0,0.0,,,0,,,,0,8,3042
State,mt,2017,20,0.0,0.0,,,0,,,,0,7,2702
State,mt,2017,21,0.0,0.0,,,0,,,,0,7,1444
State,mt,2017,22,0.0,0.0,,,0,,,,0,7,2226
State,mt,2017,23,0.0,0.0,,,0,,,,0,5,2191
State,mt,2017,24,0.0,0.0,,,0,,,,0,5,2135
State,mt,2017,25,0.0,0.0,,,0,,,,0,5,2040
State,mt,2017,26,0.0,0.0,,,0,,,,0,5,2082
State,mt,2017,27,0.0,0.0,,,0,,,,0,5,1631
State,mt,2017,28,0.0,0.0,,,0,,,,0,4,883
State,mt,2017,29,0.0,0.0,,,0,,,,0,4,2066
State,mt,2017,30,0.0,0.0,,,0,,,,0,5,2229
State,mt,2017,31,0.0,0.0,,,0,,,,0,4,2010
State,mt,2017,32,0.0,0.0,,,0,,,,0,4,2147
State,mt,2017,33,0.0,0.0,,,0,,,,0,4,1994
State,mt,2017,34,0.0,0.0,,,0,,,,0,4,2164
State,mt,2017,35,0.0,0.0,,,0,,,,0,4,2529
State,mt,2017,36,0.0,0.0,,,0,,,,0,4,2085
State,mt,2017,37,0.0,0.0,,,0,,,,0,3,2227
State,mt,2017,38,0.0,0.0,,,0,,,,0,5,2588
State,mt,2017,39,0.0,0.0,,,0,,,,0,3,1839
State,mt,2017,40,0.165792,0.165792,,,0,,,,6,7,3619
State,mt,2017,41,0.0620732,0.0620732,,,0,,,,2,8,3222
State,mt,2017,42,0.0586166,0.0586166,,,0,,,,2,8,3412
State,mt,2017,43,0.0565451,0.0565451,,,0,,,,2,8,3537
State,mt,2017,44,0.194121,0.194121,,,0,,,,7,8,3606
State,mt,2017,45,0.128164,0.128164,,,0,,,,4,8,3121
State,mt,2017,46,0.108196,0.108196,,,0,,,,4,7,3697
State,mt,2017,47,0.231481,0.231481,,,0,,,,6,8,2592
State,mt,2017,48,0.0948767,0.0948767,,,0,,,,3,7,3162
State,mt,2017,49,0.105988,0.105988,,,0,,,,4,8,3774
State,mt,2017,50,0.0831716,0.0831716,,,0,,,,3,8,3607
State,mt,2017,51,0.0637146,0.0637146,,,0,,,,2,8,3139
State,mt,2017,52,0.176991,0.176991,,,0,,,,3,8,1695
State,nc,2010,40,0.53143,0.53143,,,0,,,,134,74,25215
State,nc,2010,41,0.53653,0.53653,,,0,,,,141,77,26280
State,nc,2010,42,0.457107,0.457107,,,0,,,,116,71,25377
State,nc,2010,43,0.511163,0.511163,,,0,,,,136,74,26606
State,nc,2010,44,0.649925,0.649925,,,0,,,,169,70,26003
State,nc,2010,45,0.476862,0.476862,,,0,,,,115,72,24116
State,nc,2010,46,0.484569,0.484569,,,0,,,,122,75,25177
State,nc,2010,47,0.63197,0.63197,,,0,,,,102,77,16140
State,nc,2010,48,0.657793,0.657793,,,0,,,,170,77,25844
State,nc,2010,49,0.613611,0.613611,,,0,,,,132,75,21512
State,nc,2010,50,0.628731,0.628731,,,0,,,,119,74,18927
State,nc,2010,51,0.944729,0.944729,,,0,,,,107,68,11326
State,nc,2010,52,1.58986,1.58986,,,0,,,,158,73,9938
State,nc,2011,1,1.5266,1.5266,,,0,,,,289,73,18931
State,nc,2011,2,2.53445,2.53445,,,0,,,,469,77,18505
State,nc,2011,3,3.98145,3.98145,,,0,,,,910,77,22856
State,nc,2011,4,4.89549,4.89549,,,0,,,,1260,76,25738
State,nc,2011,5,5.62213,5.62213,,,0,,,,1370,72,24368
State,nc,2011,6,6.0716,6.0716,,,0,,,,1406,71,23157
State,nc,2011,7,5.03414,5.03414,,,0,,,,1305,72,25923
State,nc,2011,8,3.73912,3.73912,,,0,,,,962,74,25728
State,nc,2011,9,2.25827,2.25827,,,0,,,,522,69,23115
State,nc,2011,10,2.32629,2.32629,,,0,,,,381,61,16378
State,nc,2011,11,1.47839,1.47839,,,0,,,,298,63,20157
State,nc,2011,12,1.0581,1.0581,,,0,,,,226,63,21359
State,nc,2011,13,0.838605,0.838605,,,0,,,,175,59,20868
State,nc,2011,14,0.536536,0.536536,,,0,,,,105,56,19570
State,nc,2011,15,0.586047,0.586047,,,0,,,,115,58,19623
State,nc,2011,16,0.370714,0.370714,,,0,,,,60,54,16185
State,nc,2011,17,0.275451,0.275451,,,0,,,,49,55,17789
State,nc,2011,18,0.320739,0.320739,,,0,,,,50,55,15589
State,nc,2011,19,0.405581,0.405581,,,0,,,,50,50,12328
State,nc,2011,20,0.313559,0.313559,,,0,,,,37,44,11800
State,nc,2011,21,0.622249,0.622249,,,0,,,,41,27,6589
State,nc,2011,22,0.607571,0.607571,,,0,,,,39,27,6419
State,nc,2011,23,0.533668,0.533668,,,0,,,,34,26,6371
State,nc,2011,24,0.605469,0.605469,,,0,,,,31,22,5120
State,nc,2011,25,0.637996,0.637996,,,0,,,,27,21,4232
State,nc,2011,26,0.654332,0.654332,,,0,,,,29,22,4432
State,nc,2011,27,0.677613,0.677613,,,0,,,,26,21,3837
State,nc,2011,28,0.422692,0.422692,,,0,,,,19,21,4495
State,nc,2011,29,0.317383,0.317383,,,0,,,,13,19,4096
State,nc,2011,30,0.37921,0.37921,,,0,,,,17,19,4483
State,nc,2011,31,0.262342,0.262342,,,0,,,,11,19,4193
State,nc,2011,32,0.275344,0.275344,,,0,,,,11,18,3995
State,nc,2011,33,0.531915,0.531915,,,0,,,,23,20,4324
State,nc,2011,34,0.293794,0.293794,,,0,,,,16,19,5446
State,nc,2011,35,0.43691,0.43691,,,0,,,,25,21,5722
State,nc,2011,36,0.389788,0.389788,,,0,,,,20,22,5131
State,nc,2011,37,0.562852,0.562852,,,0,,,,36,22,6396
State,nc,2011,38,0.52098,0.52098,,,0,,,,37,23,7102
State,nc,2011,39,0.858681,0.858681,,,0,,,,59,22,6871
State,nc,2011,40,0.350666,0.350666,,,0,,,,64,52,18251
State,nc,2011,41,0.583957,0.583957,,,0,,,,110,56,18837
State,nc,2011,42,0.793962,0.793962,,,0,,,,162,63,20404
State,nc,2011,43,0.740942,0.740942,,,0,,,,164,65,22134
State,nc,2011,44,0.797813,0.797813,,,0,,,,178,68,22311
State,nc,2011,45,0.910326,0.910326,,,0,,,,201,69,22080
State,nc,2011,46,0.864231,0.864231,,,0,,,,193,67,22332
State,nc,2011,47,0.78578,0.78578,,,0,,,,103,65,13108
State,nc,2011,48,0.795694,0.795694,,,0,,,,170,70,21365
State,nc,2011,49,0.750728,0.750728,,,0,,,,147,66,19581
State,nc,2011,50,0.883308,0.883308,,,0,,,,166,68,18793
State,nc,2011,51,1.13978,1.13978,,,0,,,,129,59,11318
State,nc,2011,52,1.52118,1.52118,,,0,,,,149,63,9795
State,nc,2012,1,0.920014,0.920014,,,0,,,,134,67,14565
State,nc,2012,2,0.889533,0.889533,,,0,,,,184,67,20685
State,nc,2012,3,1.01225,1.01225,,,0,,,,195,69,19264
State,nc,2012,4,1.0445,1.0445,,,0,,,,215,66,20584
State,nc,2012,5,1.05287,1.05287,,,0,,,,235,70,22320
State,nc,2012,6,1.29012,1.29012,,,0,,,,293,69,22711
State,nc,2012,7,1.32649,1.32649,,,0,,,,292,68,22013
State,nc,2012,8,1.70918,1.70918,,,0,,,,390,69,22818
State,nc,2012,9,1.52123,1.52123,,,0,,,,345,68,22679
State,nc,2012,10,1.63674,1.63674,,,0,,,,299,68,18268
State,nc,2012,11,0.902817,0.902817,,,0,,,,174,63,19273
State,nc,2012,12,1.29097,1.29097,,,0,,,,271,64,20992
State,nc,2012,13,0.883198,0.883198,,,0,,,,169,59,19135
State,nc,2012,14,1.10951,1.10951,,,0,,,,200,61,18026
State,nc,2012,15,0.90855,0.90855,,,0,,,,168,60,18491
State,nc,2012,16,0.793651,0.793651,,,0,,,,154,55,19404
State,nc,2012,17,0.746526,0.746526,,,0,,,,130,54,17414
State,nc,2012,18,0.622895,0.622895,,,0,,,,98,50,15733
State,nc,2012,19,0.56752,0.56752,,,0,,,,78,48,13744
State,nc,2012,20,0.508067,0.508067,,,0,,,,57,45,11219
State,nc,2012,21,0.213955,0.213955,,,0,,,,18,35,8413
State,nc,2012,22,1.01537,1.01537,,,0,,,,72,35,7091
State,nc,2012,23,0.828189,0.828189,,,0,,,,55,29,6641
State,nc,2012,24,0.744096,0.744096,,,0,,,,46,27,6182
State,nc,2012,25,0.715033,0.715033,,,0,,,,41,26,5734
State,nc,2012,26,0.705764,0.705764,,,0,,,,42,27,5951
State,nc,2012,27,0.891886,0.891886,,,0,,,,41,25,4597
State,nc,2012,28,0.849009,0.849009,,,0,,,,51,26,6007
State,nc,2012,29,0.761937,0.761937,,,0,,,,45,25,5906
State,nc,2012,30,0.91687,0.91687,,,0,,,,45,25,4908
State,nc,2012,31,0.0652884,0.0652884,,,0,,,,3,21,4595
State,nc,2012,32,0.719548,0.719548,,,0,,,,42,25,5837
State,nc,2012,33,0.689545,0.689545,,,0,,,,43,27,6236
State,nc,2012,34,0.600223,0.600223,,,0,,,,43,26,7164
State,nc,2012,35,0.832662,0.832662,,,0,,,,62,25,7446
State,nc,2012,36,0.710157,0.710157,,,0,,,,43,24,6055
State,nc,2012,37,0.895777,0.895777,,,0,,,,63,24,7033
State,nc,2012,38,0.939926,0.939926,,,0,,,,69,24,7341
State,nc,2012,39,1.00538,1.00538,,,0,,,,71,24,7062
State,nc,2012,40,0.733066,0.733066,,,0,,,,150,62,20462
State,nc,2012,41,0.615732,0.615732,,,0,,,,120,61,19489
State,nc,2012,42,0.743172,0.743172,,,0,,,,154,63,20722
State,nc,2012,43,0.828717,0.828717,,,0,,,,181,65,21841
State,nc,2012,44,1.08348,1.08348,,,0,,,,210,62,19382
State,nc,2012,45,1.48342,1.48342,,,0,,,,318,64,21437
State,nc,2012,46,1.48495,1.48495,,,0,,,,295,64,19866
State,nc,2012,47,1.79899,1.79899,,,0,,,,242,64,13452
State,nc,2012,48,2.1853,2.1853,,,0,,,,459,61,21004
State,nc,2012,49,5.13223,5.13223,,,0,,,,1242,68,24200
State,nc,2012,50,6.34693,6.34693,,,0,,,,1285,65,20246
State,nc,2012,51,4.92009,4.92009,,,0,,,,745,62,15142
State,nc,2012,52,8.8115,8.8115,,,0,,,,797,62,9045
State,nc,2013,1,5.01979,5.01979,,,0,,,,761,67,15160
State,nc,2013,2,3.61605,3.61605,,,0,,,,767,65,21211
State,nc,2013,3,3.17627,3.17627,,,0,,,,695,66,21881
State,nc,2013,4,2.46907,2.46907,,,0,,,,475,67,19238
State,nc,2013,5,2.05758,2.05758,,,0,,,,451,63,21919
State,nc,2013,6,1.4279,1.4279,,,0,,,,303,62,21220
State,nc,2013,7,1.19998,1.19998,,,0,,,,254,64,21167
State,nc,2013,8,1.29133,1.29133,,,0,,,,280,63,21683
State,nc,2013,9,1.25905,1.25905,,,0,,,,233,54,18506
State,nc,2013,10,1.3441,1.3441,,,0,,,,238,57,17707
State,nc,2013,11,1.53947,1.53947,,,0,,,,236,55,15330
State,nc,2013,12,0.86483,0.86483,,,0,,,,162,57,18732
State,nc,2013,13,1.41025,1.41025,,,0,,,,243,56,17231
State,nc,2013,14,1.14971,1.14971,,,0,,,,188,55,16352
State,nc,2013,15,0.94323,0.94323,,,0,,,,161,50,17069
State,nc,2013,16,0.870942,0.870942,,,0,,,,143,49,16419
State,nc,2013,17,0.616857,0.616857,,,0,,,,98,47,15887
State,nc,2013,18,0.254987,0.254987,,,0,,,,34,43,13334
State,nc,2013,19,0.217481,0.217481,,,0,,,,21,35,9656
State,nc,2013,20,0.876339,0.876339,,,0,,,,81,35,9243
State,nc,2013,21,0.903974,0.903974,,,0,,,,53,25,5863
State,nc,2013,22,0.107735,0.107735,,,0,,,,5,24,4641
State,nc,2013,23,0.0676361,0.0676361,,,0,,,,2,17,2957
State,nc,2013,24,0.0,0.0,,,0,,,,0,17,2957
State,nc,2013,25,0.881543,0.881543,,,0,,,,32,19,3630
State,nc,2013,26,0.0637755,0.0637755,,,0,,,,2,19,3136
State,nc,2013,27,1.23254,1.23254,,,0,,,,30,17,2434
State,nc,2013,28,0.0,0.0,,,0,,,,0,15,2943
State,nc,2013,29,0.0,0.0,,,0,,,,0,14,2791
State,nc,2013,30,1.08192,1.08192,,,0,,,,35,15,3235
State,nc,2013,31,0.0,0.0,,,0,,,,0,13,2177
State,nc,2013,32,0.735059,0.735059,,,0,,,,23,15,3129
State,nc,2013,33,1.03175,1.03175,,,0,,,,39,16,3780
State,nc,2013,34,0.867679,0.867679,,,0,,,,36,16,4149
State,nc,2013,35,0.089153,0.089153,,,0,,,,3,14,3365
State,nc,2013,36,0.907323,0.907323,,,0,,,,28,14,3086
State,nc,2013,37,0.830565,0.830565,,,0,,,,30,13,3612
State,nc,2013,38,0.465297,0.465297,,,0,,,,12,11,2579
State,nc,2013,39,1.66855,1.66855,,,0,,,,59,13,3536
State,nc,2013,40,0.356983,0.356983,,,0,,,,64,53,17928
State,nc,2013,41,0.867367,0.867367,,,0,,,,151,56,17409
State,nc,2013,42,0.746314,0.746314,,,0,,,,124,55,16615
State,nc,2013,43,0.734639,0.734639,,,0,,,,132,54,17968
State,nc,2013,44,0.821066,0.821066,,,0,,,,140,53,17051
State,nc,2013,45,0.891586,0.891586,,,0,,,,144,50,16151
State,nc,2013,46,0.990508,0.990508,,,0,,,,168,55,16961
State,nc,2013,47,0.87001,0.87001,,,0,,,,153,54,17586
State,nc,2013,48,1.45934,1.45934,,,0,,,,145,53,9936
State,nc,2013,49,1.23108,1.23108,,,0,,,,218,54,17708
State,nc,2013,50,1.47999,1.47999,,,0,,,,199,54,13446
State,nc,2013,51,2.09329,2.09329,,,0,,,,276,52,13185
State,nc,2013,52,4.54545,4.54545,,,0,,,,300,51,6600
State,nc,2014,1,3.91786,3.91786,,,0,,,,414,54,10567
State,nc,2014,2,2.47585,2.47585,,,0,,,,364,52,14702
State,nc,2014,3,3.21006,3.21006,,,0,,,,592,56,18442
State,nc,2014,4,3.13997,3.13997,,,0,,,,498,56,15860
State,nc,2014,5,2.90097,2.90097,,,0,,,,382,53,13168
State,nc,2014,6,1.7691,1.7691,,,0,,,,308,53,17410
State,nc,2014,7,2.06718,2.06718,,,0,,,,240,51,11610
State,nc,2014,8,1.4358,1.4358,,,0,,,,244,51,16994
State,nc,2014,9,1.43214,1.43214,,,0,,,,235,50,16409
State,nc,2014,10,1.312,1.312,,,0,,,,187,49,14253
State,nc,2014,11,1.15326,1.15326,,,0,,,,145,48,12573
State,nc,2014,12,1.07253,1.07253,,,0,,,,164,49,15291
State,nc,2014,13,0.901358,0.901358,,,0,,,,142,47,15754
State,nc,2014,14,0.875,0.875,,,0,,,,133,49,15200
State,nc,2014,15,0.951747,0.951747,,,0,,,,143,47,15025
State,nc,2014,16,1.30465,1.30465,,,0,,,,188,46,14410
State,nc,2014,17,0.763823,0.763823,,,0,,,,113,45,14794
State,nc,2014,18,0.982247,0.982247,,,0,,,,135,42,13744
State,nc,2014,19,1.14239,1.14239,,,0,,,,125,39,10942
State,nc,2014,20,0.823245,0.823245,,,0,,,,85,39,10325
State,nc,2014,21,1.20984,1.20984,,,0,,,,90,31,7439
State,nc,2014,22,1.21685,1.21685,,,0,,,,67,27,5506
State,nc,2014,23,1.48046,1.48046,,,0,,,,86,25,5809
State,nc,2014,24,1.28355,1.28355,,,0,,,,66,22,5142
State,nc,2014,25,1.3863,1.3863,,,0,,,,67,22,4833
State,nc,2014,26,0.994391,0.994391,,,0,,,,39,18,3922
State,nc,2014,27,1.03343,1.03343,,,0,,,,34,18,3290
State,nc,2014,28,1.16279,1.16279,,,0,,,,37,17,3182
State,nc,2014,29,1.1744,1.1744,,,0,,,,40,16,3406
State,nc,2014,30,0.917141,0.917141,,,0,,,,29,15,3162
State,nc,2014,31,0.833333,0.833333,,,0,,,,28,17,3360
State,nc,2014,32,1.13924,1.13924,,,0,,,,36,15,3160
State,nc,2014,33,0.806202,0.806202,,,0,,,,26,16,3225
State,nc,2014,34,0.849934,0.849934,,,0,,,,32,17,3765
State,nc,2014,35,0.701993,0.701993,,,0,,,,31,17,4416
State,nc,2014,36,0.840116,0.840116,,,0,,,,32,16,3809
State,nc,2014,37,1.0983,1.0983,,,0,,,,40,13,3642
State,nc,2014,38,0.85752,0.85752,,,0,,,,39,16,4548
State,nc,2014,39,1.24224,1.24224,,,0,,,,56,16,4508
State,nc,2014,40,0.557937,0.557937,,,0,,,,82,44,14697
State,nc,2014,41,0.660579,0.660579,,,0,,,,102,48,15441
State,nc,2014,42,0.493643,0.493643,,,0,,,,73,47,14788
State,nc,2014,43,0.789224,0.789224,,,0,,,,133,51,16852
State,nc,2014,44,0.923254,0.923254,,,0,,,,160,52,17330
State,nc,2014,45,0.970316,0.970316,,,0,,,,169,50,17417
State,nc,2014,46,0.955928,0.955928,,,0,,,,154,51,16110
State,nc,2014,47,0.931489,0.931489,,,0,,,,169,52,18143
State,nc,2014,48,2.0605,2.0605,,,0,,,,220,51,10677
State,nc,2014,49,1.81061,1.81061,,,0,,,,313,52,17287
State,nc,2014,50,2.99005,2.99005,,,0,,,,502,54,16789
State,nc,2014,51,4.59095,4.59095,,,0,,,,688,52,14986
State,nc,2014,52,8.65161,8.65161,,,0,,,,632,50,7305
State,nc,2014,53,7.65419,7.65419,,,0,,,,695,50,9080
State,nc,2015,1,3.79011,3.79011,,,0,,,,567,52,14960
State,nc,2015,2,3.70417,3.70417,,,0,,,,591,50,15955
State,nc,2015,3,4.64486,4.64486,,,0,,,,703,51,15135
State,nc,2015,4,3.47911,3.47911,,,0,,,,603,50,17332
State,nc,2015,5,3.27524,3.27524,,,0,,,,592,54,18075
State,nc,2015,6,3.1039,3.1039,,,0,,,,478,47,15400
State,nc,2015,7,3.29181,3.29181,,,0,,,,407,48,12364
State,nc,2015,8,3.04097,3.04097,,,0,,,,363,46,11937
State,nc,2015,9,2.08497,2.08497,,,0,,,,345,50,16547
State,nc,2015,10,1.83788,1.83788,,,0,,,,229,47,12460
State,nc,2015,11,1.6449,1.6449,,,0,,,,272,49,16536
State,nc,2015,12,1.41022,1.41022,,,0,,,,213,45,15104
State,nc,2015,13,1.33421,1.33421,,,0,,,,183,47,13716
State,nc,2015,14,0.895378,0.895378,,,0,,,,130,45,14519
State,nc,2015,15,0.986164,0.986164,,,0,,,,134,42,13588
State,nc,2015,16,0.642576,0.642576,,,0,,,,93,44,14473
State,nc,2015,17,0.76242,0.76242,,,0,,,,93,39,12198
State,nc,2015,18,0.896298,0.896298,,,0,,,,107,41,11938
State,nc,2015,19,0.727433,0.727433,,,0,,,,66,36,9073
State,nc,2015,20,0.601579,0.601579,,,0,,,,48,33,7979
State,nc,2015,21,0.647535,0.647535,,,0,,,,44,31,6795
State,nc,2015,22,0.536645,0.536645,,,0,,,,35,27,6522
State,nc,2015,23,0.540918,0.540918,,,0,,,,31,23,5731
State,nc,2015,24,0.42604,0.42604,,,0,,,,25,24,5868
State,nc,2015,25,0.448693,0.448693,,,0,,,,23,23,5126
State,nc,2015,26,0.499405,0.499405,,,0,,,,21,22,4205
State,nc,2015,27,0.510308,0.510308,,,0,,,,25,21,4899
State,nc,2015,28,0.672372,0.672372,,,0,,,,22,18,3272
State,nc,2015,29,0.63857,0.63857,,,0,,,,20,16,3132
State,nc,2015,30,0.460375,0.460375,,,0,,,,14,16,3041
State,nc,2015,31,0.591522,0.591522,,,0,,,,18,16,3043
State,nc,2015,32,1.06935,1.06935,,,0,,,,33,15,3086
State,nc,2015,33,0.503712,0.503712,,,0,,,,19,15,3772
State,nc,2015,34,0.969753,0.969753,,,0,,,,42,16,4331
State,nc,2015,35,0.651011,0.651011,,,0,,,,28,16,4301
State,nc,2015,36,0.310463,0.310463,,,0,,,,10,14,3221
State,nc,2015,37,0.765143,0.765143,,,0,,,,36,16,4705
State,nc,2015,38,0.813221,0.813221,,,0,,,,31,14,3812
State,nc,2015,39,1.11747,1.11747,,,0,,,,41,15,3669
State,nc,2015,40,0.835925,0.835925,,,0,,,,129,48,15432
State,nc,2015,41,1.28871,1.28871,,,0,,,,196,50,15209
State,nc,2015,42,1.24048,1.24048,,,0,,,,220,54,17735
State,nc,2015,43,1.40775,1.40775,,,0,,,,227,52,16125
State,nc,2015,44,1.17667,1.17667,,,0,,,,206,52,17507
State,nc,2015,45,0.972206,0.972206,,,0,,,,163,54,16766
State,nc,2015,46,1.17183,1.17183,,,0,,,,211,55,18006
State,nc,2015,47,1.56315,1.56315,,,0,,,,150,52,9596
State,nc,2015,48,1.55678,1.55678,,,0,,,,268,53,17215
State,nc,2015,49,1.53713,1.53713,,,0,,,,213,49,13857
State,nc,2015,50,1.78543,1.78543,,,0,,,,221,48,12378
State,nc,2015,51,2.76382,2.76382,,,0,,,,187,47,6766
State,nc,2015,52,2.62926,2.62926,,,0,,,,209,47,7949
State,nc,2016,1,1.56604,1.56604,,,0,,,,214,52,13665
State,nc,2016,2,1.72929,1.72929,,,0,,,,243,52,14052
State,nc,2016,3,1.85998,1.85998,,,0,,,,178,51,9570
State,nc,2016,4,1.52851,1.52851,,,0,,,,215,51,14066
State,nc,2016,5,1.6268,1.6268,,,0,,,,236,49,14507
State,nc,2016,6,2.16115,2.16115,,,0,,,,313,50,14483
State,nc,2016,7,3.12333,3.12333,,,0,,,,409,48,13095
State,nc,2016,8,4.19302,4.19302,,,0,,,,663,49,15812
State,nc,2016,9,3.99742,3.99742,,,0,,,,620,48,15510
State,nc,2016,10,3.83595,3.83595,,,0,,,,535,48,13947
State,nc,2016,11,3.97115,3.97115,,,0,,,,523,46,13170
State,nc,2016,12,3.45713,3.45713,,,0,,,,431,46,12467
State,nc,2016,13,3.03939,3.03939,,,0,,,,385,45,12667
State,nc,2016,14,2.63865,2.63865,,,0,,,,334,42,12658
State,nc,2016,15,2.29539,2.29539,,,0,,,,297,42,12939
State,nc,2016,16,2.5603,2.5603,,,0,,,,311,39,12147
State,nc,2016,17,2.10485,2.10485,,,0,,,,267,42,12685
State,nc,2016,18,1.96114,1.96114,,,0,,,,214,40,10912
State,nc,2016,19,1.99499,1.99499,,,0,,,,183,38,9173
State,nc,2016,20,1.30969,1.30969,,,0,,,,96,36,7330
State,nc,2016,21,1.3033,1.3033,,,0,,,,70,27,5371
State,nc,2016,22,1.16256,1.16256,,,0,,,,58,25,4989
State,nc,2016,23,1.23501,1.23501,,,0,,,,69,25,5587
State,nc,2016,24,1.10207,1.10207,,,0,,,,65,26,5898
State,nc,2016,25,1.02636,1.02636,,,0,,,,51,23,4969
State,nc,2016,26,0.71273,0.71273,,,0,,,,36,23,5051
State,nc,2016,27,0.922233,0.922233,,,0,,,,37,21,4012
State,nc,2016,28,0.631039,0.631039,,,0,,,,32,20,5071
State,nc,2016,29,0.517241,0.517241,,,0,,,,27,20,5220
State,nc,2016,30,0.734725,0.734725,,,0,,,,38,21,5172
State,nc,2016,31,0.827887,0.827887,,,0,,,,38,20,4590
State,nc,2016,32,1.0075,1.0075,,,0,,,,47,20,4665
State,nc,2016,33,0.749559,0.749559,,,0,,,,34,18,4536
State,nc,2016,34,0.80313,0.80313,,,0,,,,39,17,4856
State,nc,2016,35,0.921569,0.921569,,,0,,,,47,17,5100
State,nc,2016,36,1.22687,1.22687,,,0,,,,61,18,4972
State,nc,2016,37,1.23614,1.23614,,,0,,,,68,17,5501
State,nc,2016,38,1.43726,1.43726,,,0,,,,78,17,5427
State,nc,2016,39,1.68015,1.68015,,,0,,,,81,16,4821
State,nc,2016,40,0.830327,0.830327,,,0,,,,122,38,14693
State,nc,2016,41,0.921955,0.921955,,,0,,,,129,41,13992
State,nc,2016,42,0.951204,0.951204,,,0,,,,154,45,16190
State,nc,2016,43,1.06549,1.06549,,,0,,,,184,44,17269
State,nc,2016,44,0.949262,0.949262,,,0,,,,171,47,18014
State,nc,2016,45,1.40114,1.40114,,,0,,,,243,47,17343
State,nc,2016,46,1.57954,1.57954,,,0,,,,265,45,16777
State,nc,2016,47,1.95726,1.95726,,,0,,,,218,47,11138
State,nc,2016,48,1.61309,1.61309,,,0,,,,280,48,17358
State,nc,2016,49,1.53331,1.53331,,,0,,,,252,50,16435
State,nc,2016,50,2.16034,2.16034,,,0,,,,294,47,13609
State,nc,2016,51,3.00893,3.00893,,,0,,,,273,45,9073
State,nc,2016,52,3.41129,3.41129,,,0,,,,194,44,5687
State,nc,2017,1,2.56276,2.56276,,,0,,,,293,50,11433
State,nc,2017,2,2.18439,2.18439,,,0,,,,290,48,13276
State,nc,2017,3,2.66282,2.66282,,,0,,,,397,49,14909
State,nc,2017,4,2.84282,2.84282,,,0,,,,431,49,15161
State,nc,2017,5,5.17611,5.17611,,,0,,,,773,48,14934
State,nc,2017,6,5.64241,5.64241,,,0,,,,877,47,15543
State,nc,2017,7,6.66496,6.66496,,,0,,,,1044,46,15664
State,nc,2017,8,7.59585,7.59585,,,0,,,,1157,47,15232
State,nc,2017,9,5.96889,5.96889,,,0,,,,994,49,16653
State,nc,2017,10,5.24093,5.24093,,,0,,,,670,46,12784
State,nc,2017,11,3.25811,3.25811,,,0,,,,423,48,12983
State,nc,2017,12,5.45548,5.45548,,,0,,,,848,48,15544
State,nc,2017,13,4.06883,4.06883,,,0,,,,603,46,14820
State,nc,2017,14,3.0226,3.0226,,,0,,,,464,44,15351
State,nc,2017,15,2.45351,2.45351,,,0,,,,318,44,12961
State,nc,2017,16,1.443,1.443,,,0,,,,190,43,13167
State,nc,2017,17,0.96977,0.96977,,,0,,,,128,39,13199
State,nc,2017,18,0.909018,0.909018,,,0,,,,114,37,12541
State,nc,2017,19,1.05145,1.05145,,,0,,,,103,34,9796
State,nc,2017,20,0.981997,0.981997,,,0,,,,96,35,9776
State,nc,2017,21,1.43239,1.43239,,,0,,,,91,25,6353
State,nc,2017,22,0.928737,0.928737,,,0,,,,52,25,5599
State,nc,2017,23,1.31473,1.31473,,,0,,,,82,24,6237
State,nc,2017,24,0.746269,0.746269,,,0,,,,33,23,4422
State,nc,2017,25,0.669437,0.669437,,,0,,,,29,23,4332
State,nc,2017,26,0.573709,0.573709,,,0,,,,23,22,4009
State,nc,2017,27,0.242522,0.242522,,,0,,,,6,20,2474
State,nc,2017,28,0.561935,0.561935,,,0,,,,23,20,4093
State,nc,2017,29,0.333933,0.333933,,,0,,,,13,19,3893
State,nc,2017,30,0.514766,0.514766,,,0,,,,19,19,3691
State,nc,2017,31,0.3276,0.3276,,,0,,,,12,18,3663
State,nc,2017,32,0.240626,0.240626,,,0,,,,12,20,4987
State,nc,2017,33,0.300365,0.300365,,,0,,,,14,18,4661
State,nc,2017,34,0.143885,0.143885,,,0,,,,7,19,4865
State,nc,2017,35,0.525146,0.525146,,,0,,,,26,17,4951
State,nc,2017,36,0.784929,0.784929,,,0,,,,35,18,4459
State,nc,2017,37,0.709349,0.709349,,,0,,,,39,19,5498
State,nc,2017,38,0.523469,0.523469,,,0,,,,30,19,5731
State,nc,2017,39,0.669344,0.669344,,,0,,,,30,16,4482
State,nc,2017,40,1.06519,1.06519,,,0,,,,150,45,14082
State,nc,2017,41,1.28615,1.28615,,,0,,,,189,47,14695
State,nc,2017,42,1.01247,1.01247,,,0,,,,160,47,15803
State,nc,2017,43,1.37457,1.37457,,,0,,,,244,48,17751
State,nc,2017,44,1.48312,1.48312,,,0,,,,282,49,19014
State,nc,2017,45,1.56343,1.56343,,,0,,,,263,51,16822
State,nc,2017,46,1.83144,1.83144,,,0,,,,354,51,19329
State,nc,2017,47,2.5641,2.5641,,,0,,,,276,50,10764
State,nc,2017,48,1.71829,1.71829,,,0,,,,324,51,18856
State,nc,2017,49,2.01148,2.01148,,,0,,,,340,49,16903
State,nc,2017,50,1.9343,1.9343,,,0,,,,305,49,15768
State,nc,2017,51,1.9008,1.9008,,,0,,,,215,48,11311
State,nc,2017,52,3.80179,3.80179,,,0,,,,234,45,6155
State,nd,2010,40,0.671355,0.671355,,,0,,,,42,19,6256
State,nd,2010,41,0.721961,0.721961,,,0,,,,43,19,5956
State,nd,2010,42,0.567477,0.567477,,,0,,,,32,20,5639
State,nd,2010,43,0.339239,0.339239,,,0,,,,18,20,5306
State,nd,2010,44,0.713749,0.713749,,,0,,,,38,19,5324
State,nd,2010,45,0.75811,0.75811,,,0,,,,43,18,5672
State,nd,2010,46,0.644192,0.644192,,,0,,,,30,16,4657
State,nd,2010,47,0.590551,0.590551,,,0,,,,27,18,4572
State,nd,2010,48,0.347088,0.347088,,,0,,,,18,17,5186
State,nd,2010,49,0.23753,0.23753,,,0,,,,11,18,4631
State,nd,2010,50,0.317628,0.317628,,,0,,,,6,11,1889
State,nd,2010,51,0.275672,0.275672,,,0,,,,4,11,1451
State,nd,2010,52,0.0,0.0,,,0,,,,0,10,958
State,nd,2011,1,0.264901,0.264901,,,0,,,,4,9,1510
State,nd,2011,2,0.118133,0.118133,,,0,,,,2,10,1693
State,nd,2011,3,0.768808,0.768808,,,0,,,,14,12,1821
State,nd,2011,4,1.02814,1.02814,,,0,,,,19,11,1848
State,nd,2011,5,1.22549,1.22549,,,0,,,,25,12,2040
State,nd,2011,6,1.5978,1.5978,,,0,,,,29,10,1815
State,nd,2011,7,2.25564,2.25564,,,0,,,,48,12,2128
State,nd,2011,8,2.68235,2.68235,,,0,,,,57,12,2125
State,nd,2011,9,3.01666,3.01666,,,0,,,,67,11,2221
State,nd,2011,10,4.21801,4.21801,,,0,,,,89,12,2110
State,nd,2011,11,2.21662,2.21662,,,0,,,,44,12,1985
State,nd,2011,12,2.26397,2.26397,,,0,,,,47,12,2076
State,nd,2011,13,0.846702,0.846702,,,0,,,,19,12,2244
State,nd,2011,14,0.721848,0.721848,,,0,,,,15,11,2078
State,nd,2011,15,0.794439,0.794439,,,0,,,,16,11,2014
State,nd,2011,16,0.399734,0.399734,,,0,,,,6,8,1501
State,nd,2011,17,0.210416,0.210416,,,0,,,,4,11,1901
State,nd,2011,18,0.246305,0.246305,,,0,,,,4,8,1624
State,nd,2011,19,0.0683527,0.0683527,,,0,,,,1,8,1463
State,nd,2011,20,0.342759,0.342759,,,0,,,,4,6,1167
State,nd,2011,21,0.0,0.0,,,0,,,,0,7,1128
State,nd,2011,22,0.162075,0.162075,,,0,,,,2,8,1234
State,nd,2011,23,0.0,0.0,,,0,,,,0,8,1322
State,nd,2011,24,0.0,0.0,,,0,,,,0,8,1321
State,nd,2011,25,0.0,0.0,,,0,,,,0,8,1355
State,nd,2011,26,0.0766871,0.0766871,,,0,,,,1,7,1304
State,nd,2011,27,0.0,0.0,,,0,,,,0,7,953
State,nd,2011,28,0.0,0.0,,,0,,,,0,5,1260
State,nd,2011,29,0.0,0.0,,,0,,,,0,6,1260
State,nd,2011,30,0.0,0.0,,,0,,,,0,7,1321
State,nd,2011,31,0.140174,0.140174,,,0,,,,5,10,3567
State,nd,2011,32,0.180738,0.180738,,,0,,,,7,9,3873
State,nd,2011,33,0.197336,0.197336,,,0,,,,8,10,4054
State,nd,2011,34,0.282021,0.282021,,,0,,,,12,10,4255
State,nd,2011,35,0.245317,0.245317,,,0,,,,11,12,4484
State,nd,2011,36,0.327941,0.327941,,,0,,,,15,12,4574
State,nd,2011,37,0.424628,0.424628,,,0,,,,20,12,4710
State,nd,2011,38,0.593692,0.593692,,,0,,,,32,14,5390
State,nd,2011,39,0.496175,0.496175,,,0,,,,24,13,4837
State,nd,2011,40,0.67955,0.67955,,,0,,,,32,14,4709
State,nd,2011,41,0.636816,0.636816,,,0,,,,32,17,5025
State,nd,2011,42,0.622051,0.622051,,,0,,,,29,17,4662
State,nd,2011,43,0.341807,0.341807,,,0,,,,16,15,4681
State,nd,2011,44,0.605144,0.605144,,,0,,,,24,17,3966
State,nd,2011,45,0.695024,0.695024,,,0,,,,25,16,3597
State,nd,2011,46,0.523972,0.523972,,,0,,,,20,16,3817
State,nd,2011,47,1.22739,1.22739,,,0,,,,38,16,3096
State,nd,2011,48,0.451807,0.451807,,,0,,,,15,15,3320
State,nd,2011,49,0.744269,0.744269,,,0,,,,25,14,3359
State,nd,2011,50,1.05727,1.05727,,,0,,,,36,14,3405
State,nd,2011,51,0.763553,0.763553,,,0,,,,30,14,3929
State,nd,2011,52,0.433487,0.433487,,,0,,,,16,13,3691
State,nd,2012,1,0.600052,0.600052,,,0,,,,23,14,3833
State,nd,2012,2,0.424528,0.424528,,,0,,,,18,15,4240
State,nd,2012,3,0.649819,0.649819,,,0,,,,27,15,4155
State,nd,2012,4,0.939986,0.939986,,,0,,,,26,13,2766
State,nd,2012,5,1.06092,1.06092,,,0,,,,31,13,2922
State,nd,2012,6,1.37287,1.37287,,,0,,,,25,11,1821
State,nd,2012,7,1.11702,1.11702,,,0,,,,21,12,1880
State,nd,2012,8,1.09466,1.09466,,,0,,,,17,9,1553
State,nd,2012,9,1.21951,1.21951,,,0,,,,19,11,1558
State,nd,2012,10,0.955414,0.955414,,,0,,,,18,11,1884
State,nd,2012,11,2.52556,2.52556,,,0,,,,42,11,1663
State,nd,2012,12,1.93892,1.93892,,,0,,,,40,12,2063
State,nd,2012,13,0.884956,0.884956,,,0,,,,18,12,2034
State,nd,2012,14,1.39485,1.39485,,,0,,,,26,11,1864
State,nd,2012,15,1.18265,1.18265,,,0,,,,18,10,1522
State,nd,2012,16,1.2476,1.2476,,,0,,,,26,11,2084
State,nd,2012,17,0.514139,0.514139,,,0,,,,8,9,1556
State,nd,2012,18,0.413223,0.413223,,,0,,,,5,8,1210
State,nd,2012,19,0.55517,0.55517,,,0,,,,8,7,1441
State,nd,2012,20,0.608643,0.608643,,,0,,,,10,9,1643
State,nd,2012,21,0.0816993,0.0816993,,,0,,,,1,7,1224
State,nd,2012,22,0.351494,0.351494,,,0,,,,4,7,1138
State,nd,2012,23,0.0,0.0,,,0,,,,0,8,1427
State,nd,2012,24,0.208333,0.208333,,,0,,,,3,8,1440
State,nd,2012,25,0.224719,0.224719,,,0,,,,3,7,1335
State,nd,2012,26,0.0,0.0,,,0,,,,0,5,767
State,nd,2012,27,0.0,0.0,,,0,,,,0,6,778
State,nd,2012,28,0.0,0.0,,,0,,,,0,5,962
State,nd,2012,29,0.0,0.0,,,0,,,,0,7,1119
State,nd,2012,30,0.0,0.0,,,0,,,,0,4,820
State,nd,2012,31,0.673077,0.673077,,,0,,,,7,7,1040
State,nd,2012,32,0.118483,0.118483,,,0,,,,1,5,844
State,nd,2012,33,0.083612,0.083612,,,0,,,,1,7,1196
State,nd,2012,34,0.354296,0.354296,,,0,,,,4,6,1129
State,nd,2012,35,0.219298,0.219298,,,0,,,,2,5,912
State,nd,2012,36,0.0,0.0,,,0,,,,0,5,805
State,nd,2012,37,0.364299,0.364299,,,0,,,,4,6,1098
State,nd,2012,38,0.0,0.0,,,0,,,,0,7,1481
State,nd,2012,39,0.205128,0.205128,,,0,,,,2,6,975
State,nd,2012,40,1.34814,1.34814,,,0,,,,17,8,1261
State,nd,2012,41,1.35952,1.35952,,,0,,,,18,9,1324
State,nd,2012,42,0.855513,0.855513,,,0,,,,9,8,1052
State,nd,2012,43,0.823353,0.823353,,,0,,,,11,10,1336
State,nd,2012,44,0.627803,0.627803,,,0,,,,7,8,1115
State,nd,2012,45,1.48213,1.48213,,,0,,,,17,8,1147
State,nd,2012,46,1.48903,1.48903,,,0,,,,19,10,1276
State,nd,2012,47,1.81818,1.81818,,,0,,,,14,7,770
State,nd,2012,48,0.875796,0.875796,,,0,,,,11,10,1256
State,nd,2012,49,1.14449,1.14449,,,0,,,,16,10,1398
State,nd,2012,50,1.58465,1.58465,,,0,,,,19,8,1199
State,nd,2012,51,4.26301,4.26301,,,0,,,,59,9,1384
State,nd,2012,52,5.16252,5.16252,,,0,,,,54,9,1046
State,nd,2013,1,5.0,5.0,,,0,,,,74,11,1480
State,nd,2013,2,7.00914,7.00914,,,0,,,,161,12,2297
State,nd,2013,3,5.74185,5.74185,,,0,,,,125,12,2177
State,nd,2013,4,6.80813,6.80813,,,0,,,,77,10,1131
State,nd,2013,5,4.5419,4.5419,,,0,,,,58,10,1277
State,nd,2013,6,4.5993,4.5993,,,0,,,,66,10,1435
State,nd,2013,7,7.76053,7.76053,,,0,,,,105,11,1353
State,nd,2013,8,2.70868,2.70868,,,0,,,,49,11,1809
State,nd,2013,9,6.08997,6.08997,,,0,,,,88,10,1445
State,nd,2013,10,5.60676,5.60676,,,0,,,,73,9,1302
State,nd,2013,11,5.60109,5.60109,,,0,,,,82,8,1464
State,nd,2013,12,3.32671,3.32671,,,0,,,,67,11,2014
State,nd,2013,13,4.39648,4.39648,,,0,,,,55,10,1251
State,nd,2013,14,4.14343,4.14343,,,0,,,,52,9,1255
State,nd,2013,15,3.67816,3.67816,,,0,,,,48,10,1305
State,nd,2013,16,5.08475,5.08475,,,0,,,,63,10,1239
State,nd,2013,17,4.65919,4.65919,,,0,,,,54,10,1159
State,nd,2013,18,4.41413,4.41413,,,0,,,,55,10,1246
State,nd,2013,19,3.71041,3.71041,,,0,,,,41,10,1105
State,nd,2013,20,2.21811,2.21811,,,0,,,,24,9,1082
State,nd,2013,21,2.28938,2.28938,,,0,,,,25,8,1092
State,nd,2013,22,2.23518,2.23518,,,0,,,,23,8,1029
State,nd,2013,23,2.35199,2.35199,,,0,,,,29,8,1233
State,nd,2013,24,2.3361,2.3361,,,0,,,,31,8,1327
State,nd,2013,25,2.04741,2.04741,,,0,,,,19,8,928
State,nd,2013,26,1.95465,1.95465,,,0,,,,25,8,1279
State,nd,2013,27,2.68123,2.68123,,,0,,,,27,7,1007
State,nd,2013,28,1.54405,1.54405,,,0,,,,17,7,1101
State,nd,2013,29,2.41411,2.41411,,,0,,,,26,7,1077
State,nd,2013,30,3.19767,3.19767,,,0,,,,33,7,1032
State,nd,2013,31,1.55794,1.55794,,,0,,,,16,7,1027
State,nd,2013,32,0.0,0.0,,,0,,,,0,2,417
State,nd,2013,33,0.0,0.0,,,0,,,,0,1,290
State,nd,2013,34,0.0,0.0,,,0,,,,0,1,238
State,nd,2013,35,0.0,0.0,,,0,,,,0,1,252
State,nd,2013,36,0.0,0.0,,,0,,,,0,1,222
State,nd,2013,37,0.265252,0.265252,,,0,,,,1,2,377
State,nd,2013,38,0.0,0.0,,,0,,,,0,1,302
State,nd,2013,39,0.0,0.0,,,0,,,,0,2,445
State,nd,2013,40,0.0765697,0.0765697,,,0,,,,1,8,1306
State,nd,2013,41,0.0485909,0.0485909,,,0,,,,1,10,2058
State,nd,2013,42,0.0484966,0.0484966,,,0,,,,1,11,2062
State,nd,2013,43,0.145419,0.145419,,,0,,,,3,11,2063
State,nd,2013,44,0.739523,0.739523,,,0,,,,9,8,1217
State,nd,2013,45,0.234926,0.234926,,,0,,,,3,11,1277
State,nd,2013,46,0.0694927,0.0694927,,,0,,,,1,11,1439
State,nd,2013,47,0.257235,0.257235,,,0,,,,4,12,1555
State,nd,2013,48,0.658288,0.658288,,,0,,,,11,12,1671
State,nd,2013,49,0.349162,0.349162,,,0,,,,5,11,1432
State,nd,2013,50,1.22468,1.22468,,,0,,,,26,13,2123
State,nd,2013,51,2.10657,2.10657,,,0,,,,34,8,1614
State,nd,2013,52,3.81992,3.81992,,,0,,,,56,11,1466
State,nd,2014,1,2.71769,2.71769,,,0,,,,49,11,1803
State,nd,2014,2,2.66344,2.66344,,,0,,,,44,11,1652
State,nd,2014,3,2.56917,2.56917,,,0,,,,52,12,2024
State,nd,2014,4,2.42769,2.42769,,,0,,,,47,11,1936
State,nd,2014,5,1.29291,1.29291,,,0,,,,29,12,2243
State,nd,2014,6,1.89639,1.89639,,,0,,,,41,11,2162
State,nd,2014,7,0.729927,0.729927,,,0,,,,17,11,2329
State,nd,2014,8,1.75953,1.75953,,,0,,,,36,10,2046
State,nd,2014,9,0.569981,0.569981,,,0,,,,9,9,1579
State,nd,2014,10,0.882553,0.882553,,,0,,,,13,8,1473
State,nd,2014,11,0.712695,0.712695,,,0,,,,16,11,2245
State,nd,2014,12,0.501433,0.501433,,,0,,,,7,10,1396
State,nd,2014,13,0.652377,0.652377,,,0,,,,14,10,2146
State,nd,2014,14,0.410397,0.410397,,,0,,,,6,9,1462
State,nd,2014,15,0.551978,0.551978,,,0,,,,6,6,1087
State,nd,2014,16,0.165017,0.165017,,,0,,,,2,8,1212
State,nd,2014,17,0.267523,0.267523,,,0,,,,5,8,1869
State,nd,2014,18,0.0560224,0.0560224,,,0,,,,1,9,1785
State,nd,2014,19,0.0,0.0,,,0,,,,0,6,1011
State,nd,2014,20,0.243605,0.243605,,,0,,,,4,7,1642
State,nd,2014,21,0.275786,0.275786,,,0,,,,5,8,1813
State,nd,2014,22,0.0,0.0,,,0,,,,0,4,768
State,nd,2014,23,0.0971817,0.0971817,,,0,,,,1,6,1029
State,nd,2014,24,0.093633,0.093633,,,0,,,,1,5,1068
State,nd,2014,25,0.0987167,0.0987167,,,0,,,,1,5,1013
State,nd,2014,26,0.0,0.0,,,0,,,,0,4,968
State,nd,2014,27,0.0,0.0,,,0,,,,0,4,504
State,nd,2014,28,0.0,0.0,,,0,,,,0,4,553
State,nd,2014,29,0.0,0.0,,,0,,,,0,4,632
State,nd,2014,30,0.13624,0.13624,,,0,,,,1,5,734
State,nd,2014,31,0.130719,0.130719,,,0,,,,1,5,765
State,nd,2014,32,0.0,0.0,,,0,,,,0,3,522
State,nd,2014,33,0.17094,0.17094,,,0,,,,1,3,585
State,nd,2014,34,0.0,0.0,,,0,,,,0,3,503
State,nd,2014,35,0.0,0.0,,,0,,,,0,2,198
State,nd,2014,36,1.3986,1.3986,,,0,,,,2,1,143
State,nd,2014,37,0.0,0.0,,,0,,,,0,1,131
State,nd,2014,38,0.0,0.0,,,0,,,,0,1,113
State,nd,2014,39,0.0,0.0,,,0,,,,0,1,119
State,nd,2014,40,0.416089,0.416089,,,0,,,,6,7,1442
State,nd,2014,41,0.664011,0.664011,,,0,,,,10,8,1506
State,nd,2014,42,0.804829,0.804829,,,0,,,,12,7,1491
State,nd,2014,43,0.643317,0.643317,,,0,,,,9,8,1399
State,nd,2014,44,0.679245,0.679245,,,0,,,,9,7,1325
State,nd,2014,45,0.563063,0.563063,,,0,,,,5,7,888
State,nd,2014,46,0.337458,0.337458,,,0,,,,3,7,889
State,nd,2014,47,0.388601,0.388601,,,0,,,,6,8,1544
State,nd,2014,48,0.322581,0.322581,,,0,,,,4,9,1240
State,nd,2014,49,0.675676,0.675676,,,0,,,,8,8,1184
State,nd,2014,50,2.08184,2.08184,,,0,,,,29,9,1393
State,nd,2014,51,3.67347,3.67347,,,0,,,,45,7,1225
State,nd,2014,52,4.29799,4.29799,,,0,,,,60,10,1396
State,nd,2014,53,4.04858,4.04858,,,0,,,,60,9,1482
State,nd,2015,1,3.37739,3.37739,,,0,,,,69,10,2043
State,nd,2015,2,7.65421,7.65421,,,0,,,,170,12,2221
State,nd,2015,3,5.93359,5.93359,,,0,,,,109,9,1837
State,nd,2015,4,4.90028,4.90028,,,0,,,,86,10,1755
State,nd,2015,5,3.73872,3.73872,,,0,,,,87,12,2327
State,nd,2015,6,1.87553,1.87553,,,0,,,,44,11,2346
State,nd,2015,7,2.7051,2.7051,,,0,,,,61,12,2255
State,nd,2015,8,1.58866,1.58866,,,0,,,,37,11,2329
State,nd,2015,9,1.21239,1.21239,,,0,,,,27,10,2227
State,nd,2015,10,1.64939,1.64939,,,0,,,,35,10,2122
State,nd,2015,11,0.767386,0.767386,,,0,,,,16,8,2085
State,nd,2015,12,1.09785,1.09785,,,0,,,,23,9,2095
State,nd,2015,13,0.556117,0.556117,,,0,,,,11,9,1978
State,nd,2015,14,0.554939,0.554939,,,0,,,,10,8,1802
State,nd,2015,15,0.941423,0.941423,,,0,,,,18,10,1912
State,nd,2015,16,0.430293,0.430293,,,0,,,,5,8,1162
State,nd,2015,17,0.185874,0.185874,,,0,,,,3,9,1614
State,nd,2015,18,0.175285,0.175285,,,0,,,,2,7,1141
State,nd,2015,19,0.262123,0.262123,,,0,,,,4,10,1526
State,nd,2015,20,0.14771,0.14771,,,0,,,,2,6,1354
State,nd,2015,21,0.191939,0.191939,,,0,,,,2,6,1042
State,nd,2015,22,0.210084,0.210084,,,0,,,,2,5,952
State,nd,2015,23,0.100402,0.100402,,,0,,,,1,5,996
State,nd,2015,24,0.18018,0.18018,,,0,,,,2,6,1110
State,nd,2015,25,0.0672948,0.0672948,,,0,,,,1,6,1486
State,nd,2015,26,0.0,0.0,,,0,,,,0,7,1349
State,nd,2015,27,0.0,0.0,,,0,,,,0,3,771
State,nd,2015,28,0.0,0.0,,,0,,,,0,3,776
State,nd,2015,29,0.0,0.0,,,0,,,,0,3,782
State,nd,2015,30,0.0,0.0,,,0,,,,0,2,600
State,nd,2015,31,0.0,0.0,,,0,,,,0,3,832
State,nd,2015,32,0.0,0.0,,,0,,,,0,3,754
State,nd,2015,33,0.0,0.0,,,0,,,,0,3,784
State,nd,2015,34,0.0,0.0,,,0,,,,0,3,820
State,nd,2015,35,0.0,0.0,,,0,,,,0,3,814
State,nd,2015,36,0.129534,0.129534,,,0,,,,1,3,772
State,nd,2015,37,0.0,0.0,,,0,,,,0,3,883
State,nd,2015,38,0.0,0.0,,,0,,,,0,3,957
State,nd,2015,39,0.087108,0.087108,,,0,,,,1,6,1148
State,nd,2015,40,0.60652,0.60652,,,0,,,,8,9,1319
State,nd,2015,41,0.211119,0.211119,,,0,,,,3,10,1421
State,nd,2015,42,0.232739,0.232739,,,0,,,,3,9,1289
State,nd,2015,43,0.160128,0.160128,,,0,,,,2,10,1249
State,nd,2015,44,0.405268,0.405268,,,0,,,,4,8,987
State,nd,2015,45,0.423131,0.423131,,,0,,,,3,6,709
State,nd,2015,46,0.342466,0.342466,,,0,,,,3,7,876
State,nd,2015,47,0.0,0.0,,,0,,,,0,8,683
State,nd,2015,48,0.335196,0.335196,,,0,,,,3,7,895
State,nd,2015,49,0.0,0.0,,,0,,,,0,7,871
State,nd,2015,50,0.752823,0.752823,,,0,,,,6,6,797
State,nd,2015,51,1.07198,1.07198,,,0,,,,7,6,653
State,nd,2015,52,1.07383,1.07383,,,0,,,,8,6,745
State,nd,2016,1,0.20141,0.20141,,,0,,,,2,8,993
State,nd,2016,2,0.906736,0.906736,,,0,,,,7,7,772
State,nd,2016,3,0.231214,0.231214,,,0,,,,2,7,865
State,nd,2016,4,0.343249,0.343249,,,0,,,,3,7,874
State,nd,2016,5,1.07738,1.07738,,,0,,,,11,8,1021
State,nd,2016,6,1.27796,1.27796,,,0,,,,4,4,313
State,nd,2016,7,1.57195,1.57195,,,0,,,,13,7,827
State,nd,2016,8,1.02564,1.02564,,,0,,,,8,6,780
State,nd,2016,9,0.890208,0.890208,,,0,,,,6,6,674
State,nd,2016,10,1.64127,1.64127,,,0,,,,14,6,853
State,nd,2016,11,2.09644,2.09644,,,0,,,,20,7,954
State,nd,2016,12,1.36157,1.36157,,,0,,,,9,5,661
State,nd,2016,13,1.78571,1.78571,,,0,,,,15,7,840
State,nd,2016,14,2.5,2.5,,,0,,,,20,7,800
State,nd,2016,15,1.54394,1.54394,,,0,,,,13,7,842
State,nd,2016,16,1.28535,1.28535,,,0,,,,5,5,389
State,nd,2016,17,0.390117,0.390117,,,0,,,,3,7,769
State,nd,2016,18,0.631769,0.631769,,,0,,,,7,7,1108
State,nd,2016,19,0.764656,0.764656,,,0,,,,9,7,1177
State,nd,2016,20,0.687876,0.687876,,,0,,,,8,7,1163
State,nd,2016,21,0.702576,0.702576,,,0,,,,9,7,1281
State,nd,2016,22,0.3663,0.3663,,,0,,,,4,7,1092
State,nd,2016,23,0.29703,0.29703,,,0,,,,3,6,1010
State,nd,2016,24,0.0,0.0,,,0,,,,0,5,879
State,nd,2016,25,0.0,0.0,,,0,,,,0,6,984
State,nd,2016,26,0.7109,0.7109,,,0,,,,3,5,422
State,nd,2016,27,0.0,0.0,,,0,,,,0,5,872
State,nd,2016,28,0.0,0.0,,,0,,,,0,5,944
State,nd,2016,29,0.123762,0.123762,,,0,,,,1,4,808
State,nd,2016,30,0.0,0.0,,,0,,,,0,4,862
State,nd,2016,31,0.0,0.0,,,0,,,,0,3,775
State,nd,2016,32,0.0,0.0,,,0,,,,0,3,782
State,nd,2016,33,0.0,0.0,,,0,,,,0,2,669
State,nd,2016,34,0.125628,0.125628,,,0,,,,1,3,796
State,nd,2016,35,0.0,0.0,,,0,,,,0,3,754
State,nd,2016,36,0.0,0.0,,,0,,,,0,2,530
State,nd,2016,37,0.0,0.0,,,0,,,,0,1,492
State,nd,2016,38,0.0,0.0,,,0,,,,0,2,603
State,nd,2016,39,0.0,0.0,,,0,,,,0,2,587
State,nd,2016,40,0.524109,0.524109,,,0,,,,5,5,954
State,nd,2016,41,0.15949,0.15949,,,0,,,,2,7,1254
State,nd,2016,42,0.726216,0.726216,,,0,,,,10,9,1377
State,nd,2016,43,0.966608,0.966608,,,0,,,,11,8,1138
State,nd,2016,44,0.187091,0.187091,,,0,,,,2,7,1069
State,nd,2016,45,0.158604,0.158604,,,0,,,,2,7,1261
State,nd,2016,46,0.373134,0.373134,,,0,,,,6,9,1608
State,nd,2016,47,0.475285,0.475285,,,0,,,,5,7,1052
State,nd,2016,48,0.654664,0.654664,,,0,,,,4,5,611
State,nd,2016,49,1.26812,1.26812,,,0,,,,7,6,552
State,nd,2016,50,0.0,0.0,,,0,,,,0,5,534
State,nd,2016,51,2.92887,2.92887,,,0,,,,14,4,478
State,nd,2016,52,0.358852,0.358852,,,0,,,,3,5,836
State,nd,2017,1,4.31548,4.31548,,,0,,,,29,6,672
State,nd,2017,2,0.922266,0.922266,,,0,,,,14,8,1518
State,nd,2017,3,1.88273,1.88273,,,0,,,,35,10,1859
State,nd,2017,4,3.88794,3.88794,,,0,,,,68,8,1749
State,nd,2017,5,3.77868,3.77868,,,0,,,,84,9,2223
State,nd,2017,6,5.19645,5.19645,,,0,,,,123,12,2367
State,nd,2017,7,3.8105,3.8105,,,0,,,,74,10,1942
State,nd,2017,8,3.50235,3.50235,,,0,,,,67,8,1913
State,nd,2017,9,3.48071,3.48071,,,0,,,,74,9,2126
State,nd,2017,10,3.4018,3.4018,,,0,,,,53,7,1558
State,nd,2017,11,1.87647,1.87647,,,0,,,,24,8,1279
State,nd,2017,12,1.54749,1.54749,,,0,,,,29,8,1874
State,nd,2017,13,1.85292,1.85292,,,0,,,,32,7,1727
State,nd,2017,14,1.386,1.386,,,0,,,,20,7,1443
State,nd,2017,15,1.18577,1.18577,,,0,,,,18,7,1518
State,nd,2017,16,0.630915,0.630915,,,0,,,,8,6,1268
State,nd,2017,17,0.444939,0.444939,,,0,,,,8,8,1798
State,nd,2017,18,1.35424,1.35424,,,0,,,,19,8,1403
State,nd,2017,19,0.664452,0.664452,,,0,,,,8,7,1204
State,nd,2017,20,0.184502,0.184502,,,0,,,,2,6,1084
State,nd,2017,21,0.184162,0.184162,,,0,,,,2,7,1086
State,nd,2017,22,0.354925,0.354925,,,0,,,,4,4,1127
State,nd,2017,23,0.0,0.0,,,0,,,,0,2,627
State,nd,2017,24,1.06572,1.06572,,,0,,,,6,2,563
State,nd,2017,25,0.0,0.0,,,0,,,,0,2,648
State,nd,2017,26,0.0,0.0,,,0,,,,0,2,540
State,nd,2017,27,0.0,0.0,,,0,,,,0,1,375
State,nd,2017,28,0.0,0.0,,,0,,,,0,2,691
State,nd,2017,29,0.0,0.0,,,0,,,,0,2,595
State,nd,2017,30,0.0,0.0,,,0,,,,0,3,743
State,nd,2017,31,0.337268,0.337268,,,0,,,,2,2,593
State,nd,2017,32,0.0,0.0,,,0,,,,0,1,156
State,nd,2017,33,0.0,0.0,,,0,,,,0,1,158
State,nd,2017,34,0.0,0.0,,,0,,,,0,1,118
State,nd,2017,35,0.826446,0.826446,,,0,,,,1,1,121
State,nd,2017,36,0.943396,0.943396,,,0,,,,1,1,106
State,nd,2017,37,0.0,0.0,,,0,,,,0,1,128
State,nd,2017,38,1.85185,1.85185,,,0,,,,2,1,108
State,nd,2017,39,2.5,2.5,,,0,,,,3,1,120
State,nd,2017,40,0.0759878,0.0759878,,,0,,,,1,7,1316
State,nd,2017,41,0.412371,0.412371,,,0,,,,6,7,1455
State,nd,2017,42,0.413223,0.413223,,,0,,,,3,5,726
State,nd,2017,43,0.564617,0.564617,,,0,,,,9,8,1594
State,nd,2017,44,0.464756,0.464756,,,0,,,,6,7,1291
State,nd,2017,45,0.840336,0.840336,,,0,,,,10,6,1190
State,nd,2017,46,0.45283,0.45283,,,0,,,,6,7,1325
State,nd,2017,47,1.1782,1.1782,,,0,,,,16,9,1358
State,nd,2017,48,0.677048,0.677048,,,0,,,,10,8,1477
State,nd,2017,49,1.28399,1.28399,,,0,,,,17,8,1324
State,nd,2017,50,1.66534,1.66534,,,0,,,,21,7,1261
State,nd,2017,51,3.77778,3.77778,,,0,,,,68,9,1800
State,nd,2017,52,2.34671,2.34671,,,0,,,,31,8,1321
State,ne,2010,40,2.19978,2.19978,,,0,,,,61,13,2773
State,ne,2010,41,2.73532,2.73532,,,0,,,,68,12,2486
State,ne,2010,42,3.31103,3.31103,,,0,,,,94,14,2839
State,ne,2010,43,2.05761,2.05761,,,0,,,,60,14,2916
State,ne,2010,44,0.376712,0.376712,,,0,,,,11,14,2920
State,ne,2010,45,2.96108,2.96108,,,0,,,,105,16,3546
State,ne,2010,46,2.42303,2.42303,,,0,,,,85,16,3508
State,ne,2010,47,0.614754,0.614754,,,0,,,,15,15,2440
State,ne,2010,48,2.8157,2.8157,,,0,,,,99,15,3516
State,ne,2010,49,2.46212,2.46212,,,0,,,,91,16,3696
State,ne,2010,50,3.2371,3.2371,,,0,,,,111,15,3429
State,ne,2010,51,2.22063,2.22063,,,0,,,,62,15,2792
State,ne,2010,52,3.82883,3.82883,,,0,,,,85,14,2220
State,ne,2011,1,3.00619,3.00619,,,0,,,,102,16,3393
State,ne,2011,2,2.95939,2.95939,,,0,,,,86,15,2906
State,ne,2011,3,3.12049,3.12049,,,0,,,,108,16,3461
State,ne,2011,4,4.47843,4.47843,,,0,,,,164,16,3662
State,ne,2011,5,6.28019,6.28019,,,0,,,,156,14,2484
State,ne,2011,6,3.68098,3.68098,,,0,,,,126,15,3423
State,ne,2011,7,4.43182,4.43182,,,0,,,,156,16,3520
State,ne,2011,8,8.24176,8.24176,,,0,,,,300,16,3640
State,ne,2011,9,6.80219,6.80219,,,0,,,,261,16,3837
State,ne,2011,10,5.88957,5.88957,,,0,,,,192,16,3260
State,ne,2011,11,2.89517,2.89517,,,0,,,,87,15,3005
State,ne,2011,12,1.56352,1.56352,,,0,,,,48,15,3070
State,ne,2011,13,1.16105,1.16105,,,0,,,,31,14,2670
State,ne,2011,14,0.894234,0.894234,,,0,,,,29,15,3243
State,ne,2011,15,1.43939,1.43939,,,0,,,,38,14,2640
State,ne,2011,16,1.05422,1.05422,,,0,,,,28,14,2656
State,ne,2011,17,0.513834,0.513834,,,0,,,,13,14,2530
State,ne,2011,18,0.421546,0.421546,,,0,,,,9,12,2135
State,ne,2011,19,0.283286,0.283286,,,0,,,,7,13,2471
State,ne,2011,20,0.395062,0.395062,,,0,,,,8,12,2025
State,ne,2011,21,0.185071,0.185071,,,0,,,,3,11,1621
State,ne,2011,22,0.183374,0.183374,,,0,,,,3,13,1636
State,ne,2011,23,0.330251,0.330251,,,0,,,,5,10,1514
State,ne,2011,24,0.0875657,0.0875657,,,0,,,,1,10,1142
State,ne,2011,25,0.168067,0.168067,,,0,,,,2,9,1190
State,ne,2011,26,0.0656599,0.0656599,,,0,,,,1,11,1523
State,ne,2011,27,0.123609,0.123609,,,0,,,,1,10,809
State,ne,2011,28,0.0517063,0.0517063,,,0,,,,1,11,1934
State,ne,2011,29,0.148478,0.148478,,,0,,,,2,10,1347
State,ne,2011,30,0.264375,0.264375,,,0,,,,4,11,1513
State,ne,2011,31,0.0746269,0.0746269,,,0,,,,1,10,1340
State,ne,2011,32,0.134953,0.134953,,,0,,,,2,10,1482
State,ne,2011,33,0.369822,0.369822,,,0,,,,5,9,1352
State,ne,2011,34,0.191083,0.191083,,,0,,,,3,10,1570
State,ne,2011,35,0.31348,0.31348,,,0,,,,4,9,1276
State,ne,2011,36,0.932994,0.932994,,,0,,,,11,10,1179
State,ne,2011,37,3.05206,3.05206,,,0,,,,34,9,1114
State,ne,2011,38,1.09546,1.09546,,,0,,,,14,10,1278
State,ne,2011,39,0.933707,0.933707,,,0,,,,10,9,1071
State,ne,2011,40,0.592639,0.592639,,,0,,,,19,16,3206
State,ne,2011,41,0.379703,0.379703,,,0,,,,11,16,2897
State,ne,2011,42,0.284991,0.284991,,,0,,,,9,16,3158
State,ne,2011,43,2.12194,2.12194,,,0,,,,79,17,3723
State,ne,2011,44,2.50852,2.50852,,,0,,,,81,16,3229
State,ne,2011,45,2.52708,2.52708,,,0,,,,84,16,3324
State,ne,2011,46,0.331736,0.331736,,,0,,,,9,15,2713
State,ne,2011,47,0.6413,0.6413,,,0,,,,15,15,2339
State,ne,2011,48,2.35746,2.35746,,,0,,,,86,16,3648
State,ne,2011,49,0.749064,0.749064,,,0,,,,22,16,2937
State,ne,2011,50,2.91712,2.91712,,,0,,,,107,17,3668
State,ne,2011,51,2.5609,2.5609,,,0,,,,82,16,3202
State,ne,2011,52,4.84754,4.84754,,,0,,,,124,15,2558
State,ne,2012,1,2.38516,2.38516,,,0,,,,81,17,3396
State,ne,2012,2,2.99539,2.99539,,,0,,,,104,17,3472
State,ne,2012,3,3.42776,3.42776,,,0,,,,121,16,3530
State,ne,2012,4,2.77476,2.77476,,,0,,,,102,17,3676
State,ne,2012,5,4.11413,4.11413,,,0,,,,124,15,3014
State,ne,2012,6,3.47065,3.47065,,,0,,,,123,16,3544
State,ne,2012,7,3.28767,3.28767,,,0,,,,120,17,3650
State,ne,2012,8,3.03721,3.03721,,,0,,,,120,17,3951
State,ne,2012,9,4.29316,4.29316,,,0,,,,140,16,3261
State,ne,2012,10,3.45146,3.45146,,,0,,,,112,16,3245
State,ne,2012,11,2.75108,2.75108,,,0,,,,83,16,3017
State,ne,2012,12,2.16561,2.16561,,,0,,,,68,16,3140
State,ne,2012,13,2.30399,2.30399,,,0,,,,67,16,2908
State,ne,2012,14,2.01005,2.01005,,,0,,,,60,16,2985
State,ne,2012,15,1.90753,1.90753,,,0,,,,59,16,3093
State,ne,2012,16,2.04753,2.04753,,,0,,,,56,14,2735
State,ne,2012,17,1.65508,1.65508,,,0,,,,50,16,3021
State,ne,2012,18,3.22203,3.22203,,,0,,,,55,11,1707
State,ne,2012,19,3.58402,3.58402,,,0,,,,61,10,1702
State,ne,2012,20,2.82455,2.82455,,,0,,,,52,11,1841
State,ne,2012,21,2.43228,2.43228,,,0,,,,44,11,1809
State,ne,2012,22,0.930233,0.930233,,,0,,,,14,11,1505
State,ne,2012,23,0.15186,0.15186,,,0,,,,2,9,1317
State,ne,2012,24,0.435098,0.435098,,,0,,,,6,10,1379
State,ne,2012,25,0.235294,0.235294,,,0,,,,3,9,1275
State,ne,2012,26,0.224972,0.224972,,,0,,,,2,9,889
State,ne,2012,27,0.974513,0.974513,,,0,,,,13,10,1334
State,ne,2012,28,0.293255,0.293255,,,0,,,,4,9,1364
State,ne,2012,29,0.359454,0.359454,,,0,,,,5,10,1391
State,ne,2012,30,0.549073,0.549073,,,0,,,,8,10,1457
State,ne,2012,31,1.03022,1.03022,,,0,,,,15,10,1456
State,ne,2012,32,0.530786,0.530786,,,0,,,,5,9,942
State,ne,2012,33,0.540054,0.540054,,,0,,,,6,9,1111
State,ne,2012,34,2.25485,2.25485,,,0,,,,43,10,1907
State,ne,2012,35,3.18318,3.18318,,,0,,,,53,10,1665
State,ne,2012,36,3.65591,3.65591,,,0,,,,51,9,1395
State,ne,2012,37,4.41065,4.41065,,,0,,,,58,9,1315
State,ne,2012,38,4.86275,4.86275,,,0,,,,62,9,1275
State,ne,2012,39,4.35403,4.35403,,,0,,,,61,9,1401
State,ne,2012,40,2.80287,2.80287,,,0,,,,90,14,3211
State,ne,2012,41,2.66876,2.66876,,,0,,,,85,14,3185
State,ne,2012,42,2.52572,2.52572,,,0,,,,81,14,3207
State,ne,2012,43,3.18166,3.18166,,,0,,,,93,12,2923
State,ne,2012,44,3.04601,3.04601,,,0,,,,94,15,3086
State,ne,2012,45,1.92698,1.92698,,,0,,,,57,15,2958
State,ne,2012,46,3.09826,3.09826,,,0,,,,105,15,3389
State,ne,2012,47,2.12982,2.12982,,,0,,,,63,16,2958
State,ne,2012,48,3.26223,3.26223,,,0,,,,130,16,3985
State,ne,2012,49,2.2716,2.2716,,,0,,,,92,16,4050
State,ne,2012,50,2.82964,2.82964,,,0,,,,97,14,3428
State,ne,2012,51,6.81524,6.81524,,,0,,,,263,15,3859
State,ne,2012,52,10.1455,10.1455,,,0,,,,272,15,2681
State,ne,2013,1,8.65229,8.65229,,,0,,,,321,17,3710
State,ne,2013,2,10.1024,10.1024,,,0,,,,454,17,4494
State,ne,2013,3,9.41499,9.41499,,,0,,,,412,17,4376
State,ne,2013,4,9.67664,9.67664,,,0,,,,398,16,4113
State,ne,2013,5,8.77193,8.77193,,,0,,,,305,16,3477
State,ne,2013,6,6.27462,6.27462,,,0,,,,223,16,3554
State,ne,2013,7,5.84396,5.84396,,,0,,,,197,16,3371
State,ne,2013,8,5.60621,5.60621,,,0,,,,166,15,2961
State,ne,2013,9,4.66401,4.66401,,,0,,,,152,15,3259
State,ne,2013,10,3.06711,3.06711,,,0,,,,101,15,3293
State,ne,2013,11,3.87945,3.87945,,,0,,,,121,15,3119
State,ne,2013,12,3.07491,3.07491,,,0,,,,94,15,3057
State,ne,2013,13,3.34101,3.34101,,,0,,,,87,13,2604
State,ne,2013,14,2.66117,2.66117,,,0,,,,71,13,2668
State,ne,2013,15,2.08668,2.08668,,,0,,,,52,13,2492
State,ne,2013,16,2.99728,2.99728,,,0,,,,66,12,2202
State,ne,2013,17,2.43995,2.43995,,,0,,,,64,13,2623
State,ne,2013,18,2.36794,2.36794,,,0,,,,52,12,2196
State,ne,2013,19,2.20905,2.20905,,,0,,,,41,11,1856
State,ne,2013,20,2.32681,2.32681,,,0,,,,44,11,1891
State,ne,2013,21,2.48705,2.48705,,,0,,,,48,11,1930
State,ne,2013,22,2.81955,2.81955,,,0,,,,30,10,1064
State,ne,2013,23,0.358423,0.358423,,,0,,,,5,10,1395
State,ne,2013,24,0.312175,0.312175,,,0,,,,3,9,961
State,ne,2013,25,0.855615,0.855615,,,0,,,,8,8,935
State,ne,2013,26,0.439078,0.439078,,,0,,,,4,9,911
State,ne,2013,27,0.336134,0.336134,,,0,,,,2,8,595
State,ne,2013,28,0.37831,0.37831,,,0,,,,3,9,793
State,ne,2013,29,0.490196,0.490196,,,0,,,,4,8,816
State,ne,2013,30,0.900901,0.900901,,,0,,,,8,7,888
State,ne,2013,31,0.55788,0.55788,,,0,,,,4,8,717
State,ne,2013,32,4.83736,4.83736,,,0,,,,58,8,1199
State,ne,2013,33,2.94302,2.94302,,,0,,,,47,9,1597
State,ne,2013,34,2.9601,2.9601,,,0,,,,46,9,1554
State,ne,2013,35,0.763359,0.763359,,,0,,,,8,8,1048
State,ne,2013,36,3.4678,3.4678,,,0,,,,49,10,1413
State,ne,2013,37,4.96134,4.96134,,,0,,,,77,9,1552
State,ne,2013,38,3.85941,3.85941,,,0,,,,56,8,1451
State,ne,2013,39,4.7043,4.7043,,,0,,,,70,9,1488
State,ne,2013,40,0.469484,0.469484,,,0,,,,11,15,2343
State,ne,2013,41,0.76,0.76,,,0,,,,19,15,2500
State,ne,2013,42,0.79698,0.79698,,,0,,,,19,15,2384
State,ne,2013,43,0.947672,0.947672,,,0,,,,23,15,2427
State,ne,2013,44,0.472306,0.472306,,,0,,,,11,15,2329
State,ne,2013,45,0.690407,0.690407,,,0,,,,19,16,2752
State,ne,2013,46,0.953107,0.953107,,,0,,,,25,16,2623
State,ne,2013,47,0.679456,0.679456,,,0,,,,17,16,2502
State,ne,2013,48,0.900424,0.900424,,,0,,,,17,16,1888
State,ne,2013,49,0.712946,0.712946,,,0,,,,19,16,2665
State,ne,2013,50,0.899743,0.899743,,,0,,,,21,15,2334
State,ne,2013,51,1.17925,1.17925,,,0,,,,30,16,2544
State,ne,2013,52,1.56863,1.56863,,,0,,,,24,15,1530
State,ne,2014,1,1.87768,1.87768,,,0,,,,35,15,1864
State,ne,2014,2,1.77795,1.77795,,,0,,,,45,15,2531
State,ne,2014,3,1.97794,1.97794,,,0,,,,52,14,2629
State,ne,2014,4,2.49233,2.49233,,,0,,,,65,15,2608
State,ne,2014,5,2.04842,2.04842,,,0,,,,55,15,2685
State,ne,2014,6,1.99442,1.99442,,,0,,,,50,15,2507
State,ne,2014,7,1.21046,1.21046,,,0,,,,31,15,2561
State,ne,2014,8,0.808081,0.808081,,,0,,,,20,15,2475
State,ne,2014,9,0.574713,0.574713,,,0,,,,15,15,2610
State,ne,2014,10,0.97269,0.97269,,,0,,,,26,16,2673
State,ne,2014,11,1.09393,1.09393,,,0,,,,29,15,2651
State,ne,2014,12,0.747664,0.747664,,,0,,,,20,15,2675
State,ne,2014,13,0.44428,0.44428,,,0,,,,12,15,2701
State,ne,2014,14,0.652842,0.652842,,,0,,,,17,15,2604
State,ne,2014,15,0.678989,0.678989,,,0,,,,18,15,2651
State,ne,2014,16,0.510204,0.510204,,,0,,,,13,15,2548
State,ne,2014,17,0.405515,0.405515,,,0,,,,10,15,2466
State,ne,2014,18,0.235849,0.235849,,,0,,,,5,14,2120
State,ne,2014,19,0.647059,0.647059,,,0,,,,11,11,1700
State,ne,2014,20,0.436137,0.436137,,,0,,,,7,11,1605
State,ne,2014,21,0.666667,0.666667,,,0,,,,9,10,1350
State,ne,2014,22,0.564061,0.564061,,,0,,,,7,10,1241
State,ne,2014,23,1.35135,1.35135,,,0,,,,10,8,740
State,ne,2014,24,0.244898,0.244898,,,0,,,,3,9,1225
State,ne,2014,25,0.776531,0.776531,,,0,,,,9,9,1159
State,ne,2014,26,0.738916,0.738916,,,0,,,,6,8,812
State,ne,2014,27,1.18519,1.18519,,,0,,,,8,8,675
State,ne,2014,28,0.40201,0.40201,,,0,,,,4,9,995
State,ne,2014,29,0.740741,0.740741,,,0,,,,7,9,945
State,ne,2014,30,0.786517,0.786517,,,0,,,,7,9,890
State,ne,2014,31,0.753498,0.753498,,,0,,,,7,9,929
State,ne,2014,32,0.925926,0.925926,,,0,,,,6,8,648
State,ne,2014,33,0.686695,0.686695,,,0,,,,8,9,1165
State,ne,2014,34,1.21382,1.21382,,,0,,,,13,9,1071
State,ne,2014,35,1.0979,1.0979,,,0,,,,12,8,1093
State,ne,2014,36,1.07914,1.07914,,,0,,,,9,7,834
State,ne,2014,37,1.89019,1.89019,,,0,,,,21,8,1111
State,ne,2014,38,1.44788,1.44788,,,0,,,,15,7,1036
State,ne,2014,39,1.06075,1.06075,,,0,,,,11,7,1037
State,ne,2014,40,0.630564,0.630564,,,0,,,,17,16,2696
State,ne,2014,41,0.741565,0.741565,,,0,,,,20,15,2697
State,ne,2014,42,0.855545,0.855545,,,0,,,,26,16,3039
State,ne,2014,43,0.530906,0.530906,,,0,,,,14,16,2637
State,ne,2014,44,0.420008,0.420008,,,0,,,,11,16,2619
State,ne,2014,45,0.293871,0.293871,,,0,,,,7,15,2382
State,ne,2014,46,0.684671,0.684671,,,0,,,,18,15,2629
State,ne,2014,47,0.676397,0.676397,,,0,,,,19,16,2809
State,ne,2014,48,0.872516,0.872516,,,0,,,,18,16,2063
State,ne,2014,49,1.12994,1.12994,,,0,,,,32,16,2832
State,ne,2014,50,1.3936,1.3936,,,0,,,,37,15,2655
State,ne,2014,51,2.57791,2.57791,,,0,,,,67,15,2599
State,ne,2014,52,4.92802,4.92802,,,0,,,,89,16,1806
State,ne,2014,53,3.54312,3.54312,,,0,,,,76,16,2145
State,ne,2015,1,2.82328,2.82328,,,0,,,,81,15,2869
State,ne,2015,2,2.54025,2.54025,,,0,,,,71,15,2795
State,ne,2015,3,5.80942,5.80942,,,0,,,,164,14,2823
State,ne,2015,4,4.06442,4.06442,,,0,,,,106,13,2608
State,ne,2015,5,2.80483,2.80483,,,0,,,,72,15,2567
State,ne,2015,6,1.70599,1.70599,,,0,,,,47,15,2755
State,ne,2015,7,1.54268,1.54268,,,0,,,,45,15,2917
State,ne,2015,8,1.48305,1.48305,,,0,,,,42,15,2832
State,ne,2015,9,1.75055,1.75055,,,0,,,,48,15,2742
State,ne,2015,10,2.20345,2.20345,,,0,,,,60,15,2723
State,ne,2015,11,2.3017,2.3017,,,0,,,,65,15,2824
State,ne,2015,12,2.39542,2.39542,,,0,,,,67,15,2797
State,ne,2015,13,2.08991,2.08991,,,0,,,,53,15,2536
State,ne,2015,14,1.28593,1.28593,,,0,,,,34,14,2644
State,ne,2015,15,0.962567,0.962567,,,0,,,,27,15,2805
State,ne,2015,16,0.796312,0.796312,,,0,,,,19,14,2386
State,ne,2015,17,0.679348,0.679348,,,0,,,,15,12,2208
State,ne,2015,18,0.932744,0.932744,,,0,,,,19,12,2037
State,ne,2015,19,0.90854,0.90854,,,0,,,,15,10,1651
State,ne,2015,20,0.614628,0.614628,,,0,,,,10,10,1627
State,ne,2015,21,0.630517,0.630517,,,0,,,,10,10,1586
State,ne,2015,22,0.68408,0.68408,,,0,,,,11,11,1608
State,ne,2015,23,0.667111,0.667111,,,0,,,,10,10,1499
State,ne,2015,24,0.480513,0.480513,,,0,,,,9,11,1873
State,ne,2015,25,0.561224,0.561224,,,0,,,,11,11,1960
State,ne,2015,26,0.373134,0.373134,,,0,,,,6,11,1608
State,ne,2015,27,0.366838,0.366838,,,0,,,,5,9,1363
State,ne,2015,28,0.933908,0.933908,,,0,,,,13,10,1392
State,ne,2015,29,0.785546,0.785546,,,0,,,,10,10,1273
State,ne,2015,30,0.832702,0.832702,,,0,,,,11,9,1321
State,ne,2015,31,1.01664,1.01664,,,0,,,,11,9,1082
State,ne,2015,32,0.44843,0.44843,,,0,,,,6,9,1338
State,ne,2015,33,0.783699,0.783699,,,0,,,,10,9,1276
State,ne,2015,34,0.609756,0.609756,,,0,,,,10,10,1640
State,ne,2015,35,0.507614,0.507614,,,0,,,,8,10,1576
State,ne,2015,36,0.820896,0.820896,,,0,,,,11,10,1340
State,ne,2015,37,0.572519,0.572519,,,0,,,,9,10,1572
State,ne,2015,38,0.720839,0.720839,,,0,,,,11,9,1526
State,ne,2015,39,1.19403,1.19403,,,0,,,,16,9,1340
State,ne,2015,40,0.428878,0.428878,,,0,,,,12,16,2798
State,ne,2015,41,0.451722,0.451722,,,0,,,,16,16,3542
State,ne,2015,42,0.498287,0.498287,,,0,,,,16,16,3211
State,ne,2015,43,0.331583,0.331583,,,0,,,,12,17,3619
State,ne,2015,44,0.489663,0.489663,,,0,,,,18,17,3676
State,ne,2015,45,0.565771,0.565771,,,0,,,,20,17,3535
State,ne,2015,46,0.921788,0.921788,,,0,,,,33,17,3580
State,ne,2015,47,0.697293,0.697293,,,0,,,,17,17,2438
State,ne,2015,48,0.350263,0.350263,,,0,,,,12,16,3426
State,ne,2015,49,0.833066,0.833066,,,0,,,,26,17,3121
State,ne,2015,50,0.545455,0.545455,,,0,,,,18,17,3300
State,ne,2015,51,0.459982,0.459982,,,0,,,,10,17,2174
State,ne,2015,52,0.421151,0.421151,,,0,,,,9,17,2137
State,ne,2016,1,0.529412,0.529412,,,0,,,,18,16,3400
State,ne,2016,2,0.527395,0.527395,,,0,,,,18,17,3413
State,ne,2016,3,0.328554,0.328554,,,0,,,,11,17,3348
State,ne,2016,4,0.406858,0.406858,,,0,,,,14,17,3441
State,ne,2016,5,0.437158,0.437158,,,0,,,,12,16,2745
State,ne,2016,6,0.704424,0.704424,,,0,,,,25,17,3549
State,ne,2016,7,0.699097,0.699097,,,0,,,,24,17,3433
State,ne,2016,8,1.00546,1.00546,,,0,,,,35,16,3481
State,ne,2016,9,1.48835,1.48835,,,0,,,,53,17,3561
State,ne,2016,10,1.60966,1.60966,,,0,,,,56,16,3479
State,ne,2016,11,0.845728,0.845728,,,0,,,,29,17,3429
State,ne,2016,12,1.05159,1.05159,,,0,,,,32,16,3043
State,ne,2016,13,1.08728,1.08728,,,0,,,,37,17,3403
State,ne,2016,14,0.730337,0.730337,,,0,,,,26,16,3560
State,ne,2016,15,0.472953,0.472953,,,0,,,,16,16,3383
State,ne,2016,16,0.350058,0.350058,,,0,,,,12,16,3428
State,ne,2016,17,0.597015,0.597015,,,0,,,,20,16,3350
State,ne,2016,18,0.347442,0.347442,,,0,,,,11,15,3166
State,ne,2016,19,0.336474,0.336474,,,0,,,,10,14,2972
State,ne,2016,20,0.396825,0.396825,,,0,,,,9,12,2268
State,ne,2016,21,0.236546,0.236546,,,0,,,,4,10,1691
State,ne,2016,22,0.564175,0.564175,,,0,,,,8,10,1418
State,ne,2016,23,0.383352,0.383352,,,0,,,,7,10,1826
State,ne,2016,24,0.265957,0.265957,,,0,,,,5,10,1880
State,ne,2016,25,0.554401,0.554401,,,0,,,,8,8,1443
State,ne,2016,26,0.632911,0.632911,,,0,,,,11,10,1738
State,ne,2016,27,0.428266,0.428266,,,0,,,,6,10,1401
State,ne,2016,28,0.369588,0.369588,,,0,,,,7,11,1894
State,ne,2016,29,0.146987,0.146987,,,0,,,,3,10,2041
State,ne,2016,30,0.203046,0.203046,,,0,,,,4,11,1970
State,ne,2016,31,0.380771,0.380771,,,0,,,,8,11,2101
State,ne,2016,32,0.334821,0.334821,,,0,,,,6,9,1792
State,ne,2016,33,0.353565,0.353565,,,0,,,,6,10,1697
State,ne,2016,34,0.316957,0.316957,,,0,,,,6,9,1893
State,ne,2016,35,0.394477,0.394477,,,0,,,,8,11,2028
State,ne,2016,36,0.378993,0.378993,,,0,,,,7,11,1847
State,ne,2016,37,0.381316,0.381316,,,0,,,,8,11,2098
State,ne,2016,38,0.435493,0.435493,,,0,,,,8,9,1837
State,ne,2016,39,0.220386,0.220386,,,0,,,,4,8,1815
State,ne,2016,40,0.335161,0.335161,,,0,,,,11,14,3282
State,ne,2016,41,0.253991,0.253991,,,0,,,,7,13,2756
State,ne,2016,42,0.27907,0.27907,,,0,,,,9,15,3225
State,ne,2016,43,0.15758,0.15758,,,0,,,,5,14,3173
State,ne,2016,44,0.416295,0.416295,,,0,,,,14,15,3363
State,ne,2016,45,0.584966,0.584966,,,0,,,,20,15,3419
State,ne,2016,46,0.409707,0.409707,,,0,,,,13,15,3173
State,ne,2016,47,0.572246,0.572246,,,0,,,,12,15,2097
State,ne,2016,48,0.796266,0.796266,,,0,,,,29,16,3642
State,ne,2016,49,0.466708,0.466708,,,0,,,,15,14,3214
State,ne,2016,50,0.498287,0.498287,,,0,,,,16,12,3211
State,ne,2016,51,0.942737,0.942737,,,0,,,,27,13,2864
State,ne,2016,52,1.00209,1.00209,,,0,,,,24,13,2395
State,ne,2017,1,1.47908,1.47908,,,0,,,,41,14,2772
State,ne,2017,2,1.89937,1.89937,,,0,,,,57,15,3001
State,ne,2017,3,2.86899,2.86899,,,0,,,,83,13,2893
State,ne,2017,4,2.60756,2.60756,,,0,,,,80,13,3068
State,ne,2017,5,3.20242,3.20242,,,0,,,,106,13,3310
State,ne,2017,6,4.17193,4.17193,,,0,,,,132,14,3164
State,ne,2017,7,2.29617,2.29617,,,0,,,,69,13,3005
State,ne,2017,8,1.93638,1.93638,,,0,,,,56,14,2892
State,ne,2017,9,1.24297,1.24297,,,0,,,,42,13,3379
State,ne,2017,10,1.54799,1.54799,,,0,,,,45,13,2907
State,ne,2017,11,1.98883,1.98883,,,0,,,,57,13,2866
State,ne,2017,12,1.35802,1.35802,,,0,,,,44,13,3240
State,ne,2017,13,0.888585,0.888585,,,0,,,,26,12,2926
State,ne,2017,14,0.887282,0.887282,,,0,,,,27,13,3043
State,ne,2017,15,0.635425,0.635425,,,0,,,,16,12,2518
State,ne,2017,16,0.258207,0.258207,,,0,,,,7,12,2711
State,ne,2017,17,0.348888,0.348888,,,0,,,,8,11,2293
State,ne,2017,18,0.266548,0.266548,,,0,,,,6,11,2251
State,ne,2017,19,0.261666,0.261666,,,0,,,,6,11,2293
State,ne,2017,20,0.449583,0.449583,,,0,,,,7,10,1557
State,ne,2017,21,0.0643915,0.0643915,,,0,,,,1,9,1553
State,ne,2017,22,0.192123,0.192123,,,0,,,,2,8,1041
State,ne,2017,23,0.351906,0.351906,,,0,,,,6,10,1705
State,ne,2017,24,0.369231,0.369231,,,0,,,,6,9,1625
State,ne,2017,25,0.236827,0.236827,,,0,,,,4,9,1689
State,ne,2017,26,0.416667,0.416667,,,0,,,,7,9,1680
State,ne,2017,27,0.170503,0.170503,,,0,,,,2,9,1173
State,ne,2017,28,0.191083,0.191083,,,0,,,,3,9,1570
State,ne,2017,29,0.232423,0.232423,,,0,,,,4,9,1721
State,ne,2017,30,0.0,0.0,,,0,,,,0,8,1484
State,ne,2017,31,0.910643,0.910643,,,0,,,,16,9,1757
State,ne,2017,32,0.524781,0.524781,,,0,,,,9,9,1715
State,ne,2017,33,0.198939,0.198939,,,0,,,,3,8,1508
State,ne,2017,34,0.972447,0.972447,,,0,,,,12,8,1234
State,ne,2017,35,0.674663,0.674663,,,0,,,,9,7,1334
State,ne,2017,36,1.2966,1.2966,,,0,,,,8,6,617
State,ne,2017,37,0.423131,0.423131,,,0,,,,6,7,1418
State,ne,2017,38,0.928074,0.928074,,,0,,,,12,7,1293
State,ne,2017,39,0.705219,0.705219,,,0,,,,10,8,1418
State,ne,2017,40,1.28434,1.28434,,,0,,,,108,48,8409
State,ne,2017,41,1.32443,1.32443,,,0,,,,119,48,8985
State,ne,2017,42,1.82091,1.82091,,,0,,,,206,48,11313
State,ne,2017,43,1.89781,1.89781,,,0,,,,208,48,10960
State,ne,2017,44,2.09036,2.09036,,,0,,,,223,48,10668
State,ne,2017,45,2.57595,2.57595,,,0,,,,145,48,5629
State,ne,2017,46,2.63039,2.63039,,,0,,,,232,48,8820
State,ne,2017,47,3.22741,3.22741,,,0,,,,260,49,8056
State,ne,2017,48,2.3439,2.3439,,,0,,,,241,48,10282
State,ne,2017,49,2.43848,2.43848,,,0,,,,217,49,8899
State,ne,2017,50,3.29828,3.29828,,,0,,,,298,49,9035
State,ne,2017,51,3.91286,3.91286,,,0,,,,379,49,9686
State,ne,2017,52,5.50255,5.50255,,,0,,,,496,49,9014
State,nh,2010,40,0.0759301,0.0759301,,,0,,,,3,21,3951
State,nh,2010,41,0.0924642,0.0924642,,,0,,,,4,22,4326
State,nh,2010,42,0.29361,0.29361,,,0,,,,17,29,5790
State,nh,2010,43,0.178795,0.178795,,,0,,,,10,29,5593
State,nh,2010,44,0.294372,0.294372,,,0,,,,17,30,5775
State,nh,2010,45,0.304414,0.304414,,,0,,,,16,29,5256
State,nh,2010,46,0.279281,0.279281,,,0,,,,16,31,5729
State,nh,2010,47,0.205181,0.205181,,,0,,,,8,30,3899
State,nh,2010,48,0.138806,0.138806,,,0,,,,7,29,5043
State,nh,2010,49,0.247015,0.247015,,,0,,,,12,30,4858
State,nh,2010,50,0.070922,0.070922,,,0,,,,4,31,5640
State,nh,2010,51,0.243309,0.243309,,,0,,,,10,31,4110
State,nh,2010,52,0.266046,0.266046,,,0,,,,8,30,3007
State,nh,2011,1,0.328757,0.328757,,,0,,,,17,30,5171
State,nh,2011,2,0.231774,0.231774,,,0,,,,11,29,4746
State,nh,2011,3,0.422744,0.422744,,,0,,,,20,30,4731
State,nh,2011,4,0.413456,0.413456,,,0,,,,22,30,5321
State,nh,2011,5,0.504732,0.504732,,,0,,,,24,30,4755
State,nh,2011,6,0.725821,0.725821,,,0,,,,40,29,5511
State,nh,2011,7,0.66166,0.66166,,,0,,,,37,29,5592
State,nh,2011,8,0.766522,0.766522,,,0,,,,37,27,4827
State,nh,2011,9,0.939249,0.939249,,,0,,,,47,26,5004
State,nh,2011,10,0.529101,0.529101,,,0,,,,28,27,5292
State,nh,2011,11,0.541883,0.541883,,,0,,,,24,27,4429
State,nh,2011,12,0.388199,0.388199,,,0,,,,20,27,5152
State,nh,2011,13,0.484352,0.484352,,,0,,,,26,27,5368
State,nh,2011,14,0.196773,0.196773,,,0,,,,10,25,5082
State,nh,2011,15,0.0591017,0.0591017,,,0,,,,3,25,5076
State,nh,2011,16,0.0441501,0.0441501,,,0,,,,2,25,4530
State,nh,2011,17,0.161253,0.161253,,,0,,,,7,24,4341
State,nh,2011,18,0.0752257,0.0752257,,,0,,,,3,23,3988
State,nh,2011,19,0.0706048,0.0706048,,,0,,,,3,23,4249
State,nh,2011,20,0.0680735,0.0680735,,,0,,,,3,23,4407
State,nh,2011,21,0.03125,0.03125,,,0,,,,1,17,3200
State,nh,2011,22,0.0448229,0.0448229,,,0,,,,1,16,2231
State,nh,2011,23,0.0,0.0,,,0,,,,0,17,3071
State,nh,2011,24,0.0,0.0,,,0,,,,0,16,2691
State,nh,2011,25,0.0367107,0.0367107,,,0,,,,1,16,2724
State,nh,2011,26,0.041876,0.041876,,,0,,,,1,15,2388
State,nh,2011,27,0.0,0.0,,,0,,,,0,16,2176
State,nh,2011,28,0.0,0.0,,,0,,,,0,17,3034
State,nh,2011,29,0.0329381,0.0329381,,,0,,,,1,17,3036
State,nh,2011,30,0.0,0.0,,,0,,,,0,17,3040
State,nh,2011,31,0.0308071,0.0308071,,,0,,,,1,17,3246
State,nh,2011,32,0.0,0.0,,,0,,,,0,17,3129
State,nh,2011,33,0.0314465,0.0314465,,,0,,,,1,17,3180
State,nh,2011,34,0.0,0.0,,,0,,,,0,17,3219
State,nh,2011,35,0.032,0.032,,,0,,,,1,17,3125
State,nh,2011,36,0.0,0.0,,,0,,,,0,15,2372
State,nh,2011,37,0.0297885,0.0297885,,,0,,,,1,17,3357
State,nh,2011,38,0.08726,0.08726,,,0,,,,3,17,3438
State,nh,2011,39,0.150466,0.150466,,,0,,,,5,17,3323
State,nh,2011,40,0.120518,0.120518,,,0,,,,4,26,3319
State,nh,2011,41,0.253646,0.253646,,,0,,,,12,29,4731
State,nh,2011,42,0.128182,0.128182,,,0,,,,7,29,5461
State,nh,2011,43,0.384053,0.384053,,,0,,,,21,30,5468
State,nh,2011,44,0.271897,0.271897,,,0,,,,14,30,5149
State,nh,2011,45,0.285225,0.285225,,,0,,,,15,30,5259
State,nh,2011,46,0.380417,0.380417,,,0,,,,23,30,6046
State,nh,2011,47,0.285789,0.285789,,,0,,,,11,30,3849
State,nh,2011,48,0.33153,0.33153,,,0,,,,19,30,5731
State,nh,2011,49,0.348584,0.348584,,,0,,,,16,29,4590
State,nh,2011,50,0.358637,0.358637,,,0,,,,18,28,5019
State,nh,2011,51,0.220662,0.220662,,,0,,,,11,32,4985
State,nh,2011,52,0.245474,0.245474,,,0,,,,8,30,3259
State,nh,2012,1,0.367647,0.367647,,,0,,,,15,30,4080
State,nh,2012,2,0.140788,0.140788,,,0,,,,7,32,4972
State,nh,2012,3,0.263371,0.263371,,,0,,,,13,32,4936
State,nh,2012,4,0.0986388,0.0986388,,,0,,,,5,31,5069
State,nh,2012,5,0.314465,0.314465,,,0,,,,17,31,5406
State,nh,2012,6,0.256363,0.256363,,,0,,,,14,30,5461
State,nh,2012,7,0.149561,0.149561,,,0,,,,8,30,5349
State,nh,2012,8,0.331744,0.331744,,,0,,,,16,30,4823
State,nh,2012,9,0.0674916,0.0674916,,,0,,,,3,27,4445
State,nh,2012,10,0.099167,0.099167,,,0,,,,5,29,5042
State,nh,2012,11,0.200401,0.200401,,,0,,,,9,29,4491
State,nh,2012,12,0.0869376,0.0869376,,,0,,,,4,27,4601
State,nh,2012,13,0.12844,0.12844,,,0,,,,7,30,5450
State,nh,2012,14,0.166182,0.166182,,,0,,,,8,28,4814
State,nh,2012,15,0.149222,0.149222,,,0,,,,7,27,4691
State,nh,2012,16,0.23986,0.23986,,,0,,,,11,29,4586
State,nh,2012,17,0.136116,0.136116,,,0,,,,6,27,4408
State,nh,2012,18,0.11325,0.11325,,,0,,,,5,27,4415
State,nh,2012,19,0.102407,0.102407,,,0,,,,4,24,3906
State,nh,2012,20,0.0561325,0.0561325,,,0,,,,2,23,3563
State,nh,2012,21,0.097688,0.097688,,,0,,,,3,23,3071
State,nh,2012,22,0.0411353,0.0411353,,,0,,,,1,23,2431
State,nh,2012,23,0.0936914,0.0936914,,,0,,,,3,20,3202
State,nh,2012,24,0.100167,0.100167,,,0,,,,3,18,2995
State,nh,2012,25,0.0,0.0,,,0,,,,0,17,2824
State,nh,2012,26,0.0845666,0.0845666,,,0,,,,2,17,2365
State,nh,2012,27,0.0430849,0.0430849,,,0,,,,1,16,2321
State,nh,2012,28,0.0,0.0,,,0,,,,0,16,2651
State,nh,2012,29,0.0435161,0.0435161,,,0,,,,1,16,2298
State,nh,2012,30,0.0,0.0,,,0,,,,0,16,2687
State,nh,2012,31,0.0815328,0.0815328,,,0,,,,2,16,2453
State,nh,2012,32,0.0,0.0,,,0,,,,0,16,2620
State,nh,2012,33,0.0371747,0.0371747,,,0,,,,1,16,2690
State,nh,2012,34,0.0,0.0,,,0,,,,0,16,2686
State,nh,2012,35,0.0738007,0.0738007,,,0,,,,2,16,2710
State,nh,2012,36,0.086881,0.086881,,,0,,,,2,16,2302
State,nh,2012,37,0.0347947,0.0347947,,,0,,,,1,16,2874
State,nh,2012,38,0.0695652,0.0695652,,,0,,,,2,16,2875
State,nh,2012,39,0.0345781,0.0345781,,,0,,,,1,16,2892
State,nh,2012,40,0.27027,0.27027,,,0,,,,13,27,4810
State,nh,2012,41,0.121242,0.121242,,,0,,,,5,25,4124
State,nh,2012,42,0.0763942,0.0763942,,,0,,,,4,30,5236
State,nh,2012,43,0.148841,0.148841,,,0,,,,7,28,4703
State,nh,2012,44,0.145702,0.145702,,,0,,,,6,27,4118
State,nh,2012,45,0.166632,0.166632,,,0,,,,8,28,4801
State,nh,2012,46,0.136612,0.136612,,,0,,,,6,28,4392
State,nh,2012,47,0.191571,0.191571,,,0,,,,6,27,3132
State,nh,2012,48,0.356415,0.356415,,,0,,,,14,25,3928
State,nh,2012,49,0.406091,0.406091,,,0,,,,20,28,4925
State,nh,2012,50,0.81172,0.81172,,,0,,,,41,28,5051
State,nh,2012,51,1.81046,1.81046,,,0,,,,81,29,4474
State,nh,2012,52,2.24676,2.24676,,,0,,,,59,29,2626
State,nh,2013,1,2.4187,2.4187,,,0,,,,90,28,3721
State,nh,2013,2,3.09771,3.09771,,,0,,,,149,28,4810
State,nh,2013,3,2.3704,2.3704,,,0,,,,107,27,4514
State,nh,2013,4,1.14967,1.14967,,,0,,,,55,29,4784
State,nh,2013,5,0.90151,0.90151,,,0,,,,40,29,4437
State,nh,2013,6,0.714445,0.714445,,,0,,,,32,27,4479
State,nh,2013,7,0.439422,0.439422,,,0,,,,21,28,4779
State,nh,2013,8,0.502952,0.502952,,,0,,,,23,28,4573
State,nh,2013,9,0.810214,0.810214,,,0,,,,33,26,4073
State,nh,2013,10,0.350058,0.350058,,,0,,,,15,23,4285
State,nh,2013,11,0.383247,0.383247,,,0,,,,14,25,3653
State,nh,2013,12,0.609162,0.609162,,,0,,,,25,25,4104
State,nh,2013,13,0.333704,0.333704,,,0,,,,15,26,4495
State,nh,2013,14,0.301789,0.301789,,,0,,,,14,26,4639
State,nh,2013,15,0.595998,0.595998,,,0,,,,28,26,4698
State,nh,2013,16,0.105597,0.105597,,,0,,,,4,24,3788
State,nh,2013,17,0.134862,0.134862,,,0,,,,4,22,2966
State,nh,2013,18,0.150966,0.150966,,,0,,,,5,23,3312
State,nh,2013,19,0.0,0.0,,,0,,,,0,23,3328
State,nh,2013,20,0.036914,0.036914,,,0,,,,1,19,2709
State,nh,2013,21,0.0394322,0.0394322,,,0,,,,1,16,2536
State,nh,2013,22,0.0,0.0,,,0,,,,0,17,2344
State,nh,2013,23,0.0518403,0.0518403,,,0,,,,1,16,1929
State,nh,2013,24,0.0365497,0.0365497,,,0,,,,1,17,2736
State,nh,2013,25,0.0,0.0,,,0,,,,0,17,2564
State,nh,2013,26,0.0851064,0.0851064,,,0,,,,2,16,2350
State,nh,2013,27,0.105374,0.105374,,,0,,,,2,15,1898
State,nh,2013,28,0.0776398,0.0776398,,,0,,,,2,17,2576
State,nh,2013,29,0.0392465,0.0392465,,,0,,,,1,16,2548
State,nh,2013,30,0.0,0.0,,,0,,,,0,16,2622
State,nh,2013,31,0.0446628,0.0446628,,,0,,,,1,15,2239
State,nh,2013,32,0.0460193,0.0460193,,,0,,,,1,15,2173
State,nh,2013,33,0.0457038,0.0457038,,,0,,,,1,14,2188
State,nh,2013,34,0.084246,0.084246,,,0,,,,2,16,2374
State,nh,2013,35,0.0,0.0,,,0,,,,0,16,2683
State,nh,2013,36,0.1443,0.1443,,,0,,,,3,16,2079
State,nh,2013,37,0.0382409,0.0382409,,,0,,,,1,16,2615
State,nh,2013,38,0.0581058,0.0581058,,,0,,,,1,14,1721
State,nh,2013,39,0.0802246,0.0802246,,,0,,,,2,15,2493
State,nh,2013,40,0.0760601,0.0760601,,,0,,,,4,28,5259
State,nh,2013,41,0.0736784,0.0736784,,,0,,,,4,30,5429
State,nh,2013,42,0.0366838,0.0366838,,,0,,,,2,30,5452
State,nh,2013,43,0.122951,0.122951,,,0,,,,6,29,4880
State,nh,2013,44,0.144796,0.144796,,,0,,,,8,30,5525
State,nh,2013,45,0.273684,0.273684,,,0,,,,13,29,4750
State,nh,2013,46,0.191083,0.191083,,,0,,,,9,28,4710
State,nh,2013,47,0.216068,0.216068,,,0,,,,11,29,5091
State,nh,2013,48,0.157679,0.157679,,,0,,,,5,29,3171
State,nh,2013,49,0.107852,0.107852,,,0,,,,5,26,4636
State,nh,2013,50,0.172117,0.172117,,,0,,,,7,22,4067
State,nh,2013,51,0.101807,0.101807,,,0,,,,4,27,3929
State,nh,2013,52,0.512164,0.512164,,,0,,,,12,27,2343
State,nh,2014,1,0.384212,0.384212,,,0,,,,11,27,2863
State,nh,2014,2,0.826887,0.826887,,,0,,,,31,26,3749
State,nh,2014,3,0.977278,0.977278,,,0,,,,40,26,4093
State,nh,2014,4,1.08745,1.08745,,,0,,,,48,27,4414
State,nh,2014,5,0.574205,0.574205,,,0,,,,26,26,4528
State,nh,2014,6,0.830816,0.830816,,,0,,,,33,26,3972
State,nh,2014,7,0.363542,0.363542,,,0,,,,14,25,3851
State,nh,2014,8,0.516917,0.516917,,,0,,,,22,25,4256
State,nh,2014,9,0.374964,0.374964,,,0,,,,13,22,3467
State,nh,2014,10,0.294827,0.294827,,,0,,,,11,23,3731
State,nh,2014,11,0.492914,0.492914,,,0,,,,16,25,3246
State,nh,2014,12,0.254866,0.254866,,,0,,,,11,25,4316
State,nh,2014,13,0.12475,0.12475,,,0,,,,5,21,4008
State,nh,2014,14,0.294184,0.294184,,,0,,,,13,25,4419
State,nh,2014,15,0.416157,0.416157,,,0,,,,17,24,4085
State,nh,2014,16,0.381679,0.381679,,,0,,,,15,20,3930
State,nh,2014,17,0.268673,0.268673,,,0,,,,10,22,3722
State,nh,2014,18,0.124766,0.124766,,,0,,,,4,20,3206
State,nh,2014,19,0.418556,0.418556,,,0,,,,12,17,2867
State,nh,2014,20,0.125313,0.125313,,,0,,,,4,17,3192
State,nh,2014,21,0.0335796,0.0335796,,,0,,,,1,17,2978
State,nh,2014,22,0.0,0.0,,,0,,,,0,14,1911
State,nh,2014,23,0.0393236,0.0393236,,,0,,,,1,15,2543
State,nh,2014,24,0.0,0.0,,,0,,,,0,14,2539
State,nh,2014,25,0.0421408,0.0421408,,,0,,,,1,14,2373
State,nh,2014,26,0.0454339,0.0454339,,,0,,,,1,14,2201
State,nh,2014,27,0.199071,0.199071,,,0,,,,3,12,1507
State,nh,2014,28,0.0,0.0,,,0,,,,0,13,2144
State,nh,2014,29,0.0,0.0,,,0,,,,0,15,2355
State,nh,2014,30,0.0,0.0,,,0,,,,0,12,1820
State,nh,2014,31,0.0,0.0,,,0,,,,0,13,1997
State,nh,2014,32,0.0,0.0,,,0,,,,0,12,1878
State,nh,2014,33,0.0,0.0,,,0,,,,0,13,1327
State,nh,2014,34,0.0,0.0,,,0,,,,0,14,2159
State,nh,2014,35,0.0883002,0.0883002,,,0,,,,2,14,2265
State,nh,2014,36,0.0510204,0.0510204,,,0,,,,1,15,1960
State,nh,2014,37,0.178651,0.178651,,,0,,,,4,14,2239
State,nh,2014,38,0.087146,0.087146,,,0,,,,2,14,2295
State,nh,2014,39,0.0,0.0,,,0,,,,0,15,2204
State,nh,2014,40,0.0233372,0.0233372,,,0,,,,1,22,4285
State,nh,2014,41,0.281577,0.281577,,,0,,,,14,26,4972
State,nh,2014,42,0.0609756,0.0609756,,,0,,,,3,26,4920
State,nh,2014,43,0.10142,0.10142,,,0,,,,5,26,4930
State,nh,2014,44,0.269906,0.269906,,,0,,,,14,27,5187
State,nh,2014,45,0.299222,0.299222,,,0,,,,15,27,5013
State,nh,2014,46,0.241935,0.241935,,,0,,,,12,27,4960
State,nh,2014,47,0.225317,0.225317,,,0,,,,11,25,4882
State,nh,2014,48,0.0902799,0.0902799,,,0,,,,3,26,3323
State,nh,2014,49,0.157092,0.157092,,,0,,,,7,26,4456
State,nh,2014,50,0.135747,0.135747,,,0,,,,6,26,4420
State,nh,2014,51,0.282978,0.282978,,,0,,,,13,26,4594
State,nh,2014,52,0.255195,0.255195,,,0,,,,7,24,2743
State,nh,2014,53,0.721709,0.721709,,,0,,,,25,26,3464
State,nh,2015,1,1.11036,1.11036,,,0,,,,49,26,4413
State,nh,2015,2,1.02768,1.02768,,,0,,,,49,27,4768
State,nh,2015,3,1.9408,1.9408,,,0,,,,99,27,5101
State,nh,2015,4,1.68977,1.68977,,,0,,,,78,27,4616
State,nh,2015,5,1.88324,1.88324,,,0,,,,90,26,4779
State,nh,2015,6,1.37758,1.37758,,,0,,,,66,26,4791
State,nh,2015,7,1.30143,1.30143,,,0,,,,62,27,4764
State,nh,2015,8,0.779111,0.779111,,,0,,,,37,27,4749
State,nh,2015,9,0.765249,0.765249,,,0,,,,34,25,4443
State,nh,2015,10,0.614667,0.614667,,,0,,,,29,26,4718
State,nh,2015,11,0.257954,0.257954,,,0,,,,12,26,4652
State,nh,2015,12,0.386681,0.386681,,,0,,,,18,24,4655
State,nh,2015,13,0.42687,0.42687,,,0,,,,19,25,4451
State,nh,2015,14,0.442478,0.442478,,,0,,,,22,26,4972
State,nh,2015,15,0.241228,0.241228,,,0,,,,11,24,4560
State,nh,2015,16,0.349913,0.349913,,,0,,,,14,23,4001
State,nh,2015,17,0.262467,0.262467,,,0,,,,12,25,4572
State,nh,2015,18,0.137394,0.137394,,,0,,,,6,25,4367
State,nh,2015,19,0.0493218,0.0493218,,,0,,,,2,24,4055
State,nh,2015,20,0.106326,0.106326,,,0,,,,4,20,3762
State,nh,2015,21,0.0,0.0,,,0,,,,0,20,3358
State,nh,2015,22,0.0826446,0.0826446,,,0,,,,3,19,3630
State,nh,2015,23,0.0828729,0.0828729,,,0,,,,3,19,3620
State,nh,2015,24,0.0589971,0.0589971,,,0,,,,2,19,3390
State,nh,2015,25,0.0300933,0.0300933,,,0,,,,1,19,3323
State,nh,2015,26,0.036483,0.036483,,,0,,,,1,17,2741
State,nh,2015,27,0.0,0.0,,,0,,,,0,16,2559
State,nh,2015,28,0.0343171,0.0343171,,,0,,,,1,16,2914
State,nh,2015,29,0.0,0.0,,,0,,,,0,16,2970
State,nh,2015,30,0.0,0.0,,,0,,,,0,17,2983
State,nh,2015,31,0.0345543,0.0345543,,,0,,,,1,17,2894
State,nh,2015,32,0.0,0.0,,,0,,,,0,17,3060
State,nh,2015,33,0.0859845,0.0859845,,,0,,,,2,15,2326
State,nh,2015,34,0.0,0.0,,,0,,,,0,16,2799
State,nh,2015,35,0.0729395,0.0729395,,,0,,,,2,16,2742
State,nh,2015,36,0.0478927,0.0478927,,,0,,,,1,15,2088
State,nh,2015,37,0.0733138,0.0733138,,,0,,,,2,15,2728
State,nh,2015,38,0.11592,0.11592,,,0,,,,3,15,2588
State,nh,2015,39,0.0653595,0.0653595,,,0,,,,2,17,3060
State,nh,2015,40,0.0828672,0.0828672,,,0,,,,4,22,4827
State,nh,2015,41,0.17753,0.17753,,,0,,,,7,21,3943
State,nh,2015,42,0.137426,0.137426,,,0,,,,6,21,4366
State,nh,2015,43,0.20979,0.20979,,,0,,,,9,22,4290
State,nh,2015,44,0.240385,0.240385,,,0,,,,10,21,4160
State,nh,2015,45,0.209809,0.209809,,,0,,,,8,20,3813
State,nh,2015,46,0.279525,0.279525,,,0,,,,12,20,4293
State,nh,2015,47,0.10772,0.10772,,,0,,,,3,20,2785
State,nh,2015,48,0.463897,0.463897,,,0,,,,23,23,4958
State,nh,2015,49,0.464084,0.464084,,,0,,,,23,23,4956
State,nh,2015,50,0.400168,0.400168,,,0,,,,19,21,4748
State,nh,2015,51,0.416934,0.416934,,,0,,,,13,21,3118
State,nh,2015,52,0.509404,0.509404,,,0,,,,13,19,2552
State,nh,2016,1,0.368409,0.368409,,,0,,,,16,21,4343
State,nh,2016,2,0.480077,0.480077,,,0,,,,20,20,4166
State,nh,2016,3,0.408163,0.408163,,,0,,,,18,22,4410
State,nh,2016,4,0.45045,0.45045,,,0,,,,23,22,5106
State,nh,2016,5,0.588713,0.588713,,,0,,,,29,22,4926
State,nh,2016,6,0.626305,0.626305,,,0,,,,30,21,4790
State,nh,2016,7,0.655165,0.655165,,,0,,,,30,21,4579
State,nh,2016,8,0.753212,0.753212,,,0,,,,34,21,4514
State,nh,2016,9,0.783828,0.783828,,,0,,,,38,21,4848
State,nh,2016,10,1.2543,1.2543,,,0,,,,62,21,4943
State,nh,2016,11,1.27737,1.27737,,,0,,,,49,20,3836
State,nh,2016,12,1.18102,1.18102,,,0,,,,58,21,4911
State,nh,2016,13,1.36437,1.36437,,,0,,,,68,21,4984
State,nh,2016,14,0.932994,0.932994,,,0,,,,44,21,4716
State,nh,2016,15,0.750313,0.750313,,,0,,,,36,21,4798
State,nh,2016,16,0.424989,0.424989,,,0,,,,20,21,4706
State,nh,2016,17,0.428266,0.428266,,,0,,,,20,21,4670
State,nh,2016,18,0.56843,0.56843,,,0,,,,26,20,4574
State,nh,2016,19,0.417864,0.417864,,,0,,,,16,19,3829
State,nh,2016,20,0.471698,0.471698,,,0,,,,17,19,3604
State,nh,2016,21,0.264296,0.264296,,,0,,,,11,19,4162
State,nh,2016,22,0.379027,0.379027,,,0,,,,12,19,3166
State,nh,2016,23,0.406642,0.406642,,,0,,,,12,16,2951
State,nh,2016,24,0.3001,0.3001,,,0,,,,9,17,2999
State,nh,2016,25,0.187477,0.187477,,,0,,,,5,16,2667
State,nh,2016,26,0.247001,0.247001,,,0,,,,7,17,2834
State,nh,2016,27,0.138504,0.138504,,,0,,,,3,17,2166
State,nh,2016,28,0.351741,0.351741,,,0,,,,10,17,2843
State,nh,2016,29,0.266845,0.266845,,,0,,,,8,17,2998
State,nh,2016,30,0.411734,0.411734,,,0,,,,8,16,1943
State,nh,2016,31,0.505561,0.505561,,,0,,,,10,16,1978
State,nh,2016,32,0.469729,0.469729,,,0,,,,9,15,1916
State,nh,2016,33,0.369783,0.369783,,,0,,,,7,16,1893
State,nh,2016,34,0.498753,0.498753,,,0,,,,10,16,2005
State,nh,2016,35,0.341463,0.341463,,,0,,,,7,16,2050
State,nh,2016,36,0.588235,0.588235,,,0,,,,10,16,1700
State,nh,2016,37,0.260281,0.260281,,,0,,,,5,16,1921
State,nh,2016,38,0.455373,0.455373,,,0,,,,10,15,2196
State,nh,2016,39,0.408998,0.408998,,,0,,,,10,17,2445
State,nh,2016,40,0.249252,0.249252,,,0,,,,10,20,4012
State,nh,2016,41,0.225035,0.225035,,,0,,,,8,18,3555
State,nh,2016,42,0.219619,0.219619,,,0,,,,9,19,4098
State,nh,2016,43,0.332305,0.332305,,,0,,,,14,20,4213
State,nh,2016,44,0.50438,0.50438,,,0,,,,19,19,3767
State,nh,2016,45,0.461277,0.461277,,,0,,,,19,21,4119
State,nh,2016,46,0.353857,0.353857,,,0,,,,15,20,4239
State,nh,2016,47,0.356506,0.356506,,,0,,,,10,21,2805
State,nh,2016,48,0.299057,0.299057,,,0,,,,13,21,4347
State,nh,2016,49,0.333847,0.333847,,,0,,,,13,20,3894
State,nh,2016,50,0.463679,0.463679,,,0,,,,18,20,3882
State,nh,2016,51,0.563222,0.563222,,,0,,,,20,21,3551
State,nh,2016,52,0.219974,0.219974,,,0,,,,5,20,2273
State,nh,2017,1,0.536616,0.536616,,,0,,,,17,21,3168
State,nh,2017,2,0.620417,0.620417,,,0,,,,22,21,3546
State,nh,2017,3,0.517007,0.517007,,,0,,,,19,21,3675
State,nh,2017,4,0.693756,0.693756,,,0,,,,28,21,4036
State,nh,2017,5,0.632431,0.632431,,,0,,,,25,20,3953
State,nh,2017,6,1.19889,1.19889,,,0,,,,39,19,3253
State,nh,2017,7,1.6573,1.6573,,,0,,,,59,20,3560
State,nh,2017,8,1.71595,1.71595,,,0,,,,65,20,3788
State,nh,2017,9,1.18394,1.18394,,,0,,,,41,20,3463
State,nh,2017,10,1.06908,1.06908,,,0,,,,39,18,3648
State,nh,2017,11,1.24528,1.24528,,,0,,,,33,18,2650
State,nh,2017,12,1.09769,1.09769,,,0,,,,40,18,3644
State,nh,2017,13,0.891892,0.891892,,,0,,,,33,18,3700
State,nh,2017,14,1.77638,1.77638,,,0,,,,68,18,3828
State,nh,2017,15,0.722624,0.722624,,,0,,,,26,17,3598
State,nh,2017,16,1.16248,1.16248,,,0,,,,43,18,3699
State,nh,2017,17,0.540541,0.540541,,,0,,,,19,18,3515
State,nh,2017,18,0.421941,0.421941,,,0,,,,15,18,3555
State,nh,2017,19,0.682788,0.682788,,,0,,,,24,18,3515
State,nh,2017,20,0.373367,0.373367,,,0,,,,12,17,3214
State,nh,2017,21,0.388007,0.388007,,,0,,,,11,17,2835
State,nh,2017,22,0.471032,0.471032,,,0,,,,10,15,2123
State,nh,2017,23,0.2456,0.2456,,,0,,,,6,16,2443
State,nh,2017,24,0.239521,0.239521,,,0,,,,6,16,2505
State,nh,2017,25,0.424268,0.424268,,,0,,,,10,16,2357
State,nh,2017,26,0.12848,0.12848,,,0,,,,3,16,2335
State,nh,2017,27,0.42709,0.42709,,,0,,,,7,16,1639
State,nh,2017,28,0.660211,0.660211,,,0,,,,15,15,2272
State,nh,2017,29,0.402994,0.402994,,,0,,,,7,15,1737
State,nh,2017,30,0.589391,0.589391,,,0,,,,9,14,1527
State,nh,2017,31,0.33761,0.33761,,,0,,,,5,14,1481
State,nh,2017,32,0.357782,0.357782,,,0,,,,6,14,1677
State,nh,2017,33,0.606878,0.606878,,,0,,,,9,14,1483
State,nh,2017,34,0.431034,0.431034,,,0,,,,7,14,1624
State,nh,2017,35,0.287219,0.287219,,,0,,,,6,14,2089
State,nh,2017,36,0.282646,0.282646,,,0,,,,5,13,1769
State,nh,2017,37,0.720461,0.720461,,,0,,,,15,13,2082
State,nh,2017,38,0.448029,0.448029,,,0,,,,10,13,2232
State,nh,2017,39,0.633446,0.633446,,,0,,,,15,13,2368
State,nh,2017,40,0.679222,0.679222,,,0,,,,22,17,3239
State,nh,2017,41,0.387919,0.387919,,,0,,,,14,18,3609
State,nh,2017,42,0.454933,0.454933,,,0,,,,16,18,3517
State,nh,2017,43,0.645705,0.645705,,,0,,,,23,17,3562
State,nh,2017,44,0.720504,0.720504,,,0,,,,24,18,3331
State,nh,2017,45,0.613497,0.613497,,,0,,,,22,18,3586
State,nh,2017,46,0.375171,0.375171,,,0,,,,11,14,2932
State,nh,2017,47,0.722022,0.722022,,,0,,,,16,17,2216
State,nh,2017,48,0.76945,0.76945,,,0,,,,27,17,3509
State,nh,2017,49,0.62383,0.62383,,,0,,,,20,17,3206
State,nh,2017,50,0.785597,0.785597,,,0,,,,24,17,3055
State,nh,2017,51,0.831444,0.831444,,,0,,,,22,17,2646
State,nh,2017,52,0.787879,0.787879,,,0,,,,13,17,1650
State,nj,2010,40,2.31534,2.31534,,,0,,,,163,23,7040
State,nj,2010,41,2.47836,2.47836,,,0,,,,189,24,7626
State,nj,2010,42,2.24812,2.24812,,,0,,,,191,25,8496
State,nj,2010,43,2.79286,2.79286,,,0,,,,216,23,7734
State,nj,2010,44,1.82877,1.82877,,,0,,,,113,25,6179
State,nj,2010,45,2.2031,2.2031,,,0,,,,169,25,7671
State,nj,2010,46,2.13716,2.13716,,,0,,,,158,24,7393
State,nj,2010,47,2.41758,2.41758,,,0,,,,143,25,5915
State,nj,2010,48,2.60116,2.60116,,,0,,,,144,24,5536
State,nj,2010,49,2.65371,2.65371,,,0,,,,183,24,6896
State,nj,2010,50,3.20073,3.20073,,,0,,,,210,25,6561
State,nj,2010,51,4.6438,4.6438,,,0,,,,264,25,5685
State,nj,2010,52,4.91358,4.91358,,,0,,,,199,25,4050
State,nj,2011,1,3.95271,3.95271,,,0,,,,224,25,5667
State,nj,2011,2,4.97268,4.97268,,,0,,,,273,25,5490
State,nj,2011,3,5.12435,5.12435,,,0,,,,307,25,5991
State,nj,2011,4,5.90291,5.90291,,,0,,,,321,25,5438
State,nj,2011,5,5.5993,5.5993,,,0,,,,384,25,6858
State,nj,2011,6,5.86393,5.86393,,,0,,,,412,25,7026
State,nj,2011,7,6.11392,6.11392,,,0,,,,351,24,5741
State,nj,2011,8,6.69849,6.69849,,,0,,,,421,24,6285
State,nj,2011,9,5.74113,5.74113,,,0,,,,440,24,7664
State,nj,2011,10,5.05526,5.05526,,,0,,,,247,22,4886
State,nj,2011,11,4.68859,4.68859,,,0,,,,201,21,4287
State,nj,2011,12,3.41036,3.41036,,,0,,,,183,22,5366
State,nj,2011,13,4.60678,4.60678,,,0,,,,239,22,5188
State,nj,2011,14,3.39574,3.39574,,,0,,,,185,22,5448
State,nj,2011,15,2.74671,2.74671,,,0,,,,140,21,5097
State,nj,2011,16,2.79318,2.79318,,,0,,,,136,19,4869
State,nj,2011,17,2.76842,2.76842,,,0,,,,189,20,6827
State,nj,2011,18,2.01081,2.01081,,,0,,,,93,19,4625
State,nj,2011,19,2.22222,2.22222,,,0,,,,102,18,4590
State,nj,2011,20,2.69103,2.69103,,,0,,,,162,21,6020
State,nj,2011,21,2.94975,2.94975,,,0,,,,162,20,5492
State,nj,2011,22,2.52839,2.52839,,,0,,,,118,20,4667
State,nj,2011,23,2.77982,2.77982,,,0,,,,151,19,5432
State,nj,2011,24,3.07871,3.07871,,,0,,,,106,18,3443
State,nj,2011,25,2.93454,2.93454,,,0,,,,117,18,3987
State,nj,2011,26,0.885138,0.885138,,,0,,,,43,19,4858
State,nj,2011,27,0.278035,0.278035,,,0,,,,9,19,3237
State,nj,2011,28,0.226693,0.226693,,,0,,,,8,19,3529
State,nj,2011,29,0.107411,0.107411,,,0,,,,4,18,3724
State,nj,2011,30,0.282486,0.282486,,,0,,,,11,17,3894
State,nj,2011,31,0.376921,0.376921,,,0,,,,13,16,3449
State,nj,2011,32,0.725295,0.725295,,,0,,,,16,15,2206
State,nj,2011,33,0.374208,0.374208,,,0,,,,13,17,3474
State,nj,2011,34,0.288517,0.288517,,,0,,,,10,17,3466
State,nj,2011,35,0.262536,0.262536,,,0,,,,10,16,3809
State,nj,2011,36,0.3003,0.3003,,,0,,,,12,16,3996
State,nj,2011,37,0.318979,0.318979,,,0,,,,16,16,5016
State,nj,2011,38,0.458891,0.458891,,,0,,,,24,17,5230
State,nj,2011,39,0.577327,0.577327,,,0,,,,33,16,5716
State,nj,2011,40,0.892694,0.892694,,,0,,,,49,18,5489
State,nj,2011,41,0.786838,0.786838,,,0,,,,44,19,5592
State,nj,2011,42,0.849558,0.849558,,,0,,,,48,19,5650
State,nj,2011,43,0.800712,0.800712,,,0,,,,45,19,5620
State,nj,2011,44,1.10031,1.10031,,,0,,,,60,19,5453
State,nj,2011,45,1.00402,1.00402,,,0,,,,55,19,5478
State,nj,2011,46,1.21234,1.21234,,,0,,,,66,19,5444
State,nj,2011,47,1.40955,1.40955,,,0,,,,54,18,3831
State,nj,2011,48,1.10861,1.10861,,,0,,,,59,19,5322
State,nj,2011,49,1.10777,1.10777,,,0,,,,59,19,5326
State,nj,2011,50,1.10917,1.10917,,,0,,,,57,19,5139
State,nj,2011,51,0.643678,0.643678,,,0,,,,28,18,4350
State,nj,2011,52,0.621891,0.621891,,,0,,,,15,16,2412
State,nj,2012,1,1.05178,1.05178,,,0,,,,39,19,3708
State,nj,2012,2,0.575402,0.575402,,,0,,,,24,19,4171
State,nj,2012,3,0.785512,0.785512,,,0,,,,36,18,4583
State,nj,2012,4,0.758214,0.758214,,,0,,,,45,19,5935
State,nj,2012,5,0.807918,0.807918,,,0,,,,40,19,4951
State,nj,2012,6,0.813166,0.813166,,,0,,,,42,19,5165
State,nj,2012,7,0.816933,0.816933,,,0,,,,44,19,5386
State,nj,2012,8,0.838095,0.838095,,,0,,,,44,19,5250
State,nj,2012,9,0.975707,0.975707,,,0,,,,49,18,5022
State,nj,2012,10,1.34273,1.34273,,,0,,,,61,18,4543
State,nj,2012,11,0.885591,0.885591,,,0,,,,37,17,4178
State,nj,2012,12,0.95732,0.95732,,,0,,,,48,18,5014
State,nj,2012,13,0.801221,0.801221,,,0,,,,42,18,5242
State,nj,2012,14,1.15403,1.15403,,,0,,,,49,18,4246
State,nj,2012,15,0.847647,0.847647,,,0,,,,38,17,4483
State,nj,2012,16,0.978394,0.978394,,,0,,,,48,17,4906
State,nj,2012,17,0.749906,0.749906,,,0,,,,40,16,5334
State,nj,2012,18,1.02529,1.02529,,,0,,,,45,17,4389
State,nj,2012,19,0.440222,0.440222,,,0,,,,19,17,4316
State,nj,2012,20,0.509793,0.509793,,,0,,,,19,17,3727
State,nj,2012,21,0.164204,0.164204,,,0,,,,6,15,3654
State,nj,2012,22,0.279764,0.279764,,,0,,,,9,16,3217
State,nj,2012,23,0.0912686,0.0912686,,,0,,,,3,16,3287
State,nj,2012,24,0.152532,0.152532,,,0,,,,5,16,3278
State,nj,2012,25,0.141393,0.141393,,,0,,,,4,16,2829
State,nj,2012,26,0.153092,0.153092,,,0,,,,5,16,3266
State,nj,2012,27,0.343495,0.343495,,,0,,,,8,16,2329
State,nj,2012,28,0.0576535,0.0576535,,,0,,,,2,16,3469
State,nj,2012,29,0.0359195,0.0359195,,,0,,,,1,15,2784
State,nj,2012,30,0.193517,0.193517,,,0,,,,4,14,2067
State,nj,2012,31,0.115009,0.115009,,,0,,,,2,12,1739
State,nj,2012,32,0.0548847,0.0548847,,,0,,,,1,12,1822
State,nj,2012,33,0.0512295,0.0512295,,,0,,,,1,12,1952
State,nj,2012,34,0.331492,0.331492,,,0,,,,6,12,1810
State,nj,2012,35,0.466563,0.466563,,,0,,,,6,11,1286
State,nj,2012,36,0.609537,0.609537,,,0,,,,17,13,2789
State,nj,2012,37,0.65872,0.65872,,,0,,,,21,12,3188
State,nj,2012,38,0.699913,0.699913,,,0,,,,24,13,3429
State,nj,2012,39,0.795837,0.795837,,,0,,,,26,12,3267
State,nj,2012,40,1.36904,1.36904,,,0,,,,68,17,4967
State,nj,2012,41,1.70536,1.70536,,,0,,,,83,17,4867
State,nj,2012,42,1.39434,1.39434,,,0,,,,71,19,5092
State,nj,2012,43,1.45544,1.45544,,,0,,,,113,20,7764
State,nj,2012,44,1.27737,1.27737,,,0,,,,49,18,3836
State,nj,2012,45,1.80709,1.80709,,,0,,,,80,19,4427
State,nj,2012,46,1.39585,1.39585,,,0,,,,103,20,7379
State,nj,2012,47,1.36441,1.36441,,,0,,,,72,18,5277
State,nj,2012,48,2.2386,2.2386,,,0,,,,161,18,7192
State,nj,2012,49,2.2145,2.2145,,,0,,,,172,20,7767
State,nj,2012,50,2.15569,2.15569,,,0,,,,126,19,5845
State,nj,2012,51,3.84972,3.84972,,,0,,,,166,19,4312
State,nj,2012,52,5.44188,5.44188,,,0,,,,250,20,4594
State,nj,2013,1,5.00187,5.00187,,,0,,,,268,20,5358
State,nj,2013,2,4.94719,4.94719,,,0,,,,356,19,7196
State,nj,2013,3,5.61734,5.61734,,,0,,,,399,20,7103
State,nj,2013,4,4.94037,4.94037,,,0,,,,348,20,7044
State,nj,2013,5,4.63762,4.63762,,,0,,,,231,19,4981
State,nj,2013,6,4.45368,4.45368,,,0,,,,300,20,6736
State,nj,2013,7,4.79113,4.79113,,,0,,,,242,19,5051
State,nj,2013,8,3.44288,3.44288,,,0,,,,242,19,7029
State,nj,2013,9,2.78825,2.78825,,,0,,,,207,20,7424
State,nj,2013,10,3.74782,3.74782,,,0,,,,129,18,3442
State,nj,2013,11,3.21132,3.21132,,,0,,,,143,18,4453
State,nj,2013,12,2.85293,2.85293,,,0,,,,116,18,4066
State,nj,2013,13,2.76671,2.76671,,,0,,,,118,17,4265
State,nj,2013,14,2.25873,2.25873,,,0,,,,99,16,4383
State,nj,2013,15,1.86459,1.86459,,,0,,,,84,15,4505
State,nj,2013,16,0.997195,0.997195,,,0,,,,32,15,3209
State,nj,2013,17,1.63898,1.63898,,,0,,,,74,16,4515
State,nj,2013,18,1.83739,1.83739,,,0,,,,80,16,4354
State,nj,2013,19,1.45819,1.45819,,,0,,,,64,16,4389
State,nj,2013,20,1.80754,1.80754,,,0,,,,71,15,3928
State,nj,2013,21,1.56784,1.56784,,,0,,,,55,15,3508
State,nj,2013,22,1.52316,1.52316,,,0,,,,49,15,3217
State,nj,2013,23,1.33617,1.33617,,,0,,,,44,16,3293
State,nj,2013,24,1.47947,1.47947,,,0,,,,49,16,3312
State,nj,2013,25,1.75008,1.75008,,,0,,,,57,16,3257
State,nj,2013,26,1.72084,1.72084,,,0,,,,54,16,3138
State,nj,2013,27,0.110619,0.110619,,,0,,,,2,14,1808
State,nj,2013,28,1.21655,1.21655,,,0,,,,40,14,3288
State,nj,2013,29,1.24601,1.24601,,,0,,,,39,13,3130
State,nj,2013,30,0.883281,0.883281,,,0,,,,28,12,3170
State,nj,2013,31,1.36849,1.36849,,,0,,,,41,9,2996
State,nj,2013,32,2.13599,2.13599,,,0,,,,60,9,2809
State,nj,2013,33,1.21781,1.21781,,,0,,,,35,9,2874
State,nj,2013,34,1.14529,1.14529,,,0,,,,35,9,3056
State,nj,2013,35,1.34721,1.34721,,,0,,,,44,9,3266
State,nj,2013,36,0.901886,0.901886,,,0,,,,33,10,3659
State,nj,2013,37,0.896861,0.896861,,,0,,,,60,11,6690
State,nj,2013,38,1.12296,1.12296,,,0,,,,79,11,7035
State,nj,2013,39,0.911906,0.911906,,,0,,,,53,11,5812
State,nj,2013,40,1.51614,1.51614,,,0,,,,162,22,10685
State,nj,2013,41,1.49528,1.49528,,,0,,,,179,26,11971
State,nj,2013,42,1.75227,1.75227,,,0,,,,160,25,9131
State,nj,2013,43,1.73516,1.73516,,,0,,,,209,26,12045
State,nj,2013,44,1.66137,1.66137,,,0,,,,204,27,12279
State,nj,2013,45,1.60633,1.60633,,,0,,,,201,27,12513
State,nj,2013,46,1.5635,1.5635,,,0,,,,195,27,12472
State,nj,2013,47,1.99283,1.99283,,,0,,,,178,26,8932
State,nj,2013,48,2.30253,2.30253,,,0,,,,144,26,6254
State,nj,2013,49,1.99525,1.99525,,,0,,,,227,27,11377
State,nj,2013,50,1.32384,1.32384,,,0,,,,119,25,8989
State,nj,2013,51,1.95949,1.95949,,,0,,,,178,26,9084
State,nj,2013,52,2.32845,2.32845,,,0,,,,189,27,8117
State,nj,2014,1,3.74359,3.74359,,,0,,,,219,26,5850
State,nj,2014,2,3.19855,3.19855,,,0,,,,318,25,9942
State,nj,2014,3,3.25342,3.25342,,,0,,,,323,26,9928
State,nj,2014,4,2.56233,2.56233,,,0,,,,185,25,7220
State,nj,2014,5,3.57187,3.57187,,,0,,,,288,25,8063
State,nj,2014,6,3.41817,3.41817,,,0,,,,325,26,9508
State,nj,2014,7,3.34581,3.34581,,,0,,,,286,24,8548
State,nj,2014,8,2.57067,2.57067,,,0,,,,261,26,10153
State,nj,2014,9,2.72978,2.72978,,,0,,,,297,25,10880
State,nj,2014,10,2.75766,2.75766,,,0,,,,278,25,10081
State,nj,2014,11,2.67035,2.67035,,,0,,,,290,25,10860
State,nj,2014,12,2.77386,2.77386,,,0,,,,295,25,10635
State,nj,2014,13,3.27521,3.27521,,,0,,,,340,25,10381
State,nj,2014,14,2.90237,2.90237,,,0,,,,319,25,10991
State,nj,2014,15,3.34845,3.34845,,,0,,,,288,24,8601
State,nj,2014,16,2.87107,2.87107,,,0,,,,212,24,7384
State,nj,2014,17,2.188,2.188,,,0,,,,233,25,10649
State,nj,2014,18,2.03609,2.03609,,,0,,,,220,25,10805
State,nj,2014,19,2.38206,2.38206,,,0,,,,256,25,10747
State,nj,2014,20,2.30849,2.30849,,,0,,,,245,25,10613
State,nj,2014,21,2.03737,2.03737,,,0,,,,157,25,7706
State,nj,2014,22,2.67133,2.67133,,,0,,,,168,24,6289
State,nj,2014,23,2.32336,2.32336,,,0,,,,170,24,7317
State,nj,2014,24,2.20694,2.20694,,,0,,,,154,23,6978
State,nj,2014,25,1.94622,1.94622,,,0,,,,131,23,6731
State,nj,2014,26,1.78492,1.78492,,,0,,,,120,23,6723
State,nj,2014,27,1.37905,1.37905,,,0,,,,74,23,5366
State,nj,2014,28,1.28438,1.28438,,,0,,,,85,22,6618
State,nj,2014,29,1.06916,1.06916,,,0,,,,96,22,8979
State,nj,2014,30,1.24073,1.24073,,,0,,,,77,21,6206
State,nj,2014,31,1.08446,1.08446,,,0,,,,66,20,6086
State,nj,2014,32,1.25285,1.25285,,,0,,,,77,21,6146
State,nj,2014,33,0.883838,0.883838,,,0,,,,56,21,6336
State,nj,2014,34,0.990574,0.990574,,,0,,,,62,21,6259
State,nj,2014,35,1.24827,1.24827,,,0,,,,63,19,5047
State,nj,2014,36,1.12265,1.12265,,,0,,,,67,22,5968
State,nj,2014,37,1.29467,1.29467,,,0,,,,100,20,7724
State,nj,2014,38,1.74856,1.74856,,,0,,,,137,20,7835
State,nj,2014,39,1.73814,1.73814,,,0,,,,122,20,7019
State,nj,2014,40,1.4055,1.4055,,,0,,,,114,22,8111
State,nj,2014,41,2.17104,2.17104,,,0,,,,181,24,8337
State,nj,2014,42,1.60945,1.60945,,,0,,,,173,25,10749
State,nj,2014,43,1.86151,1.86151,,,0,,,,207,26,11120
State,nj,2014,44,1.57613,1.57613,,,0,,,,168,26,10659
State,nj,2014,45,1.60939,1.60939,,,0,,,,170,25,10563
State,nj,2014,46,1.76267,1.76267,,,0,,,,194,26,11006
State,nj,2014,47,2.13929,2.13929,,,0,,,,227,25,10611
State,nj,2014,48,1.92804,1.92804,,,0,,,,142,26,7365
State,nj,2014,49,2.0331,2.0331,,,0,,,,215,26,10575
State,nj,2014,50,2.25696,2.25696,,,0,,,,231,25,10235
State,nj,2014,51,3.31837,3.31837,,,0,,,,340,26,10246
State,nj,2014,52,4.33593,4.33593,,,0,,,,301,26,6942
State,nj,2014,53,3.75445,3.75445,,,0,,,,274,26,7298
State,nj,2015,1,3.62311,3.62311,,,0,,,,343,26,9467
State,nj,2015,2,3.34287,3.34287,,,0,,,,339,27,10141
State,nj,2015,3,4.97434,4.97434,,,0,,,,378,24,7599
State,nj,2015,4,4.80625,4.80625,,,0,,,,320,26,6658
State,nj,2015,5,3.53148,3.53148,,,0,,,,281,24,7957
State,nj,2015,6,3.8961,3.8961,,,0,,,,312,24,8008
State,nj,2015,7,3.03839,3.03839,,,0,,,,239,24,7866
State,nj,2015,8,4.0146,4.0146,,,0,,,,187,16,4658
State,nj,2015,9,2.53917,2.53917,,,0,,,,188,25,7404
State,nj,2015,10,2.24284,2.24284,,,0,,,,191,25,8516
State,nj,2015,11,2.88725,2.88725,,,0,,,,211,24,7308
State,nj,2015,12,2.44113,2.44113,,,0,,,,198,25,8111
State,nj,2015,13,1.87555,1.87555,,,0,,,,129,24,6878
State,nj,2015,14,1.57618,1.57618,,,0,,,,117,21,7423
State,nj,2015,15,1.60819,1.60819,,,0,,,,121,20,7524
State,nj,2015,16,1.8738,1.8738,,,0,,,,147,21,7845
State,nj,2015,17,1.6005,1.6005,,,0,,,,127,21,7935
State,nj,2015,18,1.60158,1.60158,,,0,,,,130,21,8117
State,nj,2015,19,1.35915,1.35915,,,0,,,,106,21,7799
State,nj,2015,20,1.26336,1.26336,,,0,,,,91,20,7203
State,nj,2015,21,1.46145,1.46145,,,0,,,,80,18,5474
State,nj,2015,22,1.20608,1.20608,,,0,,,,81,21,6716
State,nj,2015,23,1.62835,1.62835,,,0,,,,102,20,6264
State,nj,2015,24,1.60348,1.60348,,,0,,,,107,21,6673
State,nj,2015,25,1.56856,1.56856,,,0,,,,93,21,5929
State,nj,2015,26,1.21354,1.21354,,,0,,,,62,21,5109
State,nj,2015,27,1.50991,1.50991,,,0,,,,83,20,5497
State,nj,2015,28,1.36033,1.36033,,,0,,,,88,20,6469
State,nj,2015,29,1.16115,1.16115,,,0,,,,74,21,6373
State,nj,2015,30,1.15761,1.15761,,,0,,,,78,21,6738
State,nj,2015,31,1.50245,1.50245,,,0,,,,95,19,6323
State,nj,2015,32,1.19066,1.19066,,,0,,,,76,19,6383
State,nj,2015,33,1.17442,1.17442,,,0,,,,74,18,6301
State,nj,2015,34,0.555374,0.555374,,,0,,,,17,9,3061
State,nj,2015,35,0.867137,0.867137,,,0,,,,59,18,6804
State,nj,2015,36,1.28706,1.28706,,,0,,,,89,18,6915
State,nj,2015,37,0.959693,0.959693,,,0,,,,50,10,5210
State,nj,2015,38,1.91625,1.91625,,,0,,,,135,18,7045
State,nj,2015,39,1.44609,1.44609,,,0,,,,92,17,6362
State,nj,2015,40,0.896943,0.896943,,,0,,,,98,23,10926
State,nj,2015,41,0.608305,0.608305,,,0,,,,23,14,3781
State,nj,2015,42,0.605908,0.605908,,,0,,,,24,14,3961
State,nj,2015,43,0.426487,0.426487,,,0,,,,19,14,4455
State,nj,2015,44,0.744961,0.744961,,,0,,,,34,15,4564
State,nj,2015,45,0.430005,0.430005,,,0,,,,18,13,4186
State,nj,2015,46,0.652884,0.652884,,,0,,,,30,15,4595
State,nj,2015,47,0.672043,0.672043,,,0,,,,20,14,2976
State,nj,2015,48,0.987224,0.987224,,,0,,,,68,15,6888
State,nj,2015,49,1.06728,1.06728,,,0,,,,79,16,7402
State,nj,2015,50,1.09957,1.09957,,,0,,,,72,15,6548
State,nj,2015,51,1.17736,1.17736,,,0,,,,31,15,2633
State,nj,2015,52,1.40393,1.40393,,,0,,,,35,15,2493
State,nj,2016,1,1.54976,1.54976,,,0,,,,57,15,3678
State,nj,2016,2,1.343,1.343,,,0,,,,50,16,3723
State,nj,2016,3,1.58053,1.58053,,,0,,,,63,16,3986
State,nj,2016,4,1.85906,1.85906,,,0,,,,86,17,4626
State,nj,2016,5,1.69208,1.69208,,,0,,,,81,17,4787
State,nj,2016,6,2.60692,2.60692,,,0,,,,128,16,4910
State,nj,2016,7,3.01218,3.01218,,,0,,,,141,17,4681
State,nj,2016,8,2.58117,2.58117,,,0,,,,128,17,4959
State,nj,2016,9,3.76333,3.76333,,,0,,,,187,17,4969
State,nj,2016,10,4.47187,4.47187,,,0,,,,221,17,4942
State,nj,2016,11,4.86093,4.86093,,,0,,,,187,17,3847
State,nj,2016,12,3.9079,3.9079,,,0,,,,185,16,4734
State,nj,2016,13,2.88483,2.88483,,,0,,,,131,15,4541
State,nj,2016,14,2.34506,2.34506,,,0,,,,112,16,4776
State,nj,2016,15,3.02083,3.02083,,,0,,,,145,15,4800
State,nj,2016,16,2.98913,2.98913,,,0,,,,143,15,4784
State,nj,2016,17,1.87012,1.87012,,,0,,,,91,14,4866
State,nj,2016,18,1.58913,1.58913,,,0,,,,69,14,4342
State,nj,2016,19,1.56684,1.56684,,,0,,,,62,13,3957
State,nj,2016,20,1.6298,1.6298,,,0,,,,56,13,3436
State,nj,2016,21,1.23648,1.23648,,,0,,,,40,13,3235
State,nj,2016,22,1.03712,1.03712,,,0,,,,19,14,1832
State,nj,2016,23,1.19112,1.19112,,,0,,,,22,13,1847
State,nj,2016,24,0.944625,0.944625,,,0,,,,29,14,3070
State,nj,2016,25,0.994546,0.994546,,,0,,,,31,13,3117
State,nj,2016,26,0.770003,0.770003,,,0,,,,23,14,2987
State,nj,2016,27,0.580945,0.580945,,,0,,,,15,12,2582
State,nj,2016,28,0.45134,0.45134,,,0,,,,16,13,3545
State,nj,2016,29,0.341207,0.341207,,,0,,,,13,13,3810
State,nj,2016,30,0.490798,0.490798,,,0,,,,20,12,4075
State,nj,2016,31,0.29633,0.29633,,,0,,,,13,12,4387
State,nj,2016,32,0.307152,0.307152,,,0,,,,14,11,4558
State,nj,2016,33,0.330033,0.330033,,,0,,,,16,11,4848
State,nj,2016,34,0.265565,0.265565,,,0,,,,9,9,3389
State,nj,2016,35,0.147275,0.147275,,,0,,,,3,9,2037
State,nj,2016,36,0.522648,0.522648,,,0,,,,18,10,3444
State,nj,2016,37,0.452899,0.452899,,,0,,,,20,11,4416
State,nj,2016,38,0.875947,0.875947,,,0,,,,37,11,4224
State,nj,2016,39,0.906056,0.906056,,,0,,,,38,9,4194
State,nj,2016,40,2.35421,2.35421,,,0,,,,371,20,15759
State,nj,2016,41,2.4617,2.4617,,,0,,,,376,21,15274
State,nj,2016,42,2.53861,2.53861,,,0,,,,383,21,15087
State,nj,2016,43,2.65366,2.65366,,,0,,,,408,22,15375
State,nj,2016,44,2.76608,2.76608,,,0,,,,427,22,15437
State,nj,2016,45,2.6012,2.6012,,,0,,,,356,20,13686
State,nj,2016,46,2.72173,2.72173,,,0,,,,433,24,15909
State,nj,2016,47,3.31243,3.31243,,,0,,,,470,23,14189
State,nj,2016,48,2.95628,2.95628,,,0,,,,501,24,16947
State,nj,2016,49,3.02365,3.02365,,,0,,,,496,24,16404
State,nj,2016,50,3.67201,3.67201,,,0,,,,575,25,15659
State,nj,2016,51,4.21506,4.21506,,,0,,,,646,24,15326
State,nj,2016,52,5.77482,5.77482,,,0,,,,894,22,15481
State,nj,2017,1,5.51108,5.51108,,,0,,,,888,25,16113
State,nj,2017,2,5.12789,5.12789,,,0,,,,830,25,16186
State,nj,2017,3,5.9981,5.9981,,,0,,,,1009,29,16822
State,nj,2017,4,6.19741,6.19741,,,0,,,,1090,30,17588
State,nj,2017,5,6.77123,6.77123,,,0,,,,1170,31,17279
State,nj,2017,6,6.92602,6.92602,,,0,,,,1175,31,16965
State,nj,2017,7,5.55885,5.55885,,,0,,,,938,30,16874
State,nj,2017,8,4.8848,4.8848,,,0,,,,812,29,16623
State,nj,2017,9,4.05102,4.05102,,,0,,,,632,31,15601
State,nj,2017,10,3.8477,3.8477,,,0,,,,575,30,14944
State,nj,2017,11,3.37878,3.37878,,,0,,,,451,29,13348
State,nj,2017,12,3.26398,3.26398,,,0,,,,513,29,15717
State,nj,2017,13,3.98586,3.98586,,,0,,,,620,29,15555
State,nj,2017,14,3.52109,3.52109,,,0,,,,597,31,16955
State,nj,2017,15,3.0516,3.0516,,,0,,,,508,30,16647
State,nj,2017,16,2.30231,2.30231,,,0,,,,375,31,16288
State,nj,2017,17,2.21879,2.21879,,,0,,,,374,31,16856
State,nj,2017,18,1.95592,1.95592,,,0,,,,331,30,16923
State,nj,2017,19,2.13332,2.13332,,,0,,,,337,30,15797
State,nj,2017,20,2.04301,2.04301,,,0,,,,323,29,15810
State,nj,2017,21,1.73812,1.73812,,,0,,,,270,29,15534
State,nj,2017,22,1.90501,1.90501,,,0,,,,288,29,15118
State,nj,2017,23,2.00848,2.00848,,,0,,,,303,29,15086
State,nj,2017,24,1.90022,1.90022,,,0,,,,259,28,13630
State,nj,2017,25,1.75321,1.75321,,,0,,,,236,28,13461
State,nj,2017,26,1.57045,1.57045,,,0,,,,213,28,13563
State,nj,2017,27,1.43214,1.43214,,,0,,,,189,28,13197
State,nj,2017,28,1.30126,1.30126,,,0,,,,172,28,13218
State,nj,2017,29,1.42058,1.42058,,,0,,,,193,29,13586
State,nj,2017,30,1.38269,1.38269,,,0,,,,186,28,13452
State,nj,2017,31,1.34062,1.34062,,,0,,,,179,28,13352
State,nj,2017,32,1.20036,1.20036,,,0,,,,159,29,13246
State,nj,2017,33,1.19504,1.19504,,,0,,,,156,28,13054
State,nj,2017,34,1.38372,1.38372,,,0,,,,197,29,14237
State,nj,2017,35,1.07206,1.07206,,,0,,,,158,29,14738
State,nj,2017,36,1.2488,1.2488,,,0,,,,182,29,14574
State,nj,2017,37,1.58925,1.58925,,,0,,,,414,40,26050
State,nj,2017,38,1.77438,1.77438,,,0,,,,478,39,26939
State,nj,2017,39,2.00296,2.00296,,,0,,,,528,39,26361
State,nj,2017,40,1.8328,1.8328,,,0,,,,481,41,26244
State,nj,2017,41,1.8675,1.8675,,,0,,,,464,40,24846
State,nj,2017,42,2.07137,2.07137,,,0,,,,552,42,26649
State,nj,2017,43,2.04932,2.04932,,,0,,,,546,42,26643
State,nj,2017,44,2.28275,2.28275,,,0,,,,580,33,25408
State,nj,2017,45,2.42165,2.42165,,,0,,,,612,42,25272
State,nj,2017,46,2.4597,2.4597,,,0,,,,647,42,26304
State,nj,2017,47,2.82179,2.82179,,,0,,,,666,41,23602
State,nj,2017,48,2.77809,2.77809,,,0,,,,747,42,26889
State,nj,2017,49,2.80816,2.80816,,,0,,,,724,42,25782
State,nj,2017,50,3.2248,3.2248,,,0,,,,826,42,25614
State,nj,2017,51,3.5274,3.5274,,,0,,,,907,41,25713
State,nj,2017,52,4.65945,4.65945,,,0,,,,1085,33,23286
State,nm,2010,40,2.13191,2.13191,,,0,,,,160,23,7505
State,nm,2010,41,1.9635,1.9635,,,0,,,,142,22,7232
State,nm,2010,42,1.67486,1.67486,,,0,,,,126,21,7523
State,nm,2010,43,2.35498,2.35498,,,0,,,,190,24,8068
State,nm,2010,44,2.37983,2.37983,,,0,,,,151,20,6345
State,nm,2010,45,2.3776,2.3776,,,0,,,,186,24,7823
State,nm,2010,46,2.87842,2.87842,,,0,,,,228,24,7921
State,nm,2010,47,2.9782,2.9782,,,0,,,,194,24,6514
State,nm,2010,48,2.8547,2.8547,,,0,,,,234,25,8197
State,nm,2010,49,2.32423,2.32423,,,0,,,,200,25,8605
State,nm,2010,50,2.72335,2.72335,,,0,,,,221,25,8115
State,nm,2010,51,3.41176,3.41176,,,0,,,,232,22,6800
State,nm,2010,52,3.87493,3.87493,,,0,,,,259,23,6684
State,nm,2011,1,2.95452,2.95452,,,0,,,,241,24,8157
State,nm,2011,2,2.89821,2.89821,,,0,,,,250,26,8626
State,nm,2011,3,3.72137,3.72137,,,0,,,,312,26,8384
State,nm,2011,4,5.0758,5.0758,,,0,,,,452,25,8905
State,nm,2011,5,5.56121,5.56121,,,0,,,,437,26,7858
State,nm,2011,6,4.90175,4.90175,,,0,,,,454,26,9262
State,nm,2011,7,6.43468,6.43468,,,0,,,,625,24,9713
State,nm,2011,8,5.32783,5.32783,,,0,,,,516,26,9685
State,nm,2011,9,4.83437,4.83437,,,0,,,,413,25,8543
State,nm,2011,10,3.72878,3.72878,,,0,,,,347,25,9306
State,nm,2011,11,3.60762,3.60762,,,0,,,,324,25,8981
State,nm,2011,12,2.85169,2.85169,,,0,,,,254,26,8907
State,nm,2011,13,2.67527,2.67527,,,0,,,,224,24,8373
State,nm,2011,14,2.32261,2.32261,,,0,,,,200,26,8611
State,nm,2011,15,1.72675,1.72675,,,0,,,,137,25,7934
State,nm,2011,16,1.87243,1.87243,,,0,,,,155,25,8278
State,nm,2011,17,1.75745,1.75745,,,0,,,,141,26,8023
State,nm,2011,18,1.65705,1.65705,,,0,,,,135,26,8147
State,nm,2011,19,1.75462,1.75462,,,0,,,,132,24,7523
State,nm,2011,20,1.55547,1.55547,,,0,,,,121,24,7779
State,nm,2011,21,1.61633,1.61633,,,0,,,,76,12,4702
State,nm,2011,22,1.56185,1.56185,,,0,,,,75,13,4802
State,nm,2011,23,1.39423,1.39423,,,0,,,,58,11,4160
State,nm,2011,24,1.51659,1.51659,,,0,,,,64,11,4220
State,nm,2011,25,0.875827,0.875827,,,0,,,,45,13,5138
State,nm,2011,26,0.856766,0.856766,,,0,,,,39,12,4552
State,nm,2011,27,1.1833,1.1833,,,0,,,,53,12,4479
State,nm,2011,28,0.944753,0.944753,,,0,,,,46,12,4869
State,nm,2011,29,1.21225,1.21225,,,0,,,,57,13,4702
State,nm,2011,30,0.942211,0.942211,,,0,,,,45,12,4776
State,nm,2011,31,0.958525,0.958525,,,0,,,,52,14,5425
State,nm,2011,32,0.948947,0.948947,,,0,,,,50,13,5269
State,nm,2011,33,1.15533,1.15533,,,0,,,,54,10,4674
State,nm,2011,34,1.18256,1.18256,,,0,,,,64,13,5412
State,nm,2011,35,1.89318,1.89318,,,0,,,,95,12,5018
State,nm,2011,36,1.5885,1.5885,,,0,,,,63,10,3966
State,nm,2011,37,1.66233,1.66233,,,0,,,,83,12,4993
State,nm,2011,38,1.44248,1.44248,,,0,,,,80,13,5546
State,nm,2011,39,1.99089,1.99089,,,0,,,,118,13,5927
State,nm,2011,40,1.77268,1.77268,,,0,,,,136,23,7672
State,nm,2011,41,1.41792,1.41792,,,0,,,,97,22,6841
State,nm,2011,42,1.88524,1.88524,,,0,,,,160,25,8487
State,nm,2011,43,2.13822,2.13822,,,0,,,,181,25,8465
State,nm,2011,44,2.52885,2.52885,,,0,,,,195,24,7711
State,nm,2011,45,1.88471,1.88471,,,0,,,,154,25,8171
State,nm,2011,46,2.99745,2.99745,,,0,,,,235,24,7840
State,nm,2011,47,3.24894,3.24894,,,0,,,,222,25,6833
State,nm,2011,48,2.62334,2.62334,,,0,,,,201,23,7662
State,nm,2011,49,2.30193,2.30193,,,0,,,,163,25,7081
State,nm,2011,50,1.91833,1.91833,,,0,,,,132,23,6881
State,nm,2011,51,2.5587,2.5587,,,0,,,,170,24,6644
State,nm,2011,52,2.8922,2.8922,,,0,,,,198,23,6846
State,nm,2012,1,2.5439,2.5439,,,0,,,,184,24,7233
State,nm,2012,2,2.28729,2.28729,,,0,,,,182,25,7957
State,nm,2012,3,2.08926,2.08926,,,0,,,,169,26,8089
State,nm,2012,4,2.54792,2.54792,,,0,,,,218,26,8556
State,nm,2012,5,2.52296,2.52296,,,0,,,,217,26,8601
State,nm,2012,6,2.16022,2.16022,,,0,,,,192,25,8888
State,nm,2012,7,2.63637,2.63637,,,0,,,,217,24,8231
State,nm,2012,8,2.95269,2.95269,,,0,,,,249,25,8433
State,nm,2012,9,3.65699,3.65699,,,0,,,,345,26,9434
State,nm,2012,10,2.89737,2.89737,,,0,,,,249,25,8594
State,nm,2012,11,3.1945,3.1945,,,0,,,,260,25,8139
State,nm,2012,12,2.61767,2.61767,,,0,,,,213,25,8137
State,nm,2012,13,2.3236,2.3236,,,0,,,,191,23,8220
State,nm,2012,14,2.72257,2.72257,,,0,,,,200,23,7346
State,nm,2012,15,2.61172,2.61172,,,0,,,,218,24,8347
State,nm,2012,16,2.10271,2.10271,,,0,,,,156,24,7419
State,nm,2012,17,1.72897,1.72897,,,0,,,,142,23,8213
State,nm,2012,18,1.48205,1.48205,,,0,,,,116,25,7827
State,nm,2012,19,1.4108,1.4108,,,0,,,,110,24,7797
State,nm,2012,20,1.3578,1.3578,,,0,,,,91,20,6702
State,nm,2012,21,1.89533,1.89533,,,0,,,,88,12,4643
State,nm,2012,22,1.47128,1.47128,,,0,,,,63,12,4282
State,nm,2012,23,1.81009,1.81009,,,0,,,,61,9,3370
State,nm,2012,24,1.60517,1.60517,,,0,,,,77,14,4797
State,nm,2012,25,1.04141,1.04141,,,0,,,,43,11,4129
State,nm,2012,26,1.98142,1.98142,,,0,,,,64,9,3230
State,nm,2012,27,1.21469,1.21469,,,0,,,,43,10,3540
State,nm,2012,28,1.64474,1.64474,,,0,,,,60,11,3648
State,nm,2012,29,2.26527,2.26527,,,0,,,,69,7,3046
State,nm,2012,30,1.39041,1.39041,,,0,,,,38,7,2733
State,nm,2012,31,1.80332,1.80332,,,0,,,,64,10,3549
State,nm,2012,32,2.19212,2.19212,,,0,,,,89,11,4060
State,nm,2012,33,1.44127,1.44127,,,0,,,,60,11,4163
State,nm,2012,34,2.14811,2.14811,,,0,,,,76,9,3538
State,nm,2012,35,2.44779,2.44779,,,0,,,,109,11,4453
State,nm,2012,36,2.14669,2.14669,,,0,,,,84,11,3913
State,nm,2012,37,2.25127,2.25127,,,0,,,,93,11,4131
State,nm,2012,38,2.48209,2.48209,,,0,,,,97,10,3908
State,nm,2012,39,2.18484,2.18484,,,0,,,,100,12,4577
State,nm,2012,40,1.42728,1.42728,,,0,,,,126,25,8828
State,nm,2012,41,1.48361,1.48361,,,0,,,,134,26,9032
State,nm,2012,42,1.10806,1.10806,,,0,,,,105,26,9476
State,nm,2012,43,1.49184,1.49184,,,0,,,,127,24,8513
State,nm,2012,44,1.19628,1.19628,,,0,,,,108,26,9028
State,nm,2012,45,1.68618,1.68618,,,0,,,,157,26,9311
State,nm,2012,46,2.08405,2.08405,,,0,,,,181,25,8685
State,nm,2012,47,2.26524,2.26524,,,0,,,,165,26,7284
State,nm,2012,48,2.07682,2.07682,,,0,,,,186,26,8956
State,nm,2012,49,1.87514,1.87514,,,0,,,,170,26,9066
State,nm,2012,50,2.5545,2.5545,,,0,,,,225,26,8808
State,nm,2012,51,3.00596,3.00596,,,0,,,,247,24,8217
State,nm,2012,52,7.13018,7.13018,,,0,,,,482,24,6760
State,nm,2013,1,5.22207,5.22207,,,0,,,,408,25,7813
State,nm,2013,2,4.63149,4.63149,,,0,,,,460,26,9932
State,nm,2013,3,4.814,4.814,,,0,,,,484,26,10054
State,nm,2013,4,5.96807,5.96807,,,0,,,,557,26,9333
State,nm,2013,5,5.02665,5.02665,,,0,,,,481,26,9569
State,nm,2013,6,3.84575,3.84575,,,0,,,,366,26,9517
State,nm,2013,7,3.62428,3.62428,,,0,,,,338,26,9326
State,nm,2013,8,3.2908,3.2908,,,0,,,,294,26,8934
State,nm,2013,9,2.97593,2.97593,,,0,,,,272,26,9140
State,nm,2013,10,2.15882,2.15882,,,0,,,,199,26,9218
State,nm,2013,11,2.386,2.386,,,0,,,,214,26,8969
State,nm,2013,12,1.74431,1.74431,,,0,,,,158,26,9058
State,nm,2013,13,1.52717,1.52717,,,0,,,,129,26,8447
State,nm,2013,14,1.38392,1.38392,,,0,,,,120,26,8671
State,nm,2013,15,1.18074,1.18074,,,0,,,,104,26,8808
State,nm,2013,16,1.42792,1.42792,,,0,,,,125,26,8754
State,nm,2013,17,1.29135,1.29135,,,0,,,,114,26,8828
State,nm,2013,18,1.25528,1.25528,,,0,,,,104,25,8285
State,nm,2013,19,1.38347,1.38347,,,0,,,,117,26,8457
State,nm,2013,20,1.18413,1.18413,,,0,,,,100,26,8445
State,nm,2013,21,1.59292,1.59292,,,0,,,,108,20,6780
State,nm,2013,22,0.788644,0.788644,,,0,,,,40,14,5072
State,nm,2013,23,1.3911,1.3911,,,0,,,,70,15,5032
State,nm,2013,24,1.18989,1.18989,,,0,,,,73,16,6135
State,nm,2013,25,0.915229,0.915229,,,0,,,,61,18,6665
State,nm,2013,26,0.716288,0.716288,,,0,,,,46,18,6422
State,nm,2013,27,1.0981,1.0981,,,0,,,,60,17,5464
State,nm,2013,28,0.882863,0.882863,,,0,,,,56,17,6343
State,nm,2013,29,1.00035,1.00035,,,0,,,,57,16,5698
State,nm,2013,30,0.885122,0.885122,,,0,,,,47,13,5310
State,nm,2013,31,1.1277,1.1277,,,0,,,,71,16,6296
State,nm,2013,32,1.18163,1.18163,,,0,,,,70,15,5924
State,nm,2013,33,0.911854,0.911854,,,0,,,,57,15,6251
State,nm,2013,34,1.15545,1.15545,,,0,,,,86,18,7443
State,nm,2013,35,1.10455,1.10455,,,0,,,,73,14,6609
State,nm,2013,36,1.30741,1.30741,,,0,,,,78,15,5966
State,nm,2013,37,1.53489,1.53489,,,0,,,,86,14,5603
State,nm,2013,38,1.82122,1.82122,,,0,,,,109,15,5985
State,nm,2013,39,2.47041,2.47041,,,0,,,,144,13,5829
State,nm,2013,40,1.84558,1.84558,,,0,,,,207,28,11216
State,nm,2013,41,1.81932,1.81932,,,0,,,,204,28,11213
State,nm,2013,42,1.70027,1.70027,,,0,,,,183,28,10763
State,nm,2013,43,1.83791,1.83791,,,0,,,,210,28,11426
State,nm,2013,44,1.949,1.949,,,0,,,,214,28,10980
State,nm,2013,45,2.03065,2.03065,,,0,,,,216,27,10637
State,nm,2013,46,2.3425,2.3425,,,0,,,,248,28,10587
State,nm,2013,47,2.41625,2.41625,,,0,,,,264,28,10926
State,nm,2013,48,2.35611,2.35611,,,0,,,,201,28,8531
State,nm,2013,49,2.31555,2.31555,,,0,,,,220,27,9501
State,nm,2013,50,2.68017,2.68017,,,0,,,,270,27,10074
State,nm,2013,51,3.68157,3.68157,,,0,,,,382,26,10376
State,nm,2013,52,5.3554,5.3554,,,0,,,,440,27,8216
State,nm,2014,1,6.53901,6.53901,,,0,,,,642,27,9818
State,nm,2014,2,5.8621,5.8621,,,0,,,,664,28,11327
State,nm,2014,3,5.23758,5.23758,,,0,,,,625,28,11933
State,nm,2014,4,4.58028,4.58028,,,0,,,,532,29,11615
State,nm,2014,5,4.5808,4.5808,,,0,,,,542,28,11832
State,nm,2014,6,3.45948,3.45948,,,0,,,,426,30,12314
State,nm,2014,7,4.35127,4.35127,,,0,,,,385,23,8848
State,nm,2014,8,3.13152,3.13152,,,0,,,,360,29,11496
State,nm,2014,9,2.35196,2.35196,,,0,,,,282,28,11990
State,nm,2014,10,2.05069,2.05069,,,0,,,,250,29,12191
State,nm,2014,11,2.09476,2.09476,,,0,,,,233,26,11123
State,nm,2014,12,2.06013,2.06013,,,0,,,,222,27,10776
State,nm,2014,13,2.06814,2.06814,,,0,,,,224,25,10831
State,nm,2014,14,1.90878,1.90878,,,0,,,,208,27,10897
State,nm,2014,15,2.11104,2.11104,,,0,,,,227,27,10753
State,nm,2014,16,1.77128,1.77128,,,0,,,,195,28,11009
State,nm,2014,17,1.87699,1.87699,,,0,,,,224,28,11934
State,nm,2014,18,1.83107,1.83107,,,0,,,,186,25,10158
State,nm,2014,19,1.57785,1.57785,,,0,,,,167,25,10584
State,nm,2014,20,1.6795,1.6795,,,0,,,,157,25,9348
State,nm,2014,21,2.12909,2.12909,,,0,,,,158,16,7421
State,nm,2014,22,1.70604,1.70604,,,0,,,,130,19,7620
State,nm,2014,23,1.63086,1.63086,,,0,,,,104,16,6377
State,nm,2014,24,1.07611,1.07611,,,0,,,,69,17,6412
State,nm,2014,25,1.08923,1.08923,,,0,,,,78,19,7161
State,nm,2014,26,0.953872,0.953872,,,0,,,,67,18,7024
State,nm,2014,27,1.0404,1.0404,,,0,,,,60,15,5767
State,nm,2014,28,0.875988,0.875988,,,0,,,,51,14,5822
State,nm,2014,29,1.48677,1.48677,,,0,,,,100,17,6726
State,nm,2014,30,1.43692,1.43692,,,0,,,,91,15,6333
State,nm,2014,31,1.36546,1.36546,,,0,,,,85,15,6225
State,nm,2014,32,1.41698,1.41698,,,0,,,,103,17,7269
State,nm,2014,33,1.33062,1.33062,,,0,,,,98,16,7365
State,nm,2014,34,1.40767,1.40767,,,0,,,,101,15,7175
State,nm,2014,35,2.00528,2.00528,,,0,,,,152,16,7580
State,nm,2014,36,1.80464,1.80464,,,0,,,,126,15,6982
State,nm,2014,37,1.79659,1.79659,,,0,,,,115,14,6401
State,nm,2014,38,2.06866,2.06866,,,0,,,,138,15,6671
State,nm,2014,39,1.67216,1.67216,,,0,,,,147,19,8791
State,nm,2014,40,1.34435,1.34435,,,0,,,,148,25,11009
State,nm,2014,41,1.55445,1.55445,,,0,,,,181,26,11644
State,nm,2014,42,1.90233,1.90233,,,0,,,,194,25,10198
State,nm,2014,43,1.6611,1.6611,,,0,,,,179,24,10776
State,nm,2014,44,1.31718,1.31718,,,0,,,,150,27,11388
State,nm,2014,45,1.75094,1.75094,,,0,,,,187,26,10680
State,nm,2014,46,1.26371,1.26371,,,0,,,,136,26,10762
State,nm,2014,47,1.62043,1.62043,,,0,,,,177,27,10923
State,nm,2014,48,1.8017,1.8017,,,0,,,,161,27,8936
State,nm,2014,49,1.87226,1.87226,,,0,,,,209,27,11163
State,nm,2014,50,2.14827,2.14827,,,0,,,,255,26,11870
State,nm,2014,51,3.79691,3.79691,,,0,,,,430,25,11325
State,nm,2014,52,6.65274,6.65274,,,0,,,,637,24,9575
State,nm,2014,53,5.62144,5.62144,,,0,,,,583,25,10371
State,nm,2015,1,3.97067,3.97067,,,0,,,,509,26,12819
State,nm,2015,2,4.1132,4.1132,,,0,,,,500,26,12156
State,nm,2015,3,4.23064,4.23064,,,0,,,,507,26,11984
State,nm,2015,4,3.90741,3.90741,,,0,,,,498,27,12745
State,nm,2015,5,3.53989,3.53989,,,0,,,,449,26,12684
State,nm,2015,6,3.34272,3.34272,,,0,,,,439,26,13133
State,nm,2015,7,2.46154,2.46154,,,0,,,,328,27,13325
State,nm,2015,8,2.75534,2.75534,,,0,,,,348,27,12630
State,nm,2015,9,2.38854,2.38854,,,0,,,,285,27,11932
State,nm,2015,10,2.56288,2.56288,,,0,,,,323,27,12603
State,nm,2015,11,2.46432,2.46432,,,0,,,,316,26,12823
State,nm,2015,12,1.97384,1.97384,,,0,,,,252,27,12767
State,nm,2015,13,1.89048,1.89048,,,0,,,,213,27,11267
State,nm,2015,14,1.47262,1.47262,,,0,,,,181,27,12291
State,nm,2015,15,1.53717,1.53717,,,0,,,,183,25,11905
State,nm,2015,16,1.53254,1.53254,,,0,,,,191,27,12463
State,nm,2015,17,1.45316,1.45316,,,0,,,,179,27,12318
State,nm,2015,18,1.40903,1.40903,,,0,,,,170,27,12065
State,nm,2015,19,1.63165,1.63165,,,0,,,,160,24,9806
State,nm,2015,20,1.53257,1.53257,,,0,,,,168,27,10962
State,nm,2015,21,1.272,1.272,,,0,,,,112,22,8805
State,nm,2015,22,1.10031,1.10031,,,0,,,,86,18,7816
State,nm,2015,23,0.977343,0.977343,,,0,,,,88,19,9004
State,nm,2015,24,1.1583,1.1583,,,0,,,,93,20,8029
State,nm,2015,25,1.05521,1.05521,,,0,,,,99,20,9382
State,nm,2015,26,0.849467,0.849467,,,0,,,,43,14,5062
State,nm,2015,27,0.879336,0.879336,,,0,,,,72,18,8188
State,nm,2015,28,1.20734,1.20734,,,0,,,,52,12,4307
State,nm,2015,29,1.14028,1.14028,,,0,,,,86,18,7542
State,nm,2015,30,0.820616,0.820616,,,0,,,,57,16,6946
State,nm,2015,31,0.814359,0.814359,,,0,,,,49,14,6017
State,nm,2015,32,0.64302,0.64302,,,0,,,,31,12,4821
State,nm,2015,33,1.16097,1.16097,,,0,,,,74,15,6374
State,nm,2015,34,0.999147,0.999147,,,0,,,,82,17,8207
State,nm,2015,35,0.835073,0.835073,,,0,,,,8,2,958
State,nm,2015,36,1.15894,1.15894,,,0,,,,70,15,6040
State,nm,2015,37,1.40389,1.40389,,,0,,,,91,15,6482
State,nm,2015,38,1.02536,1.02536,,,0,,,,93,18,9070
State,nm,2015,39,0.931677,0.931677,,,0,,,,66,15,7084
State,nm,2015,40,0.971393,0.971393,,,0,,,,109,26,11221
State,nm,2015,41,0.906883,0.906883,,,0,,,,112,27,12350
State,nm,2015,42,1.16146,1.16146,,,0,,,,142,27,12226
State,nm,2015,43,0.995633,0.995633,,,0,,,,114,25,11450
State,nm,2015,44,1.20291,1.20291,,,0,,,,152,27,12636
State,nm,2015,45,1.45063,1.45063,,,0,,,,155,24,10685
State,nm,2015,46,1.46879,1.46879,,,0,,,,180,26,12255
State,nm,2015,47,2.27843,2.27843,,,0,,,,227,27,9963
State,nm,2015,48,1.29126,1.29126,,,0,,,,160,27,12391
State,nm,2015,49,1.7464,1.7464,,,0,,,,211,27,12082
State,nm,2015,50,1.86997,1.86997,,,0,,,,193,24,10321
State,nm,2015,51,2.10199,2.10199,,,0,,,,169,23,8040
State,nm,2015,52,1.99108,1.99108,,,0,,,,183,23,9191
State,nm,2016,1,1.60428,1.60428,,,0,,,,183,25,11407
State,nm,2016,2,1.85863,1.85863,,,0,,,,203,24,10922
State,nm,2016,3,2.35777,2.35777,,,0,,,,247,24,10476
State,nm,2016,4,2.39875,2.39875,,,0,,,,308,25,12840
State,nm,2016,5,2.6483,2.6483,,,0,,,,321,25,12121
State,nm,2016,6,3.72,3.72,,,0,,,,482,24,12957
State,nm,2016,7,4.09926,4.09926,,,0,,,,560,25,13661
State,nm,2016,8,4.16112,4.16112,,,0,,,,594,26,14275
State,nm,2016,9,5.04657,5.04657,,,0,,,,699,26,13851
State,nm,2016,10,4.39492,4.39492,,,0,,,,637,27,14494
State,nm,2016,11,4.66515,4.66515,,,0,,,,636,27,13633
State,nm,2016,12,3.93164,3.93164,,,0,,,,513,27,13048
State,nm,2016,13,3.60399,3.60399,,,0,,,,423,29,11737
State,nm,2016,14,2.43361,2.43361,,,0,,,,307,29,12615
State,nm,2016,15,1.85741,1.85741,,,0,,,,229,28,12329
State,nm,2016,16,1.72226,1.72226,,,0,,,,206,29,11961
State,nm,2016,17,1.63247,1.63247,,,0,,,,187,29,11455
State,nm,2016,18,1.37472,1.37472,,,0,,,,155,28,11275
State,nm,2016,19,1.57082,1.57082,,,0,,,,174,28,11077
State,nm,2016,20,1.39457,1.39457,,,0,,,,150,26,10756
State,nm,2016,21,1.22297,1.22297,,,0,,,,95,20,7768
State,nm,2016,22,1.81607,1.81607,,,0,,,,94,16,5176
State,nm,2016,23,1.04917,1.04917,,,0,,,,67,19,6386
State,nm,2016,24,0.910494,0.910494,,,0,,,,59,18,6480
State,nm,2016,25,0.999029,0.999029,,,0,,,,72,19,7207
State,nm,2016,26,0.873686,0.873686,,,0,,,,59,17,6753
State,nm,2016,27,1.11592,1.11592,,,0,,,,80,20,7169
State,nm,2016,28,1.07339,1.07339,,,0,,,,80,20,7453
State,nm,2016,29,1.09324,1.09324,,,0,,,,70,18,6403
State,nm,2016,30,0.788048,0.788048,,,0,,,,48,18,6091
State,nm,2016,31,0.705071,0.705071,,,0,,,,47,18,6666
State,nm,2016,32,0.367377,0.367377,,,0,,,,20,15,5444
State,nm,2016,33,0.98832,0.98832,,,0,,,,66,18,6678
State,nm,2016,34,1.1146,1.1146,,,0,,,,71,15,6370
State,nm,2016,35,1.29445,1.29445,,,0,,,,87,14,6721
State,nm,2016,36,1.46608,1.46608,,,0,,,,67,11,4570
State,nm,2016,37,1.48862,1.48862,,,0,,,,85,14,5710
State,nm,2016,38,1.41022,1.41022,,,0,,,,101,16,7162
State,nm,2016,39,1.45445,1.45445,,,0,,,,110,18,7563
State,nm,2016,40,1.12478,1.12478,,,0,,,,128,28,11380
State,nm,2016,41,1.03073,1.03073,,,0,,,,110,26,10672
State,nm,2016,42,0.9464,0.9464,,,0,,,,107,27,11306
State,nm,2016,43,1.12684,1.12684,,,0,,,,125,27,11093
State,nm,2016,44,1.48677,1.48677,,,0,,,,154,28,10358
State,nm,2016,45,1.35087,1.35087,,,0,,,,151,29,11178
State,nm,2016,46,1.29748,1.29748,,,0,,,,152,27,11715
State,nm,2016,47,1.3935,1.3935,,,0,,,,130,27,9329
State,nm,2016,48,1.35644,1.35644,,,0,,,,155,27,11427
State,nm,2016,49,1.46254,1.46254,,,0,,,,163,27,11145
State,nm,2016,50,1.63444,1.63444,,,0,,,,175,26,10707
State,nm,2016,51,2.06947,2.06947,,,0,,,,199,25,9616
State,nm,2016,52,2.0295,2.0295,,,0,,,,183,26,9017
State,nm,2017,1,2.23859,2.23859,,,0,,,,228,26,10185
State,nm,2017,2,2.09488,2.09488,,,0,,,,242,26,11552
State,nm,2017,3,2.7369,2.7369,,,0,,,,305,27,11144
State,nm,2017,4,2.94725,2.94725,,,0,,,,371,28,12588
State,nm,2017,5,4.10959,4.10959,,,0,,,,504,27,12264
State,nm,2017,6,4.93837,4.93837,,,0,,,,641,28,12980
State,nm,2017,7,4.83111,4.83111,,,0,,,,615,28,12730
State,nm,2017,8,4.62475,4.62475,,,0,,,,562,27,12152
State,nm,2017,9,3.89599,3.89599,,,0,,,,445,26,11422
State,nm,2017,10,3.33499,3.33499,,,0,,,,402,27,12054
State,nm,2017,11,3.26966,3.26966,,,0,,,,368,26,11255
State,nm,2017,12,2.37158,2.37158,,,0,,,,253,26,10668
State,nm,2017,13,1.96868,1.96868,,,0,,,,215,27,10921
State,nm,2017,14,1.67285,1.67285,,,0,,,,185,26,11059
State,nm,2017,15,2.01193,2.01193,,,0,,,,199,24,9891
State,nm,2017,16,1.63185,1.63185,,,0,,,,150,23,9192
State,nm,2017,17,1.39154,1.39154,,,0,,,,153,25,10995
State,nm,2017,18,1.67406,1.67406,,,0,,,,166,23,9916
State,nm,2017,19,1.44044,1.44044,,,0,,,,137,22,9511
State,nm,2017,20,1.27676,1.27676,,,0,,,,99,21,7754
State,nm,2017,21,0.901202,0.901202,,,0,,,,54,17,5992
State,nm,2017,22,1.48297,1.48297,,,0,,,,81,16,5462
State,nm,2017,23,0.921526,0.921526,,,0,,,,64,19,6945
State,nm,2017,24,1.23973,1.23973,,,0,,,,86,19,6937
State,nm,2017,25,1.25844,1.25844,,,0,,,,82,17,6516
State,nm,2017,26,0.932546,0.932546,,,0,,,,60,17,6434
State,nm,2017,27,0.916894,0.916894,,,0,,,,47,15,5126
State,nm,2017,28,0.999246,0.999246,,,0,,,,53,14,5304
State,nm,2017,29,0.991453,0.991453,,,0,,,,58,17,5850
State,nm,2017,30,1.05967,1.05967,,,0,,,,65,17,6134
State,nm,2017,31,1.13969,1.13969,,,0,,,,35,11,3071
State,nm,2017,32,0.880411,0.880411,,,0,,,,60,16,6815
State,nm,2017,33,1.16813,1.16813,,,0,,,,84,18,7191
State,nm,2017,34,1.35799,1.35799,,,0,,,,94,18,6922
State,nm,2017,35,1.95402,1.95402,,,0,,,,119,15,6090
State,nm,2017,36,1.41108,1.41108,,,0,,,,83,14,5882
State,nm,2017,37,1.61152,1.61152,,,0,,,,113,17,7012
State,nm,2017,38,1.26638,1.26638,,,0,,,,87,17,6870
State,nm,2017,39,1.14259,1.14259,,,0,,,,73,16,6389
State,nm,2017,40,0.7969,0.7969,,,0,,,,146,41,18321
State,nm,2017,41,0.729223,0.729223,,,0,,,,121,38,16593
State,nm,2017,42,0.933821,0.933821,,,0,,,,161,36,17241
State,nm,2017,43,0.856146,0.856146,,,0,,,,157,40,18338
State,nm,2017,44,1.12924,1.12924,,,0,,,,200,39,17711
State,nm,2017,45,1.45385,1.45385,,,0,,,,258,38,17746
State,nm,2017,46,1.50014,1.50014,,,0,,,,427,39,28464
State,nm,2017,47,1.53846,1.53846,,,0,,,,246,39,15990
State,nm,2017,48,1.27528,1.27528,,,0,,,,251,41,19682
State,nm,2017,49,1.7894,1.7894,,,0,,,,338,42,18889
State,nm,2017,50,2.39285,2.39285,,,0,,,,383,35,16006
State,nm,2017,51,3.15934,3.15934,,,0,,,,575,38,18200
State,nm,2017,52,4.54253,4.54253,,,0,,,,776,38,17083
State,nv,2010,40,1.66683,1.66683,,,0,,,,175,30,10499
State,nv,2010,41,1.63633,1.63633,,,0,,,,187,33,11428
State,nv,2010,42,1.5086,1.5086,,,0,,,,171,34,11335
State,nv,2010,43,2.14451,2.14451,,,0,,,,241,34,11238
State,nv,2010,44,1.76761,1.76761,,,0,,,,204,35,11541
State,nv,2010,45,0.805239,0.805239,,,0,,,,75,33,9314
State,nv,2010,46,2.63276,2.63276,,,0,,,,294,34,11167
State,nv,2010,47,3.10198,3.10198,,,0,,,,299,34,9639
State,nv,2010,48,2.89043,2.89043,,,0,,,,325,34,11244
State,nv,2010,49,3.28279,3.28279,,,0,,,,394,35,12002
State,nv,2010,50,4.28725,4.28725,,,0,,,,440,33,10263
State,nv,2010,51,3.46784,3.46784,,,0,,,,495,37,14274
State,nv,2010,52,3.88664,3.88664,,,0,,,,624,38,16055
State,nv,2011,1,3.08241,3.08241,,,0,,,,588,39,19076
State,nv,2011,2,3.31421,3.31421,,,0,,,,618,38,18647
State,nv,2011,3,3.78455,3.78455,,,0,,,,664,37,17545
State,nv,2011,4,3.83545,3.83545,,,0,,,,772,38,20128
State,nv,2011,5,4.03184,4.03184,,,0,,,,775,38,19222
State,nv,2011,6,3.71371,3.71371,,,0,,,,756,39,20357
State,nv,2011,7,4.06365,4.06365,,,0,,,,784,37,19293
State,nv,2011,8,4.06769,4.06769,,,0,,,,762,37,18733
State,nv,2011,9,4.78919,4.78919,,,0,,,,535,32,11171
State,nv,2011,10,3.27375,3.27375,,,0,,,,619,37,18908
State,nv,2011,11,3.08045,3.08045,,,0,,,,564,37,18309
State,nv,2011,12,4.29749,4.29749,,,0,,,,490,34,11402
State,nv,2011,13,2.27938,2.27938,,,0,,,,436,37,19128
State,nv,2011,14,2.21222,2.21222,,,0,,,,408,36,18443
State,nv,2011,15,2.11339,2.11339,,,0,,,,290,31,13722
State,nv,2011,16,3.12605,3.12605,,,0,,,,372,34,11900
State,nv,2011,17,1.55288,1.55288,,,0,,,,275,37,17709
State,nv,2011,18,2.51242,2.51242,,,0,,,,273,32,10866
State,nv,2011,19,2.4206,2.4206,,,0,,,,250,31,10328
State,nv,2011,20,0.789052,0.789052,,,0,,,,64,29,8111
State,nv,2011,21,0.67815,0.67815,,,0,,,,50,26,7373
State,nv,2011,22,0.731602,0.731602,,,0,,,,51,26,6971
State,nv,2011,23,1.03003,1.03003,,,0,,,,71,24,6893
State,nv,2011,24,0.882801,0.882801,,,0,,,,58,23,6570
State,nv,2011,25,0.754663,0.754663,,,0,,,,53,21,7023
State,nv,2011,26,0.644963,0.644963,,,0,,,,42,22,6512
State,nv,2011,27,0.388814,0.388814,,,0,,,,26,23,6687
State,nv,2011,28,0.500303,0.500303,,,0,,,,33,21,6596
State,nv,2011,29,0.45427,0.45427,,,0,,,,30,20,6604
State,nv,2011,30,0.516717,0.516717,,,0,,,,34,19,6580
State,nv,2011,31,0.558824,0.558824,,,0,,,,38,20,6800
State,nv,2011,32,0.431034,0.431034,,,0,,,,30,20,6960
State,nv,2011,33,0.447524,0.447524,,,0,,,,31,20,6927
State,nv,2011,34,0.498753,0.498753,,,0,,,,30,19,6015
State,nv,2011,35,0.358262,0.358262,,,0,,,,24,20,6699
State,nv,2011,36,0.558735,0.558735,,,0,,,,41,20,7338
State,nv,2011,37,0.608026,0.608026,,,0,,,,45,20,7401
State,nv,2011,38,0.541932,0.541932,,,0,,,,40,20,7381
State,nv,2011,39,0.773054,0.773054,,,0,,,,56,20,7244
State,nv,2011,40,0.415097,0.415097,,,0,,,,65,33,15659
State,nv,2011,41,0.428521,0.428521,,,0,,,,61,31,14235
State,nv,2011,42,0.507265,0.507265,,,0,,,,81,33,15968
State,nv,2011,43,0.626484,0.626484,,,0,,,,95,33,15164
State,nv,2011,44,1.02051,1.02051,,,0,,,,99,31,9701
State,nv,2011,45,0.582707,0.582707,,,0,,,,93,35,15960
State,nv,2011,46,0.550545,0.550545,,,0,,,,94,35,17074
State,nv,2011,47,0.679316,0.679316,,,0,,,,87,35,12807
State,nv,2011,48,0.61838,0.61838,,,0,,,,94,34,15201
State,nv,2011,49,0.805185,0.805185,,,0,,,,82,32,10184
State,nv,2011,50,0.687715,0.687715,,,0,,,,110,36,15995
State,nv,2011,51,1.08307,1.08307,,,0,,,,97,33,8956
State,nv,2011,52,1.32617,1.32617,,,0,,,,116,33,8747
State,nv,2012,1,0.945201,0.945201,,,0,,,,84,30,8887
State,nv,2012,2,0.806064,0.806064,,,0,,,,67,30,8312
State,nv,2012,3,0.830691,0.830691,,,0,,,,131,33,15770
State,nv,2012,4,1.53987,1.53987,,,0,,,,135,29,8767
State,nv,2012,5,1.86857,1.86857,,,0,,,,149,29,7974
State,nv,2012,6,2.58051,2.58051,,,0,,,,246,30,9533
State,nv,2012,7,1.6504,1.6504,,,0,,,,279,34,16905
State,nv,2012,8,1.54657,1.54657,,,0,,,,273,35,17652
State,nv,2012,9,1.7139,1.7139,,,0,,,,254,32,14820
State,nv,2012,10,2.19914,2.19914,,,0,,,,216,29,9822
State,nv,2012,11,1.93149,1.93149,,,0,,,,340,34,17603
State,nv,2012,12,2.07832,2.07832,,,0,,,,190,29,9142
State,nv,2012,13,1.46968,1.46968,,,0,,,,214,32,14561
State,nv,2012,14,1.19556,1.19556,,,0,,,,182,32,15223
State,nv,2012,15,0.822174,0.822174,,,0,,,,132,33,16055
State,nv,2012,16,0.773096,0.773096,,,0,,,,120,32,15522
State,nv,2012,17,0.581966,0.581966,,,0,,,,89,30,15293
State,nv,2012,18,0.826145,0.826145,,,0,,,,68,26,8231
State,nv,2012,19,1.07256,1.07256,,,0,,,,85,26,7925
State,nv,2012,20,0.646247,0.646247,,,0,,,,96,30,14855
State,nv,2012,21,1.27596,1.27596,,,0,,,,102,25,7994
State,nv,2012,22,1.43885,1.43885,,,0,,,,114,25,7923
State,nv,2012,23,0.446229,0.446229,,,0,,,,60,29,13446
State,nv,2012,24,0.601904,0.601904,,,0,,,,43,23,7144
State,nv,2012,25,0.772141,0.772141,,,0,,,,100,28,12951
State,nv,2012,26,0.323749,0.323749,,,0,,,,42,26,12973
State,nv,2012,27,0.374532,0.374532,,,0,,,,42,25,11214
State,nv,2012,28,0.173595,0.173595,,,0,,,,19,24,10945
State,nv,2012,29,0.348788,0.348788,,,0,,,,41,23,11755
State,nv,2012,30,0.297547,0.297547,,,0,,,,37,25,12435
State,nv,2012,31,0.147944,0.147944,,,0,,,,15,23,10139
State,nv,2012,32,0.495266,0.495266,,,0,,,,34,21,6865
State,nv,2012,33,0.618151,0.618151,,,0,,,,44,21,7118
State,nv,2012,34,0.475996,0.475996,,,0,,,,35,21,7353
State,nv,2012,35,0.594979,0.594979,,,0,,,,41,21,6891
State,nv,2012,36,0.6239,0.6239,,,0,,,,39,20,6251
State,nv,2012,37,1.55991,1.55991,,,0,,,,113,21,7244
State,nv,2012,38,0.682303,0.682303,,,0,,,,48,20,7035
State,nv,2012,39,0.573813,0.573813,,,0,,,,33,18,5751
State,nv,2012,40,0.540606,0.540606,,,0,,,,89,37,16463
State,nv,2012,41,0.474664,0.474664,,,0,,,,77,36,16222
State,nv,2012,42,0.600396,0.600396,,,0,,,,97,37,16156
State,nv,2012,43,0.821041,0.821041,,,0,,,,118,36,14372
State,nv,2012,44,0.527619,0.527619,,,0,,,,81,35,15352
State,nv,2012,45,0.593159,0.593159,,,0,,,,90,34,15173
State,nv,2012,46,0.735592,0.735592,,,0,,,,109,35,14818
State,nv,2012,47,0.757751,0.757751,,,0,,,,98,35,12933
State,nv,2012,48,0.868032,0.868032,,,0,,,,128,35,14746
State,nv,2012,49,0.691995,0.691995,,,0,,,,102,32,14740
State,nv,2012,50,1.0532,1.0532,,,0,,,,155,34,14717
State,nv,2012,51,1.63702,1.63702,,,0,,,,127,28,7758
State,nv,2012,52,1.71037,1.71037,,,0,,,,212,31,12395
State,nv,2013,1,1.97276,1.97276,,,0,,,,281,33,14244
State,nv,2013,2,2.38245,2.38245,,,0,,,,380,32,15950
State,nv,2013,3,3.02318,3.02318,,,0,,,,476,32,15745
State,nv,2013,4,3.57443,3.57443,,,0,,,,553,32,15471
State,nv,2013,5,2.32686,2.32686,,,0,,,,297,26,12764
State,nv,2013,6,3.55964,3.55964,,,0,,,,507,31,14243
State,nv,2013,7,3.38641,3.38641,,,0,,,,504,28,14883
State,nv,2013,8,2.88354,2.88354,,,0,,,,437,29,15155
State,nv,2013,9,3.18243,3.18243,,,0,,,,258,25,8107
State,nv,2013,10,2.39382,2.39382,,,0,,,,186,24,7770
State,nv,2013,11,2.72161,2.72161,,,0,,,,214,23,7863
State,nv,2013,12,1.81388,1.81388,,,0,,,,92,19,5072
State,nv,2013,13,1.95603,1.95603,,,0,,,,137,20,7004
State,nv,2013,14,1.57446,1.57446,,,0,,,,107,19,6796
State,nv,2013,15,1.31522,1.31522,,,0,,,,91,20,6919
State,nv,2013,16,1.0496,1.0496,,,0,,,,62,18,5907
State,nv,2013,17,1.08536,1.08536,,,0,,,,74,19,6818
State,nv,2013,18,1.03443,1.03443,,,0,,,,73,20,7057
State,nv,2013,19,0.960045,0.960045,,,0,,,,68,21,7083
State,nv,2013,20,1.35322,1.35322,,,0,,,,88,19,6503
State,nv,2013,21,0.92672,0.92672,,,0,,,,54,16,5827
State,nv,2013,22,1.04712,1.04712,,,0,,,,62,19,5921
State,nv,2013,23,0.887989,0.887989,,,0,,,,57,19,6419
State,nv,2013,24,0.574163,0.574163,,,0,,,,18,16,3135
State,nv,2013,25,1.09746,1.09746,,,0,,,,67,18,6105
State,nv,2013,26,0.773071,0.773071,,,0,,,,48,18,6209
State,nv,2013,27,0.682196,0.682196,,,0,,,,41,18,6010
State,nv,2013,28,0.345185,0.345185,,,0,,,,10,14,2897
State,nv,2013,29,0.481506,0.481506,,,0,,,,22,15,4569
State,nv,2013,30,0.682594,0.682594,,,0,,,,40,16,5860
State,nv,2013,31,0.500762,0.500762,,,0,,,,23,13,4593
State,nv,2013,32,0.329649,0.329649,,,0,,,,17,15,5157
State,nv,2013,33,0.511229,0.511229,,,0,,,,28,15,5477
State,nv,2013,34,0.42186,0.42186,,,0,,,,22,15,5215
State,nv,2013,35,0.55931,0.55931,,,0,,,,24,13,4291
State,nv,2013,36,0.696926,0.696926,,,0,,,,39,15,5596
State,nv,2013,37,0.663538,0.663538,,,0,,,,41,15,6179
State,nv,2013,38,0.629987,0.629987,,,0,,,,30,14,4762
State,nv,2013,39,0.228224,0.228224,,,0,,,,6,12,2629
State,nv,2013,40,0.584908,0.584908,,,0,,,,91,34,15558
State,nv,2013,41,0.777235,0.777235,,,0,,,,124,34,15954
State,nv,2013,42,0.714734,0.714734,,,0,,,,114,34,15950
State,nv,2013,43,0.745461,0.745461,,,0,,,,124,39,16634
State,nv,2013,44,0.804817,0.804817,,,0,,,,135,40,16774
State,nv,2013,45,1.00333,1.00333,,,0,,,,178,40,17741
State,nv,2013,46,0.93076,0.93076,,,0,,,,164,39,17620
State,nv,2013,47,1.0488,1.0488,,,0,,,,193,43,18402
State,nv,2013,48,1.54363,1.54363,,,0,,,,216,43,13993
State,nv,2013,49,1.39576,1.39576,,,0,,,,237,41,16980
State,nv,2013,50,1.64318,1.64318,,,0,,,,281,42,17101
State,nv,2013,51,2.48553,2.48553,,,0,,,,451,42,18145
State,nv,2013,52,4.12023,4.12023,,,0,,,,658,43,15970
State,nv,2014,1,3.68822,3.68822,,,0,,,,644,43,17461
State,nv,2014,2,3.22084,3.22084,,,0,,,,627,44,19467
State,nv,2014,3,2.63852,2.63852,,,0,,,,500,44,18950
State,nv,2014,4,2.09538,2.09538,,,0,,,,384,44,18326
State,nv,2014,5,2.25962,2.25962,,,0,,,,427,42,18897
State,nv,2014,6,1.89535,1.89535,,,0,,,,351,42,18519
State,nv,2014,7,1.47948,1.47948,,,0,,,,279,42,18858
State,nv,2014,8,1.02141,1.02141,,,0,,,,188,40,18406
State,nv,2014,9,1.07607,1.07607,,,0,,,,203,41,18865
State,nv,2014,10,0.972376,0.972376,,,0,,,,176,41,18100
State,nv,2014,11,1.02816,1.02816,,,0,,,,184,39,17896
State,nv,2014,12,0.947539,0.947539,,,0,,,,164,40,17308
State,nv,2014,13,0.854943,0.854943,,,0,,,,151,39,17662
State,nv,2014,14,0.737705,0.737705,,,0,,,,126,39,17080
State,nv,2014,15,0.817784,0.817784,,,0,,,,142,38,17364
State,nv,2014,16,0.917431,0.917431,,,0,,,,152,38,16568
State,nv,2014,17,0.543696,0.543696,,,0,,,,95,38,17473
State,nv,2014,18,0.786346,0.786346,,,0,,,,129,35,16405
State,nv,2014,19,0.653013,0.653013,,,0,,,,110,35,16845
State,nv,2014,20,0.789083,0.789083,,,0,,,,133,34,16855
State,nv,2014,21,0.869619,0.869619,,,0,,,,141,30,16214
State,nv,2014,22,0.948859,0.948859,,,0,,,,136,28,14333
State,nv,2014,23,0.755287,0.755287,,,0,,,,115,28,15226
State,nv,2014,24,0.730076,0.730076,,,0,,,,107,28,14656
State,nv,2014,25,0.565903,0.565903,,,0,,,,79,28,13960
State,nv,2014,26,0.532632,0.532632,,,0,,,,79,28,14832
State,nv,2014,27,0.697674,0.697674,,,0,,,,93,28,13330
State,nv,2014,28,0.435852,0.435852,,,0,,,,62,28,14225
State,nv,2014,29,0.42203,0.42203,,,0,,,,60,27,14217
State,nv,2014,30,0.369324,0.369324,,,0,,,,51,26,13809
State,nv,2014,31,0.245204,0.245204,,,0,,,,34,28,13866
State,nv,2014,32,0.242269,0.242269,,,0,,,,34,28,14034
State,nv,2014,33,0.331383,0.331383,,,0,,,,47,28,14183
State,nv,2014,34,0.288382,0.288382,,,0,,,,42,28,14564
State,nv,2014,35,0.507998,0.507998,,,0,,,,74,28,14567
State,nv,2014,36,0.413763,0.413763,,,0,,,,57,28,13776
State,nv,2014,37,0.481026,0.481026,,,0,,,,72,27,14968
State,nv,2014,38,0.583847,0.583847,,,0,,,,90,28,15415
State,nv,2014,39,0.560659,0.560659,,,0,,,,83,29,14804
State,nv,2014,40,0.494334,0.494334,,,0,,,,65,29,13149
State,nv,2014,41,0.587345,0.587345,,,0,,,,66,31,11237
State,nv,2014,42,0.551651,0.551651,,,0,,,,73,31,13233
State,nv,2014,43,0.435894,0.435894,,,0,,,,58,30,13306
State,nv,2014,44,0.562972,0.562972,,,0,,,,70,29,12434
State,nv,2014,45,0.544813,0.544813,,,0,,,,71,30,13032
State,nv,2014,46,0.814036,0.814036,,,0,,,,103,30,12653
State,nv,2014,47,0.790485,0.790485,,,0,,,,107,32,13536
State,nv,2014,48,1.80027,1.80027,,,0,,,,190,31,10554
State,nv,2014,49,1.26213,1.26213,,,0,,,,173,31,13707
State,nv,2014,50,1.42665,1.42665,,,0,,,,191,31,13388
State,nv,2014,51,1.80069,1.80069,,,0,,,,234,31,12995
State,nv,2014,52,3.27054,3.27054,,,0,,,,342,30,10457
State,nv,2014,53,4.10995,4.10995,,,0,,,,462,29,11241
State,nv,2015,1,3.93077,3.93077,,,0,,,,486,27,12364
State,nv,2015,2,3.4213,3.4213,,,0,,,,468,28,13679
State,nv,2015,3,3.99324,3.99324,,,0,,,,520,29,13022
State,nv,2015,4,3.09628,3.09628,,,0,,,,438,29,14146
State,nv,2015,5,2.34095,2.34095,,,0,,,,333,28,14225
State,nv,2015,6,2.38325,2.38325,,,0,,,,321,28,13469
State,nv,2015,7,1.69153,1.69153,,,0,,,,220,25,13006
State,nv,2015,8,1.16532,1.16532,,,0,,,,150,26,12872
State,nv,2015,9,1.16225,1.16225,,,0,,,,149,26,12820
State,nv,2015,10,1.49568,1.49568,,,0,,,,199,27,13305
State,nv,2015,11,1.06904,1.06904,,,0,,,,144,25,13470
State,nv,2015,12,0.786713,0.786713,,,0,,,,108,28,13728
State,nv,2015,13,0.972887,0.972887,,,0,,,,122,28,12540
State,nv,2015,14,0.903882,0.903882,,,0,,,,112,27,12391
State,nv,2015,15,0.800924,0.800924,,,0,,,,104,26,12985
State,nv,2015,16,0.53934,0.53934,,,0,,,,68,25,12608
State,nv,2015,17,0.397475,0.397475,,,0,,,,51,24,12831
State,nv,2015,18,0.593662,0.593662,,,0,,,,74,25,12465
State,nv,2015,19,0.290604,0.290604,,,0,,,,36,25,12388
State,nv,2015,20,0.493659,0.493659,,,0,,,,58,24,11749
State,nv,2015,21,0.608654,0.608654,,,0,,,,64,23,10515
State,nv,2015,22,0.346852,0.346852,,,0,,,,39,21,11244
State,nv,2015,23,0.364282,0.364282,,,0,,,,39,21,10706
State,nv,2015,24,0.25413,0.25413,,,0,,,,26,21,10231
State,nv,2015,25,0.195991,0.195991,,,0,,,,22,20,11225
State,nv,2015,26,0.179033,0.179033,,,0,,,,18,19,10054
State,nv,2015,27,0.134156,0.134156,,,0,,,,15,20,11181
State,nv,2015,28,0.210681,0.210681,,,0,,,,23,19,10917
State,nv,2015,29,0.111535,0.111535,,,0,,,,12,18,10759
State,nv,2015,30,0.247219,0.247219,,,0,,,,24,17,9708
State,nv,2015,31,0.134048,0.134048,,,0,,,,13,18,9698
State,nv,2015,32,0.28028,0.28028,,,0,,,,28,18,9990
State,nv,2015,33,0.762777,0.762777,,,0,,,,30,14,3933
State,nv,2015,34,0.739504,0.739504,,,0,,,,31,14,4192
State,nv,2015,35,0.795756,0.795756,,,0,,,,33,14,4147
State,nv,2015,36,0.842156,0.842156,,,0,,,,35,14,4156
State,nv,2015,37,0.497512,0.497512,,,0,,,,23,14,4623
State,nv,2015,38,0.94541,0.94541,,,0,,,,31,12,3279
State,nv,2015,39,1.30785,1.30785,,,0,,,,39,11,2982
State,nv,2015,40,0.62855,0.62855,,,0,,,,83,28,13205
State,nv,2015,41,0.397966,0.397966,,,0,,,,54,27,13569
State,nv,2015,42,0.488183,0.488183,,,0,,,,63,27,12905
State,nv,2015,43,0.689338,0.689338,,,0,,,,90,28,13056
State,nv,2015,44,0.660979,0.660979,,,0,,,,86,28,13011
State,nv,2015,45,0.663507,0.663507,,,0,,,,84,28,12660
State,nv,2015,46,0.49005,0.49005,,,0,,,,66,27,13468
State,nv,2015,47,0.844991,0.844991,,,0,,,,90,28,10651
State,nv,2015,48,0.721364,0.721364,,,0,,,,99,28,13724
State,nv,2015,49,0.96706,0.96706,,,0,,,,128,28,13236
State,nv,2015,50,1.04183,1.04183,,,0,,,,135,28,12958
State,nv,2015,51,1.2116,1.2116,,,0,,,,127,29,10482
State,nv,2015,52,1.43746,1.43746,,,0,,,,164,29,11409
State,nv,2016,1,1.18955,1.18955,,,0,,,,169,28,14207
State,nv,2016,2,0.909577,0.909577,,,0,,,,119,26,13083
State,nv,2016,3,1.23082,1.23082,,,0,,,,154,26,12512
State,nv,2016,4,1.19691,1.19691,,,0,,,,186,27,15540
State,nv,2016,5,1.38714,1.38714,,,0,,,,187,26,13481
State,nv,2016,6,1.80372,1.80372,,,0,,,,254,26,14082
State,nv,2016,7,2.24189,2.24189,,,0,,,,309,22,13783
State,nv,2016,8,2.34118,2.34118,,,0,,,,356,26,15206
State,nv,2016,9,2.76263,2.76263,,,0,,,,390,25,14117
State,nv,2016,10,2.5523,2.5523,,,0,,,,305,23,11950
State,nv,2016,11,2.77078,2.77078,,,0,,,,319,24,11513
State,nv,2016,12,1.27855,1.27855,,,0,,,,150,24,11732
State,nv,2016,13,1.00711,1.00711,,,0,,,,102,23,10128
State,nv,2016,14,1.14353,1.14353,,,0,,,,145,24,12680
State,nv,2016,15,0.877486,0.877486,,,0,,,,105,22,11966
State,nv,2016,16,0.553683,0.553683,,,0,,,,69,22,12462
State,nv,2016,17,0.530293,0.530293,,,0,,,,80,22,15086
State,nv,2016,18,0.571705,0.571705,,,0,,,,71,22,12419
State,nv,2016,19,0.432289,0.432289,,,0,,,,52,21,12029
State,nv,2016,20,0.307999,0.307999,,,0,,,,34,20,11039
State,nv,2016,21,0.307542,0.307542,,,0,,,,44,24,14307
State,nv,2016,22,0.404401,0.404401,,,0,,,,43,23,10633
State,nv,2016,23,0.330291,0.330291,,,0,,,,38,20,11505
State,nv,2016,24,0.202169,0.202169,,,0,,,,22,20,10882
State,nv,2016,25,0.26932,0.26932,,,0,,,,36,21,13367
State,nv,2016,26,0.276187,0.276187,,,0,,,,27,17,9776
State,nv,2016,27,0.252398,0.252398,,,0,,,,25,19,9905
State,nv,2016,28,0.260116,0.260116,,,0,,,,27,19,10380
State,nv,2016,29,0.395294,0.395294,,,0,,,,42,19,10625
State,nv,2016,30,0.259393,0.259393,,,0,,,,31,22,11951
State,nv,2016,31,0.171319,0.171319,,,0,,,,17,20,9923
State,nv,2016,32,0.190133,0.190133,,,0,,,,19,20,9993
State,nv,2016,33,0.203384,0.203384,,,0,,,,22,21,10817
State,nv,2016,34,0.233483,0.233483,,,0,,,,27,21,11564
State,nv,2016,35,0.270225,0.270225,,,0,,,,32,22,11842
State,nv,2016,36,0.375834,0.375834,,,0,,,,40,21,10643
State,nv,2016,37,0.354578,0.354578,,,0,,,,40,21,11281
State,nv,2016,38,0.402145,0.402145,,,0,,,,45,20,11190
State,nv,2016,39,0.379147,0.379147,,,0,,,,44,20,11605
State,nv,2016,40,0.428964,0.428964,,,0,,,,75,36,17484
State,nv,2016,41,0.450626,0.450626,,,0,,,,81,38,17975
State,nv,2016,42,0.540632,0.540632,,,0,,,,96,38,17757
State,nv,2016,43,0.58743,0.58743,,,0,,,,103,38,17534
State,nv,2016,44,0.877819,0.877819,,,0,,,,160,37,18227
State,nv,2016,45,1.07815,1.07815,,,0,,,,189,35,17530
State,nv,2016,46,0.887933,0.887933,,,0,,,,161,36,18132
State,nv,2016,47,1.18386,1.18386,,,0,,,,198,37,16725
State,nv,2016,48,1.28977,1.28977,,,0,,,,240,36,18608
State,nv,2016,49,1.91477,1.91477,,,0,,,,328,35,17130
State,nv,2016,50,1.45363,1.45363,,,0,,,,266,35,18299
State,nv,2016,51,1.70873,1.70873,,,0,,,,283,35,16562
State,nv,2016,52,2.1243,2.1243,,,0,,,,390,36,18359
State,nv,2017,1,1.91924,1.91924,,,0,,,,337,35,17559
State,nv,2017,2,1.66173,1.66173,,,0,,,,292,35,17572
State,nv,2017,3,1.61179,1.61179,,,0,,,,281,35,17434
State,nv,2017,4,1.54401,1.54401,,,0,,,,308,36,19948
State,nv,2017,5,1.76521,1.76521,,,0,,,,332,35,18808
State,nv,2017,6,1.7554,1.7554,,,0,,,,335,35,19084
State,nv,2017,7,1.32337,1.32337,,,0,,,,248,36,18740
State,nv,2017,8,1.27038,1.27038,,,0,,,,240,36,18892
State,nv,2017,9,1.26629,1.26629,,,0,,,,241,36,19032
State,nv,2017,10,1.07925,1.07925,,,0,,,,201,35,18624
State,nv,2017,11,1.22788,1.22788,,,0,,,,238,35,19383
State,nv,2017,12,0.972422,0.972422,,,0,,,,189,34,19436
State,nv,2017,13,0.89526,0.89526,,,0,,,,163,33,18207
State,nv,2017,14,0.914431,0.914431,,,0,,,,165,34,18044
State,nv,2017,15,0.754254,0.754254,,,0,,,,129,34,17103
State,nv,2017,16,0.771322,0.771322,,,0,,,,139,32,18021
State,nv,2017,17,0.716424,0.716424,,,0,,,,146,35,20379
State,nv,2017,18,0.915543,0.915543,,,0,,,,169,33,18459
State,nv,2017,19,0.823752,0.823752,,,0,,,,144,32,17481
State,nv,2017,20,0.286427,0.286427,,,0,,,,31,21,10823
State,nv,2017,21,0.741243,0.741243,,,0,,,,142,33,19157
State,nv,2017,22,0.789554,0.789554,,,0,,,,130,32,16465
State,nv,2017,23,0.586159,0.586159,,,0,,,,98,31,16719
State,nv,2017,24,0.665388,0.665388,,,0,,,,111,32,16682
State,nv,2017,25,0.536596,0.536596,,,0,,,,100,33,18636
State,nv,2017,26,0.35474,0.35474,,,0,,,,58,32,16350
State,nv,2017,27,0.45966,0.45966,,,0,,,,67,32,14576
State,nv,2017,28,0.312557,0.312557,,,0,,,,51,31,16317
State,nv,2017,29,0.256561,0.256561,,,0,,,,35,30,13642
State,nv,2017,30,0.0653412,0.0653412,,,0,,,,7,20,10713
State,nv,2017,31,0.333249,0.333249,,,0,,,,53,29,15904
State,nv,2017,32,0.336302,0.336302,,,0,,,,54,29,16057
State,nv,2017,33,0.306231,0.306231,,,0,,,,49,29,16001
State,nv,2017,34,0.28345,0.28345,,,0,,,,54,30,19051
State,nv,2017,35,0.456991,0.456991,,,0,,,,79,30,17287
State,nv,2017,36,0.463961,0.463961,,,0,,,,71,29,15303
State,nv,2017,37,0.458743,0.458743,,,0,,,,78,29,17003
State,nv,2017,38,0.388979,0.388979,,,0,,,,60,29,15425
State,nv,2017,39,0.469092,0.469092,,,0,,,,90,31,19186
State,nv,2017,40,0.673618,0.673618,,,0,,,,115,34,17072
State,nv,2017,41,0.651595,0.651595,,,0,,,,115,35,17649
State,nv,2017,42,0.763787,0.763787,,,0,,,,136,35,17806
State,nv,2017,43,0.614713,0.614713,,,0,,,,124,35,20172
State,nv,2017,44,0.94144,0.94144,,,0,,,,168,35,17845
State,nv,2017,45,1.04433,1.04433,,,0,,,,188,35,18002
State,nv,2017,46,0.932615,0.932615,,,0,,,,173,36,18550
State,nv,2017,47,1.27606,1.27606,,,0,,,,224,37,17554
State,nv,2017,48,1.15908,1.15908,,,0,,,,225,36,19412
State,nv,2017,49,1.43369,1.43369,,,0,,,,260,35,18135
State,nv,2017,50,2.3175,2.3175,,,0,,,,440,36,18986
State,nv,2017,51,2.77483,2.77483,,,0,,,,523,36,18848
State,nv,2017,52,3.75349,3.75349,,,0,,,,712,36,18969
State,ny,2010,40,1.0574455357659727,1.0574455357659727,,,0,,,,1096,131,103646
State,ny,2010,41,1.2741403214153209,1.2741403214153209,,,0,,,,1305,130,102422
State,ny,2010,42,1.162504496658273,1.162504496658273,,,0,,,,1228,137,105634
State,ny,2010,43,1.1727257497068184,1.1727257497068184,,,0,,,,1260,139,107442
State,ny,2010,44,1.3690754599314001,1.3690754599314001,,,0,,,,1405,146,102624
State,ny,2010,45,1.5567870201096892,1.5567870201096892,,,0,,,,1635,147,105024
State,ny,2010,46,1.7230999379720509,1.7230999379720509,,,0,,,,1889,150,109628
State,ny,2010,47,2.1331847428403212,2.1331847428403212,,,0,,,,2029,147,95116
State,ny,2010,48,2.4169101783324685,2.4169101783324685,,,0,,,,2655,146,109851
State,ny,2010,49,2.6553826211923393,2.6553826211923393,,,0,,,,2827,144,106463
State,ny,2010,50,3.207112951375731,3.207112951375731,,,0,,,,3470,143,108197
State,ny,2010,51,4.220717331326812,4.220717331326812,,,0,,,,4207,144,99675
State,ny,2010,52,4.379304644884016,4.379304644884016,,,0,,,,3974,140,90745
State,ny,2011,1,3.2635721312941595,3.2635721312941595,,,0,,,,3649,141,111810
State,ny,2011,2,3.2012316249503376,3.2012316249503376,,,0,,,,3223,139,100680
State,ny,2011,3,2.904441506679032,2.904441506679032,,,0,,,,2944,141,101362
State,ny,2011,4,2.7540093509627472,2.7540093509627472,,,0,,,,2739,144,99455
State,ny,2011,5,2.6744106191564714,2.6744106191564714,,,0,,,,2726,138,101929
State,ny,2011,6,2.6949113516002763,2.6949113516002763,,,0,,,,2926,135,108575
State,ny,2011,7,2.7768558468857174,2.7768558468857174,,,0,,,,3012,127,108468
State,ny,2011,8,2.738301222855143,2.738301222855143,,,0,,,,2817,128,102874
State,ny,2011,9,2.109708663819402,2.109708663819402,,,0,,,,2213,124,104896
State,ny,2011,10,1.9666937135350258,1.9666937135350258,,,0,,,,2036,121,103524
State,ny,2011,11,1.947142097888583,1.947142097888583,,,0,,,,2015,121,103485
State,ny,2011,12,1.84468524251806,1.84468524251806,,,0,,,,1859,121,100776
State,ny,2011,13,1.8092609628948173,1.8092609628948173,,,0,,,,1829,119,101091
State,ny,2011,14,1.858290723155588,1.858290723155588,,,0,,,,1908,116,102675
State,ny,2011,15,1.598297332419241,1.598297332419241,,,0,,,,1562,114,97729
State,ny,2011,16,1.5974098374715897,1.5974098374715897,,,0,,,,1490,112,93276
State,ny,2011,17,1.2176250203616223,1.2176250203616223,,,0,,,,1196,106,98224
State,ny,2011,18,1.1858095827561477,1.1858095827561477,,,0,,,,1207,111,101787
State,ny,2011,19,1.2410572244601772,1.2410572244601772,,,0,,,,1334,107,107489
State,ny,2011,20,1.0986203372508943,1.0986203372508943,,,0,,,,1075,102,97850
State,ny,2011,21,1.3091527925859099,1.3091527925859099,,,0,,,,1277,90,97544
State,ny,2011,22,1.2101427427822886,1.2101427427822886,,,0,,,,1164,92,96187
State,ny,2011,23,1.1716733223049933,1.1716733223049933,,,0,,,,1112,88,94907
State,ny,2011,24,1.141225304415215,1.141225304415215,,,0,,,,1075,88,94197
State,ny,2011,25,0.9722974911536867,0.9722974911536867,,,0,,,,915,87,94107
State,ny,2011,26,0.9944896928717263,0.9944896928717263,,,0,,,,906,85,91102
State,ny,2011,27,0.9509254542367125,0.9509254542367125,,,0,,,,840,82,88335
State,ny,2011,28,0.8067093531998368,0.8067093531998368,,,0,,,,732,83,90739
State,ny,2011,29,0.7074133807908347,0.7074133807908347,,,0,,,,636,84,89905
State,ny,2011,30,0.7430522973518533,0.7430522973518533,,,0,,,,681,85,91649
State,ny,2011,31,0.7350823223070985,0.7350823223070985,,,0,,,,638,86,86793
State,ny,2011,32,0.7569579250852869,0.7569579250852869,,,0,,,,659,86,87059
State,ny,2011,33,0.7543401628989761,0.7543401628989761,,,0,,,,627,85,83119
State,ny,2011,34,0.7957740866813147,0.7957740866813147,,,0,,,,699,85,87839
State,ny,2011,35,0.7483446753724481,0.7483446753724481,,,0,,,,651,78,86992
State,ny,2011,36,0.7599789268380169,0.7599789268380169,,,0,,,,678,78,89213
State,ny,2011,37,0.8250334473019175,0.8250334473019175,,,0,,,,777,80,94178
State,ny,2011,38,0.793291490894125,0.793291490894125,,,0,,,,771,79,97190
State,ny,2011,39,1.0508988346766504,1.0508988346766504,,,0,,,,1047,80,99629
State,ny,2011,40,1.378894335743354,1.378894335743354,,,0,,,,1623,206,117703
State,ny,2011,41,1.5611760174605214,1.5611760174605214,,,0,,,,1824,204,116835
State,ny,2011,42,1.543749781338558,1.543749781338558,,,0,,,,1765,197,114332
State,ny,2011,43,1.575228926770027,1.575228926770027,,,0,,,,1777,194,112809
State,ny,2011,44,1.8663606398950765,1.8663606398950765,,,0,,,,2163,202,115894
State,ny,2011,45,1.8591205418831969,1.8591205418831969,,,0,,,,2193,202,117959
State,ny,2011,46,1.885061377054751,1.885061377054751,,,0,,,,2219,192,117715
State,ny,2011,47,2.2532392816048827,2.2532392816048827,,,0,,,,2252,192,99945
State,ny,2011,48,2.2432031976844353,2.2432031976844353,,,0,,,,2604,186,116084
State,ny,2011,49,2.288171676743592,2.288171676743592,,,0,,,,2687,196,117430
State,ny,2011,50,2.2872294927722177,2.2872294927722177,,,0,,,,2674,195,116910
State,ny,2011,51,2.523517307268318,2.523517307268318,,,0,,,,2747,196,108856
State,ny,2011,52,2.5929924428305036,2.5929924428305036,,,0,,,,2642,186,101890
State,ny,2012,1,2.2998990417825325,2.2998990417825325,,,0,,,,2597,198,112918
State,ny,2012,2,1.8732957965933636,1.8732957965933636,,,0,,,,2116,193,112956
State,ny,2012,3,2.0095280138321745,2.0095280138321745,,,0,,,,2185,194,108732
State,ny,2012,4,1.9038853698590583,1.9038853698590583,,,0,,,,2110,190,110826
State,ny,2012,5,1.8825327976677215,1.8825327976677215,,,0,,,,2118,197,112508
State,ny,2012,6,1.847740520268537,1.847740520268537,,,0,,,,2089,195,113057
State,ny,2012,7,1.8982610398163144,1.8982610398163144,,,0,,,,2133,193,112366
State,ny,2012,8,2.1175539283593907,2.1175539283593907,,,0,,,,2354,194,111166
State,ny,2012,9,1.8972705931817386,1.8972705931817386,,,0,,,,2166,191,114164
State,ny,2012,10,1.8314486878600384,1.8314486878600384,,,0,,,,2146,190,117175
State,ny,2012,11,2.0524640544396884,2.0524640544396884,,,0,,,,2431,190,118443
State,ny,2012,12,1.9353482702089202,1.9353482702089202,,,0,,,,2302,182,118945
State,ny,2012,13,1.8514667914262446,1.8514667914262446,,,0,,,,2137,178,115422
State,ny,2012,14,1.9298530926437902,1.9298530926437902,,,0,,,,2136,174,110682
State,ny,2012,15,1.827221192830542,1.827221192830542,,,0,,,,1992,176,109018
State,ny,2012,16,1.6328669583589812,1.6328669583589812,,,0,,,,1963,171,120218
State,ny,2012,17,1.4626852145543523,1.4626852145543523,,,0,,,,1614,175,110345
State,ny,2012,18,1.570816806160649,1.570816806160649,,,0,,,,1691,153,107651
State,ny,2012,19,1.6747257931359831,1.6747257931359831,,,0,,,,1846,150,110227
State,ny,2012,20,1.5637942490965857,1.5637942490965857,,,0,,,,1718,151,109861
State,ny,2012,21,1.5054044956427421,1.5054044956427421,,,0,,,,1610,151,106948
State,ny,2012,22,1.4346445056474133,1.4346445056474133,,,0,,,,1495,147,104207
State,ny,2012,23,1.4146461959413241,1.4146461959413241,,,0,,,,1489,146,105256
State,ny,2012,24,1.3837408054696652,1.3837408054696652,,,0,,,,1441,138,104138
State,ny,2012,25,1.4716133529548447,1.4716133529548447,,,0,,,,1520,137,103288
State,ny,2012,26,1.4543813839182858,1.4543813839182858,,,0,,,,1515,134,104168
State,ny,2012,27,1.3266781826216205,1.3266781826216205,,,0,,,,1321,134,99572
State,ny,2012,28,1.3165535426999342,1.3165535426999342,,,0,,,,1383,140,105047
State,ny,2012,29,1.2059285649950462,1.2059285649950462,,,0,,,,1205,139,99923
State,ny,2012,30,1.1135461707042587,1.1135461707042587,,,0,,,,1128,138,101298
State,ny,2012,31,1.051329622758194,1.051329622758194,,,0,,,,1020,124,97020
State,ny,2012,32,0.9626684424945159,0.9626684424945159,,,0,,,,983,134,102112
State,ny,2012,33,1.007438286741867,1.007438286741867,,,0,,,,986,126,97872
State,ny,2012,34,1.1645639816997089,1.1645639816997089,,,0,,,,1176,126,100982
State,ny,2012,35,0.9656330594374138,0.9656330594374138,,,0,,,,966,121,100038
State,ny,2012,36,1.0269446882345226,1.0269446882345226,,,0,,,,1018,125,99129
State,ny,2012,37,1.175549346970737,1.175549346970737,,,0,,,,1216,130,103441
State,ny,2012,38,1.3537190568013862,1.3537190568013862,,,0,,,,1383,125,102163
State,ny,2012,39,1.326671095321992,1.326671095321992,,,0,,,,1378,127,103869
State,ny,2012,40,1.2944565179895822,1.2944565179895822,,,0,,,,1501,295,115956
State,ny,2012,41,1.4387296601666448,1.4387296601666448,,,0,,,,1649,297,114615
State,ny,2012,42,1.5465255507456315,1.5465255507456315,,,0,,,,1847,300,119429
State,ny,2012,43,1.5840412493132159,1.5840412493132159,,,0,,,,1874,291,118305
State,ny,2012,44,1.6558364456725891,1.6558364456725891,,,0,,,,1534,277,92642
State,ny,2012,45,1.473696022142844,1.473696022142844,,,0,,,,1576,292,106942
State,ny,2012,46,1.5873716550865637,1.5873716550865637,,,0,,,,1798,296,113269
State,ny,2012,47,2.0947479945512337,2.0947479945512337,,,0,,,,2076,290,99105
State,ny,2012,48,2.2498372786132714,2.2498372786132714,,,0,,,,2627,294,116764
State,ny,2012,49,2.746470714794035,2.746470714794035,,,0,,,,3319,290,120846
State,ny,2012,50,3.257272107372728,3.257272107372728,,,0,,,,3917,289,120254
State,ny,2012,51,4.037295343046007,4.037295343046007,,,0,,,,4880,292,120873
State,ny,2012,52,5.124194394669888,5.124194394669888,,,0,,,,5176,286,101011
State,ny,2013,1,4.718802360311794,4.718802360311794,,,0,,,,5182,282,109816
State,ny,2013,2,5.354458663416616,5.354458663416616,,,0,,,,6590,282,123075
State,ny,2013,3,5.946621012497002,5.946621012497002,,,0,,,,7190,287,120909
State,ny,2013,4,4.996301708430301,4.996301708430301,,,0,,,,5539,282,110862
State,ny,2013,5,4.025408858005194,4.025408858005194,,,0,,,,4588,281,113976
State,ny,2013,6,3.619133320210343,3.619133320210343,,,0,,,,3861,268,106683
State,ny,2013,7,3.1006839077856787,3.1006839077856787,,,0,,,,3423,264,110395
State,ny,2013,8,3.415587499315056,3.415587499315056,,,0,,,,3740,288,109498
State,ny,2013,9,2.8834393615429965,2.8834393615429965,,,0,,,,3277,286,113649
State,ny,2013,10,2.937877250146894,2.937877250146894,,,0,,,,3300,282,112326
State,ny,2013,11,2.731759370414833,2.731759370414833,,,0,,,,3072,280,112455
State,ny,2013,12,2.5496642741375317,2.5496642741375317,,,0,,,,2753,264,107975
State,ny,2013,13,2.267031542560853,2.267031542560853,,,0,,,,2361,259,104145
State,ny,2013,14,2.01241461409824,2.01241461409824,,,0,,,,2130,255,105843
State,ny,2013,15,1.6846318278983037,1.6846318278983037,,,0,,,,1852,254,109935
State,ny,2013,16,1.6946538569704888,1.6946538569704888,,,0,,,,1868,249,110229
State,ny,2013,17,1.5968909089198167,1.5968909089198167,,,0,,,,1697,242,106269
State,ny,2013,18,1.5772115047998085,1.5772115047998085,,,0,,,,1712,241,108546
State,ny,2013,19,1.5314218236835309,1.5314218236835309,,,0,,,,1660,236,108396
State,ny,2013,20,1.4683160079358548,1.4683160079358548,,,0,,,,1606,241,109377
State,ny,2013,21,1.4028384806120775,1.4028384806120775,,,0,,,,1454,234,103647
State,ny,2013,22,1.4532935226372554,1.4532935226372554,,,0,,,,1431,240,98466
State,ny,2013,23,1.2715872412212699,1.2715872412212699,,,0,,,,1304,239,102549
State,ny,2013,24,1.341294995479339,1.341294995479339,,,0,,,,1350,239,100649
State,ny,2013,25,1.2521857392655915,1.2521857392655915,,,0,,,,1289,238,102940
State,ny,2013,26,1.1301386764052705,1.1301386764052705,,,0,,,,1145,228,101315
State,ny,2013,27,1.2148735077496917,1.2148735077496917,,,0,,,,1153,225,94907
State,ny,2013,28,1.1070469668080472,1.1070469668080472,,,0,,,,1138,232,102796
State,ny,2013,29,1.00729827166766,1.00729827166766,,,0,,,,1031,236,102353
State,ny,2013,30,0.9744389283223239,0.9744389283223239,,,0,,,,950,224,97492
State,ny,2013,31,0.9540228669339059,0.9540228669339059,,,0,,,,902,225,94547
State,ny,2013,32,0.8765382072554331,0.8765382072554331,,,0,,,,822,214,93778
State,ny,2013,33,0.7672469374597034,0.7672469374597034,,,0,,,,714,213,93060
State,ny,2013,34,0.840612791361222,0.840612791361222,,,0,,,,766,210,91124
State,ny,2013,35,0.8067593927571877,0.8067593927571877,,,0,,,,761,218,94328
State,ny,2013,36,0.804377507064763,0.804377507064763,,,0,,,,760,209,94483
State,ny,2013,37,0.862647171115766,0.862647171115766,,,0,,,,836,210,96911
State,ny,2013,38,1.2399342975041063,1.2399342975041063,,,0,,,,1238,191,99844
State,ny,2013,39,1.4448567127831946,1.4448567127831946,,,0,,,,1507,196,104301
State,ny,2013,40,1.3974538813752218,1.3974538813752218,,,0,,,,1584,198,113349
State,ny,2013,41,1.304770824051427,1.304770824051427,,,0,,,,1435,201,109981
State,ny,2013,42,1.3841515546955856,1.3841515546955856,,,0,,,,1538,212,111115
State,ny,2013,43,1.5680418144483854,1.5680418144483854,,,0,,,,1764,211,112497
State,ny,2013,44,1.6600259577596457,1.6600259577596457,,,0,,,,1829,215,110179
State,ny,2013,45,1.7453398868589445,1.7453398868589445,,,0,,,,1882,217,107830
State,ny,2013,46,1.783405122289308,1.783405122289308,,,0,,,,1917,214,107491
State,ny,2013,47,1.897956188309544,1.897956188309544,,,0,,,,2069,214,109012
State,ny,2013,48,2.2335047037993045,2.2335047037993045,,,0,,,,2094,230,93754
State,ny,2013,49,2.313725490196078,2.313725490196078,,,0,,,,2714,234,117300
State,ny,2013,50,2.405718650685125,2.405718650685125,,,0,,,,2551,230,106039
State,ny,2013,51,2.671130952380952,2.671130952380952,,,0,,,,2872,218,107520
State,ny,2013,52,3.4642501792038005,3.4642501792038005,,,0,,,,3238,220,93469
State,ny,2014,1,3.492723492723493,3.492723492723493,,,0,,,,3108,220,88985
State,ny,2014,2,2.8174069915137236,2.8174069915137236,,,0,,,,3061,223,108646
State,ny,2014,3,3.112233594753866,3.112233594753866,,,0,,,,3512,222,112845
State,ny,2014,4,3.067272888660953,3.067272888660953,,,0,,,,3110,226,101393
State,ny,2014,5,2.747629914101779,2.747629914101779,,,0,,,,2962,228,107802
State,ny,2014,6,2.745606372286565,2.745606372286565,,,0,,,,2923,232,106461
State,ny,2014,7,2.457689771614682,2.457689771614682,,,0,,,,2460,229,100094
State,ny,2014,8,2.2274680137859404,2.2274680137859404,,,0,,,,2359,232,105905
State,ny,2014,9,1.936041645589412,1.936041645589412,,,0,,,,2105,231,108727
State,ny,2014,10,2.3193136249183994,2.3193136249183994,,,0,,,,2487,221,107230
State,ny,2014,11,2.6925507579196593,2.6925507579196593,,,0,,,,3025,209,112347
State,ny,2014,12,3.3974551218885223,3.3974551218885223,,,0,,,,3965,221,116705
State,ny,2014,13,3.6036548685515473,3.6036548685515473,,,0,,,,4433,217,123014
State,ny,2014,14,3.5640392444770743,3.5640392444770743,,,0,,,,4272,212,119864
State,ny,2014,15,3.252147213808556,3.252147213808556,,,0,,,,3919,208,120505
State,ny,2014,16,2.502272706403063,2.502272706403063,,,0,,,,2725,209,108901
State,ny,2014,17,1.9301388266905508,1.9301388266905508,,,0,,,,2155,214,111650
State,ny,2014,18,1.6409108283732865,1.6409108283732865,,,0,,,,1803,212,109878
State,ny,2014,19,1.6232258064516127,1.6232258064516127,,,0,,,,1887,213,116250
State,ny,2014,20,1.5229677474185186,1.5229677474185186,,,0,,,,1792,204,117665
State,ny,2014,21,1.5123671183251415,1.5123671183251415,,,0,,,,1720,202,113729
State,ny,2014,22,1.484701040444641,1.484701040444641,,,0,,,,1544,195,103994
State,ny,2014,23,1.4461991283183337,1.4461991283183337,,,0,,,,1533,194,106002
State,ny,2014,24,1.3133384763015785,1.3133384763015785,,,0,,,,1396,186,106294
State,ny,2014,25,1.5450324976787373,1.5450324976787373,,,0,,,,1664,189,107700
State,ny,2014,26,1.4179306230131725,1.4179306230131725,,,0,,,,1521,188,107269
State,ny,2014,27,1.3652833663643826,1.3652833663643826,,,0,,,,1364,187,99906
State,ny,2014,28,1.1746632444685914,1.1746632444685914,,,0,,,,1254,189,106754
State,ny,2014,29,1.0820170864943985,1.0820170864943985,,,0,,,,1131,187,104527
State,ny,2014,30,1.0009151223976207,1.0009151223976207,,,0,,,,1050,187,104904
State,ny,2014,31,1.0656251506822896,1.0656251506822896,,,0,,,,1105,186,103695
State,ny,2014,32,1.0310764322641401,1.0310764322641401,,,0,,,,1073,184,104066
State,ny,2014,33,1.0138854019814216,1.0138854019814216,,,0,,,,1050,183,103562
State,ny,2014,34,0.9416648249752573,0.9416648249752573,,,0,,,,980,186,104071
State,ny,2014,35,0.870670540561205,0.870670540561205,,,0,,,,911,185,104632
State,ny,2014,36,0.8806085242905151,0.8806085242905151,,,0,,,,925,187,105041
State,ny,2014,37,1.0450685826257349,1.0450685826257349,,,0,,,,1152,188,110232
State,ny,2014,38,1.5149578657668943,1.5149578657668943,,,0,,,,1778,189,117363
State,ny,2014,39,1.5104736082564394,1.5104736082564394,,,0,,,,1727,187,114335
State,ny,2014,40,1.4209751308900522,1.4209751308900522,,,0,,,,1737,247,122240
State,ny,2014,41,1.4652975883114796,1.4652975883114796,,,0,,,,1731,235,118133
State,ny,2014,42,1.591467027850673,1.591467027850673,,,0,,,,1880,251,118130
State,ny,2014,43,1.5928351960022962,1.5928351960022962,,,0,,,,1887,252,118468
State,ny,2014,44,1.6618867797579497,1.6618867797579497,,,0,,,,1976,256,118901
State,ny,2014,45,1.7506897416603964,1.7506897416603964,,,0,,,,2094,256,119610
State,ny,2014,46,1.6711413558751342,1.6711413558751342,,,0,,,,1886,221,112857
State,ny,2014,47,1.800334654652505,1.800334654652505,,,0,,,,2012,257,111757
State,ny,2014,48,2.0649556938630758,2.0649556938630758,,,0,,,,2067,259,100099
State,ny,2014,49,2.1170569384225755,2.1170569384225755,,,0,,,,2583,259,122009
State,ny,2014,50,2.2874492181098356,2.2874492181098356,,,0,,,,2652,242,115937
State,ny,2014,51,2.5840380327317094,2.5840380327317094,,,0,,,,3071,242,118845
State,ny,2014,52,3.5599647009765416,3.5599647009765416,,,0,,,,3671,241,103119
State,ny,2014,53,3.5538719565091665,3.5538719565091665,,,0,,,,3687,213,103746
State,ny,2015,1,3.0772991471562823,3.0772991471562823,,,0,,,,3399,177,110454
State,ny,2015,2,3.418427874686937,3.418427874686937,,,0,,,,3890,178,113795
State,ny,2015,3,3.7318016567340093,3.7318016567340093,,,0,,,,4496,176,120478
State,ny,2015,4,3.529946757110105,3.529946757110105,,,0,,,,3726,168,105554
State,ny,2015,5,3.358501118568233,3.358501118568233,,,0,,,,3603,173,107280
State,ny,2015,6,2.981531552174511,2.981531552174511,,,0,,,,3253,168,109105
State,ny,2015,7,2.3335259353870796,2.3335259353870796,,,0,,,,2302,159,98649
State,ny,2015,8,1.9413100688561231,1.9413100688561231,,,0,,,,2154,177,110956
State,ny,2015,9,1.7205255011514213,1.7205255011514213,,,0,,,,1823,171,105956
State,ny,2015,10,1.7368943030920052,1.7368943030920052,,,0,,,,1979,174,113939
State,ny,2015,11,1.800241530064876,1.800241530064876,,,0,,,,1923,170,106819
State,ny,2015,12,1.9255525538048701,1.9255525538048701,,,0,,,,2124,172,110306
State,ny,2015,13,1.9218533627755532,1.9218533627755532,,,0,,,,2054,162,106876
State,ny,2015,14,1.7385191237103608,1.7385191237103608,,,0,,,,1830,167,105262
State,ny,2015,15,1.4563673421744947,1.4563673421744947,,,0,,,,1622,164,111373
State,ny,2015,16,1.4763408101466216,1.4763408101466216,,,0,,,,1604,158,108647
State,ny,2015,17,1.4825315529540881,1.4825315529540881,,,0,,,,1621,158,109340
State,ny,2015,18,1.6011434308028687,1.6011434308028687,,,0,,,,1882,158,117541
State,ny,2015,19,1.4803391100539334,1.4803391100539334,,,0,,,,1699,155,114771
State,ny,2015,20,1.588285354843484,1.588285354843484,,,0,,,,1717,151,108104
State,ny,2015,21,1.5588063657853872,1.5588063657853872,,,0,,,,1576,137,101103
State,ny,2015,22,1.4139943125350547,1.4139943125350547,,,0,,,,1437,145,101627
State,ny,2015,23,1.4291973933229538,1.4291973933229538,,,0,,,,1533,143,107263
State,ny,2015,24,1.1490768545797296,1.1490768545797296,,,0,,,,1213,140,105563
State,ny,2015,25,1.320730791365503,1.320730791365503,,,0,,,,1354,143,102519
State,ny,2015,26,1.2678588324344782,1.2678588324344782,,,0,,,,1206,140,95121
State,ny,2015,27,1.041464078727294,1.041464078727294,,,0,,,,1071,140,102836
State,ny,2015,28,1.0134438432304504,1.0134438432304504,,,0,,,,1032,140,101831
State,ny,2015,29,0.9792114978382328,0.9792114978382328,,,0,,,,992,141,101306
State,ny,2015,30,1.118908573391569,1.118908573391569,,,0,,,,1140,143,101885
State,ny,2015,31,1.1850123418697933,1.1850123418697933,,,0,,,,1229,142,103712
State,ny,2015,32,1.0680321872713971,1.0680321872713971,,,0,,,,1095,137,102525
State,ny,2015,33,0.9998742904663824,0.9998742904663824,,,0,,,,1034,136,103413
State,ny,2015,34,0.9687328473619845,0.9687328473619845,,,0,,,,1006,135,103847
State,ny,2015,35,0.9262425900592796,0.9262425900592796,,,0,,,,975,134,105264
State,ny,2015,36,0.9066804373516588,0.9066804373516588,,,0,,,,913,132,100697
State,ny,2015,37,1.1315970992337951,1.1315970992337951,,,0,,,,1214,134,107282
State,ny,2015,38,1.2508558000111023,1.2508558000111023,,,0,,,,1352,141,108086
State,ny,2015,39,1.1915382937806063,1.1915382937806063,,,0,,,,1202,101,100878
State,ny,2015,40,1.169451704020485,1.169451704020485,,,0,,,,1329,167,113643
State,ny,2015,41,1.2951903028589604,1.2951903028589604,,,0,,,,1466,166,113188
State,ny,2015,42,1.4113579027221566,1.4113579027221566,,,0,,,,1600,167,113366
State,ny,2015,43,1.3819027529882633,1.3819027529882633,,,0,,,,1533,174,110934
State,ny,2015,44,1.3497164136842197,1.3497164136842197,,,0,,,,1573,176,116543
State,ny,2015,45,1.4152608173925318,1.4152608173925318,,,0,,,,1604,175,113336
State,ny,2015,46,1.6235809176068132,1.6235809176068132,,,0,,,,1832,162,112837
State,ny,2015,47,1.7178025893571147,1.7178025893571147,,,0,,,,1697,163,98789
State,ny,2015,48,1.9610546269171119,1.9610546269171119,,,0,,,,2276,170,116060
State,ny,2015,49,2.161864435953045,2.161864435953045,,,0,,,,2512,165,116196
State,ny,2015,50,2.257332417415198,2.257332417415198,,,0,,,,2596,171,115003
State,ny,2015,51,2.6927460718065617,2.6927460718065617,,,0,,,,2646,172,98264
State,ny,2015,52,2.8683740559307997,2.8683740559307997,,,0,,,,2875,164,100231
State,ny,2016,1,2.294298824564712,2.294298824564712,,,0,,,,2555,165,111363
State,ny,2016,2,2.255357957136343,2.255357957136343,,,0,,,,2473,169,109650
State,ny,2016,3,2.2316931421929485,2.2316931421929485,,,0,,,,2304,173,103240
State,ny,2016,4,2.3578777344710136,2.3578777344710136,,,0,,,,2686,173,113916
State,ny,2016,5,2.5184508864034085,2.5184508864034085,,,0,,,,2979,177,118287
State,ny,2016,6,2.981853849926434,2.981853849926434,,,0,,,,3344,170,112145
State,ny,2016,7,3.133312294305938,3.133312294305938,,,0,,,,3475,168,110905
State,ny,2016,8,3.1551759065433185,3.1551759065433185,,,0,,,,3738,161,118472
State,ny,2016,9,3.4541967149952675,3.4541967149952675,,,0,,,,4124,170,119391
State,ny,2016,10,3.8424320619304897,3.8424320619304897,,,0,,,,4765,166,124010
State,ny,2016,11,3.322270591784837,3.322270591784837,,,0,,,,3854,165,116005
State,ny,2016,12,2.9636226011843805,2.9636226011843805,,,0,,,,3328,155,112295
State,ny,2016,13,2.5387417309686118,2.5387417309686118,,,0,,,,2767,131,108991
State,ny,2016,14,2.108674167553596,2.108674167553596,,,0,,,,2219,132,105232
State,ny,2016,15,2.1774320361857016,2.1774320361857016,,,0,,,,2354,129,108109
State,ny,2016,16,2.1452936295749976,2.1452936295749976,,,0,,,,2327,129,108470
State,ny,2016,17,1.8498335738902472,1.8498335738902472,,,0,,,,1884,116,101847
State,ny,2016,18,1.5051209159235173,1.5051209159235173,,,0,,,,1546,125,102716
State,ny,2016,19,1.4932788122557776,1.4932788122557776,,,0,,,,1563,125,104669
State,ny,2016,20,1.3857703167612678,1.3857703167612678,,,0,,,,1438,121,103769
State,ny,2016,21,1.3817947201462444,1.3817947201462444,,,0,,,,1285,75,92995
State,ny,2016,22,1.3056635536494448,1.3056635536494448,,,0,,,,1303,119,99796
State,ny,2016,23,1.2518890459708478,1.2518890459708478,,,0,,,,1284,117,102565
State,ny,2016,24,1.2379391953395231,1.2379391953395231,,,0,,,,1224,118,98874
State,ny,2016,25,1.1848570433706038,1.1848570433706038,,,0,,,,1225,117,103388
State,ny,2016,26,1.1228783980534114,1.1228783980534114,,,0,,,,1126,114,100278
State,ny,2016,27,0.9990281420793579,0.9990281420793579,,,0,,,,956,108,95693
State,ny,2016,28,0.9145241646923475,0.9145241646923475,,,0,,,,938,114,102567
State,ny,2016,29,1.1000688773000098,1.1000688773000098,,,0,,,,1118,110,101630
State,ny,2016,30,1.0559787615528633,1.0559787615528633,,,0,,,,1066,119,100949
State,ny,2016,31,1.0539380048242937,1.0539380048242937,,,0,,,,1053,109,99911
State,ny,2016,32,1.0102215328321997,1.0102215328321997,,,0,,,,1016,108,100572
State,ny,2016,33,0.9612365411690825,0.9612365411690825,,,0,,,,949,100,98727
State,ny,2016,34,1.0682274380428085,1.0682274380428085,,,0,,,,1075,100,100634
State,ny,2016,35,0.9725211860298252,0.9725211860298252,,,0,,,,1003,106,103134
State,ny,2016,36,0.8928836284892171,0.8928836284892171,,,0,,,,903,103,101133
State,ny,2016,37,0.9746588693957114,0.9746588693957114,,,0,,,,1045,102,107217
State,ny,2016,38,1.2663783408157854,1.2663783408157854,,,0,,,,1385,102,109367
State,ny,2016,39,1.4195813010889275,1.4195813010889275,,,0,,,,1464,106,103129
State,ny,2016,40,1.411163796109058,1.411163796109058,,,0,,,,1619,146,114728
State,ny,2016,41,1.4342839565847871,1.4342839565847871,,,0,,,,1632,140,113785
State,ny,2016,42,1.5446031532138527,1.5446031532138527,,,0,,,,1834,145,118736
State,ny,2016,43,1.5541588871065297,1.5541588871065297,,,0,,,,1773,150,114081
State,ny,2016,44,1.7727439550028594,1.7727439550028594,,,0,,,,2077,151,117163
State,ny,2016,45,1.9494433894879881,1.9494433894879881,,,0,,,,2238,148,114802
State,ny,2016,46,1.959726565463296,1.959726565463296,,,0,,,,2325,147,118639
State,ny,2016,47,2.3330716428125693,2.3330716428125693,,,0,,,,2318,153,99354
State,ny,2016,48,2.298957243613539,2.298957243613539,,,0,,,,2725,142,118532
State,ny,2016,49,2.5112512757022634,2.5112512757022634,,,0,,,,3002,154,119542
State,ny,2016,50,2.8051270910275905,2.8051270910275905,,,0,,,,3228,151,115075
State,ny,2016,51,3.6465912669032488,3.6465912669032488,,,0,,,,4285,155,117507
State,ny,2016,52,4.812443144319783,4.812443144319783,,,0,,,,5396,129,112126
State,ny,2017,1,3.7432925520497964,3.7432925520497964,,,0,,,,4360,138,116475
State,ny,2017,2,3.8891715460965997,3.8891715460965997,,,0,,,,4510,140,115963
State,ny,2017,3,4.387519869506237,4.387519869506237,,,0,,,,5272,147,120159
State,ny,2017,4,4.337796086508754,4.337796086508754,,,0,,,,5265,156,121375
State,ny,2017,5,4.43243513306465,4.43243513306465,,,0,,,,5323,158,120092
State,ny,2017,6,4.523315477379081,4.523315477379081,,,0,,,,5210,153,115181
State,ny,2017,7,3.634287308325996,3.634287308325996,,,0,,,,4169,143,114713
State,ny,2017,8,3.1009555165873386,3.1009555165873386,,,0,,,,3466,143,111772
State,ny,2017,9,2.2725459782849544,2.2725459782849544,,,0,,,,2564,151,112825
State,ny,2017,10,2.063104568565188,2.063104568565188,,,0,,,,2248,137,108962
State,ny,2017,11,2.2548484698179654,2.2548484698179654,,,0,,,,2273,145,100805
State,ny,2017,12,2.2742836851850288,2.2742836851850288,,,0,,,,2690,152,118279
State,ny,2017,13,2.7256624993551273,2.7256624993551273,,,0,,,,3170,151,116302
State,ny,2017,14,2.6825355053947826,2.6825355053947826,,,0,,,,3160,145,117799
State,ny,2017,15,2.2955991949083394,2.2955991949083394,,,0,,,,2532,138,110298
State,ny,2017,16,1.7856666933184082,1.7856666933184082,,,0,,,,2010,138,112563
State,ny,2017,17,1.6183844255745132,1.6183844255745132,,,0,,,,1843,140,113879
State,ny,2017,18,1.50181821249884,1.50181821249884,,,0,,,,1780,138,118523
State,ny,2017,19,1.672801423954931,1.672801423954931,,,0,,,,1936,138,115734
State,ny,2017,20,1.7212466656819387,1.7212466656819387,,,0,,,,1981,135,115091
State,ny,2017,21,1.4810300730358348,1.4810300730358348,,,0,,,,1604,118,108303
State,ny,2017,22,1.6104612476735103,1.6104612476735103,,,0,,,,1670,127,103697
State,ny,2017,23,1.7217039887065078,1.7217039887065078,,,0,,,,1866,125,108381
State,ny,2017,24,1.406103243153649,1.406103243153649,,,0,,,,1527,121,108598
State,ny,2017,25,1.2993744089619552,1.2993744089619552,,,0,,,,1429,124,109976
State,ny,2017,26,1.3213179491498461,1.3213179491498461,,,0,,,,1412,125,106863
State,ny,2017,27,1.338724994638973,1.338724994638973,,,0,,,,1311,122,97929
State,ny,2017,28,1.130533439090754,1.130533439090754,,,0,,,,1126,111,99599
State,ny,2017,29,1.0676541075708168,1.0676541075708168,,,0,,,,1087,112,101812
State,ny,2017,30,1.1225810334968551,1.1225810334968551,,,0,,,,1119,110,99681
State,ny,2017,31,1.0908943714707848,1.0908943714707848,,,0,,,,1078,110,98818
State,ny,2017,32,1.1288173960075722,1.1288173960075722,,,0,,,,1127,110,99839
State,ny,2017,33,1.0161250103898263,1.0161250103898263,,,0,,,,978,110,96248
State,ny,2017,34,1.0541880840533935,1.0541880840533935,,,0,,,,1048,110,99413
State,ny,2017,35,1.0715794981184472,1.0715794981184472,,,0,,,,1065,107,99386
State,ny,2017,36,1.0298410638987998,1.0298410638987998,,,0,,,,1016,108,98656
State,ny,2017,37,1.1582618670959266,1.1582618670959266,,,0,,,,1252,107,108093
State,ny,2017,38,1.3941922625589063,1.3941922625589063,,,0,,,,1497,112,107374
State,ny,2017,39,1.3534143358360191,1.3534143358360191,,,0,,,,1516,110,112013
State,ny,2017,40,1.3009669585952364,1.3009669585952364,,,0,,,,1484,130,114069
State,ny,2017,41,1.3898382319434952,1.3898382319434952,,,0,,,,1586,130,114114
State,ny,2017,42,1.5984758519936095,1.5984758519936095,,,0,,,,1871,130,117049
State,ny,2017,43,1.6875782069058813,1.6875782069058813,,,0,,,,1996,134,118276
State,ny,2017,44,1.7282698060069621,1.7282698060069621,,,0,,,,1976,131,114334
State,ny,2017,45,1.6931392495699478,1.6931392495699478,,,0,,,,1939,130,114521
State,ny,2017,46,2.199047448644872,2.199047448644872,,,0,,,,2581,134,117369
State,ny,2017,47,2.093730392393455,2.093730392393455,,,0,,,,2169,133,103595
State,ny,2017,48,1.7756421919711531,1.7756421919711531,,,0,,,,2147,134,120914
State,ny,2017,49,2.5091804479888213,2.5091804479888213,,,0,,,,2945,133,117369
State,ny,2017,50,2.6176209699317536,2.6176209699317536,,,0,,,,2892,128,110482
State,ny,2017,51,3.1155832496288856,3.1155832496288856,,,0,,,,3505,125,112499
State,ny,2017,52,3.6007243006837317,3.6007243006837317,,,0,,,,3639,119,101063
State,oh,2010,40,0.228257,0.228257,,,0,,,,29,36,12705
State,oh,2010,41,0.361628,0.361628,,,0,,,,55,44,15209
State,oh,2010,42,0.52356,0.52356,,,0,,,,84,47,16044
State,oh,2010,43,0.329518,0.329518,,,0,,,,57,49,17298
State,oh,2010,44,0.831798,0.831798,,,0,,,,149,48,17913
State,oh,2010,45,0.51801,0.51801,,,0,,,,86,44,16602
State,oh,2010,46,0.533199,0.533199,,,0,,,,95,45,17817
State,oh,2010,47,0.454502,0.454502,,,0,,,,48,42,10561
State,oh,2010,48,0.349567,0.349567,,,0,,,,59,50,16878
State,oh,2010,49,0.342466,0.342466,,,0,,,,55,50,16060
State,oh,2010,50,0.446457,0.446457,,,0,,,,69,52,15455
State,oh,2010,51,0.598156,0.598156,,,0,,,,72,47,12037
State,oh,2010,52,0.721306,0.721306,,,0,,,,80,47,11091
State,oh,2011,1,0.914853,0.914853,,,0,,,,153,48,16724
State,oh,2011,2,1.17144,1.17144,,,0,,,,189,47,16134
State,oh,2011,3,1.63964,1.63964,,,0,,,,273,48,16650
State,oh,2011,4,2.40387,2.40387,,,0,,,,437,49,18179
State,oh,2011,5,3.4932,3.4932,,,0,,,,555,54,15888
State,oh,2011,6,2.26706,2.26706,,,0,,,,418,54,18438
State,oh,2011,7,2.23717,2.23717,,,0,,,,409,49,18282
State,oh,2011,8,1.90649,1.90649,,,0,,,,316,49,16575
State,oh,2011,9,1.68197,1.68197,,,0,,,,273,51,16231
State,oh,2011,10,1.48446,1.48446,,,0,,,,236,48,15898
State,oh,2011,11,1.28231,1.28231,,,0,,,,190,44,14817
State,oh,2011,12,0.648695,0.648695,,,0,,,,90,42,13874
State,oh,2011,13,0.87309,0.87309,,,0,,,,112,39,12828
State,oh,2011,14,0.615465,0.615465,,,0,,,,71,38,11536
State,oh,2011,15,0.452128,0.452128,,,0,,,,51,36,11280
State,oh,2011,16,0.355802,0.355802,,,0,,,,36,37,10118
State,oh,2011,17,0.375144,0.375144,,,0,,,,39,37,10396
State,oh,2011,18,0.6618,0.6618,,,0,,,,68,37,10275
State,oh,2011,19,0.387558,0.387558,,,0,,,,39,36,10063
State,oh,2011,20,0.485879,0.485879,,,0,,,,48,35,9879
State,oh,2011,21,0.285442,0.285442,,,0,,,,27,36,9459
State,oh,2011,22,0.486244,0.486244,,,0,,,,38,35,7815
State,oh,2011,23,0.210239,0.210239,,,0,,,,20,34,9513
State,oh,2011,24,0.0583771,0.0583771,,,0,,,,5,34,8565
State,oh,2011,25,0.0741198,0.0741198,,,0,,,,6,30,8095
State,oh,2011,26,0.277497,0.277497,,,0,,,,22,31,7928
State,oh,2011,27,0.294551,0.294551,,,0,,,,20,30,6790
State,oh,2011,28,0.0705384,0.0705384,,,0,,,,6,31,8506
State,oh,2011,29,0.0965018,0.0965018,,,0,,,,8,31,8290
State,oh,2011,30,0.0353607,0.0353607,,,0,,,,3,30,8484
State,oh,2011,31,0.162115,0.162115,,,0,,,,13,31,8019
State,oh,2011,32,0.172138,0.172138,,,0,,,,14,30,8133
State,oh,2011,33,0.0472701,0.0472701,,,0,,,,4,31,8462
State,oh,2011,34,0.10066,0.10066,,,0,,,,9,31,8941
State,oh,2011,35,0.0569801,0.0569801,,,0,,,,5,31,8775
State,oh,2011,36,0.125278,0.125278,,,0,,,,9,30,7184
State,oh,2011,37,0.21846,0.21846,,,0,,,,20,31,9155
State,oh,2011,38,0.103135,0.103135,,,0,,,,10,31,9696
State,oh,2011,39,0.212718,0.212718,,,0,,,,19,27,8932
State,oh,2011,40,0.494387,0.494387,,,0,,,,85,55,17193
State,oh,2011,41,0.651205,0.651205,,,0,,,,114,55,17506
State,oh,2011,42,0.677744,0.677744,,,0,,,,124,58,18296
State,oh,2011,43,0.620535,0.620535,,,0,,,,119,58,19177
State,oh,2011,44,0.755792,0.755792,,,0,,,,138,58,18259
State,oh,2011,45,0.85033,0.85033,,,0,,,,148,56,17405
State,oh,2011,46,0.66078,0.66078,,,0,,,,116,56,17555
State,oh,2011,47,0.805715,0.805715,,,0,,,,97,56,12039
State,oh,2011,48,0.698893,0.698893,,,0,,,,120,56,17170
State,oh,2011,49,0.574876,0.574876,,,0,,,,101,58,17569
State,oh,2011,50,0.674313,0.674313,,,0,,,,107,52,15868
State,oh,2011,51,0.515079,0.515079,,,0,,,,69,52,13396
State,oh,2011,52,0.536658,0.536658,,,0,,,,65,54,12112
State,oh,2012,1,0.71164,0.71164,,,0,,,,98,52,13771
State,oh,2012,2,0.809468,0.809468,,,0,,,,132,50,16307
State,oh,2012,3,0.710344,0.710344,,,0,,,,112,55,15767
State,oh,2012,4,0.621437,0.621437,,,0,,,,109,54,17540
State,oh,2012,5,0.928986,0.928986,,,0,,,,149,49,16039
State,oh,2012,6,0.87378,0.87378,,,0,,,,137,48,15679
State,oh,2012,7,0.830989,0.830989,,,0,,,,127,48,15283
State,oh,2012,8,1.00332,1.00332,,,0,,,,160,47,15947
State,oh,2012,9,0.847925,0.847925,,,0,,,,123,41,14506
State,oh,2012,10,0.892857,0.892857,,,0,,,,129,40,14448
State,oh,2012,11,0.714945,0.714945,,,0,,,,93,41,13008
State,oh,2012,12,0.770128,0.770128,,,0,,,,99,39,12855
State,oh,2012,13,0.687333,0.687333,,,0,,,,98,41,14258
State,oh,2012,14,0.690264,0.690264,,,0,,,,86,40,12459
State,oh,2012,15,0.495009,0.495009,,,0,,,,60,39,12121
State,oh,2012,16,0.48739,0.48739,,,0,,,,63,38,12926
State,oh,2012,17,0.374181,0.374181,,,0,,,,48,39,12828
State,oh,2012,18,0.479534,0.479534,,,0,,,,56,39,11678
State,oh,2012,19,0.640959,0.640959,,,0,,,,62,36,9673
State,oh,2012,20,0.36757,0.36757,,,0,,,,35,35,9522
State,oh,2012,21,0.337309,0.337309,,,0,,,,28,31,8301
State,oh,2012,22,0.262939,0.262939,,,0,,,,19,30,7226
State,oh,2012,23,0.248973,0.248973,,,0,,,,20,30,8033
State,oh,2012,24,0.093633,0.093633,,,0,,,,7,28,7476
State,oh,2012,25,0.0933085,0.0933085,,,0,,,,7,28,7502
State,oh,2012,26,0.147874,0.147874,,,0,,,,12,30,8115
State,oh,2012,27,0.149303,0.149303,,,0,,,,9,30,6028
State,oh,2012,28,0.102656,0.102656,,,0,,,,8,29,7793
State,oh,2012,29,0.0404968,0.0404968,,,0,,,,3,28,7408
State,oh,2012,30,0.258298,0.258298,,,0,,,,20,29,7743
State,oh,2012,31,0.0138255,0.0138255,,,0,,,,1,27,7233
State,oh,2012,32,0.190269,0.190269,,,0,,,,14,27,7358
State,oh,2012,33,0.0631074,0.0631074,,,0,,,,5,30,7923
State,oh,2012,34,0.196912,0.196912,,,0,,,,19,29,9649
State,oh,2012,35,0.301902,0.301902,,,0,,,,30,30,9937
State,oh,2012,36,0.297018,0.297018,,,0,,,,25,28,8417
State,oh,2012,37,0.367607,0.367607,,,0,,,,34,26,9249
State,oh,2012,38,0.482625,0.482625,,,0,,,,45,27,9324
State,oh,2012,39,0.498304,0.498304,,,0,,,,47,27,9432
State,oh,2012,40,0.919489,0.919489,,,0,,,,123,38,13377
State,oh,2012,41,0.754795,0.754795,,,0,,,,109,40,14441
State,oh,2012,42,0.864975,0.864975,,,0,,,,136,44,15723
State,oh,2012,43,0.863508,0.863508,,,0,,,,119,40,13781
State,oh,2012,44,0.804787,0.804787,,,0,,,,117,42,14538
State,oh,2012,45,0.923037,0.923037,,,0,,,,142,44,15384
State,oh,2012,46,0.971335,0.971335,,,0,,,,143,46,14722
State,oh,2012,47,1.6437,1.6437,,,0,,,,167,43,10160
State,oh,2012,48,1.6207,1.6207,,,0,,,,275,48,16968
State,oh,2012,49,2.27431,2.27431,,,0,,,,359,45,15785
State,oh,2012,50,2.99779,2.99779,,,0,,,,475,44,15845
State,oh,2012,51,4.87248,4.87248,,,0,,,,661,43,13566
State,oh,2012,52,5.31167,5.31167,,,0,,,,438,41,8246
State,oh,2013,1,3.67943,3.67943,,,0,,,,466,50,12665
State,oh,2013,2,2.89587,2.89587,,,0,,,,485,50,16748
State,oh,2013,3,3.00585,3.00585,,,0,,,,488,50,16235
State,oh,2013,4,2.65128,2.65128,,,0,,,,386,49,14559
State,oh,2013,5,2.02597,2.02597,,,0,,,,298,44,14709
State,oh,2013,6,1.68523,1.68523,,,0,,,,233,46,13826
State,oh,2013,7,1.50813,1.50813,,,0,,,,218,43,14455
State,oh,2013,8,2.11968,2.11968,,,0,,,,294,48,13870
State,oh,2013,9,1.58579,1.58579,,,0,,,,216,41,13621
State,oh,2013,10,1.1089,1.1089,,,0,,,,134,42,12084
State,oh,2013,11,1.17899,1.17899,,,0,,,,154,43,13062
State,oh,2013,12,0.823271,0.823271,,,0,,,,105,44,12754
State,oh,2013,13,0.866845,0.866845,,,0,,,,97,45,11190
State,oh,2013,14,0.881356,0.881356,,,0,,,,104,43,11800
State,oh,2013,15,0.625,0.625,,,0,,,,74,43,11840
State,oh,2013,16,0.496079,0.496079,,,0,,,,62,44,12498
State,oh,2013,17,0.428266,0.428266,,,0,,,,50,42,11675
State,oh,2013,18,0.384353,0.384353,,,0,,,,45,44,11708
State,oh,2013,19,0.358543,0.358543,,,0,,,,32,36,8925
State,oh,2013,20,0.188147,0.188147,,,0,,,,16,36,8504
State,oh,2013,21,0.325998,0.325998,,,0,,,,24,31,7362
State,oh,2013,22,0.527929,0.527929,,,0,,,,31,28,5872
State,oh,2013,23,0.269427,0.269427,,,0,,,,19,28,7052
State,oh,2013,24,0.245523,0.245523,,,0,,,,17,28,6924
State,oh,2013,25,0.396264,0.396264,,,0,,,,28,29,7066
State,oh,2013,26,0.318514,0.318514,,,0,,,,24,29,7535
State,oh,2013,27,0.129486,0.129486,,,0,,,,7,28,5406
State,oh,2013,28,0.328431,0.328431,,,0,,,,23,28,7003
State,oh,2013,29,0.0859599,0.0859599,,,0,,,,6,28,6980
State,oh,2013,30,0.180505,0.180505,,,0,,,,13,28,7202
State,oh,2013,31,0.374047,0.374047,,,0,,,,26,28,6951
State,oh,2013,32,0.126511,0.126511,,,0,,,,9,26,7114
State,oh,2013,33,0.309816,0.309816,,,0,,,,22,26,7101
State,oh,2013,34,0.275482,0.275482,,,0,,,,25,26,9075
State,oh,2013,35,0.299835,0.299835,,,0,,,,29,26,9672
State,oh,2013,36,0.364596,0.364596,,,0,,,,29,27,7954
State,oh,2013,37,0.322719,0.322719,,,0,,,,30,27,9296
State,oh,2013,38,0.247441,0.247441,,,0,,,,22,25,8891
State,oh,2013,39,0.723643,0.723643,,,0,,,,58,25,8015
State,oh,2013,40,0.478911,0.478911,,,0,,,,57,38,11902
State,oh,2013,41,0.646813,0.646813,,,0,,,,96,46,14842
State,oh,2013,42,0.525323,0.525323,,,0,,,,78,47,14848
State,oh,2013,43,0.541415,0.541415,,,0,,,,87,48,16069
State,oh,2013,44,0.565866,0.565866,,,0,,,,93,49,16435
State,oh,2013,45,0.684692,0.684692,,,0,,,,98,42,14313
State,oh,2013,46,0.71213,0.71213,,,0,,,,118,47,16570
State,oh,2013,47,0.683909,0.683909,,,0,,,,110,46,16084
State,oh,2013,48,0.97723,0.97723,,,0,,,,103,48,10540
State,oh,2013,49,0.776099,0.776099,,,0,,,,113,46,14560
State,oh,2013,50,0.817694,0.817694,,,0,,,,122,49,14920
State,oh,2013,51,0.948992,0.948992,,,0,,,,136,49,14331
State,oh,2013,52,1.90456,1.90456,,,0,,,,182,48,9556
State,oh,2014,1,2.31029,2.31029,,,0,,,,239,48,10345
State,oh,2014,2,1.83799,1.83799,,,0,,,,243,50,13221
State,oh,2014,3,1.69376,1.69376,,,0,,,,298,53,17594
State,oh,2014,4,1.83346,1.83346,,,0,,,,264,49,14399
State,oh,2014,5,1.71574,1.71574,,,0,,,,250,53,14571
State,oh,2014,6,1.21782,1.21782,,,0,,,,176,53,14452
State,oh,2014,7,1.2954,1.2954,,,0,,,,209,51,16134
State,oh,2014,8,0.976909,0.976909,,,0,,,,154,51,15764
State,oh,2014,9,1.12666,1.12666,,,0,,,,186,51,16509
State,oh,2014,10,0.995671,0.995671,,,0,,,,161,52,16170
State,oh,2014,11,0.796262,0.796262,,,0,,,,121,50,15196
State,oh,2014,12,0.715975,0.715975,,,0,,,,109,49,15224
State,oh,2014,13,0.718586,0.718586,,,0,,,,111,50,15447
State,oh,2014,14,0.71711,0.71711,,,0,,,,107,48,14921
State,oh,2014,15,0.750173,0.750173,,,0,,,,119,51,15863
State,oh,2014,16,0.580983,0.580983,,,0,,,,82,47,14114
State,oh,2014,17,0.592349,0.592349,,,0,,,,83,45,14012
State,oh,2014,18,0.571842,0.571842,,,0,,,,79,47,13815
State,oh,2014,19,0.432727,0.432727,,,0,,,,54,45,12479
State,oh,2014,20,0.250604,0.250604,,,0,,,,28,43,11173
State,oh,2014,21,0.321802,0.321802,,,0,,,,36,42,11187
State,oh,2014,22,0.367436,0.367436,,,0,,,,32,41,8709
State,oh,2014,23,0.436388,0.436388,,,0,,,,39,32,8937
State,oh,2014,24,0.248307,0.248307,,,0,,,,22,33,8860
State,oh,2014,25,0.23638,0.23638,,,0,,,,21,32,8884
State,oh,2014,26,0.26021,0.26021,,,0,,,,23,31,8839
State,oh,2014,27,0.317023,0.317023,,,0,,,,23,29,7255
State,oh,2014,28,0.226784,0.226784,,,0,,,,19,28,8378
State,oh,2014,29,0.219459,0.219459,,,0,,,,18,28,8202
State,oh,2014,30,0.310952,0.310952,,,0,,,,27,29,8683
State,oh,2014,31,0.287134,0.287134,,,0,,,,26,30,9055
State,oh,2014,32,0.234797,0.234797,,,0,,,,20,29,8518
State,oh,2014,33,0.241926,0.241926,,,0,,,,20,29,8267
State,oh,2014,34,0.198194,0.198194,,,0,,,,18,28,9082
State,oh,2014,35,0.258131,0.258131,,,0,,,,25,27,9685
State,oh,2014,36,0.416004,0.416004,,,0,,,,34,26,8173
State,oh,2014,37,0.400348,0.400348,,,0,,,,46,30,11490
State,oh,2014,38,0.446263,0.446263,,,0,,,,48,30,10756
State,oh,2014,39,0.164174,0.164174,,,0,,,,18,29,10964
State,oh,2014,40,0.392734,0.392734,,,0,,,,56,46,14259
State,oh,2014,41,0.576121,0.576121,,,0,,,,87,52,15101
State,oh,2014,42,0.49337,0.49337,,,0,,,,80,55,16215
State,oh,2014,43,0.605954,0.605954,,,0,,,,103,56,16998
State,oh,2014,44,0.534759,0.534759,,,0,,,,87,54,16269
State,oh,2014,45,0.551492,0.551492,,,0,,,,95,58,17226
State,oh,2014,46,0.626844,0.626844,,,0,,,,102,57,16272
State,oh,2014,47,0.487381,0.487381,,,0,,,,73,55,14978
State,oh,2014,48,0.578674,0.578674,,,0,,,,68,56,11751
State,oh,2014,49,1.03679,1.03679,,,0,,,,177,57,17072
State,oh,2014,50,1.97942,1.97942,,,0,,,,354,58,17884
State,oh,2014,51,3.35649,3.35649,,,0,,,,546,54,16267
State,oh,2014,52,6.96472,6.96472,,,0,,,,835,53,11989
State,oh,2014,53,4.96567,4.96567,,,0,,,,593,51,11942
State,oh,2015,1,3.43176,3.43176,,,0,,,,480,57,13987
State,oh,2015,2,2.39774,2.39774,,,0,,,,391,56,16307
State,oh,2015,3,1.86139,1.86139,,,0,,,,271,54,14559
State,oh,2015,4,1.53061,1.53061,,,0,,,,228,55,14896
State,oh,2015,5,1.2093,1.2093,,,0,,,,182,57,15050
State,oh,2015,6,1.38487,1.38487,,,0,,,,220,54,15886
State,oh,2015,7,1.35021,1.35021,,,0,,,,192,55,14220
State,oh,2015,8,1.01945,1.01945,,,0,,,,163,54,15989
State,oh,2015,9,1.01415,1.01415,,,0,,,,139,46,13706
State,oh,2015,10,0.921524,0.921524,,,0,,,,126,44,13673
State,oh,2015,11,0.885952,0.885952,,,0,,,,118,43,13319
State,oh,2015,12,1.19127,1.19127,,,0,,,,161,44,13515
State,oh,2015,13,1.16949,1.16949,,,0,,,,140,43,11971
State,oh,2015,14,0.85263,0.85263,,,0,,,,95,39,11142
State,oh,2015,15,0.608189,0.608189,,,0,,,,71,39,11674
State,oh,2015,16,0.483543,0.483543,,,0,,,,57,40,11788
State,oh,2015,17,0.637059,0.637059,,,0,,,,70,40,10988
State,oh,2015,18,0.592977,0.592977,,,0,,,,64,41,10793
State,oh,2015,19,0.479281,0.479281,,,0,,,,48,37,10015
State,oh,2015,20,0.430019,0.430019,,,0,,,,42,36,9767
State,oh,2015,21,0.483534,0.483534,,,0,,,,37,36,7652
State,oh,2015,22,0.340522,0.340522,,,0,,,,27,27,7929
State,oh,2015,23,0.477816,0.477816,,,0,,,,42,28,8790
State,oh,2015,24,0.365339,0.365339,,,0,,,,32,28,8759
State,oh,2015,25,0.392504,0.392504,,,0,,,,31,25,7898
State,oh,2015,26,0.317125,0.317125,,,0,,,,21,26,6622
State,oh,2015,27,0.318823,0.318823,,,0,,,,26,25,8155
State,oh,2015,28,0.324971,0.324971,,,0,,,,25,27,7693
State,oh,2015,29,0.383359,0.383359,,,0,,,,27,26,7043
State,oh,2015,30,0.546875,0.546875,,,0,,,,42,27,7680
State,oh,2015,31,0.361847,0.361847,,,0,,,,25,25,6909
State,oh,2015,32,0.426157,0.426157,,,0,,,,29,22,6805
State,oh,2015,33,0.516327,0.516327,,,0,,,,37,23,7166
State,oh,2015,34,0.442478,0.442478,,,0,,,,33,23,7458
State,oh,2015,35,0.414823,0.414823,,,0,,,,30,24,7232
State,oh,2015,36,0.417633,0.417633,,,0,,,,27,23,6465
State,oh,2015,37,0.288462,0.288462,,,0,,,,27,39,9360
State,oh,2015,38,0.533826,0.533826,,,0,,,,52,39,9741
State,oh,2015,39,0.57026,0.57026,,,0,,,,53,41,9294
State,oh,2015,40,0.54476,0.54476,,,0,,,,97,67,17806
State,oh,2015,41,0.650656,0.650656,,,0,,,,123,68,18904
State,oh,2015,42,0.572453,0.572453,,,0,,,,115,68,20089
State,oh,2015,43,0.589923,0.589923,,,0,,,,109,69,18477
State,oh,2015,44,0.736329,0.736329,,,0,,,,136,70,18470
State,oh,2015,45,0.959362,0.959362,,,0,,,,178,70,18554
State,oh,2015,46,0.645642,0.645642,,,0,,,,130,71,20135
State,oh,2015,47,0.768743,0.768743,,,0,,,,97,71,12618
State,oh,2015,48,0.622169,0.622169,,,0,,,,125,72,20091
State,oh,2015,49,0.904533,0.904533,,,0,,,,175,72,19347
State,oh,2015,50,0.722748,0.722748,,,0,,,,133,71,18402
State,oh,2015,51,0.975264,0.975264,,,0,,,,110,68,11279
State,oh,2015,52,0.925092,0.925092,,,0,,,,113,68,12215
State,oh,2016,1,0.833012,0.833012,,,0,,,,151,68,18127
State,oh,2016,2,0.893183,0.893183,,,0,,,,147,62,16458
State,oh,2016,3,0.734548,0.734548,,,0,,,,123,71,16745
State,oh,2016,4,0.841751,0.841751,,,0,,,,155,70,18414
State,oh,2016,5,0.874179,0.874179,,,0,,,,173,68,19790
State,oh,2016,6,1.09736,1.09736,,,0,,,,203,70,18499
State,oh,2016,7,1.44145,1.44145,,,0,,,,251,66,17413
State,oh,2016,8,1.67182,1.67182,,,0,,,,335,68,20038
State,oh,2016,9,1.65649,1.65649,,,0,,,,312,68,18835
State,oh,2016,10,2.44448,2.44448,,,0,,,,470,68,19227
State,oh,2016,11,1.78285,1.78285,,,0,,,,344,69,19295
State,oh,2016,12,1.82237,1.82237,,,0,,,,332,69,18218
State,oh,2016,13,1.47588,1.47588,,,0,,,,250,67,16939
State,oh,2016,14,1.14891,1.14891,,,0,,,,204,65,17756
State,oh,2016,15,0.880677,0.880677,,,0,,,,153,63,17373
State,oh,2016,16,1.05375,1.05375,,,0,,,,168,61,15943
State,oh,2016,17,0.838148,0.838148,,,0,,,,132,63,15749
State,oh,2016,18,0.737705,0.737705,,,0,,,,108,63,14640
State,oh,2016,19,0.635449,0.635449,,,0,,,,84,60,13219
State,oh,2016,20,0.547341,0.547341,,,0,,,,77,62,14068
State,oh,2016,21,0.468722,0.468722,,,0,,,,52,46,11094
State,oh,2016,22,0.493653,0.493653,,,0,,,,42,48,8508
State,oh,2016,23,0.481478,0.481478,,,0,,,,49,47,10177
State,oh,2016,24,0.495964,0.495964,,,0,,,,51,46,10283
State,oh,2016,25,0.432526,0.432526,,,0,,,,40,45,9248
State,oh,2016,26,0.444115,0.444115,,,0,,,,42,43,9457
State,oh,2016,27,0.422623,0.422623,,,0,,,,34,44,8045
State,oh,2016,28,0.41758,0.41758,,,0,,,,40,42,9579
State,oh,2016,29,0.336738,0.336738,,,0,,,,30,43,8909
State,oh,2016,30,0.36846,0.36846,,,0,,,,35,44,9499
State,oh,2016,31,0.507446,0.507446,,,0,,,,46,44,9065
State,oh,2016,32,0.390699,0.390699,,,0,,,,41,49,10494
State,oh,2016,33,0.411147,0.411147,,,0,,,,45,47,10945
State,oh,2016,34,0.445516,0.445516,,,0,,,,61,49,13692
State,oh,2016,35,0.474225,0.474225,,,0,,,,54,45,11387
State,oh,2016,36,0.677401,0.677401,,,0,,,,61,45,9005
State,oh,2016,37,0.629051,0.629051,,,0,,,,66,43,10492
State,oh,2016,38,0.628536,0.628536,,,0,,,,70,43,11137
State,oh,2016,39,0.836581,0.836581,,,0,,,,88,43,10519
State,oh,2016,40,0.581257,0.581257,,,0,,,,122,72,20989
State,oh,2016,41,0.600673,0.600673,,,0,,,,125,74,20810
State,oh,2016,42,0.57097,0.57097,,,0,,,,121,72,21192
State,oh,2016,43,0.691365,0.691365,,,0,,,,145,74,20973
State,oh,2016,44,0.75304,0.75304,,,0,,,,161,72,21380
State,oh,2016,45,0.761227,0.761227,,,0,,,,139,69,18260
State,oh,2016,46,0.724849,0.724849,,,0,,,,149,70,20556
State,oh,2016,47,0.797301,0.797301,,,0,,,,104,66,13044
State,oh,2016,48,0.951723,0.951723,,,0,,,,193,70,20279
State,oh,2016,49,1.02509,1.02509,,,0,,,,201,70,19608
State,oh,2016,50,1.28297,1.28297,,,0,,,,233,68,18161
State,oh,2016,51,1.28987,1.28987,,,0,,,,201,70,15583
State,oh,2016,52,1.57742,1.57742,,,0,,,,228,62,14454
State,oh,2017,1,1.43458,1.43458,,,0,,,,225,72,15684
State,oh,2017,2,1.27898,1.27898,,,0,,,,272,71,21267
State,oh,2017,3,1.73702,1.73702,,,0,,,,358,71,20610
State,oh,2017,4,1.93741,1.93741,,,0,,,,390,66,20130
State,oh,2017,5,1.70751,1.70751,,,0,,,,533,66,31215
State,oh,2017,6,3.02016,3.02016,,,0,,,,659,73,21820
State,oh,2017,7,3.09366,3.09366,,,0,,,,694,72,22433
State,oh,2017,8,3.58684,3.58684,,,0,,,,798,71,22248
State,oh,2017,9,2.46458,2.46458,,,0,,,,494,70,20044
State,oh,2017,10,2.07281,2.07281,,,0,,,,435,71,20986
State,oh,2017,11,2.01427,2.01427,,,0,,,,401,69,19908
State,oh,2017,12,2.15581,2.15581,,,0,,,,435,64,20178
State,oh,2017,13,1.71733,1.71733,,,0,,,,322,52,18750
State,oh,2017,14,1.24417,1.24417,,,0,,,,248,66,19933
State,oh,2017,15,1.1233,1.1233,,,0,,,,216,68,19229
State,oh,2017,16,0.910533,0.910533,,,0,,,,178,66,19549
State,oh,2017,17,0.761595,0.761595,,,0,,,,145,62,19039
State,oh,2017,18,0.644906,0.644906,,,0,,,,114,63,17677
State,oh,2017,19,0.709431,0.709431,,,0,,,,119,60,16774
State,oh,2017,20,0.574109,0.574109,,,0,,,,82,50,14283
State,oh,2017,21,0.65979,0.65979,,,0,,,,71,39,10761
State,oh,2017,22,0.742544,0.742544,,,0,,,,61,31,8215
State,oh,2017,23,0.834085,0.834085,,,0,,,,74,27,8872
State,oh,2017,24,0.676634,0.676634,,,0,,,,62,30,9163
State,oh,2017,25,0.648448,0.648448,,,0,,,,56,28,8636
State,oh,2017,26,0.534569,0.534569,,,0,,,,45,29,8418
State,oh,2017,27,0.429127,0.429127,,,0,,,,32,28,7457
State,oh,2017,28,0.629464,0.629464,,,0,,,,52,25,8261
State,oh,2017,29,0.473154,0.473154,,,0,,,,46,29,9722
State,oh,2017,30,0.492557,0.492557,,,0,,,,45,28,9136
State,oh,2017,31,0.536285,0.536285,,,0,,,,47,28,8764
State,oh,2017,32,0.540541,0.540541,,,0,,,,47,27,8695
State,oh,2017,33,0.433075,0.433075,,,0,,,,43,36,9929
State,oh,2017,34,0.486665,0.486665,,,0,,,,50,37,10274
State,oh,2017,35,0.726922,0.726922,,,0,,,,83,36,11418
State,oh,2017,36,0.767855,0.767855,,,0,,,,73,36,9507
State,oh,2017,37,0.761399,0.761399,,,0,,,,86,36,11295
State,oh,2017,38,0.897013,0.897013,,,0,,,,106,38,11817
State,oh,2017,39,1.14113,1.14113,,,0,,,,117,36,10253
State,oh,2017,40,0.500781,0.500781,,,0,,,,93,57,18571
State,oh,2017,41,0.623098,0.623098,,,0,,,,129,63,20703
State,oh,2017,42,0.684592,0.684592,,,0,,,,138,64,20158
State,oh,2017,43,0.7415,0.7415,,,0,,,,152,64,20499
State,oh,2017,44,0.728745,0.728745,,,0,,,,162,64,22230
State,oh,2017,45,0.863189,0.863189,,,0,,,,186,68,21548
State,oh,2017,46,0.910986,0.910986,,,0,,,,201,60,22064
State,oh,2017,47,1.03946,1.03946,,,0,,,,147,63,14142
State,oh,2017,48,1.06059,1.06059,,,0,,,,237,62,22346
State,oh,2017,49,1.34996,1.34996,,,0,,,,289,62,21408
State,oh,2017,50,1.25287,1.25287,,,0,,,,262,67,20912
State,oh,2017,51,1.88083,1.88083,,,0,,,,363,51,19300
State,oh,2017,52,3.29235,3.29235,,,0,,,,474,47,14397
State,ok,2010,40,0.624179,0.624179,,,0,,,,19,17,3044
State,ok,2010,41,0.958678,0.958678,,,0,,,,29,17,3025
State,ok,2010,42,2.07039,2.07039,,,0,,,,70,18,3381
State,ok,2010,43,1.67073,1.67073,,,0,,,,48,18,2873
State,ok,2010,44,1.62845,1.62845,,,0,,,,49,15,3009
State,ok,2010,45,2.57453,2.57453,,,0,,,,76,16,2952
State,ok,2010,46,3.35068,3.35068,,,0,,,,103,16,3074
State,ok,2010,47,2.6523,2.6523,,,0,,,,64,16,2413
State,ok,2010,48,2.14477,2.14477,,,0,,,,64,16,2984
State,ok,2010,49,2.33623,2.33623,,,0,,,,51,15,2183
State,ok,2010,50,3.40386,3.40386,,,0,,,,111,17,3261
State,ok,2010,51,4.09441,4.09441,,,0,,,,85,17,2076
State,ok,2010,52,4.9101,4.9101,,,0,,,,142,17,2892
State,ok,2011,1,3.02847,3.02847,,,0,,,,100,17,3302
State,ok,2011,2,5.76184,5.76184,,,0,,,,180,18,3124
State,ok,2011,3,10.3386,10.3386,,,0,,,,345,15,3337
State,ok,2011,4,14.4065,14.4065,,,0,,,,511,15,3547
State,ok,2011,5,12.8354,12.8354,,,0,,,,287,17,2236
State,ok,2011,6,7.32127,7.32127,,,0,,,,170,14,2322
State,ok,2011,7,7.16321,7.16321,,,0,,,,176,17,2457
State,ok,2011,8,5.65058,5.65058,,,0,,,,185,17,3274
State,ok,2011,9,4.77424,4.77424,,,0,,,,129,15,2702
State,ok,2011,10,3.57379,3.57379,,,0,,,,108,15,3022
State,ok,2011,11,3.2034,3.2034,,,0,,,,83,15,2591
State,ok,2011,12,1.86879,1.86879,,,0,,,,47,16,2515
State,ok,2011,13,1.21359,1.21359,,,0,,,,25,16,2060
State,ok,2011,14,1.56685,1.56685,,,0,,,,45,16,2872
State,ok,2011,15,0.674252,0.674252,,,0,,,,16,16,2373
State,ok,2011,16,0.592969,0.592969,,,0,,,,14,14,2361
State,ok,2011,17,0.293686,0.293686,,,0,,,,8,17,2724
State,ok,2011,18,0.310421,0.310421,,,0,,,,7,15,2255
State,ok,2011,19,0.387973,0.387973,,,0,,,,8,16,2062
State,ok,2011,20,0.215703,0.215703,,,0,,,,5,16,2318
State,ok,2011,21,0.229226,0.229226,,,0,,,,4,16,1745
State,ok,2011,22,0.047824,0.047824,,,0,,,,1,15,2091
State,ok,2011,23,0.195886,0.195886,,,0,,,,4,15,2042
State,ok,2011,24,0.297619,0.297619,,,0,,,,5,13,1680
State,ok,2011,25,0.0,0.0,,,0,,,,0,15,2048
State,ok,2011,26,0.175336,0.175336,,,0,,,,3,15,1711
State,ok,2011,27,0.172414,0.172414,,,0,,,,3,15,1740
State,ok,2011,28,0.106157,0.106157,,,0,,,,2,14,1884
State,ok,2011,29,0.102934,0.102934,,,0,,,,2,15,1943
State,ok,2011,30,0.101317,0.101317,,,0,,,,2,15,1974
State,ok,2011,31,0.0507099,0.0507099,,,0,,,,1,12,1972
State,ok,2011,32,0.0,0.0,,,0,,,,0,0,0
State,ok,2011,33,0.30722,0.30722,,,0,,,,6,15,1953
State,ok,2011,34,0.326397,0.326397,,,0,,,,8,16,2451
State,ok,2011,35,0.285225,0.285225,,,0,,,,5,16,1753
State,ok,2011,36,0.40783,0.40783,,,0,,,,10,17,2452
State,ok,2011,37,0.865426,0.865426,,,0,,,,20,17,2311
State,ok,2011,38,0.316313,0.316313,,,0,,,,7,16,2213
State,ok,2011,39,0.625782,0.625782,,,0,,,,10,14,1598
State,ok,2011,40,1.56483,1.56483,,,0,,,,42,19,2684
State,ok,2011,41,1.04128,1.04128,,,0,,,,28,18,2689
State,ok,2011,42,1.2191,1.2191,,,0,,,,36,20,2953
State,ok,2011,43,0.785855,0.785855,,,0,,,,16,16,2036
State,ok,2011,44,1.14192,1.14192,,,0,,,,28,19,2452
State,ok,2011,45,1.6163,1.6163,,,0,,,,23,12,1423
State,ok,2011,46,2.19328,2.19328,,,0,,,,64,18,2918
State,ok,2011,47,1.00604,1.00604,,,0,,,,15,17,1491
State,ok,2011,48,2.05744,2.05744,,,0,,,,48,17,2333
State,ok,2011,49,1.68188,1.68188,,,0,,,,35,17,2081
State,ok,2011,50,0.958606,0.958606,,,0,,,,22,17,2295
State,ok,2011,51,1.4556,1.4556,,,0,,,,20,18,1374
State,ok,2011,52,1.26582,1.26582,,,0,,,,13,15,1027
State,ok,2012,1,1.75579,1.75579,,,0,,,,44,18,2506
State,ok,2012,2,1.22227,1.22227,,,0,,,,27,16,2209
State,ok,2012,3,1.18125,1.18125,,,0,,,,32,17,2709
State,ok,2012,4,3.34881,3.34881,,,0,,,,137,20,4091
State,ok,2012,5,3.20573,3.20573,,,0,,,,103,17,3213
State,ok,2012,6,3.14499,3.14499,,,0,,,,118,20,3752
State,ok,2012,7,4.30293,4.30293,,,0,,,,175,19,4067
State,ok,2012,8,5.80408,5.80408,,,0,,,,253,20,4359
State,ok,2012,9,6.02966,6.02966,,,0,,,,248,18,4113
State,ok,2012,10,6.85728,6.85728,,,0,,,,295,19,4302
State,ok,2012,11,8.18255,8.18255,,,0,,,,303,17,3703
State,ok,2012,12,3.92518,3.92518,,,0,,,,128,19,3261
State,ok,2012,13,2.28607,2.28607,,,0,,,,74,17,3237
State,ok,2012,14,1.98482,1.98482,,,0,,,,68,16,3426
State,ok,2012,15,1.07081,1.07081,,,0,,,,31,18,2895
State,ok,2012,16,1.72618,1.72618,,,0,,,,73,21,4229
State,ok,2012,17,2.0202,2.0202,,,0,,,,60,17,2970
State,ok,2012,18,1.32064,1.32064,,,0,,,,43,17,3256
State,ok,2012,19,1.64096,1.64096,,,0,,,,50,16,3047
State,ok,2012,20,0.443262,0.443262,,,0,,,,15,17,3384
State,ok,2012,21,1.50404,1.50404,,,0,,,,41,15,2726
State,ok,2012,22,0.356189,0.356189,,,0,,,,8,17,2246
State,ok,2012,23,1.11607,1.11607,,,0,,,,40,18,3584
State,ok,2012,24,0.195122,0.195122,,,0,,,,4,14,2050
State,ok,2012,25,1.45081,1.45081,,,0,,,,41,17,2826
State,ok,2012,26,0.801974,0.801974,,,0,,,,26,17,3242
State,ok,2012,27,0.834671,0.834671,,,0,,,,26,17,3115
State,ok,2012,28,0.902201,0.902201,,,0,,,,25,15,2771
State,ok,2012,29,0.0,0.0,,,0,,,,0,15,1705
State,ok,2012,30,0.315209,0.315209,,,0,,,,8,16,2538
State,ok,2012,31,0.407095,0.407095,,,0,,,,14,18,3439
State,ok,2012,32,0.0,0.0,,,0,,,,0,17,2784
State,ok,2012,33,0.0329056,0.0329056,,,0,,,,1,15,3039
State,ok,2012,34,1.32582,1.32582,,,0,,,,40,16,3017
State,ok,2012,35,1.33156,1.33156,,,0,,,,40,16,3004
State,ok,2012,36,1.95429,1.95429,,,0,,,,59,19,3019
State,ok,2012,37,1.35613,1.35613,,,0,,,,46,15,3392
State,ok,2012,38,0.667976,0.667976,,,0,,,,17,15,2545
State,ok,2012,39,1.88631,1.88631,,,0,,,,74,18,3923
State,ok,2012,40,1.79942,1.79942,,,0,,,,75,17,4168
State,ok,2012,41,2.38773,2.38773,,,0,,,,109,20,4565
State,ok,2012,42,1.23648,1.23648,,,0,,,,56,20,4529
State,ok,2012,43,1.80451,1.80451,,,0,,,,72,18,3990
State,ok,2012,44,1.68478,1.68478,,,0,,,,62,18,3680
State,ok,2012,45,1.76421,1.76421,,,0,,,,63,18,3571
State,ok,2012,46,1.68627,1.68627,,,0,,,,43,14,2550
State,ok,2012,47,1.95848,1.95848,,,0,,,,50,18,2553
State,ok,2012,48,2.77162,2.77162,,,0,,,,125,19,4510
State,ok,2012,49,3.04892,3.04892,,,0,,,,134,18,4395
State,ok,2012,50,4.37184,4.37184,,,0,,,,190,19,4346
State,ok,2012,51,4.44115,4.44115,,,0,,,,120,19,2702
State,ok,2012,52,10.4434,10.4434,,,0,,,,285,21,2729
State,ok,2013,1,7.87562,7.87562,,,0,,,,271,19,3441
State,ok,2013,2,8.43243,8.43243,,,0,,,,390,19,4625
State,ok,2013,3,9.74255,9.74255,,,0,,,,386,19,3962
State,ok,2013,4,8.25726,8.25726,,,0,,,,398,20,4820
State,ok,2013,5,8.98551,8.98551,,,0,,,,403,20,4485
State,ok,2013,6,5.18067,5.18067,,,0,,,,238,20,4594
State,ok,2013,7,4.9334,4.9334,,,0,,,,200,21,4054
State,ok,2013,8,4.83708,4.83708,,,0,,,,144,19,2977
State,ok,2013,9,4.42518,4.42518,,,0,,,,194,20,4384
State,ok,2013,10,2.98826,2.98826,,,0,,,,140,21,4685
State,ok,2013,11,3.59468,3.59468,,,0,,,,127,18,3533
State,ok,2013,12,2.84058,2.84058,,,0,,,,98,18,3450
State,ok,2013,13,1.78482,1.78482,,,0,,,,71,20,3978
State,ok,2013,14,1.84182,1.84182,,,0,,,,68,17,3692
State,ok,2013,15,1.14596,1.14596,,,0,,,,38,17,3316
State,ok,2013,16,1.42429,1.42429,,,0,,,,57,19,4002
State,ok,2013,17,1.74512,1.74512,,,0,,,,76,20,4355
State,ok,2013,18,0.911162,0.911162,,,0,,,,24,17,2634
State,ok,2013,19,0.66335,0.66335,,,0,,,,16,15,2412
State,ok,2013,20,0.397702,0.397702,,,0,,,,9,14,2263
State,ok,2013,21,0.322321,0.322321,,,0,,,,4,14,1241
State,ok,2013,22,0.0,0.0,,,0,,,,0,16,2438
State,ok,2013,23,0.102564,0.102564,,,0,,,,3,17,2925
State,ok,2013,24,0.0788644,0.0788644,,,0,,,,2,13,2536
State,ok,2013,25,0.0800641,0.0800641,,,0,,,,2,16,2498
State,ok,2013,26,0.0911162,0.0911162,,,0,,,,2,16,2195
State,ok,2013,27,0.480307,0.480307,,,0,,,,10,17,2082
State,ok,2013,28,0.293974,0.293974,,,0,,,,6,15,2041
State,ok,2013,29,0.2772,0.2772,,,0,,,,4,15,1443
State,ok,2013,30,0.164069,0.164069,,,0,,,,4,15,2438
State,ok,2013,31,0.0495786,0.0495786,,,0,,,,1,17,2017
State,ok,2013,32,0.265722,0.265722,,,0,,,,6,16,2258
State,ok,2013,33,0.162272,0.162272,,,0,,,,4,16,2465
State,ok,2013,34,1.0917,1.0917,,,0,,,,20,13,1832
State,ok,2013,35,0.430866,0.430866,,,0,,,,11,15,2553
State,ok,2013,36,1.62081,1.62081,,,0,,,,43,17,2653
State,ok,2013,37,1.04869,1.04869,,,0,,,,28,16,2670
State,ok,2013,38,0.842171,0.842171,,,0,,,,27,17,3206
State,ok,2013,39,1.02987,1.02987,,,0,,,,30,17,2913
State,ok,2013,40,2.33181,2.33181,,,0,,,,87,20,3731
State,ok,2013,41,1.87829,1.87829,,,0,,,,75,19,3993
State,ok,2013,42,2.11759,2.11759,,,0,,,,85,20,4014
State,ok,2013,43,2.4853,2.4853,,,0,,,,93,19,3742
State,ok,2013,44,2.48809,2.48809,,,0,,,,94,19,3778
State,ok,2013,45,3.53245,3.53245,,,0,,,,123,18,3482
State,ok,2013,46,3.42067,3.42067,,,0,,,,141,20,4122
State,ok,2013,47,3.03972,3.03972,,,0,,,,137,20,4507
State,ok,2013,48,2.54652,2.54652,,,0,,,,78,20,3063
State,ok,2013,49,4.32297,4.32297,,,0,,,,121,16,2799
State,ok,2013,50,4.06279,4.06279,,,0,,,,176,22,4332
State,ok,2013,51,4.68674,4.68674,,,0,,,,193,19,4118
State,ok,2013,52,7.26619,7.26619,,,0,,,,202,20,2780
State,ok,2014,1,6.62417,6.62417,,,0,,,,239,21,3608
State,ok,2014,2,6.94503,6.94503,,,0,,,,331,19,4766
State,ok,2014,3,7.63397,7.63397,,,0,,,,302,19,3956
State,ok,2014,4,7.53382,7.53382,,,0,,,,362,22,4805
State,ok,2014,5,8.74261,8.74261,,,0,,,,340,21,3889
State,ok,2014,6,8.5917,8.5917,,,0,,,,327,21,3806
State,ok,2014,7,3.5958,3.5958,,,0,,,,137,20,3810
State,ok,2014,8,5.38348,5.38348,,,0,,,,219,18,4068
State,ok,2014,9,3.79888,3.79888,,,0,,,,170,19,4475
State,ok,2014,10,3.4255,3.4255,,,0,,,,140,21,4087
State,ok,2014,11,3.00021,3.00021,,,0,,,,142,21,4733
State,ok,2014,12,2.96679,2.96679,,,0,,,,109,19,3674
State,ok,2014,13,2.25514,2.25514,,,0,,,,102,22,4523
State,ok,2014,14,2.32617,2.32617,,,0,,,,92,20,3955
State,ok,2014,15,2.30092,2.30092,,,0,,,,102,22,4433
State,ok,2014,16,1.83402,1.83402,,,0,,,,80,21,4362
State,ok,2014,17,1.90706,1.90706,,,0,,,,71,20,3723
State,ok,2014,18,1.71875,1.71875,,,0,,,,77,22,4480
State,ok,2014,19,1.25837,1.25837,,,0,,,,47,19,3735
State,ok,2014,20,2.18103,2.18103,,,0,,,,80,20,3668
State,ok,2014,21,0.40724,0.40724,,,0,,,,9,18,2210
State,ok,2014,22,0.593178,0.593178,,,0,,,,12,15,2023
State,ok,2014,23,0.414201,0.414201,,,0,,,,7,15,1690
State,ok,2014,24,0.312695,0.312695,,,0,,,,5,15,1599
State,ok,2014,25,0.0761325,0.0761325,,,0,,,,2,17,2627
State,ok,2014,26,0.171527,0.171527,,,0,,,,4,15,2332
State,ok,2014,27,0.243072,0.243072,,,0,,,,5,15,2057
State,ok,2014,28,0.168634,0.168634,,,0,,,,3,15,1779
State,ok,2014,29,0.0563698,0.0563698,,,0,,,,1,14,1774
State,ok,2014,30,0.202737,0.202737,,,0,,,,4,17,1973
State,ok,2014,31,0.110681,0.110681,,,0,,,,2,14,1807
State,ok,2014,32,0.756144,0.756144,,,0,,,,16,14,2116
State,ok,2014,33,0.646987,0.646987,,,0,,,,16,16,2473
State,ok,2014,34,0.191571,0.191571,,,0,,,,4,15,2088
State,ok,2014,35,0.611621,0.611621,,,0,,,,16,16,2616
State,ok,2014,36,1.11562,1.11562,,,0,,,,22,16,1972
State,ok,2014,37,0.694927,0.694927,,,0,,,,20,17,2878
State,ok,2014,38,1.46689,1.46689,,,0,,,,35,15,2386
State,ok,2014,39,1.00074,1.00074,,,0,,,,27,17,2698
State,ok,2014,40,1.85456,1.85456,,,0,,,,38,14,2049
State,ok,2014,41,2.47019,2.47019,,,0,,,,58,17,2348
State,ok,2014,42,1.36633,1.36633,,,0,,,,53,19,3879
State,ok,2014,43,1.07742,1.07742,,,0,,,,43,18,3991
State,ok,2014,44,1.40476,1.40476,,,0,,,,59,18,4200
State,ok,2014,45,1.38249,1.38249,,,0,,,,21,18,1519
State,ok,2014,46,2.13992,2.13992,,,0,,,,78,16,3645
State,ok,2014,47,1.13288,1.13288,,,0,,,,37,18,3266
State,ok,2014,48,2.17319,2.17319,,,0,,,,65,18,2991
State,ok,2014,49,2.54709,2.54709,,,0,,,,119,19,4672
State,ok,2014,50,5.70992,5.70992,,,0,,,,224,18,3923
State,ok,2014,51,4.44392,4.44392,,,0,,,,189,17,4253
State,ok,2014,52,4.94555,4.94555,,,0,,,,109,18,2204
State,ok,2014,53,6.69665,6.69665,,,0,,,,134,17,2001
State,ok,2015,1,5.88416,5.88416,,,0,,,,192,19,3263
State,ok,2015,2,11.0353,11.0353,,,0,,,,356,17,3226
State,ok,2015,3,11.3323,11.3323,,,0,,,,279,17,2462
State,ok,2015,4,10.5877,10.5877,,,0,,,,236,16,2229
State,ok,2015,5,9.63973,9.63973,,,0,,,,297,17,3081
State,ok,2015,6,11.4717,11.4717,,,0,,,,304,17,2650
State,ok,2015,7,8.99183,8.99183,,,0,,,,198,19,2202
State,ok,2015,8,8.48383,8.48383,,,0,,,,202,17,2381
State,ok,2015,9,5.82613,5.82613,,,0,,,,128,17,2197
State,ok,2015,10,7.09603,7.09603,,,0,,,,184,16,2593
State,ok,2015,11,5.73356,5.73356,,,0,,,,136,17,2372
State,ok,2015,12,4.25296,4.25296,,,0,,,,115,17,2704
State,ok,2015,13,3.24472,3.24472,,,0,,,,83,18,2558
State,ok,2015,14,2.7066,2.7066,,,0,,,,75,19,2771
State,ok,2015,15,1.67577,1.67577,,,0,,,,46,17,2745
State,ok,2015,16,1.30879,1.30879,,,0,,,,32,19,2445
State,ok,2015,17,1.23579,1.23579,,,0,,,,25,16,2023
State,ok,2015,18,1.98118,1.98118,,,0,,,,40,19,2019
State,ok,2015,19,1.00287,1.00287,,,0,,,,21,14,2094
State,ok,2015,20,0.432633,0.432633,,,0,,,,7,14,1618
State,ok,2015,21,0.862069,0.862069,,,0,,,,16,15,1856
State,ok,2015,22,0.56391,0.56391,,,0,,,,9,12,1596
State,ok,2015,23,0.21097,0.21097,,,0,,,,3,12,1422
State,ok,2015,24,0.47081,0.47081,,,0,,,,10,15,2124
State,ok,2015,25,0.363471,0.363471,,,0,,,,8,15,2201
State,ok,2015,26,0.562852,0.562852,,,0,,,,6,12,1066
State,ok,2015,27,0.488998,0.488998,,,0,,,,10,15,2045
State,ok,2015,28,0.47138,0.47138,,,0,,,,7,12,1485
State,ok,2015,29,0.399401,0.399401,,,0,,,,8,15,2003
State,ok,2015,30,0.520833,0.520833,,,0,,,,9,15,1728
State,ok,2015,31,0.0,0.0,,,0,,,,0,14,1459
State,ok,2015,32,0.493827,0.493827,,,0,,,,10,14,2025
State,ok,2015,33,0.660905,0.660905,,,0,,,,13,15,1967
State,ok,2015,34,0.420168,0.420168,,,0,,,,9,15,2142
State,ok,2015,35,0.671488,0.671488,,,0,,,,13,15,1936
State,ok,2015,36,0.596421,0.596421,,,0,,,,9,13,1509
State,ok,2015,37,1.45985,1.45985,,,0,,,,36,17,2466
State,ok,2015,38,1.08949,1.08949,,,0,,,,28,17,2570
State,ok,2015,39,1.06336,1.06336,,,0,,,,24,13,2257
State,ok,2015,40,0.937038,0.937038,,,0,,,,57,28,6083
State,ok,2015,41,2.1645,2.1645,,,0,,,,130,28,6006
State,ok,2015,42,2.18176,2.18176,,,0,,,,133,26,6096
State,ok,2015,43,2.18795,2.18795,,,0,,,,122,25,5576
State,ok,2015,44,2.13297,2.13297,,,0,,,,111,25,5204
State,ok,2015,45,3.17486,3.17486,,,0,,,,199,26,6268
State,ok,2015,46,2.25944,2.25944,,,0,,,,143,25,6329
State,ok,2015,47,4.18859,4.18859,,,0,,,,199,27,4751
State,ok,2015,48,2.93651,2.93651,,,0,,,,185,27,6300
State,ok,2015,49,2.80758,2.80758,,,0,,,,157,25,5592
State,ok,2015,50,2.10428,2.10428,,,0,,,,113,24,5370
State,ok,2015,51,3.46522,3.46522,,,0,,,,141,28,4069
State,ok,2015,52,3.75139,3.75139,,,0,,,,169,28,4505
State,ok,2016,1,2.32655,2.32655,,,0,,,,112,22,4814
State,ok,2016,2,2.78759,2.78759,,,0,,,,150,26,5381
State,ok,2016,3,3.67476,3.67476,,,0,,,,221,26,6014
State,ok,2016,4,3.51783,3.51783,,,0,,,,218,25,6197
State,ok,2016,5,3.41487,3.41487,,,0,,,,215,26,6296
State,ok,2016,6,4.41915,4.41915,,,0,,,,264,25,5974
State,ok,2016,7,3.59483,3.59483,,,0,,,,214,24,5953
State,ok,2016,8,3.86364,3.86364,,,0,,,,238,26,6160
State,ok,2016,9,3.16993,3.16993,,,0,,,,183,26,5773
State,ok,2016,10,4.42237,4.42237,,,0,,,,276,27,6241
State,ok,2016,11,3.11838,3.11838,,,0,,,,162,27,5195
State,ok,2016,12,3.48019,3.48019,,,0,,,,188,25,5402
State,ok,2016,13,1.88423,1.88423,,,0,,,,97,25,5148
State,ok,2016,14,2.37131,2.37131,,,0,,,,123,24,5187
State,ok,2016,15,2.871,2.871,,,0,,,,148,24,5155
State,ok,2016,16,1.57905,1.57905,,,0,,,,79,24,5003
State,ok,2016,17,1.71198,1.71198,,,0,,,,85,24,4965
State,ok,2016,18,2.1802,2.1802,,,0,,,,113,26,5183
State,ok,2016,19,1.17994,1.17994,,,0,,,,52,21,4407
State,ok,2016,20,1.5252,1.5252,,,0,,,,69,22,4524
State,ok,2016,21,0.392734,0.392734,,,0,,,,8,16,2037
State,ok,2016,22,0.556019,0.556019,,,0,,,,20,17,3597
State,ok,2016,23,0.587248,0.587248,,,0,,,,21,16,3576
State,ok,2016,24,0.44596,0.44596,,,0,,,,17,17,3812
State,ok,2016,25,0.127429,0.127429,,,0,,,,4,16,3139
State,ok,2016,26,0.135777,0.135777,,,0,,,,4,15,2946
State,ok,2016,27,0.541516,0.541516,,,0,,,,15,14,2770
State,ok,2016,28,0.446163,0.446163,,,0,,,,15,14,3362
State,ok,2016,29,0.392749,0.392749,,,0,,,,13,13,3310
State,ok,2016,30,0.344927,0.344927,,,0,,,,12,16,3479
State,ok,2016,31,0.0532056,0.0532056,,,0,,,,2,15,3759
State,ok,2016,32,0.388098,0.388098,,,0,,,,12,14,3092
State,ok,2016,33,0.418177,0.418177,,,0,,,,15,14,3587
State,ok,2016,34,0.432783,0.432783,,,0,,,,16,14,3697
State,ok,2016,35,0.455466,0.455466,,,0,,,,18,15,3952
State,ok,2016,36,0.419036,0.419036,,,0,,,,14,14,3341
State,ok,2016,37,0.5,0.5,,,0,,,,17,15,3400
State,ok,2016,38,0.493052,0.493052,,,0,,,,11,14,2231
State,ok,2016,39,1.23229,1.23229,,,0,,,,40,15,3246
State,ok,2016,40,0.738512,0.738512,,,0,,,,27,18,3656
State,ok,2016,41,2.26164,2.26164,,,0,,,,102,19,4510
State,ok,2016,42,1.19471,1.19471,,,0,,,,47,17,3934
State,ok,2016,43,2.9886,2.9886,,,0,,,,152,22,5086
State,ok,2016,44,2.46645,2.46645,,,0,,,,136,24,5514
State,ok,2016,45,2.4456,2.4456,,,0,,,,118,20,4825
State,ok,2016,46,3.37127,3.37127,,,0,,,,157,19,4657
State,ok,2016,47,3.04288,3.04288,,,0,,,,110,22,3615
State,ok,2016,48,3.21187,3.21187,,,0,,,,171,22,5324
State,ok,2016,49,3.42868,3.42868,,,0,,,,175,23,5104
State,ok,2016,50,5.09349,5.09349,,,0,,,,237,21,4653
State,ok,2016,51,4.39372,4.39372,,,0,,,,179,20,4074
State,ok,2016,52,6.1,6.1,,,0,,,,244,21,4000
State,ok,2017,1,6.34468,6.34468,,,0,,,,289,21,4555
State,ok,2017,2,8.13977,8.13977,,,0,,,,403,19,4951
State,ok,2017,3,8.77725,8.77725,,,0,,,,463,19,5275
State,ok,2017,4,11.5014,11.5014,,,0,,,,609,20,5295
State,ok,2017,5,15.5039,15.5039,,,0,,,,780,17,5031
State,ok,2017,6,14.9247,14.9247,,,0,,,,941,22,6305
State,ok,2017,7,11.7363,11.7363,,,0,,,,680,19,5794
State,ok,2017,8,10.431,10.431,,,0,,,,593,22,5685
State,ok,2017,9,9.11975,9.11975,,,0,,,,460,18,5044
State,ok,2017,10,6.91892,6.91892,,,0,,,,320,18,4625
State,ok,2017,11,6.32794,6.32794,,,0,,,,274,20,4330
State,ok,2017,12,6.54985,6.54985,,,0,,,,314,20,4794
State,ok,2017,13,4.20508,4.20508,,,0,,,,187,17,4447
State,ok,2017,14,4.27716,4.27716,,,0,,,,200,19,4676
State,ok,2017,15,2.49322,2.49322,,,0,,,,138,21,5535
State,ok,2017,16,1.96234,1.96234,,,0,,,,99,20,5045
State,ok,2017,17,1.98133,1.98133,,,0,,,,104,21,5249
State,ok,2017,18,1.32593,1.32593,,,0,,,,74,21,5581
State,ok,2017,19,1.59939,1.59939,,,0,,,,84,21,5252
State,ok,2017,20,1.4341,1.4341,,,0,,,,63,21,4393
State,ok,2017,21,0.558003,0.558003,,,0,,,,19,15,3405
State,ok,2017,22,0.596481,0.596481,,,0,,,,20,16,3353
State,ok,2017,23,0.46729,0.46729,,,0,,,,15,15,3210
State,ok,2017,24,0.381791,0.381791,,,0,,,,13,17,3405
State,ok,2017,25,0.51757,0.51757,,,0,,,,19,17,3671
State,ok,2017,26,0.245012,0.245012,,,0,,,,7,12,2857
State,ok,2017,27,0.5228,0.5228,,,0,,,,18,15,3443
State,ok,2017,28,0.3207,0.3207,,,0,,,,11,15,3430
State,ok,2017,29,0.353625,0.353625,,,0,,,,14,16,3959
State,ok,2017,30,0.510725,0.510725,,,0,,,,20,16,3916
State,ok,2017,31,0.576067,0.576067,,,0,,,,22,15,3819
State,ok,2017,32,0.538117,0.538117,,,0,,,,18,15,3345
State,ok,2017,33,0.586654,0.586654,,,0,,,,24,16,4091
State,ok,2017,34,0.535783,0.535783,,,0,,,,14,14,2613
State,ok,2017,35,0.412655,0.412655,,,0,,,,15,15,3635
State,ok,2017,36,0.741525,0.741525,,,0,,,,28,15,3776
State,ok,2017,37,0.911933,0.911933,,,0,,,,35,16,3838
State,ok,2017,38,0.843645,0.843645,,,0,,,,30,16,3556
State,ok,2017,39,0.982997,0.982997,,,0,,,,37,16,3764
State,ok,2017,40,1.15584,1.15584,,,0,,,,87,22,7527
State,ok,2017,41,1.85164,1.85164,,,0,,,,163,25,8803
State,ok,2017,42,1.77271,1.77271,,,0,,,,146,25,8236
State,ok,2017,43,1.88569,1.88569,,,0,,,,162,25,8591
State,ok,2017,44,2.24642,2.24642,,,0,,,,196,25,8725
State,ok,2017,45,2.64264,2.64264,,,0,,,,239,26,9044
State,ok,2017,46,2.53975,2.53975,,,0,,,,230,24,9056
State,ok,2017,47,2.81158,2.81158,,,0,,,,201,23,7149
State,ok,2017,48,2.80252,2.80252,,,0,,,,258,25,9206
State,ok,2017,49,3.03567,3.03567,,,0,,,,257,25,8466
State,ok,2017,50,4.90312,4.90312,,,0,,,,458,26,9341
State,ok,2017,51,6.81702,6.81702,,,0,,,,532,22,7804
State,ok,2017,52,8.25442,8.25442,,,0,,,,645,25,7814
State,or,2010,40,0.551334,0.551334,,,0,,,,37,20,6711
State,or,2010,41,0.624076,0.624076,,,0,,,,38,19,6089
State,or,2010,42,0.484848,0.484848,,,0,,,,36,19,7425
State,or,2010,43,0.751771,0.751771,,,0,,,,52,22,6917
State,or,2010,44,0.764895,0.764895,,,0,,,,57,22,7452
State,or,2010,45,0.775305,0.775305,,,0,,,,54,20,6965
State,or,2010,46,0.657895,0.657895,,,0,,,,44,19,6688
State,or,2010,47,1.06383,1.06383,,,0,,,,25,18,2350
State,or,2010,48,0.718276,0.718276,,,0,,,,27,20,3759
State,or,2010,49,0.980101,0.980101,,,0,,,,33,19,3367
State,or,2010,50,1.39498,1.39498,,,0,,,,35,19,2509
State,or,2010,51,2.06037,2.06037,,,0,,,,43,20,2087
State,or,2010,52,2.29709,2.29709,,,0,,,,45,21,1959
State,or,2011,1,1.22262,1.22262,,,0,,,,48,19,3926
State,or,2011,2,1.64506,1.64506,,,0,,,,66,20,4012
State,or,2011,3,1.90359,1.90359,,,0,,,,62,18,3257
State,or,2011,4,2.11458,2.11458,,,0,,,,86,21,4067
State,or,2011,5,1.6229,1.6229,,,0,,,,55,17,3389
State,or,2011,6,2.25032,2.25032,,,0,,,,89,21,3955
State,or,2011,7,2.5634,2.5634,,,0,,,,94,19,3667
State,or,2011,8,1.81037,1.81037,,,0,,,,59,17,3259
State,or,2011,9,1.91172,1.91172,,,0,,,,68,16,3557
State,or,2011,10,2.09194,2.09194,,,0,,,,76,19,3633
State,or,2011,11,1.625,1.625,,,0,,,,52,15,3200
State,or,2011,12,1.64474,1.64474,,,0,,,,35,18,2128
State,or,2011,13,1.28979,1.28979,,,0,,,,47,17,3644
State,or,2011,14,1.00822,1.00822,,,0,,,,38,18,3769
State,or,2011,15,0.965873,0.965873,,,0,,,,30,15,3106
State,or,2011,16,1.07246,1.07246,,,0,,,,37,15,3450
State,or,2011,17,0.959752,0.959752,,,0,,,,31,14,3230
State,or,2011,18,0.924745,0.924745,,,0,,,,29,14,3136
State,or,2011,19,0.929924,0.929924,,,0,,,,28,13,3011
State,or,2011,20,1.07901,1.07901,,,0,,,,31,12,2873
State,or,2011,21,0.645819,0.645819,,,0,,,,19,12,2942
State,or,2011,22,0.814053,0.814053,,,0,,,,19,11,2334
State,or,2011,23,0.575595,0.575595,,,0,,,,15,11,2606
State,or,2011,24,1.07849,1.07849,,,0,,,,18,9,1669
State,or,2011,25,1.29577,1.29577,,,0,,,,23,10,1775
State,or,2011,26,0.780814,0.780814,,,0,,,,14,10,1793
State,or,2011,27,0.648088,0.648088,,,0,,,,10,11,1543
State,or,2011,28,0.557414,0.557414,,,0,,,,10,11,1794
State,or,2011,29,0.312663,0.312663,,,0,,,,6,11,1919
State,or,2011,30,0.542005,0.542005,,,0,,,,10,11,1845
State,or,2011,31,0.448934,0.448934,,,0,,,,8,11,1782
State,or,2011,32,0.484131,0.484131,,,0,,,,9,10,1859
State,or,2011,33,0.383693,0.383693,,,0,,,,8,11,2085
State,or,2011,34,0.359343,0.359343,,,0,,,,7,11,1948
State,or,2011,35,0.484914,0.484914,,,0,,,,9,11,1856
State,or,2011,36,0.561167,0.561167,,,0,,,,10,11,1782
State,or,2011,37,1.05332,1.05332,,,0,,,,16,9,1519
State,or,2011,38,1.14144,1.14144,,,0,,,,23,9,2015
State,or,2011,39,0.750268,0.750268,,,0,,,,21,11,2799
State,or,2011,40,0.264473,0.264473,,,0,,,,9,15,3403
State,or,2011,41,0.67861,0.67861,,,0,,,,25,18,3684
State,or,2011,42,0.582686,0.582686,,,0,,,,21,17,3604
State,or,2011,43,0.581751,0.581751,,,0,,,,19,17,3266
State,or,2011,44,0.680828,0.680828,,,0,,,,25,17,3672
State,or,2011,45,0.466418,0.466418,,,0,,,,15,16,3216
State,or,2011,46,0.921502,0.921502,,,0,,,,27,14,2930
State,or,2011,47,1.46477,1.46477,,,0,,,,37,17,2526
State,or,2011,48,0.846785,0.846785,,,0,,,,32,17,3779
State,or,2011,49,0.556638,0.556638,,,0,,,,20,18,3593
State,or,2011,50,1.25354,1.25354,,,0,,,,31,16,2473
State,or,2011,51,1.72481,1.72481,,,0,,,,44,17,2551
State,or,2011,52,1.25433,1.25433,,,0,,,,29,19,2312
State,or,2012,1,1.24555,1.24555,,,0,,,,35,20,2810
State,or,2012,2,0.716662,0.716662,,,0,,,,28,20,3907
State,or,2012,3,1.2901,1.2901,,,0,,,,37,16,2868
State,or,2012,4,1.39747,1.39747,,,0,,,,52,19,3721
State,or,2012,5,0.964467,0.964467,,,0,,,,38,20,3940
State,or,2012,6,1.10165,1.10165,,,0,,,,44,18,3994
State,or,2012,7,1.74752,1.74752,,,0,,,,67,20,3834
State,or,2012,8,1.3885,1.3885,,,0,,,,49,17,3529
State,or,2012,9,1.71788,1.71788,,,0,,,,71,19,4133
State,or,2012,10,1.65916,1.65916,,,0,,,,70,20,4219
State,or,2012,11,2.01274,2.01274,,,0,,,,79,20,3925
State,or,2012,12,3.66636,3.66636,,,0,,,,120,18,3273
State,or,2012,13,1.94405,1.94405,,,0,,,,41,17,2109
State,or,2012,14,0.86135,0.86135,,,0,,,,31,16,3599
State,or,2012,15,2.05532,2.05532,,,0,,,,81,19,3941
State,or,2012,16,0.812536,0.812536,,,0,,,,28,16,3446
State,or,2012,17,1.03448,1.03448,,,0,,,,36,17,3480
State,or,2012,18,0.872347,0.872347,,,0,,,,30,16,3439
State,or,2012,19,0.680904,0.680904,,,0,,,,22,14,3231
State,or,2012,20,0.67402,0.67402,,,0,,,,22,13,3264
State,or,2012,21,0.48185,0.48185,,,0,,,,15,12,3113
State,or,2012,22,0.622407,0.622407,,,0,,,,15,11,2410
State,or,2012,23,0.640593,0.640593,,,0,,,,19,13,2966
State,or,2012,24,0.725191,0.725191,,,0,,,,19,10,2620
State,or,2012,25,0.713861,0.713861,,,0,,,,12,9,1681
State,or,2012,26,0.530348,0.530348,,,0,,,,9,8,1697
State,or,2012,27,0.293902,0.293902,,,0,,,,4,9,1361
State,or,2012,28,0.26441,0.26441,,,0,,,,5,9,1891
State,or,2012,29,0.383387,0.383387,,,0,,,,6,8,1565
State,or,2012,30,0.344116,0.344116,,,0,,,,5,8,1453
State,or,2012,31,0.184957,0.184957,,,0,,,,3,8,1622
State,or,2012,32,0.453662,0.453662,,,0,,,,7,9,1543
State,or,2012,33,0.316056,0.316056,,,0,,,,5,8,1582
State,or,2012,34,0.285307,0.285307,,,0,,,,4,8,1402
State,or,2012,35,0.453172,0.453172,,,0,,,,6,7,1324
State,or,2012,36,0.461184,0.461184,,,0,,,,6,8,1301
State,or,2012,37,0.67981,0.67981,,,0,,,,10,8,1471
State,or,2012,38,0.793651,0.793651,,,0,,,,18,10,2268
State,or,2012,39,0.686342,0.686342,,,0,,,,10,8,1457
State,or,2012,40,0.365059,0.365059,,,0,,,,14,16,3835
State,or,2012,41,0.753693,0.753693,,,0,,,,25,15,3317
State,or,2012,42,0.774749,0.774749,,,0,,,,27,17,3485
State,or,2012,43,0.708383,0.708383,,,0,,,,24,16,3388
State,or,2012,44,0.801233,0.801233,,,0,,,,26,16,3245
State,or,2012,45,0.662252,0.662252,,,0,,,,23,17,3473
State,or,2012,46,0.440044,0.440044,,,0,,,,16,16,3636
State,or,2012,47,0.366151,0.366151,,,0,,,,9,16,2458
State,or,2012,48,0.421257,0.421257,,,0,,,,13,14,3086
State,or,2012,49,1.07246,1.07246,,,0,,,,37,16,3450
State,or,2012,50,1.80769,1.80769,,,0,,,,47,16,2600
State,or,2012,51,0.953107,0.953107,,,0,,,,25,17,2623
State,or,2012,52,3.77588,3.77588,,,0,,,,62,17,1642
State,or,2013,1,2.78761,2.78761,,,0,,,,63,17,2260
State,or,2013,2,2.67185,2.67185,,,0,,,,103,17,3855
State,or,2013,3,3.23712,3.23712,,,0,,,,120,15,3707
State,or,2013,4,4.3911,4.3911,,,0,,,,150,15,3416
State,or,2013,5,3.3109,3.3109,,,0,,,,123,16,3715
State,or,2013,6,2.75387,2.75387,,,0,,,,96,16,3486
State,or,2013,7,2.72505,2.72505,,,0,,,,89,15,3266
State,or,2013,8,2.59301,2.59301,,,0,,,,92,14,3548
State,or,2013,9,1.82687,1.82687,,,0,,,,65,14,3558
State,or,2013,10,1.02113,1.02113,,,0,,,,29,11,2840
State,or,2013,11,1.42123,1.42123,,,0,,,,47,13,3307
State,or,2013,12,0.543971,0.543971,,,0,,,,18,15,3309
State,or,2013,13,0.704887,0.704887,,,0,,,,15,12,2128
State,or,2013,14,0.766871,0.766871,,,0,,,,25,13,3260
State,or,2013,15,0.285533,0.285533,,,0,,,,9,12,3152
State,or,2013,16,0.258065,0.258065,,,0,,,,8,12,3100
State,or,2013,17,0.223428,0.223428,,,0,,,,7,12,3133
State,or,2013,18,0.316256,0.316256,,,0,,,,10,13,3162
State,or,2013,19,0.0809717,0.0809717,,,0,,,,2,10,2470
State,or,2013,20,0.223547,0.223547,,,0,,,,6,10,2684
State,or,2013,21,0.230061,0.230061,,,0,,,,6,10,2608
State,or,2013,22,0.137049,0.137049,,,0,,,,3,10,2189
State,or,2013,23,0.415512,0.415512,,,0,,,,9,8,2166
State,or,2013,24,0.4111,0.4111,,,0,,,,8,7,1946
State,or,2013,25,0.156863,0.156863,,,0,,,,2,8,1275
State,or,2013,26,0.187091,0.187091,,,0,,,,2,7,1069
State,or,2013,27,0.0,0.0,,,0,,,,0,6,903
State,or,2013,28,0.268817,0.268817,,,0,,,,3,6,1116
State,or,2013,29,0.0960615,0.0960615,,,0,,,,1,6,1041
State,or,2013,30,0.340136,0.340136,,,0,,,,4,7,1176
State,or,2013,31,0.442968,0.442968,,,0,,,,4,7,903
State,or,2013,32,0.287081,0.287081,,,0,,,,3,6,1045
State,or,2013,33,0.0,0.0,,,0,,,,0,6,956
State,or,2013,34,0.0,0.0,,,0,,,,0,6,941
State,or,2013,35,0.0,0.0,,,0,,,,0,6,1002
State,or,2013,36,0.143062,0.143062,,,0,,,,1,5,699
State,or,2013,37,0.14245,0.14245,,,0,,,,1,4,702
State,or,2013,38,0.443787,0.443787,,,0,,,,3,6,676
State,or,2013,39,0.436137,0.436137,,,0,,,,7,6,1605
State,or,2013,40,0.0904432,0.0904432,,,0,,,,3,14,3317
State,or,2013,41,0.151668,0.151668,,,0,,,,6,13,3956
State,or,2013,42,0.443568,0.443568,,,0,,,,18,17,4058
State,or,2013,43,0.321268,0.321268,,,0,,,,15,19,4669
State,or,2013,44,0.459559,0.459559,,,0,,,,20,17,4352
State,or,2013,45,0.307613,0.307613,,,0,,,,12,18,3901
State,or,2013,46,0.484914,0.484914,,,0,,,,18,18,3712
State,or,2013,47,0.496689,0.496689,,,0,,,,18,16,3624
State,or,2013,48,0.324675,0.324675,,,0,,,,8,18,2464
State,or,2013,49,0.746714,0.746714,,,0,,,,25,18,3348
State,or,2013,50,0.898204,0.898204,,,0,,,,30,18,3340
State,or,2013,51,1.76152,1.76152,,,0,,,,39,17,2214
State,or,2013,52,4.26703,4.26703,,,0,,,,62,18,1453
State,or,2014,1,5.00275,5.00275,,,0,,,,91,17,1819
State,or,2014,2,3.47976,3.47976,,,0,,,,141,18,4052
State,or,2014,3,3.30138,3.30138,,,0,,,,124,18,3756
State,or,2014,4,2.36039,2.36039,,,0,,,,82,18,3474
State,or,2014,5,1.44202,1.44202,,,0,,,,49,17,3398
State,or,2014,6,1.2931,1.2931,,,0,,,,42,18,3248
State,or,2014,7,0.794378,0.794378,,,0,,,,26,15,3273
State,or,2014,8,0.880432,0.880432,,,0,,,,31,17,3521
State,or,2014,9,0.473274,0.473274,,,0,,,,17,16,3592
State,or,2014,10,0.508044,0.508044,,,0,,,,18,16,3543
State,or,2014,11,0.44603,0.44603,,,0,,,,15,15,3363
State,or,2014,12,0.720243,0.720243,,,0,,,,19,11,2638
State,or,2014,13,0.594732,0.594732,,,0,,,,14,15,2354
State,or,2014,14,0.497843,0.497843,,,0,,,,15,13,3013
State,or,2014,15,0.503555,0.503555,,,0,,,,17,14,3376
State,or,2014,16,0.421941,0.421941,,,0,,,,12,12,2844
State,or,2014,17,0.409989,0.409989,,,0,,,,11,11,2683
State,or,2014,18,0.34626,0.34626,,,0,,,,10,9,2888
State,or,2014,19,0.701481,0.701481,,,0,,,,18,9,2566
State,or,2014,20,0.417933,0.417933,,,0,,,,11,9,2632
State,or,2014,21,0.370508,0.370508,,,0,,,,10,9,2699
State,or,2014,22,0.211149,0.211149,,,0,,,,5,9,2368
State,or,2014,23,0.171306,0.171306,,,0,,,,4,8,2335
State,or,2014,24,0.371353,0.371353,,,0,,,,7,7,1885
State,or,2014,25,0.232919,0.232919,,,0,,,,3,7,1288
State,or,2014,26,0.097371,0.097371,,,0,,,,1,7,1027
State,or,2014,27,0.471143,0.471143,,,0,,,,4,6,849
State,or,2014,28,0.471698,0.471698,,,0,,,,5,7,1060
State,or,2014,29,0.262238,0.262238,,,0,,,,3,7,1144
State,or,2014,30,0.0,0.0,,,0,,,,0,6,949
State,or,2014,31,0.176678,0.176678,,,0,,,,2,6,1132
State,or,2014,32,0.188324,0.188324,,,0,,,,2,6,1062
State,or,2014,33,0.0884956,0.0884956,,,0,,,,1,6,1130
State,or,2014,34,0.0,0.0,,,0,,,,0,6,1063
State,or,2014,35,0.195503,0.195503,,,0,,,,2,6,1023
State,or,2014,36,0.0,0.0,,,0,,,,0,6,863
State,or,2014,37,0.106383,0.106383,,,0,,,,1,5,940
State,or,2014,38,0.975976,0.975976,,,0,,,,13,8,1332
State,or,2014,39,0.538117,0.538117,,,0,,,,6,6,1115
State,or,2014,40,0.223499,0.223499,,,0,,,,7,13,3132
State,or,2014,41,0.418535,0.418535,,,0,,,,14,13,3345
State,or,2014,42,0.572246,0.572246,,,0,,,,28,20,4893
State,or,2014,43,0.713776,0.713776,,,0,,,,30,16,4203
State,or,2014,44,1.03776,1.03776,,,0,,,,47,17,4529
State,or,2014,45,0.44891,0.44891,,,0,,,,21,19,4678
State,or,2014,46,0.502753,0.502753,,,0,,,,21,18,4177
State,or,2014,47,0.469832,0.469832,,,0,,,,19,16,4044
State,or,2014,48,0.598653,0.598653,,,0,,,,24,17,4009
State,or,2014,49,1.27639,1.27639,,,0,,,,52,19,4074
State,or,2014,50,0.958827,0.958827,,,0,,,,34,17,3546
State,or,2014,51,0.8,0.8,,,0,,,,25,17,3125
State,or,2014,52,1.24159,1.24159,,,0,,,,24,17,1933
State,or,2014,53,1.39123,1.39123,,,0,,,,33,16,2372
State,or,2015,1,1.52801,1.52801,,,0,,,,63,17,4123
State,or,2015,2,2.22525,2.22525,,,0,,,,98,18,4404
State,or,2015,3,2.16042,2.16042,,,0,,,,87,17,4027
State,or,2015,4,1.24717,1.24717,,,0,,,,44,12,3528
State,or,2015,5,1.0434,1.0434,,,0,,,,44,15,4217
State,or,2015,6,1.13863,1.13863,,,0,,,,40,11,3513
State,or,2015,7,0.85692,0.85692,,,0,,,,33,14,3851
State,or,2015,8,0.384615,0.384615,,,0,,,,11,8,2860
State,or,2015,9,0.588043,0.588043,,,0,,,,18,9,3061
State,or,2015,10,0.565698,0.565698,,,0,,,,22,14,3889
State,or,2015,11,0.991326,0.991326,,,0,,,,32,11,3228
State,or,2015,12,0.581637,0.581637,,,0,,,,14,10,2407
State,or,2015,13,0.89748,0.89748,,,0,,,,26,10,2897
State,or,2015,14,0.55325,0.55325,,,0,,,,16,10,2892
State,or,2015,15,0.588847,0.588847,,,0,,,,17,9,2887
State,or,2015,16,0.83682,0.83682,,,0,,,,22,8,2629
State,or,2015,17,0.55788,0.55788,,,0,,,,12,6,2151
State,or,2015,18,0.24321,0.24321,,,0,,,,6,7,2467
State,or,2015,19,0.364299,0.364299,,,0,,,,8,7,2196
State,or,2015,20,0.0859845,0.0859845,,,0,,,,2,7,2326
State,or,2015,21,0.1619,0.1619,,,0,,,,3,7,1853
State,or,2015,22,0.337981,0.337981,,,0,,,,8,7,2367
State,or,2015,23,0.265135,0.265135,,,0,,,,6,6,2263
State,or,2015,24,0.0,0.0,,,0,,,,0,6,1270
State,or,2015,25,0.213828,0.213828,,,0,,,,3,6,1403
State,or,2015,26,0.0856164,0.0856164,,,0,,,,1,6,1168
State,or,2015,27,0.069979,0.069979,,,0,,,,1,6,1429
State,or,2015,28,0.210084,0.210084,,,0,,,,3,6,1428
State,or,2015,29,0.0,0.0,,,0,,,,0,6,1425
State,or,2015,30,0.0672043,0.0672043,,,0,,,,1,6,1488
State,or,2015,31,0.0,0.0,,,0,,,,0,5,1270
State,or,2015,32,0.0,0.0,,,0,,,,0,4,1285
State,or,2015,33,0.0,0.0,,,0,,,,0,5,1535
State,or,2015,34,0.0,0.0,,,0,,,,0,5,1325
State,or,2015,35,0.292398,0.292398,,,0,,,,7,9,2394
State,or,2015,36,0.876011,0.876011,,,0,,,,13,6,1484
State,or,2015,37,0.610772,0.610772,,,0,,,,11,6,1801
State,or,2015,38,0.703518,0.703518,,,0,,,,21,6,2985
State,or,2015,39,0.283587,0.283587,,,0,,,,8,8,2821
State,or,2015,40,0.609618,0.609618,,,0,,,,27,15,4429
State,or,2015,41,0.889757,0.889757,,,0,,,,41,16,4608
State,or,2015,42,0.801527,0.801527,,,0,,,,42,21,5240
State,or,2015,43,0.816957,0.816957,,,0,,,,37,19,4529
State,or,2015,44,0.660981,0.660981,,,0,,,,31,21,4690
State,or,2015,45,1.81065,1.81065,,,0,,,,83,16,4584
State,or,2015,46,1.33049,1.33049,,,0,,,,75,21,5637
State,or,2015,47,1.72911,1.72911,,,0,,,,48,14,2776
State,or,2015,48,1.7094,1.7094,,,0,,,,80,16,4680
State,or,2015,49,0.831409,0.831409,,,0,,,,36,21,4330
State,or,2015,50,1.09102,1.09102,,,0,,,,35,14,3208
State,or,2015,51,0.936037,0.936037,,,0,,,,18,15,1923
State,or,2015,52,0.932306,0.932306,,,0,,,,23,16,2467
State,or,2016,1,1.2949,1.2949,,,0,,,,62,19,4788
State,or,2016,2,1.6622,1.6622,,,0,,,,93,20,5595
State,or,2016,3,2.13383,2.13383,,,0,,,,81,13,3796
State,or,2016,4,2.12389,2.12389,,,0,,,,96,14,4520
State,or,2016,5,2.22763,2.22763,,,0,,,,119,18,5342
State,or,2016,6,1.90729,1.90729,,,0,,,,79,12,4142
State,or,2016,7,2.81959,2.81959,,,0,,,,133,15,4717
State,or,2016,8,2.48518,2.48518,,,0,,,,130,15,5231
State,or,2016,9,2.66258,2.66258,,,0,,,,165,20,6197
State,or,2016,10,3.46895,3.46895,,,0,,,,162,15,4670
State,or,2016,11,3.20603,3.20603,,,0,,,,136,14,4242
State,or,2016,12,1.15677,1.15677,,,0,,,,38,14,3285
State,or,2016,13,2.3569,2.3569,,,0,,,,105,14,4455
State,or,2016,14,2.39763,2.39763,,,0,,,,89,14,3712
State,or,2016,15,0.940513,0.940513,,,0,,,,40,13,4253
State,or,2016,16,0.929494,0.929494,,,0,,,,41,14,4411
State,or,2016,17,0.640394,0.640394,,,0,,,,26,12,4060
State,or,2016,18,0.726453,0.726453,,,0,,,,29,11,3992
State,or,2016,19,0.548246,0.548246,,,0,,,,20,11,3648
State,or,2016,20,0.0763359,0.0763359,,,0,,,,2,8,2620
State,or,2016,21,0.0,0.0,,,0,,,,0,7,2516
State,or,2016,22,0.0,0.0,,,0,,,,0,7,2105
State,or,2016,23,0.133393,0.133393,,,0,,,,3,7,2249
State,or,2016,24,0.268276,0.268276,,,0,,,,4,6,1491
State,or,2016,25,0.0774593,0.0774593,,,0,,,,1,5,1291
State,or,2016,26,0.0,0.0,,,0,,,,0,6,1318
State,or,2016,27,0.0,0.0,,,0,,,,0,6,1054
State,or,2016,28,0.162075,0.162075,,,0,,,,2,6,1234
State,or,2016,29,0.0804505,0.0804505,,,0,,,,1,5,1243
State,or,2016,30,0.0,0.0,,,0,,,,0,4,922
State,or,2016,31,0.0,0.0,,,0,,,,0,5,1445
State,or,2016,32,0.0,0.0,,,0,,,,0,5,1398
State,or,2016,33,0.0,0.0,,,0,,,,0,5,1428
State,or,2016,34,0.0,0.0,,,0,,,,0,5,1374
State,or,2016,35,0.0793651,0.0793651,,,0,,,,1,4,1260
State,or,2016,36,0.0,0.0,,,0,,,,0,5,951
State,or,2016,37,0.276625,0.276625,,,0,,,,4,6,1446
State,or,2016,38,0.155159,0.155159,,,0,,,,4,5,2578
State,or,2016,39,0.176367,0.176367,,,0,,,,4,5,2268
State,or,2016,40,0.602623,0.602623,,,0,,,,34,15,5642
State,or,2016,41,0.41806,0.41806,,,0,,,,25,20,5980
State,or,2016,42,0.70714,0.70714,,,0,,,,41,19,5798
State,or,2016,43,0.631649,0.631649,,,0,,,,38,21,6016
State,or,2016,44,1.05812,1.05812,,,0,,,,67,22,6332
State,or,2016,45,1.35724,1.35724,,,0,,,,81,22,5968
State,or,2016,46,0.773422,0.773422,,,0,,,,44,20,5689
State,or,2016,47,1.02576,1.02576,,,0,,,,45,20,4387
State,or,2016,48,1.01609,1.01609,,,0,,,,60,20,5905
State,or,2016,49,1.07239,1.07239,,,0,,,,52,18,4849
State,or,2016,50,2.19922,2.19922,,,0,,,,102,19,4638
State,or,2016,51,2.32236,2.32236,,,0,,,,67,12,2885
State,or,2016,52,5.786,5.786,,,0,,,,219,17,3785
State,or,2017,1,5.1757,5.1757,,,0,,,,190,18,3671
State,or,2017,2,1.97154,1.97154,,,0,,,,97,17,4920
State,or,2017,3,2.63546,2.63546,,,0,,,,143,19,5426
State,or,2017,4,2.97925,2.97925,,,0,,,,168,18,5639
State,or,2017,5,3.2287,3.2287,,,0,,,,180,21,5575
State,or,2017,6,3.29529,3.29529,,,0,,,,179,18,5432
State,or,2017,7,2.9166,2.9166,,,0,,,,171,19,5863
State,or,2017,8,2.53623,2.53623,,,0,,,,147,18,5796
State,or,2017,9,2.61278,2.61278,,,0,,,,139,16,5320
State,or,2017,10,1.59095,1.59095,,,0,,,,97,16,6097
State,or,2017,11,2.26988,2.26988,,,0,,,,127,15,5595
State,or,2017,12,1.55855,1.55855,,,0,,,,74,15,4748
State,or,2017,13,0.894415,0.894415,,,0,,,,41,16,4584
State,or,2017,14,1.08395,1.08395,,,0,,,,51,15,4705
State,or,2017,15,0.76666,0.76666,,,0,,,,39,16,5087
State,or,2017,16,0.874688,0.874688,,,0,,,,49,16,5602
State,or,2017,17,0.451807,0.451807,,,0,,,,21,13,4648
State,or,2017,18,1.13761,1.13761,,,0,,,,52,15,4571
State,or,2017,19,0.754717,0.754717,,,0,,,,32,13,4240
State,or,2017,20,0.703916,0.703916,,,0,,,,32,14,4546
State,or,2017,21,0.321384,0.321384,,,0,,,,13,11,4045
State,or,2017,22,0.38525,0.38525,,,0,,,,14,12,3634
State,or,2017,23,0.480538,0.480538,,,0,,,,20,12,4162
State,or,2017,24,0.316874,0.316874,,,0,,,,12,12,3787
State,or,2017,25,0.467602,0.467602,,,0,,,,14,12,2994
State,or,2017,26,0.496894,0.496894,,,0,,,,16,12,3220
State,or,2017,27,0.0788333,0.0788333,,,0,,,,2,11,2537
State,or,2017,28,0.123191,0.123191,,,0,,,,4,12,3247
State,or,2017,29,0.15748,0.15748,,,0,,,,5,11,3175
State,or,2017,30,0.102284,0.102284,,,0,,,,3,11,2933
State,or,2017,31,0.380068,0.380068,,,0,,,,9,6,2368
State,or,2017,32,0.411692,0.411692,,,0,,,,10,6,2429
State,or,2017,33,0.108617,0.108617,,,0,,,,3,6,2762
State,or,2017,34,0.259067,0.259067,,,0,,,,6,6,2316
State,or,2017,35,0.482121,0.482121,,,0,,,,12,6,2489
State,or,2017,36,0.0570776,0.0570776,,,0,,,,1,5,1752
State,or,2017,37,0.769769,0.769769,,,0,,,,22,7,2858
State,or,2017,38,0.534164,0.534164,,,0,,,,24,7,4493
State,or,2017,39,0.350688,0.350688,,,0,,,,13,7,3707
State,or,2017,40,0.844804,0.844804,,,0,,,,286,74,33854
State,or,2017,41,0.932869,0.932869,,,0,,,,311,78,33338
State,or,2017,42,1.10127,1.10127,,,0,,,,378,77,34324
State,or,2017,43,1.08745,1.08745,,,0,,,,387,80,35588
State,or,2017,44,1.2964,1.2964,,,0,,,,454,79,35020
State,or,2017,45,1.49438,1.49438,,,0,,,,520,80,34797
State,or,2017,46,1.26472,1.26472,,,0,,,,536,79,42381
State,or,2017,47,1.64241,1.64241,,,0,,,,553,78,33670
State,or,2017,48,1.56149,1.56149,,,0,,,,529,74,33878
State,or,2017,49,1.85642,1.85642,,,0,,,,609,75,32805
State,or,2017,50,2.48936,2.48936,,,0,,,,854,75,34306
State,or,2017,51,3.8024,3.8024,,,0,,,,1397,78,36740
State,or,2017,52,4.88977,4.88977,,,0,,,,1821,78,37241
State,pa,2010,40,0.703292,0.703292,,,0,,,,122,64,17347
State,pa,2010,41,0.910726,0.910726,,,0,,,,157,64,17239
State,pa,2010,42,0.881081,0.881081,,,0,,,,161,64,18273
State,pa,2010,43,0.72118,0.72118,,,0,,,,133,65,18442
State,pa,2010,44,0.991455,0.991455,,,0,,,,181,66,18256
State,pa,2010,45,1.03377,1.03377,,,0,,,,184,63,17799
State,pa,2010,46,0.946337,0.946337,,,0,,,,170,60,17964
State,pa,2010,47,1.10846,1.10846,,,0,,,,144,67,12991
State,pa,2010,48,1.20878,1.20878,,,0,,,,217,65,17952
State,pa,2010,49,1.22407,1.22407,,,0,,,,203,61,16584
State,pa,2010,50,1.35668,1.35668,,,0,,,,196,58,14447
State,pa,2010,51,2.00375,2.00375,,,0,,,,214,55,10680
State,pa,2010,52,2.38516,2.38516,,,0,,,,243,56,10188
State,pa,2011,1,2.10846,2.10846,,,0,,,,257,56,12189
State,pa,2011,2,2.3239,2.3239,,,0,,,,322,61,13856
State,pa,2011,3,2.72705,2.72705,,,0,,,,439,64,16098
State,pa,2011,4,4.04659,4.04659,,,0,,,,681,61,16829
State,pa,2011,5,4.37266,4.37266,,,0,,,,758,65,17335
State,pa,2011,6,3.74081,3.74081,,,0,,,,687,60,18365
State,pa,2011,7,3.61821,3.61821,,,0,,,,663,62,18324
State,pa,2011,8,3.40457,3.40457,,,0,,,,591,59,17359
State,pa,2011,9,2.91082,2.91082,,,0,,,,485,57,16662
State,pa,2011,10,2.76817,2.76817,,,0,,,,368,54,13294
State,pa,2011,11,2.01834,2.01834,,,0,,,,328,57,16251
State,pa,2011,12,1.58492,1.58492,,,0,,,,253,50,15963
State,pa,2011,13,1.55592,1.55592,,,0,,,,244,50,15682
State,pa,2011,14,1.68153,1.68153,,,0,,,,264,49,15700
State,pa,2011,15,1.41556,1.41556,,,0,,,,213,48,15047
State,pa,2011,16,0.970285,0.970285,,,0,,,,144,49,14841
State,pa,2011,17,0.976213,0.976213,,,0,,,,142,46,14546
State,pa,2011,18,1.03274,1.03274,,,0,,,,141,43,13653
State,pa,2011,19,0.996843,0.996843,,,0,,,,120,41,12038
State,pa,2011,20,1.0065,1.0065,,,0,,,,113,40,11227
State,pa,2011,21,0.862225,0.862225,,,0,,,,95,40,11018
State,pa,2011,22,1.004,1.004,,,0,,,,98,38,9761
State,pa,2011,23,1.02332,1.02332,,,0,,,,111,36,10847
State,pa,2011,24,0.697869,0.697869,,,0,,,,75,37,10747
State,pa,2011,25,0.810081,0.810081,,,0,,,,81,37,9999
State,pa,2011,26,0.624086,0.624086,,,0,,,,64,37,10255
State,pa,2011,27,0.821396,0.821396,,,0,,,,82,38,9983
State,pa,2011,28,0.538529,0.538529,,,0,,,,55,34,10213
State,pa,2011,29,0.599161,0.599161,,,0,,,,60,34,10014
State,pa,2011,30,0.527498,0.527498,,,0,,,,54,34,10237
State,pa,2011,31,0.519427,0.519427,,,0,,,,50,31,9626
State,pa,2011,32,0.628995,0.628995,,,0,,,,62,34,9857
State,pa,2011,33,0.575717,0.575717,,,0,,,,56,32,9727
State,pa,2011,34,0.47421,0.47421,,,0,,,,57,34,12020
State,pa,2011,35,0.530273,0.530273,,,0,,,,67,37,12635
State,pa,2011,36,0.614539,0.614539,,,0,,,,76,38,12367
State,pa,2011,37,0.815472,0.815472,,,0,,,,113,38,13857
State,pa,2011,38,0.978735,0.978735,,,0,,,,139,38,14202
State,pa,2011,39,0.778919,0.778919,,,0,,,,188,39,24136
State,pa,2011,40,0.728934,0.728934,,,0,,,,150,59,20578
State,pa,2011,41,0.819881,0.819881,,,0,,,,161,59,19637
State,pa,2011,42,0.806645,0.806645,,,0,,,,168,62,20827
State,pa,2011,43,0.905021,0.905021,,,0,,,,186,61,20552
State,pa,2011,44,0.980066,0.980066,,,0,,,,206,63,21019
State,pa,2011,45,1.04828,1.04828,,,0,,,,228,64,21750
State,pa,2011,46,0.979103,0.979103,,,0,,,,201,62,20529
State,pa,2011,47,1.32165,1.32165,,,0,,,,193,63,14603
State,pa,2011,48,1.17903,1.17903,,,0,,,,217,61,18405
State,pa,2011,49,1.00654,1.00654,,,0,,,,180,62,17883
State,pa,2011,50,1.19955,1.19955,,,0,,,,192,60,16006
State,pa,2011,51,1.62257,1.62257,,,0,,,,203,55,12511
State,pa,2011,52,2.10624,2.10624,,,0,,,,228,59,10825
State,pa,2012,1,1.59839,1.59839,,,0,,,,183,56,11449
State,pa,2012,2,1.50271,1.50271,,,0,,,,205,57,13642
State,pa,2012,3,1.36725,1.36725,,,0,,,,201,58,14701
State,pa,2012,4,1.29824,1.29824,,,0,,,,217,57,16715
State,pa,2012,5,1.33236,1.33236,,,0,,,,219,57,16437
State,pa,2012,6,1.34819,1.34819,,,0,,,,236,55,17505
State,pa,2012,7,1.29395,1.29395,,,0,,,,230,56,17775
State,pa,2012,8,1.35975,1.35975,,,0,,,,232,55,17062
State,pa,2012,9,1.31392,1.31392,,,0,,,,213,53,16211
State,pa,2012,10,1.29178,1.29178,,,0,,,,172,53,13315
State,pa,2012,11,1.34998,1.34998,,,0,,,,199,54,14741
State,pa,2012,12,1.21647,1.21647,,,0,,,,205,53,16852
State,pa,2012,13,1.2839,1.2839,,,0,,,,214,54,16668
State,pa,2012,14,1.23981,1.23981,,,0,,,,184,51,14841
State,pa,2012,15,1.16576,1.16576,,,0,,,,196,53,16813
State,pa,2012,16,1.12786,1.12786,,,0,,,,193,52,17112
State,pa,2012,17,0.904811,0.904811,,,0,,,,148,51,16357
State,pa,2012,18,0.9398,0.9398,,,0,,,,143,50,15216
State,pa,2012,19,1.00174,1.00174,,,0,,,,127,47,12678
State,pa,2012,20,0.932164,0.932164,,,0,,,,119,45,12766
State,pa,2012,21,0.843332,0.843332,,,0,,,,97,43,11502
State,pa,2012,22,0.757161,0.757161,,,0,,,,83,42,10962
State,pa,2012,23,0.630327,0.630327,,,0,,,,71,41,11264
State,pa,2012,24,0.573596,0.573596,,,0,,,,62,39,10809
State,pa,2012,25,0.721046,0.721046,,,0,,,,64,37,8876
State,pa,2012,26,0.632436,0.632436,,,0,,,,59,34,9329
State,pa,2012,27,0.502219,0.502219,,,0,,,,43,37,8562
State,pa,2012,28,0.514166,0.514166,,,0,,,,49,36,9530
State,pa,2012,29,0.612574,0.612574,,,0,,,,57,36,9305
State,pa,2012,30,0.758871,0.758871,,,0,,,,71,36,9356
State,pa,2012,31,0.581916,0.581916,,,0,,,,52,35,8936
State,pa,2012,32,0.505439,0.505439,,,0,,,,46,34,9101
State,pa,2012,33,0.610094,0.610094,,,0,,,,55,34,9015
State,pa,2012,34,0.738168,0.738168,,,0,,,,68,34,9212
State,pa,2012,35,0.559332,0.559332,,,0,,,,65,40,11621
State,pa,2012,36,0.603787,0.603787,,,0,,,,66,38,10931
State,pa,2012,37,0.855201,0.855201,,,0,,,,117,41,13681
State,pa,2012,38,0.707461,0.707461,,,0,,,,97,40,13711
State,pa,2012,39,0.774148,0.774148,,,0,,,,109,40,14080
State,pa,2012,40,1.03218,1.03218,,,0,,,,213,65,20636
State,pa,2012,41,0.870406,0.870406,,,0,,,,171,62,19646
State,pa,2012,42,1.10987,1.10987,,,0,,,,219,62,19732
State,pa,2012,43,0.969937,0.969937,,,0,,,,201,64,20723
State,pa,2012,44,1.25516,1.25516,,,0,,,,213,63,16970
State,pa,2012,45,1.16348,1.16348,,,0,,,,235,63,20198
State,pa,2012,46,1.20353,1.20353,,,0,,,,236,61,19609
State,pa,2012,47,1.46221,1.46221,,,0,,,,208,65,14225
State,pa,2012,48,1.42684,1.42684,,,0,,,,282,62,19764
State,pa,2012,49,2.06708,2.06708,,,0,,,,424,61,20512
State,pa,2012,50,3.22581,3.22581,,,0,,,,566,57,17546
State,pa,2012,51,4.09585,4.09585,,,0,,,,629,55,15357
State,pa,2012,52,6.06691,6.06691,,,0,,,,642,57,10582
State,pa,2013,1,4.19815,4.19815,,,0,,,,539,59,12839
State,pa,2013,2,4.30241,4.30241,,,0,,,,762,60,17711
State,pa,2013,3,4.96328,4.96328,,,0,,,,892,61,17972
State,pa,2013,4,3.63506,3.63506,,,0,,,,608,57,16726
State,pa,2013,5,2.72834,2.72834,,,0,,,,486,60,17813
State,pa,2013,6,2.49063,2.49063,,,0,,,,412,55,16542
State,pa,2013,7,2.98393,2.98393,,,0,,,,507,56,16991
State,pa,2013,8,2.50669,2.50669,,,0,,,,431,56,17194
State,pa,2013,9,2.56207,2.56207,,,0,,,,452,58,17642
State,pa,2013,10,2.57542,2.57542,,,0,,,,350,53,13590
State,pa,2013,11,2.65614,2.65614,,,0,,,,387,50,14570
State,pa,2013,12,2.23717,2.23717,,,0,,,,296,51,13231
State,pa,2013,13,1.71415,1.71415,,,0,,,,222,51,12951
State,pa,2013,14,1.58031,1.58031,,,0,,,,226,50,14301
State,pa,2013,15,1.28509,1.28509,,,0,,,,179,47,13929
State,pa,2013,16,1.05755,1.05755,,,0,,,,154,48,14562
State,pa,2013,17,0.915316,0.915316,,,0,,,,135,47,14749
State,pa,2013,18,0.8909,0.8909,,,0,,,,126,45,14143
State,pa,2013,19,0.847587,0.847587,,,0,,,,111,45,13096
State,pa,2013,20,0.738477,0.738477,,,0,,,,87,43,11781
State,pa,2013,21,0.885559,0.885559,,,0,,,,91,42,10276
State,pa,2013,22,0.960036,0.960036,,,0,,,,86,42,8958
State,pa,2013,23,0.76053,0.76053,,,0,,,,78,42,10256
State,pa,2013,24,0.845819,0.845819,,,0,,,,70,38,8276
State,pa,2013,25,0.614092,0.614092,,,0,,,,57,41,9282
State,pa,2013,26,0.604195,0.604195,,,0,,,,53,38,8772
State,pa,2013,27,0.542846,0.542846,,,0,,,,42,39,7737
State,pa,2013,28,0.611897,0.611897,,,0,,,,61,41,9969
State,pa,2013,29,0.437613,0.437613,,,0,,,,41,39,9369
State,pa,2013,30,0.417275,0.417275,,,0,,,,40,39,9586
State,pa,2013,31,0.563116,0.563116,,,0,,,,48,39,8524
State,pa,2013,32,0.570278,0.570278,,,0,,,,51,34,8943
State,pa,2013,33,0.571367,0.571367,,,0,,,,53,34,9276
State,pa,2013,34,0.403464,0.403464,,,0,,,,41,35,10162
State,pa,2013,35,0.36554,0.36554,,,0,,,,44,34,12037
State,pa,2013,36,0.475082,0.475082,,,0,,,,51,34,10735
State,pa,2013,37,0.66058,0.66058,,,0,,,,89,35,13473
State,pa,2013,38,0.72715,0.72715,,,0,,,,86,33,11827
State,pa,2013,39,0.607761,0.607761,,,0,,,,78,33,12834
State,pa,2013,40,0.754364,0.754364,,,0,,,,137,55,18161
State,pa,2013,41,0.826735,0.826735,,,0,,,,142,52,17176
State,pa,2013,42,0.711153,0.711153,,,0,,,,120,54,16874
State,pa,2013,43,0.794165,0.794165,,,0,,,,147,55,18510
State,pa,2013,44,0.829274,0.829274,,,0,,,,143,53,17244
State,pa,2013,45,0.773813,0.773813,,,0,,,,139,51,17963
State,pa,2013,46,0.887462,0.887462,,,0,,,,141,49,15888
State,pa,2013,47,0.725484,0.725484,,,0,,,,118,50,16265
State,pa,2013,48,1.01918,1.01918,,,0,,,,85,45,8340
State,pa,2013,49,1.0175,1.0175,,,0,,,,164,51,16118
State,pa,2013,50,1.20732,1.20732,,,0,,,,157,49,13004
State,pa,2013,51,1.83724,1.83724,,,0,,,,177,46,9634
State,pa,2013,52,3.10234,3.10234,,,0,,,,231,45,7446
State,pa,2014,1,3.24514,3.24514,,,0,,,,222,47,6841
State,pa,2014,2,2.83613,2.83613,,,0,,,,243,45,8568
State,pa,2014,3,2.71894,2.71894,,,0,,,,335,47,12321
State,pa,2014,4,3.07744,3.07744,,,0,,,,366,48,11893
State,pa,2014,5,2.83049,2.83049,,,0,,,,352,48,12436
State,pa,2014,6,2.51665,2.51665,,,0,,,,291,45,11563
State,pa,2014,7,1.97179,1.97179,,,0,,,,260,48,13186
State,pa,2014,8,1.78917,1.78917,,,0,,,,268,49,14979
State,pa,2014,9,1.69503,1.69503,,,0,,,,247,46,14572
State,pa,2014,10,1.46823,1.46823,,,0,,,,192,48,13077
State,pa,2014,11,1.5927,1.5927,,,0,,,,192,44,12055
State,pa,2014,12,1.54725,1.54725,,,0,,,,195,47,12603
State,pa,2014,13,1.75439,1.75439,,,0,,,,192,42,10944
State,pa,2014,14,1.90891,1.90891,,,0,,,,254,41,13306
State,pa,2014,15,1.53094,1.53094,,,0,,,,216,41,14109
State,pa,2014,16,1.22532,1.22532,,,0,,,,157,42,12813
State,pa,2014,17,1.14736,1.14736,,,0,,,,134,38,11679
State,pa,2014,18,0.950616,0.950616,,,0,,,,118,39,12413
State,pa,2014,19,1.24791,1.24791,,,0,,,,142,38,11379
State,pa,2014,20,1.27145,1.27145,,,0,,,,123,33,9674
State,pa,2014,21,1.25712,1.25712,,,0,,,,128,34,10182
State,pa,2014,22,1.13383,1.13383,,,0,,,,112,34,9878
State,pa,2014,23,1.21124,1.21124,,,0,,,,125,32,10320
State,pa,2014,24,0.914125,0.914125,,,0,,,,104,34,11377
State,pa,2014,25,0.874445,0.874445,,,0,,,,67,28,7662
State,pa,2014,26,0.938584,0.938584,,,0,,,,92,29,9802
State,pa,2014,27,0.806452,0.806452,,,0,,,,57,26,7068
State,pa,2014,28,0.876469,0.876469,,,0,,,,85,29,9698
State,pa,2014,29,0.613497,0.613497,,,0,,,,56,28,9128
State,pa,2014,30,0.930445,0.930445,,,0,,,,61,22,6556
State,pa,2014,31,1.01355,1.01355,,,0,,,,92,28,9077
State,pa,2014,32,0.454042,0.454042,,,0,,,,41,30,9030
State,pa,2014,33,0.778042,0.778042,,,0,,,,72,30,9254
State,pa,2014,34,0.693241,0.693241,,,0,,,,68,29,9809
State,pa,2014,35,0.67996,0.67996,,,0,,,,74,30,10883
State,pa,2014,36,0.777068,0.777068,,,0,,,,90,31,11582
State,pa,2014,37,0.929671,0.929671,,,0,,,,131,32,14091
State,pa,2014,38,1.2626,1.2626,,,0,,,,149,28,11801
State,pa,2014,39,1.06503,1.06503,,,0,,,,151,30,14178
State,pa,2014,40,0.937714,0.937714,,,0,,,,137,38,14610
State,pa,2014,41,1.1936,1.1936,,,0,,,,159,40,13321
State,pa,2014,42,1.01448,1.01448,,,0,,,,166,45,16363
State,pa,2014,43,1.1704,1.1704,,,0,,,,195,46,16661
State,pa,2014,44,1.08301,1.08301,,,0,,,,170,47,15697
State,pa,2014,45,1.18687,1.18687,,,0,,,,204,47,17188
State,pa,2014,46,1.21473,1.21473,,,0,,,,217,50,17864
State,pa,2014,47,1.43141,1.43141,,,0,,,,223,47,15579
State,pa,2014,48,2.25854,2.25854,,,0,,,,246,45,10892
State,pa,2014,49,1.7612,1.7612,,,0,,,,290,45,16466
State,pa,2014,50,2.75217,2.75217,,,0,,,,424,45,15406
State,pa,2014,51,4.4293,4.4293,,,0,,,,676,45,15262
State,pa,2014,52,7.0306,7.0306,,,0,,,,756,45,10753
State,pa,2014,53,6.34131,6.34131,,,0,,,,625,43,9856
State,pa,2015,1,4.48301,4.48301,,,0,,,,558,44,12447
State,pa,2015,2,3.79356,3.79356,,,0,,,,577,46,15210
State,pa,2015,3,5.3234,5.3234,,,0,,,,893,47,16775
State,pa,2015,4,4.86334,4.86334,,,0,,,,774,45,15915
State,pa,2015,5,4.2072,4.2072,,,0,,,,666,43,15830
State,pa,2015,6,2.83557,2.83557,,,0,,,,477,47,16822
State,pa,2015,7,2.58566,2.58566,,,0,,,,366,41,14155
State,pa,2015,8,1.974,1.974,,,0,,,,331,55,16768
State,pa,2015,9,2.71926,2.71926,,,0,,,,333,49,12246
State,pa,2015,10,1.88728,1.88728,,,0,,,,221,54,11710
State,pa,2015,11,1.75258,1.75258,,,0,,,,256,51,14607
State,pa,2015,12,1.92067,1.92067,,,0,,,,261,49,13589
State,pa,2015,13,1.70947,1.70947,,,0,,,,225,35,13162
State,pa,2015,14,1.68904,1.68904,,,0,,,,224,48,13262
State,pa,2015,15,1.59007,1.59007,,,0,,,,219,44,13773
State,pa,2015,16,1.35877,1.35877,,,0,,,,193,45,14204
State,pa,2015,17,1.44705,1.44705,,,0,,,,207,47,14305
State,pa,2015,18,1.27918,1.27918,,,0,,,,177,50,13837
State,pa,2015,19,1.18577,1.18577,,,0,,,,132,49,11132
State,pa,2015,20,1.07339,1.07339,,,0,,,,117,48,10900
State,pa,2015,21,1.50939,1.50939,,,0,,,,131,46,8679
State,pa,2015,22,1.02753,1.02753,,,0,,,,103,46,10024
State,pa,2015,23,1.12459,1.12459,,,0,,,,114,47,10137
State,pa,2015,24,0.904048,0.904048,,,0,,,,88,46,9734
State,pa,2015,25,0.912012,0.912012,,,0,,,,88,46,9649
State,pa,2015,26,1.00606,1.00606,,,0,,,,88,45,8747
State,pa,2015,27,1.17045,1.17045,,,0,,,,112,44,9569
State,pa,2015,28,0.91977,0.91977,,,0,,,,83,43,9024
State,pa,2015,29,0.885329,0.885329,,,0,,,,84,44,9488
State,pa,2015,30,0.709442,0.709442,,,0,,,,68,45,9585
State,pa,2015,31,0.92326,0.92326,,,0,,,,93,46,10073
State,pa,2015,32,0.735294,0.735294,,,0,,,,65,41,8840
State,pa,2015,33,0.929204,0.929204,,,0,,,,84,42,9040
State,pa,2015,34,0.763889,0.763889,,,0,,,,88,43,11520
State,pa,2015,35,1.09982,1.09982,,,0,,,,119,43,10820
State,pa,2015,36,0.928897,0.928897,,,0,,,,110,45,11842
State,pa,2015,37,1.19428,1.19428,,,0,,,,157,44,13146
State,pa,2015,38,1.19665,1.19665,,,0,,,,143,44,11950
State,pa,2015,39,1.00901,1.00901,,,0,,,,112,25,11100
State,pa,2015,40,1.30656,1.30656,,,0,,,,203,54,15537
State,pa,2015,41,1.50744,1.50744,,,0,,,,228,53,15125
State,pa,2015,42,1.61744,1.61744,,,0,,,,230,52,14220
State,pa,2015,43,1.35201,1.35201,,,0,,,,222,53,16420
State,pa,2015,44,1.3918,1.3918,,,0,,,,246,55,17675
State,pa,2015,45,1.55583,1.55583,,,0,,,,248,53,15940
State,pa,2015,46,1.55956,1.55956,,,0,,,,240,53,15389
State,pa,2015,47,1.97417,1.97417,,,0,,,,214,55,10840
State,pa,2015,48,1.56455,1.56455,,,0,,,,251,55,16043
State,pa,2015,49,1.95162,1.95162,,,0,,,,284,55,14552
State,pa,2015,50,2.21809,2.21809,,,0,,,,298,54,13435
State,pa,2015,51,2.73918,2.73918,,,0,,,,207,50,7557
State,pa,2015,52,3.01098,3.01098,,,0,,,,288,54,9565
State,pa,2016,1,2.43179,2.43179,,,0,,,,295,54,12131
State,pa,2016,2,2.15585,2.15585,,,0,,,,288,56,13359
State,pa,2016,3,2.27801,2.27801,,,0,,,,294,55,12906
State,pa,2016,4,2.4708,2.4708,,,0,,,,385,57,15582
State,pa,2016,5,2.45783,2.45783,,,0,,,,389,56,15827
State,pa,2016,6,2.37481,2.37481,,,0,,,,368,56,15496
State,pa,2016,7,2.02913,2.02913,,,0,,,,294,57,14489
State,pa,2016,8,2.91049,2.91049,,,0,,,,438,55,15049
State,pa,2016,9,3.32486,3.32486,,,0,,,,484,38,14557
State,pa,2016,10,4.46836,4.46836,,,0,,,,519,39,11615
State,pa,2016,11,3.20347,3.20347,,,0,,,,458,37,14297
State,pa,2016,12,3.4132,3.4132,,,0,,,,463,34,13565
State,pa,2016,13,2.63062,2.63062,,,0,,,,361,36,13723
State,pa,2016,14,2.1044,2.1044,,,0,,,,283,36,13448
State,pa,2016,15,2.30566,2.30566,,,0,,,,288,33,12491
State,pa,2016,16,2.25348,2.25348,,,0,,,,306,33,13579
State,pa,2016,17,2.26749,2.26749,,,0,,,,305,32,13451
State,pa,2016,18,1.82765,1.82765,,,0,,,,214,32,11709
State,pa,2016,19,1.67658,1.67658,,,0,,,,172,31,10259
State,pa,2016,20,1.72241,1.72241,,,0,,,,155,33,8999
State,pa,2016,21,1.40242,1.40242,,,0,,,,144,32,10268
State,pa,2016,22,1.5011,1.5011,,,0,,,,136,33,9060
State,pa,2016,23,1.31918,1.31918,,,0,,,,123,35,9324
State,pa,2016,24,0.985171,0.985171,,,0,,,,95,31,9643
State,pa,2016,25,1.10414,1.10414,,,0,,,,102,31,9238
State,pa,2016,26,1.10257,1.10257,,,0,,,,99,32,8979
State,pa,2016,27,0.907464,0.907464,,,0,,,,71,31,7824
State,pa,2016,28,0.826792,0.826792,,,0,,,,79,31,9555
State,pa,2016,29,0.900429,0.900429,,,0,,,,86,31,9551
State,pa,2016,30,0.917026,0.917026,,,0,,,,83,30,9051
State,pa,2016,31,0.894644,0.894644,,,0,,,,76,29,8495
State,pa,2016,32,0.941457,0.941457,,,0,,,,87,28,9241
State,pa,2016,33,0.685439,0.685439,,,0,,,,74,50,10796
State,pa,2016,34,0.631064,0.631064,,,0,,,,80,50,12677
State,pa,2016,35,1.00456,1.00456,,,0,,,,141,51,14036
State,pa,2016,36,0.83632,0.83632,,,0,,,,112,51,13392
State,pa,2016,37,0.634293,0.634293,,,0,,,,93,50,14662
State,pa,2016,38,0.771227,0.771227,,,0,,,,107,50,13874
State,pa,2016,39,0.916372,0.916372,,,0,,,,127,47,13859
State,pa,2016,40,0.931615,0.931615,,,0,,,,141,57,15135
State,pa,2016,41,0.743974,0.743974,,,0,,,,121,58,16264
State,pa,2016,42,0.93133,0.93133,,,0,,,,150,59,16106
State,pa,2016,43,0.92762,0.92762,,,0,,,,142,58,15308
State,pa,2016,44,1.11433,1.11433,,,0,,,,177,58,15884
State,pa,2016,45,1.18041,1.18041,,,0,,,,187,58,15842
State,pa,2016,46,1.24774,1.24774,,,0,,,,186,56,14907
State,pa,2016,47,1.39111,1.39111,,,0,,,,139,56,9992
State,pa,2016,48,1.12638,1.12638,,,0,,,,173,58,15359
State,pa,2016,49,1.46324,1.46324,,,0,,,,208,59,14215
State,pa,2016,50,1.83919,1.83919,,,0,,,,234,58,12723
State,pa,2016,51,1.94061,1.94061,,,0,,,,215,57,11079
State,pa,2016,52,3.13288,3.13288,,,0,,,,298,56,9512
State,pa,2017,1,2.91819,2.91819,,,0,,,,351,61,12028
State,pa,2017,2,2.74025,2.74025,,,0,,,,357,58,13028
State,pa,2017,3,3.37152,3.37152,,,0,,,,465,60,13792
State,pa,2017,4,3.97617,3.97617,,,0,,,,534,57,13430
State,pa,2017,5,4.18771,4.18771,,,0,,,,655,58,15641
State,pa,2017,6,5.78649,5.78649,,,0,,,,735,54,12702
State,pa,2017,7,4.68299,4.68299,,,0,,,,698,56,14905
State,pa,2017,8,4.00976,4.00976,,,0,,,,559,56,13941
State,pa,2017,9,2.57151,2.57151,,,0,,,,374,58,14544
State,pa,2017,10,2.61716,2.61716,,,0,,,,301,57,11501
State,pa,2017,11,2.88777,2.88777,,,0,,,,299,56,10354
State,pa,2017,12,2.35755,2.35755,,,0,,,,259,52,10986
State,pa,2017,13,2.63832,2.63832,,,0,,,,309,53,11712
State,pa,2017,14,1.8562,1.8562,,,0,,,,245,53,13199
State,pa,2017,15,1.73473,1.73473,,,0,,,,209,51,12048
State,pa,2017,16,1.50122,1.50122,,,0,,,,191,52,12723
State,pa,2017,17,1.18574,1.18574,,,0,,,,161,53,13578
State,pa,2017,18,1.10505,1.10505,,,0,,,,148,52,13393
State,pa,2017,19,0.813853,0.813853,,,0,,,,94,52,11550
State,pa,2017,20,1.01958,1.01958,,,0,,,,101,51,9906
State,pa,2017,21,0.70791,0.70791,,,0,,,,69,48,9747
State,pa,2017,22,0.89144,0.89144,,,0,,,,73,47,8189
State,pa,2017,23,0.761653,0.761653,,,0,,,,75,49,9847
State,pa,2017,24,0.662025,0.662025,,,0,,,,58,49,8761
State,pa,2017,25,0.575667,0.575667,,,0,,,,52,49,9033
State,pa,2017,26,0.49621,0.49621,,,0,,,,36,48,7255
State,pa,2017,27,0.57329,0.57329,,,0,,,,44,49,7675
State,pa,2017,28,0.400867,0.400867,,,0,,,,37,49,9230
State,pa,2017,29,0.569988,0.569988,,,0,,,,52,48,9123
State,pa,2017,30,0.594923,0.594923,,,0,,,,45,27,7564
State,pa,2017,31,0.757909,0.757909,,,0,,,,69,49,9104
State,pa,2017,32,0.419336,0.419336,,,0,,,,36,47,8585
State,pa,2017,33,0.448725,0.448725,,,0,,,,41,47,9137
State,pa,2017,34,0.422483,0.422483,,,0,,,,46,47,10888
State,pa,2017,35,0.581959,0.581959,,,0,,,,60,47,10310
State,pa,2017,36,0.518403,0.518403,,,0,,,,60,48,11574
State,pa,2017,37,0.574933,0.574933,,,0,,,,75,46,13045
State,pa,2017,38,0.609258,0.609258,,,0,,,,82,46,13459
State,pa,2017,39,0.890782,0.890782,,,0,,,,92,42,10328
State,pa,2017,40,0.787036,0.787036,,,0,,,,611,147,77633
State,pa,2017,41,0.852218,0.852218,,,0,,,,534,144,62660
State,pa,2017,42,0.926832,0.926832,,,0,,,,587,146,63334
State,pa,2017,43,0.975943,0.975943,,,0,,,,557,145,57073
State,pa,2017,44,1.10597,1.10597,,,0,,,,664,147,60038
State,pa,2017,45,1.21881,1.21881,,,0,,,,764,148,62684
State,pa,2017,46,1.28185,1.28185,,,0,,,,810,148,63190
State,pa,2017,47,1.29776,1.29776,,,0,,,,718,148,55326
State,pa,2017,48,1.35232,1.35232,,,0,,,,888,148,65665
State,pa,2017,49,1.36633,1.36633,,,0,,,,826,148,60454
State,pa,2017,50,1.46136,1.46136,,,0,,,,852,147,58302
State,pa,2017,51,1.6969,1.6969,,,0,,,,1016,146,59874
State,pa,2017,52,2.52226,2.52226,,,0,,,,1334,124,52889
State,ri,2010,40,0.235036,0.235036,,,0,,,,15,21,6382
State,ri,2010,41,0.201545,0.201545,,,0,,,,12,21,5954
State,ri,2010,42,0.362845,0.362845,,,0,,,,25,21,6890
State,ri,2010,43,0.322675,0.322675,,,0,,,,22,21,6818
State,ri,2010,44,0.530256,0.530256,,,0,,,,34,21,6412
State,ri,2010,45,0.477403,0.477403,,,0,,,,30,21,6284
State,ri,2010,46,0.504177,0.504177,,,0,,,,35,21,6942
State,ri,2010,47,0.67804,0.67804,,,0,,,,31,21,4572
State,ri,2010,48,0.765766,0.765766,,,0,,,,51,21,6660
State,ri,2010,49,0.635497,0.635497,,,0,,,,42,21,6609
State,ri,2010,50,0.468165,0.468165,,,0,,,,30,21,6408
State,ri,2010,51,0.854701,0.854701,,,0,,,,38,21,4446
State,ri,2010,52,1.28881,1.28881,,,0,,,,44,21,3414
State,ri,2011,1,0.588452,0.588452,,,0,,,,32,21,5438
State,ri,2011,2,0.415937,0.415937,,,0,,,,19,21,4568
State,ri,2011,3,0.502842,0.502842,,,0,,,,23,21,4574
State,ri,2011,4,0.950899,0.950899,,,0,,,,55,21,5784
State,ri,2011,5,1.40503,1.40503,,,0,,,,81,21,5765
State,ri,2011,6,2.31654,2.31654,,,0,,,,149,20,6432
State,ri,2011,7,2.72609,2.72609,,,0,,,,189,21,6933
State,ri,2011,8,4.95067,4.95067,,,0,,,,286,21,5777
State,ri,2011,9,2.48051,2.48051,,,0,,,,175,21,7055
State,ri,2011,10,2.27168,2.27168,,,0,,,,148,21,6515
State,ri,2011,11,1.31332,1.31332,,,0,,,,84,21,6396
State,ri,2011,12,0.897505,0.897505,,,0,,,,50,21,5571
State,ri,2011,13,0.906649,0.906649,,,0,,,,54,21,5956
State,ri,2011,14,0.701179,0.701179,,,0,,,,47,21,6703
State,ri,2011,15,0.529021,0.529021,,,0,,,,35,21,6616
State,ri,2011,16,0.464476,0.464476,,,0,,,,27,21,5813
State,ri,2011,17,0.71474,0.71474,,,0,,,,45,20,6296
State,ri,2011,18,0.390747,0.390747,,,0,,,,25,20,6398
State,ri,2011,19,0.0499002,0.0499002,,,0,,,,3,18,6012
State,ri,2011,20,0.019992,0.019992,,,0,,,,1,18,5002
State,ri,2011,21,0.0237699,0.0237699,,,0,,,,1,16,4207
State,ri,2011,22,0.030012,0.030012,,,0,,,,1,17,3332
State,ri,2011,23,0.0243368,0.0243368,,,0,,,,1,17,4109
State,ri,2011,24,0.0242483,0.0242483,,,0,,,,1,17,4124
State,ri,2011,25,0.0243132,0.0243132,,,0,,,,1,17,4113
State,ri,2011,26,0.0288517,0.0288517,,,0,,,,1,15,3466
State,ri,2011,27,0.0639182,0.0639182,,,0,,,,2,16,3129
State,ri,2011,28,0.0,0.0,,,0,,,,0,17,3952
State,ri,2011,29,0.0530504,0.0530504,,,0,,,,2,17,3770
State,ri,2011,30,0.0,0.0,,,0,,,,0,16,3684
State,ri,2011,31,0.0262261,0.0262261,,,0,,,,1,15,3813
State,ri,2011,32,0.0,0.0,,,0,,,,0,17,3641
State,ri,2011,33,0.0,0.0,,,0,,,,0,15,3337
State,ri,2011,34,0.0,0.0,,,0,,,,0,15,4048
State,ri,2011,35,0.101112,0.101112,,,0,,,,4,17,3956
State,ri,2011,36,0.0875465,0.0875465,,,0,,,,4,17,4569
State,ri,2011,37,0.0691324,0.0691324,,,0,,,,4,17,5786
State,ri,2011,38,0.10915,0.10915,,,0,,,,6,15,5497
State,ri,2011,39,0.199601,0.199601,,,0,,,,12,16,6012
State,ri,2011,40,0.169309,0.169309,,,0,,,,11,18,6497
State,ri,2011,41,0.10597,0.10597,,,0,,,,6,19,5662
State,ri,2011,42,0.241619,0.241619,,,0,,,,16,19,6622
State,ri,2011,43,0.25887,0.25887,,,0,,,,17,19,6567
State,ri,2011,44,0.384672,0.384672,,,0,,,,26,19,6759
State,ri,2011,45,0.606157,0.606157,,,0,,,,38,19,6269
State,ri,2011,46,0.258324,0.258324,,,0,,,,18,19,6968
State,ri,2011,47,0.132743,0.132743,,,0,,,,6,19,4520
State,ri,2011,48,0.469217,0.469217,,,0,,,,33,20,7033
State,ri,2011,49,0.223914,0.223914,,,0,,,,15,20,6699
State,ri,2011,50,0.345397,0.345397,,,0,,,,23,20,6659
State,ri,2011,51,0.34214,0.34214,,,0,,,,18,20,5261
State,ri,2011,52,0.224575,0.224575,,,0,,,,7,18,3117
State,ri,2012,1,0.157127,0.157127,,,0,,,,7,20,4455
State,ri,2012,2,0.0913075,0.0913075,,,0,,,,5,20,5476
State,ri,2012,3,0.182002,0.182002,,,0,,,,9,20,4945
State,ri,2012,4,0.275482,0.275482,,,0,,,,18,20,6534
State,ri,2012,5,0.295421,0.295421,,,0,,,,20,20,6770
State,ri,2012,6,0.34155,0.34155,,,0,,,,23,20,6734
State,ri,2012,7,0.183542,0.183542,,,0,,,,12,20,6538
State,ri,2012,8,0.250761,0.250761,,,0,,,,14,20,5583
State,ri,2012,9,0.275356,0.275356,,,0,,,,18,20,6537
State,ri,2012,10,0.164123,0.164123,,,0,,,,10,20,6093
State,ri,2012,11,0.140393,0.140393,,,0,,,,7,20,4986
State,ri,2012,12,0.245018,0.245018,,,0,,,,15,20,6122
State,ri,2012,13,0.428816,0.428816,,,0,,,,25,20,5830
State,ri,2012,14,0.466356,0.466356,,,0,,,,28,20,6004
State,ri,2012,15,0.654889,0.654889,,,0,,,,43,20,6566
State,ri,2012,16,0.379816,0.379816,,,0,,,,21,20,5529
State,ri,2012,17,0.156764,0.156764,,,0,,,,10,20,6379
State,ri,2012,18,0.247219,0.247219,,,0,,,,16,20,6472
State,ri,2012,19,0.232404,0.232404,,,0,,,,14,19,6024
State,ri,2012,20,0.110803,0.110803,,,0,,,,6,20,5415
State,ri,2012,21,0.119,0.119,,,0,,,,6,18,5042
State,ri,2012,22,0.0530363,0.0530363,,,0,,,,2,18,3771
State,ri,2012,23,0.0221533,0.0221533,,,0,,,,1,17,4514
State,ri,2012,24,0.0684307,0.0684307,,,0,,,,3,18,4384
State,ri,2012,25,0.0233481,0.0233481,,,0,,,,1,18,4283
State,ri,2012,26,0.0263227,0.0263227,,,0,,,,1,17,3799
State,ri,2012,27,0.0,0.0,,,0,,,,0,18,3661
State,ri,2012,28,0.0,0.0,,,0,,,,0,18,4131
State,ri,2012,29,0.0,0.0,,,0,,,,0,18,4479
State,ri,2012,30,0.0,0.0,,,0,,,,0,16,3657
State,ri,2012,31,0.0,0.0,,,0,,,,0,18,4106
State,ri,2012,32,0.0,0.0,,,0,,,,0,18,4006
State,ri,2012,33,0.0257136,0.0257136,,,0,,,,1,16,3889
State,ri,2012,34,0.0,0.0,,,0,,,,0,18,4297
State,ri,2012,35,0.0,0.0,,,0,,,,0,18,4784
State,ri,2012,36,0.0417885,0.0417885,,,0,,,,2,18,4786
State,ri,2012,37,0.115473,0.115473,,,0,,,,7,18,6062
State,ri,2012,38,0.0651148,0.0651148,,,0,,,,4,18,6143
State,ri,2012,39,0.153421,0.153421,,,0,,,,10,18,6518
State,ri,2012,40,0.199203,0.199203,,,0,,,,13,20,6526
State,ri,2012,41,0.163339,0.163339,,,0,,,,9,20,5510
State,ri,2012,42,0.273185,0.273185,,,0,,,,19,20,6955
State,ri,2012,43,0.388408,0.388408,,,0,,,,26,20,6694
State,ri,2012,44,0.1693,0.1693,,,0,,,,9,20,5316
State,ri,2012,45,0.195754,0.195754,,,0,,,,13,20,6641
State,ri,2012,46,0.158914,0.158914,,,0,,,,11,20,6922
State,ri,2012,47,0.31348,0.31348,,,0,,,,14,20,4466
State,ri,2012,48,0.424328,0.424328,,,0,,,,30,20,7070
State,ri,2012,49,1.1959,1.1959,,,0,,,,84,20,7024
State,ri,2012,50,2.23984,2.23984,,,0,,,,161,20,7188
State,ri,2012,51,2.72449,2.72449,,,0,,,,169,20,6203
State,ri,2012,52,4.01822,4.01822,,,0,,,,150,20,3733
State,ri,2013,1,3.00717,3.00717,,,0,,,,130,20,4323
State,ri,2013,2,3.40512,3.40512,,,0,,,,185,19,5433
State,ri,2013,3,2.82409,2.82409,,,0,,,,166,20,5878
State,ri,2013,4,1.49655,1.49655,,,0,,,,89,20,5947
State,ri,2013,5,1.70721,1.70721,,,0,,,,113,20,6619
State,ri,2013,6,0.914897,0.914897,,,0,,,,53,20,5793
State,ri,2013,7,0.770366,0.770366,,,0,,,,47,20,6101
State,ri,2013,8,0.590364,0.590364,,,0,,,,31,20,5251
State,ri,2013,9,0.375646,0.375646,,,0,,,,24,20,6389
State,ri,2013,10,0.449944,0.449944,,,0,,,,28,20,6223
State,ri,2013,11,0.779912,0.779912,,,0,,,,41,20,5257
State,ri,2013,12,0.374298,0.374298,,,0,,,,24,20,6412
State,ri,2013,13,0.633453,0.633453,,,0,,,,37,20,5841
State,ri,2013,14,0.497804,0.497804,,,0,,,,34,20,6830
State,ri,2013,15,0.53143,0.53143,,,0,,,,35,20,6586
State,ri,2013,16,0.478627,0.478627,,,0,,,,29,20,6059
State,ri,2013,17,0.414013,0.414013,,,0,,,,26,20,6280
State,ri,2013,18,0.26575,0.26575,,,0,,,,17,20,6397
State,ri,2013,19,0.243467,0.243467,,,0,,,,15,20,6161
State,ri,2013,20,0.0,0.0,,,0,,,,0,20,5102
State,ri,2013,21,0.0,0.0,,,0,,,,0,18,4639
State,ri,2013,22,0.0,0.0,,,0,,,,0,18,3459
State,ri,2013,23,0.0,0.0,,,0,,,,0,18,4449
State,ri,2013,24,0.0243605,0.0243605,,,0,,,,1,18,4105
State,ri,2013,25,0.0271961,0.0271961,,,0,,,,1,18,3677
State,ri,2013,26,0.0,0.0,,,0,,,,0,17,4128
State,ri,2013,27,0.0,0.0,,,0,,,,0,18,3533
State,ri,2013,28,0.0478126,0.0478126,,,0,,,,2,18,4183
State,ri,2013,29,0.0,0.0,,,0,,,,0,18,4233
State,ri,2013,30,0.0,0.0,,,0,,,,0,18,4414
State,ri,2013,31,0.0,0.0,,,0,,,,0,18,4055
State,ri,2013,32,0.0,0.0,,,0,,,,0,18,4036
State,ri,2013,33,0.0,0.0,,,0,,,,0,18,3829
State,ri,2013,34,0.0,0.0,,,0,,,,0,18,4180
State,ri,2013,35,0.0,0.0,,,0,,,,0,18,4341
State,ri,2013,36,0.0466418,0.0466418,,,0,,,,2,18,4288
State,ri,2013,37,0.0850051,0.0850051,,,0,,,,5,18,5882
State,ri,2013,38,0.0653061,0.0653061,,,0,,,,4,18,6125
State,ri,2013,39,0.0317712,0.0317712,,,0,,,,2,18,6295
State,ri,2013,40,0.0931677,0.0931677,,,0,,,,6,20,6440
State,ri,2013,41,0.118143,0.118143,,,0,,,,7,20,5925
State,ri,2013,42,0.10915,0.10915,,,0,,,,6,20,5497
State,ri,2013,43,0.178227,0.178227,,,0,,,,12,20,6733
State,ri,2013,44,0.337942,0.337942,,,0,,,,22,20,6510
State,ri,2013,45,0.152486,0.152486,,,0,,,,10,20,6558
State,ri,2013,46,0.111803,0.111803,,,0,,,,7,20,6261
State,ri,2013,47,0.266469,0.266469,,,0,,,,18,20,6755
State,ri,2013,48,0.238493,0.238493,,,0,,,,10,20,4193
State,ri,2013,49,0.348819,0.348819,,,0,,,,22,20,6307
State,ri,2013,50,0.228833,0.228833,,,0,,,,14,20,6118
State,ri,2013,51,0.176678,0.176678,,,0,,,,10,20,5660
State,ri,2013,52,0.41841,0.41841,,,0,,,,12,20,2868
State,ri,2014,1,0.77415,0.77415,,,0,,,,23,20,2971
State,ri,2014,2,1.10585,1.10585,,,0,,,,56,20,5064
State,ri,2014,3,1.66634,1.66634,,,0,,,,84,20,5041
State,ri,2014,4,0.939137,0.939137,,,0,,,,52,20,5537
State,ri,2014,5,1.09382,1.09382,,,0,,,,71,20,6491
State,ri,2014,6,1.44172,1.44172,,,0,,,,83,20,5757
State,ri,2014,7,1.06366,1.06366,,,0,,,,65,20,6111
State,ri,2014,8,0.723327,0.723327,,,0,,,,40,20,5530
State,ri,2014,9,0.443561,0.443561,,,0,,,,29,20,6538
State,ri,2014,10,0.495433,0.495433,,,0,,,,32,20,6459
State,ri,2014,11,0.642958,0.642958,,,0,,,,32,20,4977
State,ri,2014,12,0.834971,0.834971,,,0,,,,51,20,6108
State,ri,2014,13,0.70227,0.70227,,,0,,,,43,20,6123
State,ri,2014,14,1.19367,1.19367,,,0,,,,80,20,6702
State,ri,2014,15,1.67913,1.67913,,,0,,,,110,20,6551
State,ri,2014,16,1.43563,1.43563,,,0,,,,93,20,6478
State,ri,2014,17,1.27812,1.27812,,,0,,,,75,20,5868
State,ri,2014,18,0.821485,0.821485,,,0,,,,52,20,6330
State,ri,2014,19,0.476417,0.476417,,,0,,,,30,20,6297
State,ri,2014,20,0.189609,0.189609,,,0,,,,10,20,5274
State,ri,2014,21,0.165494,0.165494,,,0,,,,8,19,4834
State,ri,2014,22,0.0539957,0.0539957,,,0,,,,2,18,3704
State,ri,2014,23,0.0779018,0.0779018,,,0,,,,3,17,3851
State,ri,2014,24,0.0,0.0,,,0,,,,0,17,3981
State,ri,2014,25,0.0478927,0.0478927,,,0,,,,2,18,4176
State,ri,2014,26,0.0253421,0.0253421,,,0,,,,1,17,3946
State,ri,2014,27,0.0607165,0.0607165,,,0,,,,2,17,3294
State,ri,2014,28,0.046436,0.046436,,,0,,,,2,18,4307
State,ri,2014,29,0.0500626,0.0500626,,,0,,,,2,18,3995
State,ri,2014,30,0.0489836,0.0489836,,,0,,,,2,18,4083
State,ri,2014,31,0.0,0.0,,,0,,,,0,18,3845
State,ri,2014,32,0.0,0.0,,,0,,,,0,18,3960
State,ri,2014,33,0.0,0.0,,,0,,,,0,18,3754
State,ri,2014,34,0.513652,0.513652,,,0,,,,19,17,3699
State,ri,2014,35,0.314054,0.314054,,,0,,,,12,16,3821
State,ri,2014,36,0.0695572,0.0695572,,,0,,,,3,17,4313
State,ri,2014,37,0.0171999,0.0171999,,,0,,,,1,18,5814
State,ri,2014,38,0.0342349,0.0342349,,,0,,,,2,17,5842
State,ri,2014,39,0.0169262,0.0169262,,,0,,,,1,18,5908
State,ri,2014,40,0.0433839,0.0433839,,,0,,,,3,20,6915
State,ri,2014,41,0.152184,0.152184,,,0,,,,10,19,6571
State,ri,2014,42,0.241629,0.241629,,,0,,,,14,20,5794
State,ri,2014,43,0.0994318,0.0994318,,,0,,,,7,20,7040
State,ri,2014,44,0.154213,0.154213,,,0,,,,11,20,7133
State,ri,2014,45,0.207237,0.207237,,,0,,,,13,19,6273
State,ri,2014,46,0.272438,0.272438,,,0,,,,18,20,6607
State,ri,2014,47,0.140449,0.140449,,,0,,,,9,19,6408
State,ri,2014,48,0.114705,0.114705,,,0,,,,5,20,4359
State,ri,2014,49,0.268779,0.268779,,,0,,,,19,20,7069
State,ri,2014,50,0.492832,0.492832,,,0,,,,33,20,6696
State,ri,2014,51,0.483695,0.483695,,,0,,,,31,20,6409
State,ri,2014,52,1.39454,1.39454,,,0,,,,48,19,3442
State,ri,2014,53,1.21335,1.21335,,,0,,,,48,20,3956
State,ri,2015,1,1.94729,1.94729,,,0,,,,99,20,5084
State,ri,2015,2,2.50329,2.50329,,,0,,,,133,20,5313
State,ri,2015,3,4.52086,4.52086,,,0,,,,259,19,5729
State,ri,2015,4,4.11178,4.11178,,,0,,,,231,20,5618
State,ri,2015,5,3.5461,3.5461,,,0,,,,215,20,6063
State,ri,2015,6,2.55565,2.55565,,,0,,,,155,20,6065
State,ri,2015,7,1.75503,1.75503,,,0,,,,95,20,5413
State,ri,2015,8,1.03734,1.03734,,,0,,,,70,20,6748
State,ri,2015,9,0.780869,0.780869,,,0,,,,48,19,6147
State,ri,2015,10,0.874727,0.874727,,,0,,,,56,20,6402
State,ri,2015,11,0.621459,0.621459,,,0,,,,34,19,5471
State,ri,2015,12,0.403852,0.403852,,,0,,,,26,20,6438
State,ri,2015,13,0.519134,0.519134,,,0,,,,35,20,6742
State,ri,2015,14,0.698262,0.698262,,,0,,,,47,20,6731
State,ri,2015,15,0.593698,0.593698,,,0,,,,39,20,6569
State,ri,2015,16,0.735179,0.735179,,,0,,,,47,20,6393
State,ri,2015,17,0.419664,0.419664,,,0,,,,28,20,6672
State,ri,2015,18,0.282251,0.282251,,,0,,,,17,19,6023
State,ri,2015,19,0.0363702,0.0363702,,,0,,,,2,20,5499
State,ri,2015,20,0.0757289,0.0757289,,,0,,,,4,19,5282
State,ri,2015,21,0.0727273,0.0727273,,,0,,,,3,20,4125
State,ri,2015,22,0.0220507,0.0220507,,,0,,,,1,19,4535
State,ri,2015,23,0.0,0.0,,,0,,,,0,19,4475
State,ri,2015,24,0.0442674,0.0442674,,,0,,,,2,20,4518
State,ri,2015,25,0.0,0.0,,,0,,,,0,19,4193
State,ri,2015,26,0.127291,0.127291,,,0,,,,5,20,3928
State,ri,2015,27,0.0424809,0.0424809,,,0,,,,2,20,4708
State,ri,2015,28,0.0218245,0.0218245,,,0,,,,1,20,4582
State,ri,2015,29,0.0424448,0.0424448,,,0,,,,2,20,4712
State,ri,2015,30,0.0,0.0,,,0,,,,0,20,4220
State,ri,2015,31,0.0642123,0.0642123,,,0,,,,3,20,4672
State,ri,2015,32,0.0572246,0.0572246,,,0,,,,2,19,3495
State,ri,2015,33,0.0,0.0,,,0,,,,0,18,4188
State,ri,2015,34,0.0392234,0.0392234,,,0,,,,2,20,5099
State,ri,2015,35,0.0196618,0.0196618,,,0,,,,1,19,5086
State,ri,2015,36,0.0398486,0.0398486,,,0,,,,2,20,5019
State,ri,2015,37,0.0528355,0.0528355,,,0,,,,3,18,5678
State,ri,2015,38,0.0800641,0.0800641,,,0,,,,5,19,6245
State,ri,2015,39,0.12747,0.12747,,,0,,,,8,19,6276
State,ri,2015,40,0.110072,0.110072,,,0,,,,6,16,5451
State,ri,2015,41,0.145864,0.145864,,,0,,,,7,16,4799
State,ri,2015,42,0.23129,0.23129,,,0,,,,14,17,6053
State,ri,2015,43,0.231099,0.231099,,,0,,,,14,17,6058
State,ri,2015,44,0.26852,0.26852,,,0,,,,17,17,6331
State,ri,2015,45,0.187138,0.187138,,,0,,,,11,17,5878
State,ri,2015,46,0.186335,0.186335,,,0,,,,12,16,6440
State,ri,2015,47,0.213276,0.213276,,,0,,,,8,17,3751
State,ri,2015,48,0.209407,0.209407,,,0,,,,13,17,6208
State,ri,2015,49,0.178629,0.178629,,,0,,,,11,17,6158
State,ri,2015,50,0.210933,0.210933,,,0,,,,12,17,5689
State,ri,2015,51,0.200334,0.200334,,,0,,,,6,17,2995
State,ri,2015,52,0.383543,0.383543,,,0,,,,11,17,2868
State,ri,2016,1,0.352113,0.352113,,,0,,,,14,17,3976
State,ri,2016,2,0.468933,0.468933,,,0,,,,20,17,4265
State,ri,2016,3,0.554855,0.554855,,,0,,,,22,17,3965
State,ri,2016,4,0.631735,0.631735,,,0,,,,34,17,5382
State,ri,2016,5,1.11997,1.11997,,,0,,,,59,17,5268
State,ri,2016,6,0.952025,0.952025,,,0,,,,51,17,5357
State,ri,2016,7,1.36986,1.36986,,,0,,,,71,17,5183
State,ri,2016,8,1.46733,1.46733,,,0,,,,86,17,5861
State,ri,2016,9,1.36803,1.36803,,,0,,,,82,17,5994
State,ri,2016,10,2.06706,2.06706,,,0,,,,127,16,6144
State,ri,2016,11,1.72445,1.72445,,,0,,,,94,17,5451
State,ri,2016,12,1.5854,1.5854,,,0,,,,66,17,4163
State,ri,2016,13,1.29748,1.29748,,,0,,,,69,17,5318
State,ri,2016,14,1.2229,1.2229,,,0,,,,66,17,5397
State,ri,2016,15,0.875086,0.875086,,,0,,,,51,17,5828
State,ri,2016,16,0.735822,0.735822,,,0,,,,41,17,5572
State,ri,2016,17,0.927536,0.927536,,,0,,,,48,17,5175
State,ri,2016,18,0.249808,0.249808,,,0,,,,13,17,5204
State,ri,2016,19,0.238711,0.238711,,,0,,,,12,17,5027
State,ri,2016,20,0.217202,0.217202,,,0,,,,10,17,4604
State,ri,2016,21,0.0534474,0.0534474,,,0,,,,2,15,3742
State,ri,2016,22,0.0,0.0,,,0,,,,0,16,3131
State,ri,2016,23,0.0843407,0.0843407,,,0,,,,3,16,3557
State,ri,2016,24,0.0,0.0,,,0,,,,0,15,3504
State,ri,2016,25,0.0558659,0.0558659,,,0,,,,2,16,3580
State,ri,2016,26,0.0578035,0.0578035,,,0,,,,2,16,3460
State,ri,2016,27,0.0,0.0,,,0,,,,0,15,2341
State,ri,2016,28,0.0,0.0,,,0,,,,0,16,3346
State,ri,2016,29,0.0,0.0,,,0,,,,0,16,3779
State,ri,2016,30,0.0,0.0,,,0,,,,0,16,3239
State,ri,2016,31,0.0374672,0.0374672,,,0,,,,1,14,2669
State,ri,2016,32,0.0,0.0,,,0,,,,0,16,2923
State,ri,2016,33,0.0,0.0,,,0,,,,0,16,3647
State,ri,2016,34,0.0664231,0.0664231,,,0,,,,2,15,3011
State,ri,2016,35,0.157398,0.157398,,,0,,,,6,16,3812
State,ri,2016,36,1.41455,1.41455,,,0,,,,49,15,3464
State,ri,2016,37,1.23668,1.23668,,,0,,,,65,15,5256
State,ri,2016,38,0.836212,0.836212,,,0,,,,46,16,5501
State,ri,2016,39,0.331675,0.331675,,,0,,,,18,16,5427
State,ri,2016,40,0.420008,0.420008,,,0,,,,22,16,5238
State,ri,2016,41,0.401038,0.401038,,,0,,,,17,15,4239
State,ri,2016,42,0.703977,0.703977,,,0,,,,40,17,5682
State,ri,2016,43,0.408466,0.408466,,,0,,,,22,17,5386
State,ri,2016,44,0.45939,0.45939,,,0,,,,25,17,5442
State,ri,2016,45,0.452222,0.452222,,,0,,,,23,17,5086
State,ri,2016,46,0.331994,0.331994,,,0,,,,19,17,5723
State,ri,2016,47,0.299222,0.299222,,,0,,,,10,17,3342
State,ri,2016,48,0.337648,0.337648,,,0,,,,18,17,5331
State,ri,2016,49,0.328887,0.328887,,,0,,,,18,17,5473
State,ri,2016,50,0.526118,0.526118,,,0,,,,28,17,5322
State,ri,2016,51,0.450212,0.450212,,,0,,,,17,16,3776
State,ri,2016,52,0.782998,0.782998,,,0,,,,21,17,2682
State,ri,2017,1,1.26302,1.26302,,,0,,,,40,17,3167
State,ri,2017,2,0.929692,0.929692,,,0,,,,32,16,3442
State,ri,2017,3,0.838574,0.838574,,,0,,,,28,16,3339
State,ri,2017,4,1.80101,1.80101,,,0,,,,82,16,4553
State,ri,2017,5,2.48487,2.48487,,,0,,,,115,16,4628
State,ri,2017,6,4.09232,4.09232,,,0,,,,172,16,4203
State,ri,2017,7,4.14856,4.14856,,,0,,,,210,16,5062
State,ri,2017,8,4.309,4.309,,,0,,,,193,16,4479
State,ri,2017,9,2.83892,2.83892,,,0,,,,138,16,4861
State,ri,2017,10,2.57117,2.57117,,,0,,,,112,16,4356
State,ri,2017,11,1.94205,1.94205,,,0,,,,63,16,3244
State,ri,2017,12,2.66774,2.66774,,,0,,,,132,16,4948
State,ri,2017,13,2.85782,2.85782,,,0,,,,121,16,4234
State,ri,2017,14,2.46654,2.46654,,,0,,,,129,16,5230
State,ri,2017,15,2.10526,2.10526,,,0,,,,104,16,4940
State,ri,2017,16,1.08319,1.08319,,,0,,,,50,16,4616
State,ri,2017,17,0.503087,0.503087,,,0,,,,22,16,4373
State,ri,2017,18,0.476298,0.476298,,,0,,,,21,16,4409
State,ri,2017,19,0.39822,0.39822,,,0,,,,17,16,4269
State,ri,2017,20,0.050226,0.050226,,,0,,,,2,16,3982
State,ri,2017,21,0.0,0.0,,,0,,,,0,16,3344
State,ri,2017,22,0.103806,0.103806,,,0,,,,3,15,2890
State,ri,2017,23,0.0,0.0,,,0,,,,0,15,2833
State,ri,2017,24,0.0723066,0.0723066,,,0,,,,2,15,2766
State,ri,2017,25,0.0,0.0,,,0,,,,0,16,2725
State,ri,2017,26,0.105263,0.105263,,,0,,,,3,16,2850
State,ri,2017,27,0.0,0.0,,,0,,,,0,15,2181
State,ri,2017,28,0.0,0.0,,,0,,,,0,17,2963
State,ri,2017,29,0.0342818,0.0342818,,,0,,,,1,16,2917
State,ri,2017,30,0.0365764,0.0365764,,,0,,,,1,16,2734
State,ri,2017,31,0.0,0.0,,,0,,,,0,16,2720
State,ri,2017,32,0.0,0.0,,,0,,,,0,16,2876
State,ri,2017,33,0.0,0.0,,,0,,,,0,16,2445
State,ri,2017,34,0.0,0.0,,,0,,,,0,15,2401
State,ri,2017,35,0.100368,0.100368,,,0,,,,3,15,2989
State,ri,2017,36,0.0,0.0,,,0,,,,0,16,3343
State,ri,2017,37,0.108743,0.108743,,,0,,,,5,16,4598
State,ri,2017,38,0.252791,0.252791,,,0,,,,12,16,4747
State,ri,2017,39,0.377121,0.377121,,,0,,,,18,16,4773
State,ri,2017,40,0.391572,0.391572,,,0,,,,21,22,5363
State,ri,2017,41,0.273742,0.273742,,,0,,,,13,23,4749
State,ri,2017,42,0.473416,0.473416,,,0,,,,26,23,5492
State,ri,2017,43,0.622665,0.622665,,,0,,,,35,22,5621
State,ri,2017,44,0.514641,0.514641,,,0,,,,29,23,5635
State,ri,2017,45,0.656676,0.656676,,,0,,,,39,23,5939
State,ri,2017,46,0.665415,0.665415,,,0,,,,39,23,5861
State,ri,2017,47,0.74531,0.74531,,,0,,,,29,23,3891
State,ri,2017,48,0.539993,0.539993,,,0,,,,32,23,5926
State,ri,2017,49,1.78361,1.78361,,,0,,,,106,23,5943
State,ri,2017,50,1.42137,1.42137,,,0,,,,79,22,5558
State,ri,2017,51,1.55383,1.55383,,,0,,,,70,23,4505
State,ri,2017,52,1.52387,1.52387,,,0,,,,45,23,2953
State,sc,2010,40,0.446127,0.446127,,,0,,,,33,25,7397
State,sc,2010,41,0.765523,0.765523,,,0,,,,54,25,7054
State,sc,2010,42,0.38943,0.38943,,,0,,,,28,22,7190
State,sc,2010,43,0.418354,0.418354,,,0,,,,31,22,7410
State,sc,2010,44,0.44531,0.44531,,,0,,,,32,22,7186
State,sc,2010,45,0.5111,0.5111,,,0,,,,32,21,6261
State,sc,2010,46,0.455927,0.455927,,,0,,,,33,21,7238
State,sc,2010,47,0.513049,0.513049,,,0,,,,23,23,4483
State,sc,2010,48,0.509782,0.509782,,,0,,,,37,22,7258
State,sc,2010,49,0.484707,0.484707,,,0,,,,29,20,5983
State,sc,2010,50,0.804237,0.804237,,,0,,,,41,17,5098
State,sc,2010,51,0.799381,0.799381,,,0,,,,31,17,3878
State,sc,2010,52,1.17429,1.17429,,,0,,,,57,19,4854
State,sc,2011,1,1.45963,1.45963,,,0,,,,94,20,6440
State,sc,2011,2,2.46609,2.46609,,,0,,,,140,22,5677
State,sc,2011,3,2.48763,2.48763,,,0,,,,171,21,6874
State,sc,2011,4,4.84551,4.84551,,,0,,,,414,23,8544
State,sc,2011,5,7.12673,7.12673,,,0,,,,726,24,10187
State,sc,2011,6,6.04218,6.04218,,,0,,,,616,25,10195
State,sc,2011,7,4.84745,4.84745,,,0,,,,456,22,9407
State,sc,2011,8,3.85022,3.85022,,,0,,,,364,24,9454
State,sc,2011,9,2.88657,2.88657,,,0,,,,241,23,8349
State,sc,2011,10,2.19114,2.19114,,,0,,,,141,20,6435
State,sc,2011,11,1.43328,1.43328,,,0,,,,113,21,7884
State,sc,2011,12,0.769995,0.769995,,,0,,,,62,22,8052
State,sc,2011,13,0.792051,0.792051,,,0,,,,55,18,6944
State,sc,2011,14,0.641026,0.641026,,,0,,,,51,20,7956
State,sc,2011,15,0.500128,0.500128,,,0,,,,39,20,7798
State,sc,2011,16,0.509698,0.509698,,,0,,,,36,20,7063
State,sc,2011,17,0.248098,0.248098,,,0,,,,15,18,6046
State,sc,2011,18,0.230061,0.230061,,,0,,,,12,15,5216
State,sc,2011,19,0.0586625,0.0586625,,,0,,,,3,15,5114
State,sc,2011,20,0.130208,0.130208,,,0,,,,7,15,5376
State,sc,2011,21,0.260465,0.260465,,,0,,,,14,15,5375
State,sc,2011,22,0.132567,0.132567,,,0,,,,6,15,4526
State,sc,2011,23,0.21322,0.21322,,,0,,,,9,13,4221
State,sc,2011,24,0.167584,0.167584,,,0,,,,7,14,4177
State,sc,2011,25,0.119104,0.119104,,,0,,,,5,13,4198
State,sc,2011,26,0.221511,0.221511,,,0,,,,9,12,4063
State,sc,2011,27,0.265565,0.265565,,,0,,,,9,12,3389
State,sc,2011,28,0.113604,0.113604,,,0,,,,4,12,3521
State,sc,2011,29,0.102643,0.102643,,,0,,,,4,13,3897
State,sc,2011,30,0.376344,0.376344,,,0,,,,14,13,3720
State,sc,2011,31,0.178518,0.178518,,,0,,,,6,11,3361
State,sc,2011,32,0.140174,0.140174,,,0,,,,5,11,3567
State,sc,2011,33,0.0896057,0.0896057,,,0,,,,4,13,4464
State,sc,2011,34,0.0569909,0.0569909,,,0,,,,3,13,5264
State,sc,2011,35,0.07357,0.07357,,,0,,,,4,13,5437
State,sc,2011,36,0.0830392,0.0830392,,,0,,,,4,12,4817
State,sc,2011,37,0.146924,0.146924,,,0,,,,8,13,5445
State,sc,2011,38,0.179921,0.179921,,,0,,,,10,13,5558
State,sc,2011,39,0.103609,0.103609,,,0,,,,6,13,5791
State,sc,2011,40,0.263539,0.263539,,,0,,,,20,19,7589
State,sc,2011,41,0.27881,0.27881,,,0,,,,21,20,7532
State,sc,2011,42,0.151953,0.151953,,,0,,,,10,17,6581
State,sc,2011,43,0.260383,0.260383,,,0,,,,20,19,7681
State,sc,2011,44,0.403278,0.403278,,,0,,,,31,18,7687
State,sc,2011,45,0.371081,0.371081,,,0,,,,29,20,7815
State,sc,2011,46,0.339213,0.339213,,,0,,,,25,18,7370
State,sc,2011,47,0.198491,0.198491,,,0,,,,10,18,5038
State,sc,2011,48,0.372687,0.372687,,,0,,,,28,18,7513
State,sc,2011,49,0.501967,0.501967,,,0,,,,37,19,7371
State,sc,2011,50,0.343643,0.343643,,,0,,,,22,16,6402
State,sc,2011,51,0.340545,0.340545,,,0,,,,17,16,4992
State,sc,2011,52,0.856283,0.856283,,,0,,,,37,17,4321
State,sc,2012,1,0.446429,0.446429,,,0,,,,25,16,5600
State,sc,2012,2,0.403866,0.403866,,,0,,,,28,18,6933
State,sc,2012,3,0.78455,0.78455,,,0,,,,52,18,6628
State,sc,2012,4,0.716275,0.716275,,,0,,,,54,19,7539
State,sc,2012,5,0.963082,0.963082,,,0,,,,60,18,6230
State,sc,2012,6,0.630463,0.630463,,,0,,,,44,17,6979
State,sc,2012,7,0.648544,0.648544,,,0,,,,47,17,7247
State,sc,2012,8,0.70526,0.70526,,,0,,,,48,17,6806
State,sc,2012,9,0.568012,0.568012,,,0,,,,38,16,6690
State,sc,2012,10,0.338018,0.338018,,,0,,,,19,17,5621
State,sc,2012,11,0.408225,0.408225,,,0,,,,27,16,6614
State,sc,2012,12,0.33314,0.33314,,,0,,,,23,16,6904
State,sc,2012,13,0.29558,0.29558,,,0,,,,22,17,7443
State,sc,2012,14,0.287922,0.287922,,,0,,,,19,17,6599
State,sc,2012,15,0.219238,0.219238,,,0,,,,16,18,7298
State,sc,2012,16,0.395309,0.395309,,,0,,,,30,18,7589
State,sc,2012,17,0.283286,0.283286,,,0,,,,20,17,7060
State,sc,2012,18,0.309358,0.309358,,,0,,,,20,16,6465
State,sc,2012,19,0.141718,0.141718,,,0,,,,8,17,5645
State,sc,2012,20,0.283617,0.283617,,,0,,,,17,16,5994
State,sc,2012,21,0.169607,0.169607,,,0,,,,10,15,5896
State,sc,2012,22,0.262044,0.262044,,,0,,,,13,14,4961
State,sc,2012,23,0.0973331,0.0973331,,,0,,,,5,14,5137
State,sc,2012,24,0.45565,0.45565,,,0,,,,15,13,3292
State,sc,2012,25,0.261643,0.261643,,,0,,,,10,13,3822
State,sc,2012,26,0.211353,0.211353,,,0,,,,7,12,3312
State,sc,2012,27,0.254731,0.254731,,,0,,,,7,13,2748
State,sc,2012,28,0.37703,0.37703,,,0,,,,13,13,3448
State,sc,2012,29,0.2442,0.2442,,,0,,,,8,13,3276
State,sc,2012,30,0.11611,0.11611,,,0,,,,4,12,3445
State,sc,2012,31,0.344234,0.344234,,,0,,,,12,13,3486
State,sc,2012,32,0.0583942,0.0583942,,,0,,,,2,13,3425
State,sc,2012,33,0.0,0.0,,,0,,,,0,12,3645
State,sc,2012,34,0.0690131,0.0690131,,,0,,,,3,12,4347
State,sc,2012,35,0.288958,0.288958,,,0,,,,14,13,4845
State,sc,2012,36,0.158228,0.158228,,,0,,,,7,13,4424
State,sc,2012,37,0.232919,0.232919,,,0,,,,9,12,3864
State,sc,2012,38,0.297075,0.297075,,,0,,,,13,12,4376
State,sc,2012,39,0.35369,0.35369,,,0,,,,15,12,4241
State,sc,2012,40,0.367021,0.367021,,,0,,,,28,20,7629
State,sc,2012,41,0.319978,0.319978,,,0,,,,23,19,7188
State,sc,2012,42,0.400475,0.400475,,,0,,,,27,18,6742
State,sc,2012,43,0.251326,0.251326,,,0,,,,18,17,7162
State,sc,2012,44,0.246609,0.246609,,,0,,,,18,19,7299
State,sc,2012,45,0.39693,0.39693,,,0,,,,30,19,7558
State,sc,2012,46,0.517197,0.517197,,,0,,,,40,18,7734
State,sc,2012,47,1.09422,1.09422,,,0,,,,54,18,4935
State,sc,2012,48,2.09501,2.09501,,,0,,,,172,20,8210
State,sc,2012,49,4.22179,4.22179,,,0,,,,351,20,8314
State,sc,2012,50,3.56573,3.56573,,,0,,,,268,17,7516
State,sc,2012,51,3.77206,3.77206,,,0,,,,233,17,6177
State,sc,2012,52,3.51324,3.51324,,,0,,,,138,16,3928
State,sc,2013,1,2.20832,2.20832,,,0,,,,120,19,5434
State,sc,2013,2,2.04398,2.04398,,,0,,,,145,20,7094
State,sc,2013,3,1.32181,1.32181,,,0,,,,104,20,7868
State,sc,2013,4,0.944414,0.944414,,,0,,,,70,19,7412
State,sc,2013,5,0.94416,0.94416,,,0,,,,70,19,7414
State,sc,2013,6,0.968492,0.968492,,,0,,,,75,18,7744
State,sc,2013,7,1.0661,1.0661,,,0,,,,80,17,7504
State,sc,2013,8,1.00689,1.00689,,,0,,,,76,18,7548
State,sc,2013,9,0.957829,0.957829,,,0,,,,72,16,7517
State,sc,2013,10,1.38795,1.38795,,,0,,,,103,15,7421
State,sc,2013,11,1.06724,1.06724,,,0,,,,70,16,6559
State,sc,2013,12,1.30239,1.30239,,,0,,,,101,17,7755
State,sc,2013,13,1.2638,1.2638,,,0,,,,95,16,7517
State,sc,2013,14,0.839717,0.839717,,,0,,,,57,16,6788
State,sc,2013,15,0.684182,0.684182,,,0,,,,50,16,7308
State,sc,2013,16,0.359911,0.359911,,,0,,,,26,16,7224
State,sc,2013,17,0.346177,0.346177,,,0,,,,23,15,6644
State,sc,2013,18,0.151286,0.151286,,,0,,,,9,14,5949
State,sc,2013,19,0.222328,0.222328,,,0,,,,14,15,6297
State,sc,2013,20,0.184264,0.184264,,,0,,,,10,13,5427
State,sc,2013,21,0.10014,0.10014,,,0,,,,5,11,4993
State,sc,2013,22,0.389579,0.389579,,,0,,,,16,11,4107
State,sc,2013,23,0.121753,0.121753,,,0,,,,6,13,4928
State,sc,2013,24,0.0609756,0.0609756,,,0,,,,3,12,4920
State,sc,2013,25,0.0901713,0.0901713,,,0,,,,4,11,4436
State,sc,2013,26,0.100503,0.100503,,,0,,,,4,10,3980
State,sc,2013,27,0.0287109,0.0287109,,,0,,,,1,11,3483
State,sc,2013,28,0.0361402,0.0361402,,,0,,,,1,9,2767
State,sc,2013,29,0.0,0.0,,,0,,,,0,9,3791
State,sc,2013,30,0.0245399,0.0245399,,,0,,,,1,10,4075
State,sc,2013,31,0.0787815,0.0787815,,,0,,,,3,9,3808
State,sc,2013,32,0.0239464,0.0239464,,,0,,,,1,10,4176
State,sc,2013,33,0.0231,0.0231,,,0,,,,1,10,4329
State,sc,2013,34,0.0193311,0.0193311,,,0,,,,1,10,5173
State,sc,2013,35,0.0722804,0.0722804,,,0,,,,4,11,5534
State,sc,2013,36,0.0932662,0.0932662,,,0,,,,5,11,5361
State,sc,2013,37,0.13901,0.13901,,,0,,,,8,11,5755
State,sc,2013,38,0.0937031,0.0937031,,,0,,,,5,9,5336
State,sc,2013,39,0.0948227,0.0948227,,,0,,,,5,9,5273
State,sc,2013,40,0.272533,0.272533,,,0,,,,14,15,5137
State,sc,2013,41,0.334804,0.334804,,,0,,,,22,17,6571
State,sc,2013,42,0.365519,0.365519,,,0,,,,24,18,6566
State,sc,2013,43,0.572246,0.572246,,,0,,,,36,17,6291
State,sc,2013,44,0.558744,0.558744,,,0,,,,37,17,6622
State,sc,2013,45,0.450721,0.450721,,,0,,,,30,16,6656
State,sc,2013,46,0.322779,0.322779,,,0,,,,21,15,6506
State,sc,2013,47,1.0033,1.0033,,,0,,,,70,16,6977
State,sc,2013,48,1.02503,1.02503,,,0,,,,43,15,4195
State,sc,2013,49,1.80626,1.80626,,,0,,,,124,16,6865
State,sc,2013,50,1.55164,1.55164,,,0,,,,96,15,6187
State,sc,2013,51,2.69722,2.69722,,,0,,,,133,15,4931
State,sc,2013,52,2.86885,2.86885,,,0,,,,105,15,3660
State,sc,2014,1,2.62621,2.62621,,,0,,,,103,15,3922
State,sc,2014,2,2.16539,2.16539,,,0,,,,116,16,5357
State,sc,2014,3,1.14888,1.14888,,,0,,,,72,16,6267
State,sc,2014,4,1.40867,1.40867,,,0,,,,89,16,6318
State,sc,2014,5,1.62555,1.62555,,,0,,,,85,15,5229
State,sc,2014,6,0.886173,0.886173,,,0,,,,58,16,6545
State,sc,2014,7,0.951452,0.951452,,,0,,,,39,15,4099
State,sc,2014,8,0.578668,0.578668,,,0,,,,37,16,6394
State,sc,2014,9,0.207138,0.207138,,,0,,,,13,15,6276
State,sc,2014,10,0.288971,0.288971,,,0,,,,18,16,6229
State,sc,2014,11,0.445996,0.445996,,,0,,,,23,14,5157
State,sc,2014,12,0.290847,0.290847,,,0,,,,17,14,5845
State,sc,2014,13,0.326052,0.326052,,,0,,,,20,14,6134
State,sc,2014,14,0.306947,0.306947,,,0,,,,19,14,6190
State,sc,2014,15,0.332005,0.332005,,,0,,,,20,14,6024
State,sc,2014,16,0.189068,0.189068,,,0,,,,11,14,5818
State,sc,2014,17,0.131666,0.131666,,,0,,,,8,14,6076
State,sc,2014,18,0.216177,0.216177,,,0,,,,12,13,5551
State,sc,2014,19,0.198592,0.198592,,,0,,,,11,14,5539
State,sc,2014,20,0.0930016,0.0930016,,,0,,,,4,11,4301
State,sc,2014,21,0.190386,0.190386,,,0,,,,8,11,4202
State,sc,2014,22,0.145278,0.145278,,,0,,,,6,11,4130
State,sc,2014,23,0.0809498,0.0809498,,,0,,,,3,10,3706
State,sc,2014,24,0.0276625,0.0276625,,,0,,,,1,10,3615
State,sc,2014,25,0.0511771,0.0511771,,,0,,,,2,10,3908
State,sc,2014,26,0.0267451,0.0267451,,,0,,,,1,10,3739
State,sc,2014,27,0.0,0.0,,,0,,,,0,8,3138
State,sc,2014,28,0.0901442,0.0901442,,,0,,,,3,9,3328
State,sc,2014,29,0.0861079,0.0861079,,,0,,,,3,9,3484
State,sc,2014,30,0.0,0.0,,,0,,,,0,9,3381
State,sc,2014,31,0.0856164,0.0856164,,,0,,,,3,10,3504
State,sc,2014,32,0.0,0.0,,,0,,,,0,9,3535
State,sc,2014,33,0.0,0.0,,,0,,,,0,9,3677
State,sc,2014,34,0.0,0.0,,,0,,,,0,10,4424
State,sc,2014,35,0.0431593,0.0431593,,,0,,,,2,9,4634
State,sc,2014,36,0.0992063,0.0992063,,,0,,,,4,10,4032
State,sc,2014,37,0.09802,0.09802,,,0,,,,5,10,5101
State,sc,2014,38,0.0190078,0.0190078,,,0,,,,1,10,5261
State,sc,2014,39,0.0388576,0.0388576,,,0,,,,2,10,5147
State,sc,2014,40,0.229709,0.229709,,,0,,,,15,15,6530
State,sc,2014,41,0.225802,0.225802,,,0,,,,15,15,6643
State,sc,2014,42,0.559589,0.559589,,,0,,,,37,15,6612
State,sc,2014,43,0.638763,0.638763,,,0,,,,38,15,5949
State,sc,2014,44,0.76835,0.76835,,,0,,,,47,15,6117
State,sc,2014,45,0.969485,0.969485,,,0,,,,61,14,6292
State,sc,2014,46,0.966702,0.966702,,,0,,,,63,15,6517
State,sc,2014,47,0.746849,0.746849,,,0,,,,48,15,6427
State,sc,2014,48,1.0565,1.0565,,,0,,,,46,15,4354
State,sc,2014,49,1.38277,1.38277,,,0,,,,91,14,6581
State,sc,2014,50,1.56376,1.56376,,,0,,,,97,14,6203
State,sc,2014,51,4.57035,4.57035,,,0,,,,242,12,5295
State,sc,2014,52,6.88426,6.88426,,,0,,,,251,11,3646
State,sc,2014,53,5.4304,5.4304,,,0,,,,229,14,4217
State,sc,2015,1,3.06247,3.06247,,,0,,,,150,12,4898
State,sc,2015,2,1.88298,1.88298,,,0,,,,121,14,6426
State,sc,2015,3,2.04403,2.04403,,,0,,,,117,13,5724
State,sc,2015,4,1.85737,1.85737,,,0,,,,131,16,7053
State,sc,2015,5,1.95052,1.95052,,,0,,,,123,14,6306
State,sc,2015,6,1.52505,1.52505,,,0,,,,98,14,6426
State,sc,2015,7,1.58842,1.58842,,,0,,,,90,13,5666
State,sc,2015,8,1.56058,1.56058,,,0,,,,89,13,5703
State,sc,2015,9,1.2911,1.2911,,,0,,,,75,13,5809
State,sc,2015,10,0.875182,0.875182,,,0,,,,42,13,4799
State,sc,2015,11,0.316623,0.316623,,,0,,,,12,10,3790
State,sc,2015,12,0.713371,0.713371,,,0,,,,39,11,5467
State,sc,2015,13,0.594354,0.594354,,,0,,,,32,13,5384
State,sc,2015,14,0.410984,0.410984,,,0,,,,22,13,5353
State,sc,2015,15,0.564175,0.564175,,,0,,,,32,13,5672
State,sc,2015,16,0.199927,0.199927,,,0,,,,11,11,5502
State,sc,2015,17,0.299177,0.299177,,,0,,,,16,12,5348
State,sc,2015,18,0.22567,0.22567,,,0,,,,8,10,3545
State,sc,2015,19,0.150319,0.150319,,,0,,,,4,9,2661
State,sc,2015,20,0.040016,0.040016,,,0,,,,1,9,2499
State,sc,2015,21,0.225225,0.225225,,,0,,,,5,9,2220
State,sc,2015,22,0.160085,0.160085,,,0,,,,3,7,1874
State,sc,2015,23,0.21575,0.21575,,,0,,,,4,7,1854
State,sc,2015,24,0.0,0.0,,,0,,,,0,8,2068
State,sc,2015,25,0.257898,0.257898,,,0,,,,4,6,1551
State,sc,2015,26,0.0877963,0.0877963,,,0,,,,1,6,1139
State,sc,2015,27,0.105652,0.105652,,,0,,,,2,8,1893
State,sc,2015,28,0.0524934,0.0524934,,,0,,,,1,8,1905
State,sc,2015,29,0.151899,0.151899,,,0,,,,3,8,1975
State,sc,2015,30,0.0668449,0.0668449,,,0,,,,1,7,1496
State,sc,2015,31,0.237812,0.237812,,,0,,,,2,6,841
State,sc,2015,32,0.0706714,0.0706714,,,0,,,,1,7,1415
State,sc,2015,33,0.0439174,0.0439174,,,0,,,,1,9,2277
State,sc,2015,34,0.121704,0.121704,,,0,,,,3,8,2465
State,sc,2015,35,0.0776699,0.0776699,,,0,,,,2,9,2575
State,sc,2015,36,0.182565,0.182565,,,0,,,,4,9,2191
State,sc,2015,37,0.404115,0.404115,,,0,,,,11,9,2722
State,sc,2015,38,0.208044,0.208044,,,0,,,,6,8,2884
State,sc,2015,39,0.283086,0.283086,,,0,,,,8,8,2826
State,sc,2015,40,0.539773,0.539773,,,0,,,,19,11,3520
State,sc,2015,41,0.874568,0.874568,,,0,,,,38,12,4345
State,sc,2015,42,1.06744,1.06744,,,0,,,,44,12,4122
State,sc,2015,43,1.67598,1.67598,,,0,,,,81,13,4833
State,sc,2015,44,1.27774,1.27774,,,0,,,,57,12,4461
State,sc,2015,45,1.74586,1.74586,,,0,,,,79,12,4525
State,sc,2015,46,1.61504,1.61504,,,0,,,,73,11,4520
State,sc,2015,47,1.62472,1.62472,,,0,,,,51,12,3139
State,sc,2015,48,1.59563,1.59563,,,0,,,,73,12,4575
State,sc,2015,49,0.713063,0.713063,,,0,,,,25,10,3506
State,sc,2015,50,0.621302,0.621302,,,0,,,,21,10,3380
State,sc,2015,51,0.515668,0.515668,,,0,,,,13,10,2521
State,sc,2015,52,0.649351,0.649351,,,0,,,,16,10,2464
State,sc,2016,1,0.683018,0.683018,,,0,,,,22,11,3221
State,sc,2016,2,0.720721,0.720721,,,0,,,,28,12,3885
State,sc,2016,3,0.791053,0.791053,,,0,,,,29,12,3666
State,sc,2016,4,0.654387,0.654387,,,0,,,,27,12,4126
State,sc,2016,5,1.14037,1.14037,,,0,,,,42,9,3683
State,sc,2016,6,1.52526,1.52526,,,0,,,,64,12,4196
State,sc,2016,7,1.99443,1.99443,,,0,,,,86,12,4312
State,sc,2016,8,2.38253,2.38253,,,0,,,,108,11,4533
State,sc,2016,9,2.36412,2.36412,,,0,,,,107,11,4526
State,sc,2016,10,2.76159,2.76159,,,0,,,,109,11,3947
State,sc,2016,11,1.82311,1.82311,,,0,,,,74,11,4059
State,sc,2016,12,1.98708,1.98708,,,0,,,,80,11,4026
State,sc,2016,13,1.57959,1.57959,,,0,,,,65,11,4115
State,sc,2016,14,1.2024,1.2024,,,0,,,,48,11,3992
State,sc,2016,15,1.40845,1.40845,,,0,,,,55,10,3905
State,sc,2016,16,0.848939,0.848939,,,0,,,,34,9,4005
State,sc,2016,17,1.04306,1.04306,,,0,,,,39,8,3739
State,sc,2016,18,0.511945,0.511945,,,0,,,,18,10,3516
State,sc,2016,19,0.351438,0.351438,,,0,,,,11,10,3130
State,sc,2016,20,0.334697,0.334697,,,0,,,,9,8,2689
State,sc,2016,21,0.310452,0.310452,,,0,,,,9,8,2899
State,sc,2016,22,0.203252,0.203252,,,0,,,,5,7,2460
State,sc,2016,23,0.149198,0.149198,,,0,,,,4,8,2681
State,sc,2016,24,0.185529,0.185529,,,0,,,,5,8,2695
State,sc,2016,25,0.0373552,0.0373552,,,0,,,,1,8,2677
State,sc,2016,26,0.07249,0.07249,,,0,,,,2,9,2759
State,sc,2016,27,0.0383436,0.0383436,,,0,,,,1,9,2608
State,sc,2016,28,0.0,0.0,,,0,,,,0,8,2603
State,sc,2016,29,0.078125,0.078125,,,0,,,,2,8,2560
State,sc,2016,30,0.0767754,0.0767754,,,0,,,,2,8,2605
State,sc,2016,31,0.0413565,0.0413565,,,0,,,,1,8,2418
State,sc,2016,32,0.0,0.0,,,0,,,,0,7,2506
State,sc,2016,33,0.101626,0.101626,,,0,,,,3,8,2952
State,sc,2016,34,0.087745,0.087745,,,0,,,,3,8,3419
State,sc,2016,35,0.236197,0.236197,,,0,,,,8,8,3387
State,sc,2016,36,0.0299401,0.0299401,,,0,,,,1,9,3340
State,sc,2016,37,0.243235,0.243235,,,0,,,,8,9,3289
State,sc,2016,38,0.26455,0.26455,,,0,,,,9,6,3402
State,sc,2016,39,0.0573888,0.0573888,,,0,,,,2,8,3485
State,sc,2016,40,1.77453,1.77453,,,0,,,,68,13,3832
State,sc,2016,41,1.3986,1.3986,,,0,,,,54,14,3861
State,sc,2016,42,1.85556,1.85556,,,0,,,,102,15,5497
State,sc,2016,43,1.92631,1.92631,,,0,,,,103,15,5347
State,sc,2016,44,2.07612,2.07612,,,0,,,,108,14,5202
State,sc,2016,45,1.57226,1.57226,,,0,,,,78,13,4961
State,sc,2016,46,1.82691,1.82691,,,0,,,,118,14,6459
State,sc,2016,47,2.39391,2.39391,,,0,,,,110,14,4595
State,sc,2016,48,2.51108,2.51108,,,0,,,,170,16,6770
State,sc,2016,49,1.87075,1.87075,,,0,,,,110,14,5880
State,sc,2016,50,2.67559,2.67559,,,0,,,,144,14,5382
State,sc,2016,51,2.12046,2.12046,,,0,,,,119,15,5612
State,sc,2016,52,4.26055,4.26055,,,0,,,,208,14,4882
State,sc,2017,1,4.50584,4.50584,,,0,,,,212,14,4705
State,sc,2017,2,3.67389,3.67389,,,0,,,,251,16,6832
State,sc,2017,3,5.70071,5.70071,,,0,,,,360,16,6315
State,sc,2017,4,6.34603,6.34603,,,0,,,,475,15,7485
State,sc,2017,5,7.10465,7.10465,,,0,,,,425,13,5982
State,sc,2017,6,6.8482,6.8482,,,0,,,,503,16,7345
State,sc,2017,7,6.69307,6.69307,,,0,,,,507,14,7575
State,sc,2017,8,7.55091,7.55091,,,0,,,,571,15,7562
State,sc,2017,9,5.52172,5.52172,,,0,,,,408,15,7389
State,sc,2017,10,5.39361,5.39361,,,0,,,,346,14,6415
State,sc,2017,11,6.40835,6.40835,,,0,,,,387,14,6039
State,sc,2017,12,7.67776,7.67776,,,0,,,,487,12,6343
State,sc,2017,13,5.57259,5.57259,,,0,,,,309,11,5545
State,sc,2017,14,4.50734,4.50734,,,0,,,,258,12,5724
State,sc,2017,15,3.51038,3.51038,,,0,,,,191,13,5441
State,sc,2017,16,2.12303,2.12303,,,0,,,,117,12,5511
State,sc,2017,17,2.58416,2.58416,,,0,,,,152,13,5882
State,sc,2017,18,1.6986,1.6986,,,0,,,,86,11,5063
State,sc,2017,19,1.69225,1.69225,,,0,,,,86,13,5082
State,sc,2017,20,0.949294,0.949294,,,0,,,,41,12,4319
State,sc,2017,21,0.783476,0.783476,,,0,,,,33,12,4212
State,sc,2017,22,0.730816,0.730816,,,0,,,,24,9,3284
State,sc,2017,23,0.495954,0.495954,,,0,,,,19,10,3831
State,sc,2017,24,0.572618,0.572618,,,0,,,,22,10,3842
State,sc,2017,25,0.350263,0.350263,,,0,,,,12,8,3426
State,sc,2017,26,0.490647,0.490647,,,0,,,,16,8,3261
State,sc,2017,27,0.223571,0.223571,,,0,,,,7,9,3131
State,sc,2017,28,0.30104,0.30104,,,0,,,,11,9,3654
State,sc,2017,29,0.385109,0.385109,,,0,,,,12,7,3116
State,sc,2017,30,0.282725,0.282725,,,0,,,,10,9,3537
State,sc,2017,31,0.203548,0.203548,,,0,,,,7,9,3439
State,sc,2017,32,0.114416,0.114416,,,0,,,,4,9,3496
State,sc,2017,33,0.161769,0.161769,,,0,,,,6,10,3709
State,sc,2017,34,0.072904,0.072904,,,0,,,,3,10,4115
State,sc,2017,35,0.392973,0.392973,,,0,,,,17,10,4326
State,sc,2017,36,0.931286,0.931286,,,0,,,,37,10,3973
State,sc,2017,37,1.23077,1.23077,,,0,,,,48,9,3900
State,sc,2017,38,1.1989,1.1989,,,0,,,,61,10,5088
State,sc,2017,39,1.39107,1.39107,,,0,,,,71,11,5104
State,sc,2017,40,1.87995,1.87995,,,0,,,,140,15,7447
State,sc,2017,41,1.55515,1.55515,,,0,,,,119,15,7652
State,sc,2017,42,1.84262,1.84262,,,0,,,,133,15,7218
State,sc,2017,43,2.71521,2.71521,,,0,,,,176,16,6482
State,sc,2017,44,2.97074,2.97074,,,0,,,,198,17,6665
State,sc,2017,45,2.92239,2.92239,,,0,,,,215,17,7357
State,sc,2017,46,3.13541,3.13541,,,0,,,,226,15,7208
State,sc,2017,47,4.19061,4.19061,,,0,,,,175,13,4176
State,sc,2017,48,4.01184,4.01184,,,0,,,,244,13,6082
State,sc,2017,49,4.06838,4.06838,,,0,,,,238,14,5850
State,sc,2017,50,4.46907,4.46907,,,0,,,,242,13,5415
State,sc,2017,51,6.68842,6.68842,,,0,,,,328,14,4904
State,sc,2017,52,8.35623,8.35623,,,0,,,,365,15,4368
State,sd,2010,40,1.10275,1.10275,,,0,,,,63,18,5713
State,sd,2010,41,0.793794,0.793794,,,0,,,,44,18,5543
State,sd,2010,42,0.791023,0.791023,,,0,,,,43,18,5436
State,sd,2010,43,0.801311,0.801311,,,0,,,,44,19,5491
State,sd,2010,44,0.779833,0.779833,,,0,,,,43,19,5514
State,sd,2010,45,0.743424,0.743424,,,0,,,,39,18,5246
State,sd,2010,46,1.00136,1.00136,,,0,,,,59,19,5892
State,sd,2010,47,0.891996,0.891996,,,0,,,,37,18,4148
State,sd,2010,48,1.10714,1.10714,,,0,,,,62,19,5600
State,sd,2010,49,1.16321,1.16321,,,0,,,,64,19,5502
State,sd,2010,50,0.945846,0.945846,,,0,,,,51,19,5392
State,sd,2010,51,1.51849,1.51849,,,0,,,,69,19,4544
State,sd,2010,52,1.52446,1.52446,,,0,,,,67,19,4395
State,sd,2011,1,1.40617,1.40617,,,0,,,,78,19,5547
State,sd,2011,2,1.7554,1.7554,,,0,,,,91,19,5184
State,sd,2011,3,2.36777,2.36777,,,0,,,,124,19,5237
State,sd,2011,4,2.6757,2.6757,,,0,,,,150,19,5606
State,sd,2011,5,2.87303,2.87303,,,0,,,,155,19,5395
State,sd,2011,6,3.20291,3.20291,,,0,,,,185,19,5776
State,sd,2011,7,4.34783,4.34783,,,0,,,,275,19,6325
State,sd,2011,8,4.16738,4.16738,,,0,,,,244,19,5855
State,sd,2011,9,3.8888,3.8888,,,0,,,,242,19,6223
State,sd,2011,10,3.50391,3.50391,,,0,,,,215,19,6136
State,sd,2011,11,2.76452,2.76452,,,0,,,,168,19,6077
State,sd,2011,12,2.5306,2.5306,,,0,,,,153,18,6046
State,sd,2011,13,2.24277,2.24277,,,0,,,,131,18,5841
State,sd,2011,14,1.35374,1.35374,,,0,,,,69,17,5097
State,sd,2011,15,0.913621,0.913621,,,0,,,,44,16,4816
State,sd,2011,16,1.00823,1.00823,,,0,,,,49,17,4860
State,sd,2011,17,0.880395,0.880395,,,0,,,,41,17,4657
State,sd,2011,18,0.602007,0.602007,,,0,,,,27,16,4485
State,sd,2011,19,0.627521,0.627521,,,0,,,,28,16,4462
State,sd,2011,20,0.522938,0.522938,,,0,,,,22,16,4207
State,sd,2011,21,0.518623,0.518623,,,0,,,,22,16,4242
State,sd,2011,22,0.507343,0.507343,,,0,,,,19,16,3745
State,sd,2011,23,0.418994,0.418994,,,0,,,,18,16,4296
State,sd,2011,24,0.541942,0.541942,,,0,,,,23,16,4244
State,sd,2011,25,0.393604,0.393604,,,0,,,,16,16,4065
State,sd,2011,26,0.310188,0.310188,,,0,,,,13,16,4191
State,sd,2011,27,0.55142,0.55142,,,0,,,,20,16,3627
State,sd,2011,28,0.501672,0.501672,,,0,,,,21,16,4186
State,sd,2011,29,0.459418,0.459418,,,0,,,,18,15,3918
State,sd,2011,30,0.571837,0.571837,,,0,,,,24,16,4197
State,sd,2011,31,0.528973,0.528973,,,0,,,,22,16,4159
State,sd,2011,32,0.430725,0.430725,,,0,,,,18,15,4179
State,sd,2011,33,0.334821,0.334821,,,0,,,,15,16,4480
State,sd,2011,34,0.471592,0.471592,,,0,,,,21,16,4453
State,sd,2011,35,0.550297,0.550297,,,0,,,,25,16,4543
State,sd,2011,36,0.644681,0.644681,,,0,,,,26,16,4033
State,sd,2011,37,0.540662,0.540662,,,0,,,,24,16,4439
State,sd,2011,38,0.462749,0.462749,,,0,,,,20,16,4322
State,sd,2011,39,0.609756,0.609756,,,0,,,,22,16,3608
State,sd,2011,40,0.759828,0.759828,,,0,,,,46,19,6054
State,sd,2011,41,1.16589,1.16589,,,0,,,,70,19,6004
State,sd,2011,42,0.769625,0.769625,,,0,,,,45,19,5847
State,sd,2011,43,0.918044,0.918044,,,0,,,,55,20,5991
State,sd,2011,44,0.934423,0.934423,,,0,,,,56,20,5993
State,sd,2011,45,0.707623,0.707623,,,0,,,,44,20,6218
State,sd,2011,46,0.658106,0.658106,,,0,,,,41,20,6230
State,sd,2011,47,0.863596,0.863596,,,0,,,,39,20,4516
State,sd,2011,48,0.578577,0.578577,,,0,,,,37,20,6395
State,sd,2011,49,0.897813,0.897813,,,0,,,,55,20,6126
State,sd,2011,50,1.01878,1.01878,,,0,,,,64,20,6282
State,sd,2011,51,0.749702,0.749702,,,0,,,,44,20,5869
State,sd,2011,52,1.07882,1.07882,,,0,,,,49,19,4542
State,sd,2012,1,0.77837,0.77837,,,0,,,,38,19,4882
State,sd,2012,2,1.13681,1.13681,,,0,,,,58,19,5102
State,sd,2012,3,1.46238,1.46238,,,0,,,,76,19,5197
State,sd,2012,4,1.77074,1.77074,,,0,,,,95,19,5365
State,sd,2012,5,2.31326,2.31326,,,0,,,,131,19,5663
State,sd,2012,6,2.21764,2.21764,,,0,,,,129,19,5817
State,sd,2012,7,3.00468,3.00468,,,0,,,,167,19,5558
State,sd,2012,8,2.38732,2.38732,,,0,,,,134,19,5613
State,sd,2012,9,2.47816,2.47816,,,0,,,,122,19,4923
State,sd,2012,10,2.01789,2.01789,,,0,,,,106,19,5253
State,sd,2012,11,2.2012,2.2012,,,0,,,,114,19,5179
State,sd,2012,12,1.01982,1.01982,,,0,,,,53,19,5197
State,sd,2012,13,1.00735,1.00735,,,0,,,,48,19,4765
State,sd,2012,14,0.727273,0.727273,,,0,,,,36,19,4950
State,sd,2012,15,0.85034,0.85034,,,0,,,,40,18,4704
State,sd,2012,16,0.818331,0.818331,,,0,,,,40,19,4888
State,sd,2012,17,0.733347,0.733347,,,0,,,,36,19,4909
State,sd,2012,18,0.479781,0.479781,,,0,,,,21,18,4377
State,sd,2012,19,0.635209,0.635209,,,0,,,,28,18,4408
State,sd,2012,20,0.670055,0.670055,,,0,,,,29,18,4328
State,sd,2012,21,0.528465,0.528465,,,0,,,,22,18,4163
State,sd,2012,22,0.542547,0.542547,,,0,,,,19,18,3502
State,sd,2012,23,0.49054,0.49054,,,0,,,,14,18,2854
State,sd,2012,24,0.0,0.0,,,0,,,,0,3,591
State,sd,2012,25,0.0,0.0,,,0,,,,0,3,578
State,sd,2012,26,0.189753,0.189753,,,0,,,,1,3,527
State,sd,2012,27,0.0,0.0,,,0,,,,0,3,489
State,sd,2012,28,0.365631,0.365631,,,0,,,,2,3,547
State,sd,2012,29,0.530973,0.530973,,,0,,,,3,3,565
State,sd,2012,30,0.383142,0.383142,,,0,,,,2,3,522
State,sd,2012,31,0.631579,0.631579,,,0,,,,3,3,475
State,sd,2012,32,0.613497,0.613497,,,0,,,,3,3,489
State,sd,2012,33,0.606061,0.606061,,,0,,,,3,3,495
State,sd,2012,34,0.626305,0.626305,,,0,,,,3,3,479
State,sd,2012,35,0.383877,0.383877,,,0,,,,2,3,521
State,sd,2012,36,0.662252,0.662252,,,0,,,,3,3,453
State,sd,2012,37,0.0,0.0,,,0,,,,0,3,461
State,sd,2012,38,0.632911,0.632911,,,0,,,,3,3,474
State,sd,2012,39,0.674536,0.674536,,,0,,,,4,3,593
State,sd,2012,40,0.867285,0.867285,,,0,,,,43,19,4958
State,sd,2012,41,1.07613,1.07613,,,0,,,,54,19,5018
State,sd,2012,42,1.20384,1.20384,,,0,,,,59,19,4901
State,sd,2012,43,0.645552,0.645552,,,0,,,,32,19,4957
State,sd,2012,44,1.08809,1.08809,,,0,,,,52,19,4779
State,sd,2012,45,0.952381,0.952381,,,0,,,,47,19,4935
State,sd,2012,46,1.02297,1.02297,,,0,,,,53,19,5181
State,sd,2012,47,1.14613,1.14613,,,0,,,,48,19,4188
State,sd,2012,48,1.20015,1.20015,,,0,,,,65,19,5416
State,sd,2012,49,1.28948,1.28948,,,0,,,,69,19,5351
State,sd,2012,50,1.27857,1.27857,,,0,,,,66,19,5162
State,sd,2012,51,2.20365,2.20365,,,0,,,,116,19,5264
State,sd,2012,52,2.43493,2.43493,,,0,,,,87,19,3573
State,sd,2013,1,2.32558,2.32558,,,0,,,,106,19,4558
State,sd,2013,2,2.42227,2.42227,,,0,,,,134,19,5532
State,sd,2013,3,2.52996,2.52996,,,0,,,,133,19,5257
State,sd,2013,4,2.38565,2.38565,,,0,,,,121,19,5072
State,sd,2013,5,2.63852,2.63852,,,0,,,,130,19,4927
State,sd,2013,6,2.67509,2.67509,,,0,,,,144,19,5383
State,sd,2013,7,2.16933,2.16933,,,0,,,,103,19,4748
State,sd,2013,8,1.76887,1.76887,,,0,,,,90,19,5088
State,sd,2013,9,1.67619,1.67619,,,0,,,,88,19,5250
State,sd,2013,10,1.63306,1.63306,,,0,,,,81,19,4960
State,sd,2013,11,1.76471,1.76471,,,0,,,,87,19,4930
State,sd,2013,12,1.5328,1.5328,,,0,,,,75,19,4893
State,sd,2013,13,1.52027,1.52027,,,0,,,,72,19,4736
State,sd,2013,14,1.08785,1.08785,,,0,,,,53,19,4872
State,sd,2013,15,0.969462,0.969462,,,0,,,,40,19,4126
State,sd,2013,16,0.865161,0.865161,,,0,,,,41,19,4739
State,sd,2013,17,0.718664,0.718664,,,0,,,,34,19,4731
State,sd,2013,18,0.725655,0.725655,,,0,,,,31,18,4272
State,sd,2013,19,0.371058,0.371058,,,0,,,,16,18,4312
State,sd,2013,20,0.142959,0.142959,,,0,,,,6,18,4197
State,sd,2013,21,0.0256937,0.0256937,,,0,,,,1,18,3892
State,sd,2013,22,0.0879765,0.0879765,,,0,,,,3,17,3410
State,sd,2013,23,0.0492126,0.0492126,,,0,,,,2,18,4064
State,sd,2013,24,0.0,0.0,,,0,,,,0,18,3253
State,sd,2013,25,0.222717,0.222717,,,0,,,,1,2,449
State,sd,2013,26,0.515464,0.515464,,,0,,,,3,3,582
State,sd,2013,27,0.172117,0.172117,,,0,,,,1,3,581
State,sd,2013,28,0.0,0.0,,,0,,,,0,3,552
State,sd,2013,29,0.19685,0.19685,,,0,,,,1,3,508
State,sd,2013,30,0.19685,0.19685,,,0,,,,1,3,508
State,sd,2013,31,0.0,0.0,,,0,,,,0,3,459
State,sd,2013,32,0.179211,0.179211,,,0,,,,1,3,558
State,sd,2013,33,0.327869,0.327869,,,0,,,,2,3,610
State,sd,2013,34,0.177936,0.177936,,,0,,,,1,3,562
State,sd,2013,35,0.527241,0.527241,,,0,,,,3,3,569
State,sd,2013,36,0.954198,0.954198,,,0,,,,5,3,524
State,sd,2013,37,0.172414,0.172414,,,0,,,,1,3,580
State,sd,2013,38,0.515274,0.515274,,,0,,,,14,17,2717
State,sd,2013,39,0.601323,0.601323,,,0,,,,20,18,3326
State,sd,2013,40,0.672156,0.672156,,,0,,,,40,24,5951
State,sd,2013,41,0.938385,0.938385,,,0,,,,53,23,5648
State,sd,2013,42,0.586354,0.586354,,,0,,,,33,23,5628
State,sd,2013,43,0.587293,0.587293,,,0,,,,33,24,5619
State,sd,2013,44,0.709478,0.709478,,,0,,,,39,24,5497
State,sd,2013,45,0.889713,0.889713,,,0,,,,48,23,5395
State,sd,2013,46,1.10861,1.10861,,,0,,,,64,24,5773
State,sd,2013,47,0.879909,0.879909,,,0,,,,54,24,6137
State,sd,2013,48,1.37978,1.37978,,,0,,,,61,24,4421
State,sd,2013,49,1.16938,1.16938,,,0,,,,66,24,5644
State,sd,2013,50,1.06713,1.06713,,,0,,,,62,24,5810
State,sd,2013,51,1.51089,1.51089,,,0,,,,86,23,5692
State,sd,2013,52,2.21993,2.21993,,,0,,,,86,24,3874
State,sd,2014,1,2.19493,2.19493,,,0,,,,109,24,4966
State,sd,2014,2,2.27707,2.27707,,,0,,,,131,24,5753
State,sd,2014,3,1.72071,1.72071,,,0,,,,104,24,6044
State,sd,2014,4,1.90963,1.90963,,,0,,,,112,24,5865
State,sd,2014,5,2.2584,2.2584,,,0,,,,129,24,5712
State,sd,2014,6,1.97139,1.97139,,,0,,,,113,24,5732
State,sd,2014,7,1.9942,1.9942,,,0,,,,110,24,5516
State,sd,2014,8,1.83036,1.83036,,,0,,,,112,24,6119
State,sd,2014,9,1.52961,1.52961,,,0,,,,93,24,6080
State,sd,2014,10,2.00293,2.00293,,,0,,,,123,24,6141
State,sd,2014,11,1.07623,1.07623,,,0,,,,60,24,5575
State,sd,2014,12,0.899719,0.899719,,,0,,,,48,24,5335
State,sd,2014,13,0.990268,0.990268,,,0,,,,58,24,5857
State,sd,2014,14,0.845706,0.845706,,,0,,,,45,23,5321
State,sd,2014,15,0.925401,0.925401,,,0,,,,49,23,5295
State,sd,2014,16,0.799128,0.799128,,,0,,,,44,23,5506
State,sd,2014,17,1.02382,1.02382,,,0,,,,52,22,5079
State,sd,2014,18,0.9328,0.9328,,,0,,,,49,23,5253
State,sd,2014,19,1.41674,1.41674,,,0,,,,77,23,5435
State,sd,2014,20,1.03228,1.03228,,,0,,,,55,23,5328
State,sd,2014,21,0.779365,0.779365,,,0,,,,42,23,5389
State,sd,2014,22,0.792317,0.792317,,,0,,,,33,23,4165
State,sd,2014,23,0.44287,0.44287,,,0,,,,20,23,4516
State,sd,2014,24,0.636402,0.636402,,,0,,,,30,23,4714
State,sd,2014,25,0.46786,0.46786,,,0,,,,23,23,4916
State,sd,2014,26,0.715252,0.715252,,,0,,,,37,23,5173
State,sd,2014,27,0.304378,0.304378,,,0,,,,13,23,4271
State,sd,2014,28,0.485044,0.485044,,,0,,,,24,23,4948
State,sd,2014,29,0.426605,0.426605,,,0,,,,22,23,5157
State,sd,2014,30,0.720034,0.720034,,,0,,,,34,21,4722
State,sd,2014,31,0.538933,0.538933,,,0,,,,29,23,5381
State,sd,2014,32,0.61127,0.61127,,,0,,,,32,22,5235
State,sd,2014,33,0.550426,0.550426,,,0,,,,31,22,5632
State,sd,2014,34,0.61479,0.61479,,,0,,,,35,22,5693
State,sd,2014,35,0.629746,0.629746,,,0,,,,34,22,5399
State,sd,2014,36,0.777568,0.777568,,,0,,,,33,22,4244
State,sd,2014,37,0.766363,0.766363,,,0,,,,37,21,4828
State,sd,2014,38,0.668392,0.668392,,,0,,,,31,21,4638
State,sd,2014,39,0.729108,0.729108,,,0,,,,26,21,3566
State,sd,2014,40,0.820531,0.820531,,,0,,,,47,24,5728
State,sd,2014,41,0.781793,0.781793,,,0,,,,45,24,5756
State,sd,2014,42,0.844231,0.844231,,,0,,,,51,24,6041
State,sd,2014,43,1.0968,1.0968,,,0,,,,63,24,5744
State,sd,2014,44,0.70514,0.70514,,,0,,,,38,23,5389
State,sd,2014,45,0.886767,0.886767,,,0,,,,52,24,5864
State,sd,2014,46,0.80292,0.80292,,,0,,,,44,24,5480
State,sd,2014,47,1.05989,1.05989,,,0,,,,63,24,5944
State,sd,2014,48,0.988986,0.988986,,,0,,,,44,24,4449
State,sd,2014,49,0.865434,0.865434,,,0,,,,51,25,5893
State,sd,2014,50,1.4311,1.4311,,,0,,,,81,24,5660
State,sd,2014,51,1.84594,1.84594,,,0,,,,104,24,5634
State,sd,2014,52,3.01887,3.01887,,,0,,,,120,24,3975
State,sd,2014,53,2.82456,2.82456,,,0,,,,161,25,5700
State,sd,2015,1,2.52855,2.52855,,,0,,,,155,25,6130
State,sd,2015,2,3.21231,3.21231,,,0,,,,215,25,6693
State,sd,2015,3,3.34881,3.34881,,,0,,,,202,24,6032
State,sd,2015,4,2.33674,2.33674,,,0,,,,151,24,6462
State,sd,2015,5,2.15794,2.15794,,,0,,,,141,24,6534
State,sd,2015,6,2.36007,2.36007,,,0,,,,148,24,6271
State,sd,2015,7,1.87772,1.87772,,,0,,,,121,23,6444
State,sd,2015,8,1.9298,1.9298,,,0,,,,127,24,6581
State,sd,2015,9,1.68624,1.68624,,,0,,,,112,24,6642
State,sd,2015,10,1.51797,1.51797,,,0,,,,98,23,6456
State,sd,2015,11,1.13311,1.13311,,,0,,,,83,24,7325
State,sd,2015,12,1.44533,1.44533,,,0,,,,101,23,6988
State,sd,2015,13,1.40903,1.40903,,,0,,,,102,24,7239
State,sd,2015,14,1.05526,1.05526,,,0,,,,76,24,7202
State,sd,2015,15,1.0287,1.0287,,,0,,,,76,24,7388
State,sd,2015,16,1.01868,1.01868,,,0,,,,72,24,7068
State,sd,2015,17,0.991005,0.991005,,,0,,,,65,24,6559
State,sd,2015,18,0.630613,0.630613,,,0,,,,33,23,5233
State,sd,2015,19,0.548619,0.548619,,,0,,,,29,24,5286
State,sd,2015,20,0.589787,0.589787,,,0,,,,38,24,6443
State,sd,2015,21,0.506639,0.506639,,,0,,,,29,23,5724
State,sd,2015,22,0.707034,0.707034,,,0,,,,39,23,5516
State,sd,2015,23,0.576959,0.576959,,,0,,,,31,23,5373
State,sd,2015,24,0.376614,0.376614,,,0,,,,21,22,5576
State,sd,2015,25,0.553097,0.553097,,,0,,,,30,22,5424
State,sd,2015,26,0.977836,0.977836,,,0,,,,45,22,4602
State,sd,2015,27,0.578574,0.578574,,,0,,,,31,22,5358
State,sd,2015,28,0.653717,0.653717,,,0,,,,35,22,5354
State,sd,2015,29,0.576488,0.576488,,,0,,,,28,22,4857
State,sd,2015,30,0.520729,0.520729,,,0,,,,26,22,4993
State,sd,2015,31,0.525465,0.525465,,,0,,,,26,22,4948
State,sd,2015,32,0.568855,0.568855,,,0,,,,24,20,4219
State,sd,2015,33,0.541176,0.541176,,,0,,,,23,18,4250
State,sd,2015,34,0.892374,0.892374,,,0,,,,33,18,3698
State,sd,2015,35,0.601464,0.601464,,,0,,,,23,18,3824
State,sd,2015,36,0.816565,0.816565,,,0,,,,28,18,3429
State,sd,2015,37,0.584795,0.584795,,,0,,,,3,2,513
State,sd,2015,38,0.204082,0.204082,,,0,,,,1,2,490
State,sd,2015,39,0.34662,0.34662,,,0,,,,2,2,577
State,sd,2015,40,0.981962,0.981962,,,0,,,,92,34,9369
State,sd,2015,41,0.928495,0.928495,,,0,,,,87,34,9370
State,sd,2015,42,0.818172,0.818172,,,0,,,,76,34,9289
State,sd,2015,43,1.01793,1.01793,,,0,,,,88,33,8645
State,sd,2015,44,1.20166,1.20166,,,0,,,,110,34,9154
State,sd,2015,45,1.09203,1.09203,,,0,,,,96,34,8791
State,sd,2015,46,1.05796,1.05796,,,0,,,,94,34,8885
State,sd,2015,47,1.50154,1.50154,,,0,,,,112,34,7459
State,sd,2015,48,1.21327,1.21327,,,0,,,,102,33,8407
State,sd,2015,49,1.22345,1.22345,,,0,,,,110,34,8991
State,sd,2015,50,1.36701,1.36701,,,0,,,,118,34,8632
State,sd,2015,51,1.75747,1.75747,,,0,,,,120,34,6828
State,sd,2015,52,1.4567,1.4567,,,0,,,,108,34,7414
State,sd,2016,1,1.50217,1.50217,,,0,,,,135,33,8987
State,sd,2016,2,1.5884,1.5884,,,0,,,,138,34,8688
State,sd,2016,3,1.84008,1.84008,,,0,,,,165,34,8967
State,sd,2016,4,1.59929,1.59929,,,0,,,,144,34,9004
State,sd,2016,5,2.06847,2.06847,,,0,,,,174,33,8412
State,sd,2016,6,2.9212,2.9212,,,0,,,,258,34,8832
State,sd,2016,7,2.56379,2.56379,,,0,,,,210,33,8191
State,sd,2016,8,2.42168,2.42168,,,0,,,,235,32,9704
State,sd,2016,9,2.11684,2.11684,,,0,,,,204,33,9637
State,sd,2016,10,2.49142,2.49142,,,0,,,,225,33,9031
State,sd,2016,11,1.92438,1.92438,,,0,,,,170,32,8834
State,sd,2016,12,2.1174,2.1174,,,0,,,,180,32,8501
State,sd,2016,13,1.78571,1.78571,,,0,,,,157,34,8792
State,sd,2016,14,1.69799,1.69799,,,0,,,,159,34,9364
State,sd,2016,15,1.66091,1.66091,,,0,,,,149,33,8971
State,sd,2016,16,1.41355,1.41355,,,0,,,,125,33,8843
State,sd,2016,17,1.17495,1.17495,,,0,,,,100,34,8511
State,sd,2016,18,1.11691,1.11691,,,0,,,,92,33,8237
State,sd,2016,19,1.00658,1.00658,,,0,,,,78,33,7749
State,sd,2016,20,1.17338,1.17338,,,0,,,,76,32,6477
State,sd,2016,21,1.15304,1.15304,,,0,,,,55,24,4770
State,sd,2016,22,1.2607,1.2607,,,0,,,,53,24,4204
State,sd,2016,23,0.8581,0.8581,,,0,,,,41,25,4778
State,sd,2016,24,0.808566,0.808566,,,0,,,,37,24,4576
State,sd,2016,25,0.60733,0.60733,,,0,,,,29,22,4775
State,sd,2016,26,0.724977,0.724977,,,0,,,,31,24,4276
State,sd,2016,27,1.10858,1.10858,,,0,,,,34,20,3067
State,sd,2016,28,0.583303,0.583303,,,0,,,,32,24,5486
State,sd,2016,29,0.599377,0.599377,,,0,,,,25,22,4171
State,sd,2016,30,0.677679,0.677679,,,0,,,,32,23,4722
State,sd,2016,31,0.450635,0.450635,,,0,,,,22,25,4882
State,sd,2016,32,0.582969,0.582969,,,0,,,,28,25,4803
State,sd,2016,33,0.649351,0.649351,,,0,,,,34,25,5236
State,sd,2016,34,0.889068,0.889068,,,0,,,,44,25,4949
State,sd,2016,35,0.524299,0.524299,,,0,,,,26,25,4959
State,sd,2016,36,0.91721,0.91721,,,0,,,,38,24,4143
State,sd,2016,37,0.864232,0.864232,,,0,,,,31,19,3587
State,sd,2016,38,1.09503,1.09503,,,0,,,,59,25,5388
State,sd,2016,39,1.04486,1.04486,,,0,,,,58,25,5551
State,sd,2016,40,0.90833,0.90833,,,0,,,,76,33,8367
State,sd,2016,41,1.04034,1.04034,,,0,,,,90,33,8651
State,sd,2016,42,0.826166,0.826166,,,0,,,,73,33,8836
State,sd,2016,43,1.11313,1.11313,,,0,,,,98,33,8804
State,sd,2016,44,0.981892,0.981892,,,0,,,,77,33,7842
State,sd,2016,45,1.08992,1.08992,,,0,,,,96,34,8808
State,sd,2016,46,1.37518,1.37518,,,0,,,,117,34,8508
State,sd,2016,47,1.2646,1.2646,,,0,,,,92,34,7275
State,sd,2016,48,1.25928,1.25928,,,0,,,,112,34,8894
State,sd,2016,49,0.993339,0.993339,,,0,,,,85,34,8557
State,sd,2016,50,1.05459,1.05459,,,0,,,,85,34,8060
State,sd,2016,51,1.35915,1.35915,,,0,,,,113,34,8314
State,sd,2016,52,1.41151,1.41151,,,0,,,,104,34,7368
State,sd,2017,1,1.69849,1.69849,,,0,,,,137,34,8066
State,sd,2017,2,1.88282,1.88282,,,0,,,,170,34,9029
State,sd,2017,3,2.57515,2.57515,,,0,,,,245,34,9514
State,sd,2017,4,3.25399,3.25399,,,0,,,,298,33,9158
State,sd,2017,5,4.05593,4.05593,,,0,,,,409,34,10084
State,sd,2017,6,4.90407,4.90407,,,0,,,,524,34,10685
State,sd,2017,7,4.54676,4.54676,,,0,,,,474,34,10425
State,sd,2017,8,3.39673,3.39673,,,0,,,,334,34,9833
State,sd,2017,9,2.58154,2.58154,,,0,,,,243,34,9413
State,sd,2017,10,2.47416,2.47416,,,0,,,,225,33,9094
State,sd,2017,11,2.65565,2.65565,,,0,,,,241,34,9075
State,sd,2017,12,1.9214,1.9214,,,0,,,,176,33,9160
State,sd,2017,13,1.79856,1.79856,,,0,,,,165,34,9174
State,sd,2017,14,1.73496,1.73496,,,0,,,,152,33,8761
State,sd,2017,15,1.45349,1.45349,,,0,,,,120,32,8256
State,sd,2017,16,1.02898,1.02898,,,0,,,,87,33,8455
State,sd,2017,17,1.33048,1.33048,,,0,,,,112,33,8418
State,sd,2017,18,0.867161,0.867161,,,0,,,,69,32,7957
State,sd,2017,19,0.998535,0.998535,,,0,,,,75,32,7511
State,sd,2017,20,0.648193,0.648193,,,0,,,,40,32,6171
State,sd,2017,21,0.874891,0.874891,,,0,,,,40,25,4572
State,sd,2017,22,0.390286,0.390286,,,0,,,,18,25,4612
State,sd,2017,23,0.447467,0.447467,,,0,,,,25,23,5587
State,sd,2017,24,0.250815,0.250815,,,0,,,,10,23,3987
State,sd,2017,25,0.38743,0.38743,,,0,,,,18,25,4646
State,sd,2017,26,0.380791,0.380791,,,0,,,,18,24,4727
State,sd,2017,27,0.657895,0.657895,,,0,,,,24,25,3648
State,sd,2017,28,0.699004,0.699004,,,0,,,,33,25,4721
State,sd,2017,29,0.560617,0.560617,,,0,,,,24,25,4281
State,sd,2017,30,0.500751,0.500751,,,0,,,,30,24,5991
State,sd,2017,31,0.444714,0.444714,,,0,,,,22,24,4947
State,sd,2017,32,0.339127,0.339127,,,0,,,,16,23,4718
State,sd,2017,33,0.557692,0.557692,,,0,,,,29,24,5200
State,sd,2017,34,0.509205,0.509205,,,0,,,,26,24,5106
State,sd,2017,35,0.87277,0.87277,,,0,,,,45,25,5156
State,sd,2017,36,0.745426,0.745426,,,0,,,,33,25,4427
State,sd,2017,37,0.922292,0.922292,,,0,,,,47,25,5096
State,sd,2017,38,0.700679,0.700679,,,0,,,,32,23,4567
State,sd,2017,39,0.947772,0.947772,,,0,,,,47,24,4959
State,sd,2017,40,1.322,1.322,,,0,,,,126,31,9531
State,sd,2017,41,1.42037,1.42037,,,0,,,,141,31,9927
State,sd,2017,42,1.59663,1.59663,,,0,,,,163,32,10209
State,sd,2017,43,1.85647,1.85647,,,0,,,,201,32,10827
State,sd,2017,44,1.87634,1.87634,,,0,,,,193,32,10286
State,sd,2017,45,2.30755,2.30755,,,0,,,,244,32,10574
State,sd,2017,46,2.72443,2.72443,,,0,,,,305,32,11195
State,sd,2017,47,2.2076,2.2076,,,0,,,,198,32,8969
State,sd,2017,48,2.13715,2.13715,,,0,,,,230,31,10762
State,sd,2017,49,2.11987,2.11987,,,0,,,,220,32,10378
State,sd,2017,50,2.09188,2.09188,,,0,,,,209,30,9991
State,sd,2017,51,2.53222,2.53222,,,0,,,,277,32,10939
State,sd,2017,52,3.45696,3.45696,,,0,,,,302,32,8736
State,tn,2010,40,0.274655,0.274655,,,0,,,,32,52,11651
State,tn,2010,41,0.499492,0.499492,,,0,,,,59,50,11812
State,tn,2010,42,0.49955,0.49955,,,0,,,,61,50,12211
State,tn,2010,43,0.401638,0.401638,,,0,,,,51,52,12698
State,tn,2010,44,0.528096,0.528096,,,0,,,,64,51,12119
State,tn,2010,45,0.593704,0.593704,,,0,,,,76,53,12801
State,tn,2010,46,0.676526,0.676526,,,0,,,,86,51,12712
State,tn,2010,47,0.821849,0.821849,,,0,,,,65,53,7909
State,tn,2010,48,0.805777,0.805777,,,0,,,,106,54,13155
State,tn,2010,49,1.10577,1.10577,,,0,,,,122,50,11033
State,tn,2010,50,1.37845,1.37845,,,0,,,,121,51,8778
State,tn,2010,51,2.36079,2.36079,,,0,,,,145,49,6142
State,tn,2010,52,2.74332,2.74332,,,0,,,,188,50,6853
State,tn,2011,1,1.69993,1.69993,,,0,,,,178,52,10471
State,tn,2011,2,2.72602,2.72602,,,0,,,,237,50,8694
State,tn,2011,3,3.6452,3.6452,,,0,,,,390,53,10699
State,tn,2011,4,5.15049,5.15049,,,0,,,,652,52,12659
State,tn,2011,5,6.39836,6.39836,,,0,,,,841,52,13144
State,tn,2011,6,6.27479,6.27479,,,0,,,,791,55,12606
State,tn,2011,7,5.97049,5.97049,,,0,,,,781,51,13081
State,tn,2011,8,3.57057,3.57057,,,0,,,,446,51,12491
State,tn,2011,9,3.15196,3.15196,,,0,,,,369,50,11707
State,tn,2011,10,2.14712,2.14712,,,0,,,,223,51,10386
State,tn,2011,11,1.58316,1.58316,,,0,,,,176,50,11117
State,tn,2011,12,0.632749,0.632749,,,0,,,,74,51,11695
State,tn,2011,13,0.76575,0.76575,,,0,,,,88,51,11492
State,tn,2011,14,0.703437,0.703437,,,0,,,,88,50,12510
State,tn,2011,15,0.55213,0.55213,,,0,,,,60,50,10867
State,tn,2011,16,0.575935,0.575935,,,0,,,,65,53,11286
State,tn,2011,17,0.385999,0.385999,,,0,,,,44,53,11399
State,tn,2011,18,0.108425,0.108425,,,0,,,,10,49,9223
State,tn,2011,19,0.0807475,0.0807475,,,0,,,,7,50,8669
State,tn,2011,20,0.0551876,0.0551876,,,0,,,,5,49,9060
State,tn,2011,21,0.0248201,0.0248201,,,0,,,,2,47,8058
State,tn,2011,22,0.0283006,0.0283006,,,0,,,,2,51,7067
State,tn,2011,23,0.0731172,0.0731172,,,0,,,,6,48,8206
State,tn,2011,24,0.0276167,0.0276167,,,0,,,,2,48,7242
State,tn,2011,25,0.0375141,0.0375141,,,0,,,,3,50,7997
State,tn,2011,26,0.0131216,0.0131216,,,0,,,,1,47,7621
State,tn,2011,27,0.0176149,0.0176149,,,0,,,,1,45,5677
State,tn,2011,28,0.0123153,0.0123153,,,0,,,,1,49,8120
State,tn,2011,29,0.0131406,0.0131406,,,0,,,,1,49,7610
State,tn,2011,30,0.0,0.0,,,0,,,,0,45,7445
State,tn,2011,31,0.0244828,0.0244828,,,0,,,,2,50,8169
State,tn,2011,32,0.0232019,0.0232019,,,0,,,,2,51,8620
State,tn,2011,33,0.0623377,0.0623377,,,0,,,,6,50,9625
State,tn,2011,34,0.069993,0.069993,,,0,,,,7,51,10001
State,tn,2011,35,0.141898,0.141898,,,0,,,,15,50,10571
State,tn,2011,36,0.179662,0.179662,,,0,,,,15,49,8349
State,tn,2011,37,0.28157,0.28157,,,0,,,,33,52,11720
State,tn,2011,38,0.3606,0.3606,,,0,,,,38,51,10538
State,tn,2011,39,0.42677,0.42677,,,0,,,,44,49,10310
State,tn,2011,40,0.432601,0.432601,,,0,,,,50,49,11558
State,tn,2011,41,0.399626,0.399626,,,0,,,,47,49,11761
State,tn,2011,42,0.383643,0.383643,,,0,,,,44,51,11469
State,tn,2011,43,0.546111,0.546111,,,0,,,,62,49,11353
State,tn,2011,44,0.481309,0.481309,,,0,,,,60,53,12466
State,tn,2011,45,0.792317,0.792317,,,0,,,,99,54,12495
State,tn,2011,46,0.540284,0.540284,,,0,,,,57,48,10550
State,tn,2011,47,0.886824,0.886824,,,0,,,,63,54,7104
State,tn,2011,48,0.557509,0.557509,,,0,,,,65,55,11659
State,tn,2011,49,0.968213,0.968213,,,0,,,,106,53,10948
State,tn,2011,50,0.557461,0.557461,,,0,,,,52,49,9328
State,tn,2011,51,0.499792,0.499792,,,0,,,,36,50,7203
State,tn,2011,52,0.871586,0.871586,,,0,,,,45,47,5163
State,tn,2012,1,0.733628,0.733628,,,0,,,,68,55,9269
State,tn,2012,2,0.732759,0.732759,,,0,,,,85,51,11600
State,tn,2012,3,1.12704,1.12704,,,0,,,,125,53,11091
State,tn,2012,4,1.19528,1.19528,,,0,,,,154,53,12884
State,tn,2012,5,0.837799,0.837799,,,0,,,,111,53,13249
State,tn,2012,6,1.21736,1.21736,,,0,,,,145,52,11911
State,tn,2012,7,1.53065,1.53065,,,0,,,,196,55,12805
State,tn,2012,8,1.71779,1.71779,,,0,,,,224,57,13040
State,tn,2012,9,1.70906,1.70906,,,0,,,,215,56,12580
State,tn,2012,10,1.78885,1.78885,,,0,,,,204,55,11404
State,tn,2012,11,2.67709,2.67709,,,0,,,,322,55,12028
State,tn,2012,12,1.6463,1.6463,,,0,,,,194,53,11784
State,tn,2012,13,0.871651,0.871651,,,0,,,,109,54,12505
State,tn,2012,14,0.721431,0.721431,,,0,,,,75,54,10396
State,tn,2012,15,0.942408,0.942408,,,0,,,,117,54,12415
State,tn,2012,16,0.439858,0.439858,,,0,,,,52,55,11822
State,tn,2012,17,0.465196,0.465196,,,0,,,,54,53,11608
State,tn,2012,18,0.72657,0.72657,,,0,,,,79,52,10873
State,tn,2012,19,0.316957,0.316957,,,0,,,,32,52,10096
State,tn,2012,20,0.479094,0.479094,,,0,,,,44,51,9184
State,tn,2012,21,0.593097,0.593097,,,0,,,,61,56,10285
State,tn,2012,22,0.48022,0.48022,,,0,,,,42,54,8746
State,tn,2012,23,0.444123,0.444123,,,0,,,,43,53,9682
State,tn,2012,24,0.0679964,0.0679964,,,0,,,,6,51,8824
State,tn,2012,25,0.583759,0.583759,,,0,,,,56,53,9593
State,tn,2012,26,0.521574,0.521574,,,0,,,,44,51,8436
State,tn,2012,27,0.42678,0.42678,,,0,,,,32,53,7498
State,tn,2012,28,0.0591017,0.0591017,,,0,,,,5,50,8460
State,tn,2012,29,0.0,0.0,,,0,,,,0,49,8327
State,tn,2012,30,0.237476,0.237476,,,0,,,,21,52,8843
State,tn,2012,31,0.0628141,0.0628141,,,0,,,,5,51,7960
State,tn,2012,32,0.0379603,0.0379603,,,0,,,,3,50,7903
State,tn,2012,33,0.445736,0.445736,,,0,,,,46,53,10320
State,tn,2012,34,0.269639,0.269639,,,0,,,,30,53,11126
State,tn,2012,35,0.272633,0.272633,,,0,,,,29,51,10637
State,tn,2012,36,0.752309,0.752309,,,0,,,,79,52,10501
State,tn,2012,37,0.124399,0.124399,,,0,,,,15,51,12058
State,tn,2012,38,0.266129,0.266129,,,0,,,,33,54,12400
State,tn,2012,39,0.332657,0.332657,,,0,,,,41,52,12325
State,tn,2012,40,0.4004,0.4004,,,0,,,,44,50,10989
State,tn,2012,41,0.492271,0.492271,,,0,,,,50,48,10157
State,tn,2012,42,1.13016,1.13016,,,0,,,,118,49,10441
State,tn,2012,43,0.945958,0.945958,,,0,,,,108,51,11417
State,tn,2012,44,1.13824,1.13824,,,0,,,,131,54,11509
State,tn,2012,45,1.47361,1.47361,,,0,,,,172,53,11672
State,tn,2012,46,1.87212,1.87212,,,0,,,,183,50,9775
State,tn,2012,47,4.44269,4.44269,,,0,,,,338,56,7608
State,tn,2012,48,3.13324,3.13324,,,0,,,,416,60,13277
State,tn,2012,49,5.42548,5.42548,,,0,,,,716,58,13197
State,tn,2012,50,6.05845,6.05845,,,0,,,,597,54,9854
State,tn,2012,51,6.13868,6.13868,,,0,,,,517,49,8422
State,tn,2012,52,8.32991,8.32991,,,0,,,,406,53,4874
State,tn,2013,1,6.8863,6.8863,,,0,,,,556,61,8074
State,tn,2013,2,4.13007,4.13007,,,0,,,,522,57,12639
State,tn,2013,3,2.97487,2.97487,,,0,,,,322,49,10824
State,tn,2013,4,1.8338,1.8338,,,0,,,,175,52,9543
State,tn,2013,5,2.67506,2.67506,,,0,,,,306,53,11439
State,tn,2013,6,2.21057,2.21057,,,0,,,,253,55,11445
State,tn,2013,7,2.91918,2.91918,,,0,,,,363,58,12435
State,tn,2013,8,1.92291,1.92291,,,0,,,,221,53,11493
State,tn,2013,9,1.63353,1.63353,,,0,,,,175,50,10713
State,tn,2013,10,2.75723,2.75723,,,0,,,,287,55,10409
State,tn,2013,11,1.65702,1.65702,,,0,,,,166,49,10018
State,tn,2013,12,1.39777,1.39777,,,0,,,,153,48,10946
State,tn,2013,13,1.5576,1.5576,,,0,,,,144,54,9245
State,tn,2013,14,0.909323,0.909323,,,0,,,,107,55,11767
State,tn,2013,15,0.906748,0.906748,,,0,,,,95,52,10477
State,tn,2013,16,0.492706,0.492706,,,0,,,,51,52,10351
State,tn,2013,17,0.492424,0.492424,,,0,,,,52,52,10560
State,tn,2013,18,0.276696,0.276696,,,0,,,,27,49,9758
State,tn,2013,19,0.205181,0.205181,,,0,,,,16,48,7798
State,tn,2013,20,0.140193,0.140193,,,0,,,,10,46,7133
State,tn,2013,21,0.0904977,0.0904977,,,0,,,,7,50,7735
State,tn,2013,22,0.0904568,0.0904568,,,0,,,,6,48,6633
State,tn,2013,23,0.0473429,0.0473429,,,0,,,,4,46,8449
State,tn,2013,24,0.117495,0.117495,,,0,,,,10,52,8511
State,tn,2013,25,0.0915152,0.0915152,,,0,,,,7,49,7649
State,tn,2013,26,0.0367782,0.0367782,,,0,,,,3,51,8157
State,tn,2013,27,0.0,0.0,,,0,,,,0,47,5845
State,tn,2013,28,0.0113559,0.0113559,,,0,,,,1,49,8806
State,tn,2013,29,0.0112651,0.0112651,,,0,,,,1,51,8877
State,tn,2013,30,0.0221558,0.0221558,,,0,,,,2,49,9027
State,tn,2013,31,0.0222247,0.0222247,,,0,,,,2,52,8999
State,tn,2013,32,0.0231401,0.0231401,,,0,,,,2,49,8643
State,tn,2013,33,0.0590179,0.0590179,,,0,,,,5,48,8472
State,tn,2013,34,0.0963763,0.0963763,,,0,,,,10,49,10376
State,tn,2013,35,0.15842,0.15842,,,0,,,,17,50,10731
State,tn,2013,36,0.0511143,0.0511143,,,0,,,,5,50,9782
State,tn,2013,37,0.149659,0.149659,,,0,,,,16,47,10691
State,tn,2013,38,0.16802,0.16802,,,0,,,,18,48,10713
State,tn,2013,39,0.255924,0.255924,,,0,,,,27,48,10550
State,tn,2013,40,0.292969,0.292969,,,0,,,,30,52,10240
State,tn,2013,41,0.245376,0.245376,,,0,,,,26,51,10596
State,tn,2013,42,0.323485,0.323485,,,0,,,,30,51,9274
State,tn,2013,43,0.260769,0.260769,,,0,,,,27,49,10354
State,tn,2013,44,0.294748,0.294748,,,0,,,,33,52,11196
State,tn,2013,45,0.370059,0.370059,,,0,,,,44,54,11890
State,tn,2013,46,0.492741,0.492741,,,0,,,,56,55,11365
State,tn,2013,47,0.869565,0.869565,,,0,,,,94,52,10810
State,tn,2013,48,1.14943,1.14943,,,0,,,,69,53,6003
State,tn,2013,49,1.74569,1.74569,,,0,,,,176,51,10082
State,tn,2013,50,1.72207,1.72207,,,0,,,,172,53,9988
State,tn,2013,51,3.19221,3.19221,,,0,,,,282,52,8834
State,tn,2013,52,7.30007,7.30007,,,0,,,,335,50,4589
State,tn,2014,1,6.56244,6.56244,,,0,,,,361,53,5501
State,tn,2014,2,5.68428,5.68428,,,0,,,,525,52,9236
State,tn,2014,3,5.08926,5.08926,,,0,,,,573,51,11259
State,tn,2014,4,4.22368,4.22368,,,0,,,,392,53,9281
State,tn,2014,5,3.23936,3.23936,,,0,,,,316,54,9755
State,tn,2014,6,3.12792,3.12792,,,0,,,,301,52,9623
State,tn,2014,7,2.31049,2.31049,,,0,,,,210,53,9089
State,tn,2014,8,1.50353,1.50353,,,0,,,,145,51,9644
State,tn,2014,9,1.38577,1.38577,,,0,,,,148,52,10680
State,tn,2014,10,1.6397,1.6397,,,0,,,,150,50,9148
State,tn,2014,11,1.03913,1.03913,,,0,,,,94,50,9046
State,tn,2014,12,1.14592,1.14592,,,0,,,,109,50,9512
State,tn,2014,13,1.22101,1.22101,,,0,,,,119,51,9746
State,tn,2014,14,0.406298,0.406298,,,0,,,,40,53,9845
State,tn,2014,15,0.411799,0.411799,,,0,,,,43,50,10442
State,tn,2014,16,0.189499,0.189499,,,0,,,,17,52,8971
State,tn,2014,17,0.202061,0.202061,,,0,,,,20,51,9898
State,tn,2014,18,0.146612,0.146612,,,0,,,,14,49,9549
State,tn,2014,19,0.157693,0.157693,,,0,,,,14,51,8878
State,tn,2014,20,0.130548,0.130548,,,0,,,,10,50,7660
State,tn,2014,21,0.145278,0.145278,,,0,,,,12,51,8260
State,tn,2014,22,0.0886132,0.0886132,,,0,,,,6,53,6771
State,tn,2014,23,0.091348,0.091348,,,0,,,,7,52,7663
State,tn,2014,24,0.0770416,0.0770416,,,0,,,,6,50,7788
State,tn,2014,25,0.0535117,0.0535117,,,0,,,,4,48,7475
State,tn,2014,26,0.0364299,0.0364299,,,0,,,,3,52,8235
State,tn,2014,27,0.0614156,0.0614156,,,0,,,,4,52,6513
State,tn,2014,28,0.0357953,0.0357953,,,0,,,,3,52,8381
State,tn,2014,29,0.0229964,0.0229964,,,0,,,,2,52,8697
State,tn,2014,30,0.0248201,0.0248201,,,0,,,,2,51,8058
State,tn,2014,31,0.0844187,0.0844187,,,0,,,,7,51,8292
State,tn,2014,32,0.121968,0.121968,,,0,,,,9,47,7379
State,tn,2014,33,0.0455529,0.0455529,,,0,,,,4,49,8781
State,tn,2014,34,0.15021,0.15021,,,0,,,,15,51,9986
State,tn,2014,35,0.141924,0.141924,,,0,,,,15,50,10569
State,tn,2014,36,0.179553,0.179553,,,0,,,,16,48,8911
State,tn,2014,37,0.17507,0.17507,,,0,,,,20,52,11424
State,tn,2014,38,0.20241,0.20241,,,0,,,,21,49,10375
State,tn,2014,39,0.135253,0.135253,,,0,,,,14,47,10351
State,tn,2014,40,0.235632,0.235632,,,0,,,,23,48,9761
State,tn,2014,41,0.468272,0.468272,,,0,,,,49,48,10464
State,tn,2014,42,0.5426,0.5426,,,0,,,,47,46,8662
State,tn,2014,43,0.786283,0.786283,,,0,,,,83,48,10556
State,tn,2014,44,0.83815,0.83815,,,0,,,,87,48,10380
State,tn,2014,45,1.02956,1.02956,,,0,,,,109,47,10587
State,tn,2014,46,0.960792,0.960792,,,0,,,,99,49,10304
State,tn,2014,47,0.846763,0.846763,,,0,,,,93,49,10983
State,tn,2014,48,1.20203,1.20203,,,0,,,,78,47,6489
State,tn,2014,49,2.09419,2.09419,,,0,,,,225,51,10744
State,tn,2014,50,3.20519,3.20519,,,0,,,,341,51,10639
State,tn,2014,51,4.54309,4.54309,,,0,,,,349,47,7682
State,tn,2014,52,8.03229,8.03229,,,0,,,,398,48,4955
State,tn,2014,53,6.78288,6.78288,,,0,,,,428,51,6310
State,tn,2015,1,5.80371,5.80371,,,0,,,,560,49,9649
State,tn,2015,2,3.20806,3.20806,,,0,,,,344,52,10723
State,tn,2015,3,3.76675,3.76675,,,0,,,,385,54,10221
State,tn,2015,4,4.02164,4.02164,,,0,,,,446,50,11090
State,tn,2015,5,3.66886,3.66886,,,0,,,,390,51,10630
State,tn,2015,6,2.28963,2.28963,,,0,,,,237,47,10351
State,tn,2015,7,1.50363,1.50363,,,0,,,,87,51,5786
State,tn,2015,8,1.19978,1.19978,,,0,,,,89,45,7418
State,tn,2015,9,1.94798,1.94798,,,0,,,,170,49,8727
State,tn,2015,10,0.769849,0.769849,,,0,,,,67,48,8703
State,tn,2015,11,0.922251,0.922251,,,0,,,,79,48,8566
State,tn,2015,12,0.627782,0.627782,,,0,,,,55,46,8761
State,tn,2015,13,0.551171,0.551171,,,0,,,,44,46,7983
State,tn,2015,14,0.414056,0.414056,,,0,,,,37,45,8936
State,tn,2015,15,0.388394,0.388394,,,0,,,,34,46,8754
State,tn,2015,16,0.269476,0.269476,,,0,,,,22,44,8164
State,tn,2015,17,0.28772,0.28772,,,0,,,,25,48,8689
State,tn,2015,18,0.262796,0.262796,,,0,,,,21,45,7991
State,tn,2015,19,0.984157,0.984157,,,0,,,,82,57,8332
State,tn,2015,20,0.908465,0.908465,,,0,,,,66,55,7265
State,tn,2015,21,0.950008,0.950008,,,0,,,,61,55,6421
State,tn,2015,22,0.595817,0.595817,,,0,,,,49,61,8224
State,tn,2015,23,0.0757193,0.0757193,,,0,,,,6,58,7924
State,tn,2015,24,0.0673401,0.0673401,,,0,,,,5,57,7425
State,tn,2015,25,0.17567,0.17567,,,0,,,,12,54,6831
State,tn,2015,26,0.149522,0.149522,,,0,,,,10,59,6688
State,tn,2015,27,0.0541638,0.0541638,,,0,,,,4,56,7385
State,tn,2015,28,0.152102,0.152102,,,0,,,,11,57,7232
State,tn,2015,29,0.0944797,0.0944797,,,0,,,,7,57,7409
State,tn,2015,30,0.102354,0.102354,,,0,,,,8,58,7816
State,tn,2015,31,0.128123,0.128123,,,0,,,,10,56,7805
State,tn,2015,32,0.193963,0.193963,,,0,,,,16,57,8249
State,tn,2015,33,0.208899,0.208899,,,0,,,,20,57,9574
State,tn,2015,34,0.292015,0.292015,,,0,,,,29,51,9931
State,tn,2015,35,0.439711,0.439711,,,0,,,,45,55,10234
State,tn,2015,36,0.58651,0.58651,,,0,,,,52,54,8866
State,tn,2015,37,0.637301,0.637301,,,0,,,,68,55,10670
State,tn,2015,38,0.596986,0.596986,,,0,,,,61,54,10218
State,tn,2015,39,0.411219,0.411219,,,0,,,,39,51,9484
State,tn,2015,40,0.734619,0.734619,,,0,,,,72,53,9801
State,tn,2015,41,0.604789,0.604789,,,0,,,,49,51,8102
State,tn,2015,42,0.757878,0.757878,,,0,,,,76,55,10028
State,tn,2015,43,0.642475,0.642475,,,0,,,,54,51,8405
State,tn,2015,44,0.698991,0.698991,,,0,,,,79,57,11302
State,tn,2015,45,0.587774,0.587774,,,0,,,,60,55,10208
State,tn,2015,46,0.939368,0.939368,,,0,,,,110,57,11710
State,tn,2015,47,1.23581,1.23581,,,0,,,,86,53,6959
State,tn,2015,48,0.953007,0.953007,,,0,,,,87,50,9129
State,tn,2015,49,1.47238,1.47238,,,0,,,,109,47,7403
State,tn,2015,50,1.2089,1.2089,,,0,,,,100,50,8272
State,tn,2015,51,1.22811,1.22811,,,0,,,,61,53,4967
State,tn,2015,52,1.15248,1.15248,,,0,,,,52,50,4512
State,tn,2016,1,1.23172,1.23172,,,0,,,,112,54,9093
State,tn,2016,2,1.81601,1.81601,,,0,,,,152,52,8370
State,tn,2016,3,1.87742,1.87742,,,0,,,,121,53,6445
State,tn,2016,4,1.3291,1.3291,,,0,,,,134,53,10082
State,tn,2016,5,1.7164,1.7164,,,0,,,,176,55,10254
State,tn,2016,6,1.63431,1.63431,,,0,,,,149,53,9117
State,tn,2016,7,3.11609,3.11609,,,0,,,,284,51,9114
State,tn,2016,8,3.338,3.338,,,0,,,,358,54,10725
State,tn,2016,9,3.33087,3.33087,,,0,,,,361,55,10838
State,tn,2016,10,3.62272,3.62272,,,0,,,,396,57,10931
State,tn,2016,11,2.20175,2.20175,,,0,,,,184,51,8357
State,tn,2016,12,2.79813,2.79813,,,0,,,,210,51,7505
State,tn,2016,13,2.89898,2.89898,,,0,,,,295,58,10176
State,tn,2016,14,1.87846,1.87846,,,0,,,,200,56,10647
State,tn,2016,15,2.46828,2.46828,,,0,,,,249,55,10088
State,tn,2016,16,2.15215,2.15215,,,0,,,,230,56,10687
State,tn,2016,17,2.48082,2.48082,,,0,,,,249,57,10037
State,tn,2016,18,2.39991,2.39991,,,0,,,,211,55,8792
State,tn,2016,19,1.6918,1.6918,,,0,,,,138,54,8157
State,tn,2016,20,1.9096,1.9096,,,0,,,,158,53,8274
State,tn,2016,21,2.0209,2.0209,,,0,,,,147,50,7274
State,tn,2016,22,2.63069,2.63069,,,0,,,,155,50,5892
State,tn,2016,23,2.25254,2.25254,,,0,,,,142,50,6304
State,tn,2016,24,2.00154,2.00154,,,0,,,,130,49,6495
State,tn,2016,25,1.3655,1.3655,,,0,,,,90,49,6591
State,tn,2016,26,1.3735,1.3735,,,0,,,,88,51,6407
State,tn,2016,27,0.874954,0.874954,,,0,,,,48,50,5486
State,tn,2016,28,1.15235,1.15235,,,0,,,,86,53,7463
State,tn,2016,29,0.786794,0.786794,,,0,,,,51,49,6482
State,tn,2016,30,1.05929,1.05929,,,0,,,,82,52,7741
State,tn,2016,31,0.773949,0.773949,,,0,,,,53,47,6848
State,tn,2016,32,1.59193,1.59193,,,0,,,,120,51,7538
State,tn,2016,33,1.12704,1.12704,,,0,,,,103,52,9139
State,tn,2016,34,1.42315,1.42315,,,0,,,,150,53,10540
State,tn,2016,35,0.984378,0.984378,,,0,,,,92,46,9346
State,tn,2016,36,0.212585,0.212585,,,0,,,,15,44,7056
State,tn,2016,37,1.20764,1.20764,,,0,,,,124,52,10268
State,tn,2016,38,1.4904,1.4904,,,0,,,,146,51,9796
State,tn,2016,39,1.65425,1.65425,,,0,,,,151,45,9128
State,tn,2016,40,1.71033,1.71033,,,0,,,,158,49,9238
State,tn,2016,41,1.54795,1.54795,,,0,,,,133,51,8592
State,tn,2016,42,1.46531,1.46531,,,0,,,,143,51,9759
State,tn,2016,43,1.52313,1.52313,,,0,,,,162,52,10636
State,tn,2016,44,2.02179,2.02179,,,0,,,,206,50,10189
State,tn,2016,45,1.76655,1.76655,,,0,,,,163,52,9227
State,tn,2016,46,2.15979,2.15979,,,0,,,,226,52,10464
State,tn,2016,47,3.23104,3.23104,,,0,,,,239,54,7397
State,tn,2016,48,2.32558,2.32558,,,0,,,,243,55,10449
State,tn,2016,49,2.44096,2.44096,,,0,,,,246,56,10078
State,tn,2016,50,2.26017,2.26017,,,0,,,,180,53,7964
State,tn,2016,51,2.87308,2.87308,,,0,,,,206,51,7170
State,tn,2016,52,3.5409,3.5409,,,0,,,,174,53,4914
State,tn,2017,1,3.75696,3.75696,,,0,,,,290,55,7719
State,tn,2017,2,4.06364,4.06364,,,0,,,,424,56,10434
State,tn,2017,3,4.09586,4.09586,,,0,,,,417,57,10181
State,tn,2017,4,4.20838,4.20838,,,0,,,,433,55,10289
State,tn,2017,5,4.93514,4.93514,,,0,,,,544,57,11023
State,tn,2017,6,7.38839,7.38839,,,0,,,,892,57,12073
State,tn,2017,7,7.14343,7.14343,,,0,,,,883,60,12361
State,tn,2017,8,5.21413,5.21413,,,0,,,,515,53,9877
State,tn,2017,9,5.55114,5.55114,,,0,,,,628,54,11313
State,tn,2017,10,6.41042,6.41042,,,0,,,,507,54,7909
State,tn,2017,11,3.776,3.776,,,0,,,,325,53,8607
State,tn,2017,12,5.9162,5.9162,,,0,,,,617,52,10429
State,tn,2017,13,4.82229,4.82229,,,0,,,,540,54,11198
State,tn,2017,14,3.68483,3.68483,,,0,,,,376,53,10204
State,tn,2017,15,2.51517,2.51517,,,0,,,,228,53,9065
State,tn,2017,16,3.24539,3.24539,,,0,,,,310,54,9552
State,tn,2017,17,2.20617,2.20617,,,0,,,,223,56,10108
State,tn,2017,18,1.69245,1.69245,,,0,,,,151,51,8922
State,tn,2017,19,2.40078,2.40078,,,0,,,,196,51,8164
State,tn,2017,20,2.37948,2.37948,,,0,,,,193,53,8111
State,tn,2017,21,1.88483,1.88483,,,0,,,,145,50,7693
State,tn,2017,22,1.14744,1.14744,,,0,,,,73,48,6362
State,tn,2017,23,1.07509,1.07509,,,0,,,,65,48,6046
State,tn,2017,24,0.706618,0.706618,,,0,,,,52,51,7359
State,tn,2017,25,0.307287,0.307287,,,0,,,,21,48,6834
State,tn,2017,26,0.25555,0.25555,,,0,,,,16,46,6261
State,tn,2017,27,0.292337,0.292337,,,0,,,,14,42,4789
State,tn,2017,28,0.267872,0.267872,,,0,,,,16,42,5973
State,tn,2017,29,0.297899,0.297899,,,0,,,,19,46,6378
State,tn,2017,30,0.0453104,0.0453104,,,0,,,,3,48,6621
State,tn,2017,31,0.129744,0.129744,,,0,,,,8,42,6166
State,tn,2017,32,0.0893176,0.0893176,,,0,,,,5,43,5598
State,tn,2017,33,0.0504371,0.0504371,,,0,,,,3,41,5948
State,tn,2017,34,0.125063,0.125063,,,0,,,,10,48,7996
State,tn,2017,35,0.135639,0.135639,,,0,,,,12,45,8847
State,tn,2017,36,0.325415,0.325415,,,0,,,,30,51,9219
State,tn,2017,37,0.40542,0.40542,,,0,,,,38,47,9373
State,tn,2017,38,0.536553,0.536553,,,0,,,,48,43,8946
State,tn,2017,39,0.590129,0.590129,,,0,,,,55,44,9320
State,tn,2017,40,0.485437,0.485437,,,0,,,,46,50,9476
State,tn,2017,41,0.516129,0.516129,,,0,,,,48,54,9300
State,tn,2017,42,0.595094,0.595094,,,0,,,,49,49,8234
State,tn,2017,43,0.643559,0.643559,,,0,,,,57,47,8857
State,tn,2017,44,1.1645,1.1645,,,0,,,,111,47,9532
State,tn,2017,45,1.66189,1.66189,,,0,,,,174,54,10470
State,tn,2017,46,1.45126,1.45126,,,0,,,,138,49,9509
State,tn,2017,47,2.00841,2.00841,,,0,,,,129,49,6423
State,tn,2017,48,1.23239,1.23239,,,0,,,,126,48,10224
State,tn,2017,49,1.42824,1.42824,,,0,,,,123,45,8612
State,tn,2017,50,2.37249,2.37249,,,0,,,,207,44,8725
State,tn,2017,51,4.87661,4.87661,,,0,,,,330,43,6767
State,tn,2017,52,4.46826,4.46826,,,0,,,,221,47,4946
State,tx,2010,40,2.06514,2.06514,,,0,,,,1050,98,50844
State,tx,2010,41,2.09394,2.09394,,,0,,,,1061,97,50670
State,tx,2010,42,2.10072,2.10072,,,0,,,,1090,98,51887
State,tx,2010,43,2.20655,2.20655,,,0,,,,1117,96,50622
State,tx,2010,44,2.36381,2.36381,,,0,,,,1218,99,51527
State,tx,2010,45,2.51778,2.51778,,,0,,,,1310,97,52030
State,tx,2010,46,2.24622,2.24622,,,0,,,,1121,95,49906
State,tx,2010,47,2.59866,2.59866,,,0,,,,964,90,37096
State,tx,2010,48,2.56617,2.56617,,,0,,,,1273,93,49607
State,tx,2010,49,2.40335,2.40335,,,0,,,,1165,93,48474
State,tx,2010,50,2.84097,2.84097,,,0,,,,1350,88,47519
State,tx,2010,51,3.87315,3.87315,,,0,,,,1418,81,36611
State,tx,2010,52,3.40711,3.40711,,,0,,,,1293,81,37950
State,tx,2011,1,3.21248,3.21248,,,0,,,,1524,89,47440
State,tx,2011,2,4.05996,4.05996,,,0,,,,1950,89,48030
State,tx,2011,3,4.73202,4.73202,,,0,,,,2518,92,53212
State,tx,2011,4,5.93439,5.93439,,,0,,,,3381,97,56973
State,tx,2011,5,6.68052,6.68052,,,0,,,,3086,95,46194
State,tx,2011,6,8.12867,8.12867,,,0,,,,3280,91,40351
State,tx,2011,7,8.26519,8.26519,,,0,,,,4821,88,58329
State,tx,2011,8,6.66045,6.66045,,,0,,,,3641,90,54666
State,tx,2011,9,4.58565,4.58565,,,0,,,,2401,87,52359
State,tx,2011,10,3.68025,3.68025,,,0,,,,1784,82,48475
State,tx,2011,11,2.84749,2.84749,,,0,,,,1231,84,43231
State,tx,2011,12,3.1125,3.1125,,,0,,,,1082,82,34763
State,tx,2011,13,2.13536,2.13536,,,0,,,,968,79,45332
State,tx,2011,14,1.83216,1.83216,,,0,,,,827,79,45138
State,tx,2011,15,1.67025,1.67025,,,0,,,,770,83,46101
State,tx,2011,16,1.66212,1.66212,,,0,,,,683,70,41092
State,tx,2011,17,1.4454,1.4454,,,0,,,,605,70,41857
State,tx,2011,18,1.62718,1.62718,,,0,,,,662,61,40684
State,tx,2011,19,1.7883,1.7883,,,0,,,,730,68,40821
State,tx,2011,20,1.43878,1.43878,,,0,,,,574,64,39895
State,tx,2011,21,1.18284,1.18284,,,0,,,,459,56,38805
State,tx,2011,22,1.47219,1.47219,,,0,,,,487,55,33080
State,tx,2011,23,1.0381,1.0381,,,0,,,,391,51,37665
State,tx,2011,24,1.20398,1.20398,,,0,,,,434,51,36047
State,tx,2011,25,1.09499,1.09499,,,0,,,,378,49,34521
State,tx,2011,26,1.44139,1.44139,,,0,,,,323,47,22409
State,tx,2011,27,1.09916,1.09916,,,0,,,,333,47,30296
State,tx,2011,28,1.11008,1.11008,,,0,,,,384,46,34592
State,tx,2011,29,0.794791,0.794791,,,0,,,,260,45,32713
State,tx,2011,30,0.927915,0.927915,,,0,,,,298,44,32115
State,tx,2011,31,0.947032,0.947032,,,0,,,,317,45,33473
State,tx,2011,32,0.820541,0.820541,,,0,,,,302,43,36805
State,tx,2011,33,0.965857,0.965857,,,0,,,,372,45,38515
State,tx,2011,34,1.01165,1.01165,,,0,,,,388,45,38353
State,tx,2011,35,1.43408,1.43408,,,0,,,,550,47,38352
State,tx,2011,36,1.72981,1.72981,,,0,,,,557,44,32200
State,tx,2011,37,1.65811,1.65811,,,0,,,,591,44,35643
State,tx,2011,38,1.60235,1.60235,,,0,,,,568,42,35448
State,tx,2011,39,1.4147,1.4147,,,0,,,,510,45,36050
State,tx,2011,40,1.86712,1.86712,,,0,,,,772,71,41347
State,tx,2011,41,1.67872,1.67872,,,0,,,,692,70,41222
State,tx,2011,42,2.03903,2.03903,,,0,,,,792,73,38842
State,tx,2011,43,2.02721,2.02721,,,0,,,,833,71,41091
State,tx,2011,44,1.87592,1.87592,,,0,,,,768,71,40940
State,tx,2011,45,2.08825,2.08825,,,0,,,,876,72,41949
State,tx,2011,46,2.17252,2.17252,,,0,,,,915,68,42117
State,tx,2011,47,2.21466,2.21466,,,0,,,,722,70,32601
State,tx,2011,48,2.01649,2.01649,,,0,,,,802,67,39772
State,tx,2011,49,1.89337,1.89337,,,0,,,,608,65,32112
State,tx,2011,50,2.08667,2.08667,,,0,,,,781,66,37428
State,tx,2011,51,2.27904,2.27904,,,0,,,,779,63,34181
State,tx,2011,52,2.32308,2.32308,,,0,,,,713,65,30692
State,tx,2012,1,1.97471,1.97471,,,0,,,,745,71,37727
State,tx,2012,2,2.1558,2.1558,,,0,,,,859,72,39846
State,tx,2012,3,2.30727,2.30727,,,0,,,,923,70,40004
State,tx,2012,4,2.25494,2.25494,,,0,,,,899,72,39868
State,tx,2012,5,2.52889,2.52889,,,0,,,,1046,70,41362
State,tx,2012,6,2.65401,2.65401,,,0,,,,1124,70,42351
State,tx,2012,7,2.95371,2.95371,,,0,,,,1241,70,42015
State,tx,2012,8,3.23367,3.23367,,,0,,,,1141,70,35285
State,tx,2012,9,3.32506,3.32506,,,0,,,,1434,69,43127
State,tx,2012,10,2.87245,2.87245,,,0,,,,960,67,33421
State,tx,2012,11,3.59362,3.59362,,,0,,,,1278,67,35563
State,tx,2012,12,2.79685,2.79685,,,0,,,,1149,67,41082
State,tx,2012,13,2.7007,2.7007,,,0,,,,1057,64,39138
State,tx,2012,14,2.5217,2.5217,,,0,,,,947,62,37554
State,tx,2012,15,2.13492,2.13492,,,0,,,,851,61,39861
State,tx,2012,16,2.16547,2.16547,,,0,,,,842,60,38883
State,tx,2012,17,2.05988,2.05988,,,0,,,,765,59,37138
State,tx,2012,18,2.09649,2.09649,,,0,,,,737,57,35154
State,tx,2012,19,2.0889,2.0889,,,0,,,,751,57,35952
State,tx,2012,20,2.26203,2.26203,,,0,,,,750,55,33156
State,tx,2012,21,2.19944,2.19944,,,0,,,,781,53,35509
State,tx,2012,22,2.95784,2.95784,,,0,,,,611,49,20657
State,tx,2012,23,1.60563,1.60563,,,0,,,,552,49,34379
State,tx,2012,24,1.5692,1.5692,,,0,,,,520,50,33138
State,tx,2012,25,1.68002,1.68002,,,0,,,,539,48,32083
State,tx,2012,26,2.77603,2.77603,,,0,,,,572,48,20605
State,tx,2012,27,1.85638,1.85638,,,0,,,,516,48,27796
State,tx,2012,28,1.52724,1.52724,,,0,,,,467,43,30578
State,tx,2012,29,1.50484,1.50484,,,0,,,,471,44,31299
State,tx,2012,30,1.42374,1.42374,,,0,,,,438,45,30764
State,tx,2012,31,1.45901,1.45901,,,0,,,,491,45,33653
State,tx,2012,32,1.44944,1.44944,,,0,,,,500,45,34496
State,tx,2012,33,1.42747,1.42747,,,0,,,,519,45,36358
State,tx,2012,34,1.4741,1.4741,,,0,,,,561,44,38057
State,tx,2012,35,1.42978,1.42978,,,0,,,,542,45,37908
State,tx,2012,36,1.75285,1.75285,,,0,,,,579,45,33032
State,tx,2012,37,2.14994,2.14994,,,0,,,,780,44,36280
State,tx,2012,38,2.12454,2.12454,,,0,,,,782,45,36808
State,tx,2012,39,2.08406,2.08406,,,0,,,,778,44,37331
State,tx,2012,40,1.98396,1.98396,,,0,,,,794,62,40021
State,tx,2012,41,2.35146,2.35146,,,0,,,,951,61,40443
State,tx,2012,42,1.94499,1.94499,,,0,,,,768,63,39486
State,tx,2012,43,2.55229,2.55229,,,0,,,,981,62,38436
State,tx,2012,44,2.7858,2.7858,,,0,,,,1080,63,38768
State,tx,2012,45,3.20738,3.20738,,,0,,,,1314,65,40968
State,tx,2012,46,3.22458,3.22458,,,0,,,,1269,61,39354
State,tx,2012,47,5.1617,5.1617,,,0,,,,1644,63,31850
State,tx,2012,48,3.96355,3.96355,,,0,,,,1692,63,42689
State,tx,2012,49,5.21819,5.21819,,,0,,,,2229,64,42716
State,tx,2012,50,6.03698,6.03698,,,0,,,,2524,64,41809
State,tx,2012,51,7.99241,7.99241,,,0,,,,3327,60,41627
State,tx,2012,52,9.69432,9.69432,,,0,,,,2924,61,30162
State,tx,2013,1,8.24784,8.24784,,,0,,,,3023,65,36652
State,tx,2013,2,7.61521,7.61521,,,0,,,,3518,65,46197
State,tx,2013,3,7.688,7.688,,,0,,,,3430,66,44615
State,tx,2013,4,7.58763,7.58763,,,0,,,,3284,64,43281
State,tx,2013,5,5.83695,5.83695,,,0,,,,2367,64,40552
State,tx,2013,6,4.63083,4.63083,,,0,,,,1822,65,39345
State,tx,2013,7,3.98526,3.98526,,,0,,,,1514,64,37990
State,tx,2013,8,3.23762,3.23762,,,0,,,,1247,61,38516
State,tx,2013,9,3.29329,3.29329,,,0,,,,1272,63,38624
State,tx,2013,10,3.38592,3.38592,,,0,,,,1350,61,39871
State,tx,2013,11,3.0704,3.0704,,,0,,,,1028,58,33481
State,tx,2013,12,2.68087,2.68087,,,0,,,,1042,59,38868
State,tx,2013,13,2.54637,2.54637,,,0,,,,913,58,35855
State,tx,2013,14,2.46144,2.46144,,,0,,,,806,55,32745
State,tx,2013,15,2.34755,2.34755,,,0,,,,835,55,35569
State,tx,2013,16,2.28962,2.28962,,,0,,,,847,56,36993
State,tx,2013,17,2.10066,2.10066,,,0,,,,745,54,35465
State,tx,2013,18,1.91757,1.91757,,,0,,,,670,53,34940
State,tx,2013,19,2.04946,2.04946,,,0,,,,702,51,34253
State,tx,2013,20,1.9264,1.9264,,,0,,,,680,50,35299
State,tx,2013,21,1.72047,1.72047,,,0,,,,598,51,34758
State,tx,2013,22,1.9246,1.9246,,,0,,,,585,51,30396
State,tx,2013,23,1.66351,1.66351,,,0,,,,545,49,32762
State,tx,2013,24,1.57641,1.57641,,,0,,,,510,47,32352
State,tx,2013,25,2.07494,2.07494,,,0,,,,644,47,31037
State,tx,2013,26,1.84375,1.84375,,,0,,,,569,46,30861
State,tx,2013,27,1.99341,1.99341,,,0,,,,508,46,25484
State,tx,2013,28,1.87277,1.87277,,,0,,,,547,45,29208
State,tx,2013,29,1.75622,1.75622,,,0,,,,522,45,29723
State,tx,2013,30,1.55077,1.55077,,,0,,,,469,45,30243
State,tx,2013,31,1.71643,1.71643,,,0,,,,518,56,30179
State,tx,2013,32,1.42036,1.42036,,,0,,,,425,54,29922
State,tx,2013,33,1.64627,1.64627,,,0,,,,491,50,29825
State,tx,2013,34,1.65108,1.65108,,,0,,,,542,53,32827
State,tx,2013,35,2.14174,2.14174,,,0,,,,741,57,34598
State,tx,2013,36,2.89449,2.89449,,,0,,,,908,55,31370
State,tx,2013,37,2.86301,2.86301,,,0,,,,1129,73,39434
State,tx,2013,38,3.05223,3.05223,,,0,,,,1181,74,38693
State,tx,2013,39,3.29382,3.29382,,,0,,,,1256,100,38132
State,tx,2013,40,2.2366,2.2366,,,0,,,,954,120,42654
State,tx,2013,41,2.39646,2.39646,,,0,,,,1078,125,44983
State,tx,2013,42,2.65115,2.65115,,,0,,,,1087,122,41001
State,tx,2013,43,2.45818,2.45818,,,0,,,,1102,123,44830
State,tx,2013,44,2.54797,2.54797,,,0,,,,1118,123,43878
State,tx,2013,45,2.98433,2.98433,,,0,,,,1202,110,40277
State,tx,2013,46,3.57321,3.57321,,,0,,,,1649,124,46149
State,tx,2013,47,4.24138,4.24138,,,0,,,,1975,120,46565
State,tx,2013,48,5.07503,5.07503,,,0,,,,1576,121,31054
State,tx,2013,49,5.62401,5.62401,,,0,,,,2492,122,44310
State,tx,2013,50,6.56142,6.56142,,,0,,,,2797,121,42628
State,tx,2013,51,10.0139,10.0139,,,0,,,,4616,118,46096
State,tx,2013,52,11.0449,11.0449,,,0,,,,3594,119,32540
State,tx,2014,1,9.17567,9.17567,,,0,,,,3415,121,37218
State,tx,2014,2,7.02738,7.02738,,,0,,,,3160,122,44967
State,tx,2014,3,5.47173,5.47173,,,0,,,,2495,120,45598
State,tx,2014,4,4.97024,4.97024,,,0,,,,2046,117,41165
State,tx,2014,5,4.69254,4.69254,,,0,,,,1920,120,40916
State,tx,2014,6,4.15233,4.15233,,,0,,,,1774,119,42723
State,tx,2014,7,4.02182,4.02182,,,0,,,,1659,117,41250
State,tx,2014,8,3.86342,3.86342,,,0,,,,1713,118,44339
State,tx,2014,9,3.97478,3.97478,,,0,,,,1677,113,42191
State,tx,2014,10,3.78548,3.78548,,,0,,,,1555,114,41078
State,tx,2014,11,3.66299,3.66299,,,0,,,,1323,112,36118
State,tx,2014,12,3.39706,3.39706,,,0,,,,1386,112,40800
State,tx,2014,13,3.34885,3.34885,,,0,,,,1338,111,39954
State,tx,2014,14,3.21687,3.21687,,,0,,,,1277,108,39697
State,tx,2014,15,3.35918,3.35918,,,0,,,,1343,106,39980
State,tx,2014,16,3.0909,3.0909,,,0,,,,1204,107,38953
State,tx,2014,17,2.84024,2.84024,,,0,,,,1128,106,39715
State,tx,2014,18,2.41511,2.41511,,,0,,,,963,104,39874
State,tx,2014,19,2.52891,2.52891,,,0,,,,982,102,38831
State,tx,2014,20,2.6284,2.6284,,,0,,,,978,104,37209
State,tx,2014,21,2.77493,2.77493,,,0,,,,1028,101,37046
State,tx,2014,22,2.77039,2.77039,,,0,,,,896,101,32342
State,tx,2014,23,2.5365,2.5365,,,0,,,,879,98,34654
State,tx,2014,24,2.22052,2.22052,,,0,,,,784,98,35307
State,tx,2014,25,2.00295,2.00295,,,0,,,,678,96,33850
State,tx,2014,26,3.19926,3.19926,,,0,,,,657,92,20536
State,tx,2014,27,1.9334,1.9334,,,0,,,,544,92,28137
State,tx,2014,28,1.90947,1.90947,,,0,,,,634,94,33203
State,tx,2014,29,1.76986,1.76986,,,0,,,,564,93,31867
State,tx,2014,30,1.57256,1.57256,,,0,,,,496,89,31541
State,tx,2014,31,1.68632,1.68632,,,0,,,,532,89,31548
State,tx,2014,32,1.37986,1.37986,,,0,,,,452,91,32757
State,tx,2014,33,1.41906,1.41906,,,0,,,,469,91,33050
State,tx,2014,34,1.52139,1.52139,,,0,,,,536,91,35231
State,tx,2014,35,1.5349,1.5349,,,0,,,,551,91,35898
State,tx,2014,36,1.9311,1.9311,,,0,,,,583,89,30190
State,tx,2014,37,2.21526,2.21526,,,0,,,,792,89,35752
State,tx,2014,38,2.25158,2.25158,,,0,,,,784,88,34820
State,tx,2014,39,2.33845,2.33845,,,0,,,,828,83,35408
State,tx,2014,40,1.61545,1.61545,,,0,,,,623,95,38565
State,tx,2014,41,1.73191,1.73191,,,0,,,,672,94,38801
State,tx,2014,42,1.97601,1.97601,,,0,,,,761,95,38512
State,tx,2014,43,2.1727,2.1727,,,0,,,,860,98,39582
State,tx,2014,44,2.26836,2.26836,,,0,,,,861,96,37957
State,tx,2014,45,2.31548,2.31548,,,0,,,,885,99,38221
State,tx,2014,46,2.2432,2.2432,,,0,,,,765,75,34103
State,tx,2014,47,4.10392,4.10392,,,0,,,,1556,99,37915
State,tx,2014,48,4.66631,4.66631,,,0,,,,1390,100,29788
State,tx,2014,49,4.91288,4.91288,,,0,,,,2030,101,41320
State,tx,2014,50,8.96964,8.96964,,,0,,,,2414,101,26913
State,tx,2014,51,12.9375,12.9375,,,0,,,,2595,83,20058
State,tx,2014,52,7.69326,7.69326,,,0,,,,1242,73,16144
State,tx,2014,53,11.3225,11.3225,,,0,,,,1684,80,14873
State,tx,2015,1,9.06724,9.06724,,,0,,,,1776,84,19587
State,tx,2015,2,9.74748,9.74748,,,0,,,,2675,97,27443
State,tx,2015,3,7.17791,7.17791,,,0,,,,2984,99,41572
State,tx,2015,4,6.20728,6.20728,,,0,,,,2652,103,42724
State,tx,2015,5,5.65253,5.65253,,,0,,,,2351,102,41592
State,tx,2015,6,5.05952,5.05952,,,0,,,,2104,102,41585
State,tx,2015,7,4.73512,4.73512,,,0,,,,1953,101,41245
State,tx,2015,8,4.00071,4.00071,,,0,,,,1580,104,39493
State,tx,2015,9,4.28631,4.28631,,,0,,,,1751,104,40851
State,tx,2015,10,4.17538,4.17538,,,0,,,,1577,104,37769
State,tx,2015,11,3.60072,3.60072,,,0,,,,1374,106,38159
State,tx,2015,12,3.35832,3.35832,,,0,,,,1362,104,40556
State,tx,2015,13,3.18727,3.18727,,,0,,,,1182,96,37085
State,tx,2015,14,2.63374,2.63374,,,0,,,,1024,95,38880
State,tx,2015,15,2.74126,2.74126,,,0,,,,1051,95,38340
State,tx,2015,16,1.67388,1.67388,,,0,,,,654,97,39071
State,tx,2015,17,2.65661,2.65661,,,0,,,,1000,94,37642
State,tx,2015,18,2.39644,2.39644,,,0,,,,895,94,37347
State,tx,2015,19,2.3067,2.3067,,,0,,,,821,95,35592
State,tx,2015,20,2.3767,2.3767,,,0,,,,838,94,35259
State,tx,2015,21,2.15255,2.15255,,,0,,,,620,84,28803
State,tx,2015,22,2.59259,2.59259,,,0,,,,490,80,18900
State,tx,2015,23,1.7597,1.7597,,,0,,,,546,81,31028
State,tx,2015,24,1.75866,1.75866,,,0,,,,513,82,29170
State,tx,2015,25,1.47285,1.47285,,,0,,,,450,84,30553
State,tx,2015,26,1.58033,1.58033,,,0,,,,414,83,26197
State,tx,2015,27,1.26985,1.26985,,,0,,,,383,85,30161
State,tx,2015,28,1.29911,1.29911,,,0,,,,371,80,28558
State,tx,2015,29,1.28852,1.28852,,,0,,,,388,84,30112
State,tx,2015,30,1.0823,1.0823,,,0,,,,265,66,24485
State,tx,2015,31,1.12071,1.12071,,,0,,,,353,83,31498
State,tx,2015,32,1.14597,1.14597,,,0,,,,355,80,30978
State,tx,2015,33,1.58142,1.58142,,,0,,,,542,83,34273
State,tx,2015,34,1.1363,1.1363,,,0,,,,402,83,35378
State,tx,2015,35,1.52525,1.52525,,,0,,,,531,84,34814
State,tx,2015,36,2.01858,2.01858,,,0,,,,578,79,28634
State,tx,2015,37,1.8631,1.8631,,,0,,,,641,82,34405
State,tx,2015,38,2.09836,2.09836,,,0,,,,710,82,33836
State,tx,2015,39,2.17404,2.17404,,,0,,,,775,84,35648
State,tx,2015,40,3.1748,3.1748,,,0,,,,1016,126,32002
State,tx,2015,41,3.42995,3.42995,,,0,,,,1084,124,31604
State,tx,2015,42,3.63057,3.63057,,,0,,,,1162,122,32006
State,tx,2015,43,3.84937,3.84937,,,0,,,,1152,123,29927
State,tx,2015,44,3.47839,3.47839,,,0,,,,1143,126,32860
State,tx,2015,45,3.86243,3.86243,,,0,,,,1214,123,31431
State,tx,2015,46,3.96778,3.96778,,,0,,,,1266,123,31907
State,tx,2015,47,4.81392,4.81392,,,0,,,,1071,122,22248
State,tx,2015,48,4.43529,4.43529,,,0,,,,1411,122,31813
State,tx,2015,49,4.49576,4.49576,,,0,,,,1320,119,29361
State,tx,2015,50,4.67202,4.67202,,,0,,,,1391,121,29773
State,tx,2015,51,5.12797,5.12797,,,0,,,,1110,121,21646
State,tx,2015,52,5.70737,5.70737,,,0,,,,1274,120,22322
State,tx,2016,1,4.68602,4.68602,,,0,,,,1282,120,27358
State,tx,2016,2,4.16846,4.16846,,,0,,,,1164,121,27924
State,tx,2016,3,4.36048,4.36048,,,0,,,,1318,123,30226
State,tx,2016,4,4.96129,4.96129,,,0,,,,1551,122,31262
State,tx,2016,5,4.89241,4.89241,,,0,,,,1512,123,30905
State,tx,2016,6,5.62804,5.62804,,,0,,,,1816,122,32267
State,tx,2016,7,6.36256,6.36256,,,0,,,,2035,120,31984
State,tx,2016,8,4.48169,4.48169,,,0,,,,1147,86,25593
State,tx,2016,9,4.7195,4.7195,,,0,,,,1203,83,25490
State,tx,2016,10,4.01485,4.01485,,,0,,,,941,81,23438
State,tx,2016,11,3.73119,3.73119,,,0,,,,749,81,20074
State,tx,2016,12,3.46318,3.46318,,,0,,,,777,81,22436
State,tx,2016,13,3.2444,3.2444,,,0,,,,760,80,23425
State,tx,2016,14,2.83508,2.83508,,,0,,,,569,61,20070
State,tx,2016,15,3.25267,3.25267,,,0,,,,789,77,24257
State,tx,2016,16,3.57929,3.57929,,,0,,,,846,75,23636
State,tx,2016,17,3.0393,3.0393,,,0,,,,747,79,24578
State,tx,2016,18,2.74919,2.74919,,,0,,,,617,77,22443
State,tx,2016,19,2.30401,2.30401,,,0,,,,472,73,20486
State,tx,2016,20,2.35638,2.35638,,,0,,,,459,76,19479
State,tx,2016,21,2.78809,2.78809,,,0,,,,518,74,18579
State,tx,2016,22,2.47401,2.47401,,,0,,,,395,72,15966
State,tx,2016,23,1.99249,1.99249,,,0,,,,276,49,13852
State,tx,2016,24,2.1005,2.1005,,,0,,,,362,69,17234
State,tx,2016,25,1.87159,1.87159,,,0,,,,316,68,16884
State,tx,2016,26,1.84575,1.84575,,,0,,,,297,65,16091
State,tx,2016,27,1.66667,1.66667,,,0,,,,248,68,14880
State,tx,2016,28,1.55492,1.55492,,,0,,,,189,68,12155
State,tx,2016,29,1.42177,1.42177,,,0,,,,239,67,16810
State,tx,2016,30,1.57115,1.57115,,,0,,,,261,67,16612
State,tx,2016,31,1.27404,1.27404,,,0,,,,216,67,16954
State,tx,2016,32,1.30064,1.30064,,,0,,,,209,62,16069
State,tx,2016,33,1.31155,1.31155,,,0,,,,224,65,17079
State,tx,2016,34,1.76582,1.76582,,,0,,,,336,66,19028
State,tx,2016,35,2.89706,2.89706,,,0,,,,423,64,14601
State,tx,2016,36,3.0076,3.0076,,,0,,,,534,63,17755
State,tx,2016,37,2.60465,2.60465,,,0,,,,509,61,19542
State,tx,2016,38,2.57309,2.57309,,,0,,,,367,60,14263
State,tx,2016,39,2.75084,2.75084,,,0,,,,400,60,14541
State,tx,2016,40,2.08692,2.08692,,,0,,,,654,120,31338
State,tx,2016,41,1.95234,1.95234,,,0,,,,571,118,29247
State,tx,2016,42,1.84806,1.84806,,,0,,,,541,114,29274
State,tx,2016,43,2.06681,2.06681,,,0,,,,589,114,28498
State,tx,2016,44,2.01191,2.01191,,,0,,,,581,112,28878
State,tx,2016,45,2.08512,2.08512,,,0,,,,607,116,29111
State,tx,2016,46,2.24903,2.24903,,,0,,,,673,116,29924
State,tx,2016,47,2.59299,2.59299,,,0,,,,550,114,21211
State,tx,2016,48,2.49507,2.49507,,,0,,,,696,112,27895
State,tx,2016,49,3.06986,3.06986,,,0,,,,816,113,26581
State,tx,2016,50,3.41272,3.41272,,,0,,,,887,111,25991
State,tx,2016,51,4.10321,4.10321,,,0,,,,951,108,23177
State,tx,2016,52,4.32471,4.32471,,,0,,,,960,109,22198
State,tx,2017,1,4.19085,4.19085,,,0,,,,1076,113,25675
State,tx,2017,2,5.06267,5.06267,,,0,,,,1450,112,28641
State,tx,2017,3,5.47691,5.47691,,,0,,,,1563,112,28538
State,tx,2017,4,6.20619,6.20619,,,0,,,,1868,109,30099
State,tx,2017,5,8.12582,8.12582,,,0,,,,2777,113,34175
State,tx,2017,6,10.2826,10.2826,,,0,,,,3508,113,34116
State,tx,2017,7,9.2512,9.2512,,,0,,,,2592,90,28018
State,tx,2017,8,8.99901,8.99901,,,0,,,,2635,106,29281
State,tx,2017,9,7.50649,7.50649,,,0,,,,2256,107,30054
State,tx,2017,10,7.26928,7.26928,,,0,,,,2107,105,28985
State,tx,2017,11,5.85242,5.85242,,,0,,,,1403,104,23973
State,tx,2017,12,4.48645,4.48645,,,0,,,,1258,104,28040
State,tx,2017,13,4.00722,4.00722,,,0,,,,1065,101,26577
State,tx,2017,14,3.50145,3.50145,,,0,,,,906,101,25875
State,tx,2017,15,3.41597,3.41597,,,0,,,,835,99,24444
State,tx,2017,16,3.39061,3.39061,,,0,,,,665,83,19613
State,tx,2017,17,2.76932,2.76932,,,0,,,,755,101,27263
State,tx,2017,18,2.62245,2.62245,,,0,,,,665,97,25358
State,tx,2017,19,1.72152,1.72152,,,0,,,,419,98,24339
State,tx,2017,20,2.30259,2.30259,,,0,,,,552,98,23973
State,tx,2017,21,2.14023,2.14023,,,0,,,,471,94,22007
State,tx,2017,22,1.79865,1.79865,,,0,,,,360,93,20015
State,tx,2017,23,1.79529,1.79529,,,0,,,,385,96,21445
State,tx,2017,24,1.57771,1.57771,,,0,,,,329,95,20853
State,tx,2017,25,1.48476,1.48476,,,0,,,,302,93,20340
State,tx,2017,26,1.5222,1.5222,,,0,,,,252,78,16555
State,tx,2017,27,1.39677,1.39677,,,0,,,,256,94,18328
State,tx,2017,28,1.21989,1.21989,,,0,,,,238,95,19510
State,tx,2017,29,1.40497,1.40497,,,0,,,,199,92,14164
State,tx,2017,30,1.33018,1.33018,,,0,,,,264,94,19847
State,tx,2017,31,1.27357,1.27357,,,0,,,,260,95,20415
State,tx,2017,32,1.04005,1.04005,,,0,,,,214,94,20576
State,tx,2017,33,1.10367,1.10367,,,0,,,,206,80,18665
State,tx,2017,34,1.8906,1.8906,,,0,,,,347,77,18354
State,tx,2017,35,1.895,1.895,,,0,,,,331,76,17467
State,tx,2017,36,2.01905,2.01905,,,0,,,,371,75,18375
State,tx,2017,37,1.93658,1.93658,,,0,,,,477,92,24631
State,tx,2017,38,1.77468,1.77468,,,0,,,,448,93,25244
State,tx,2017,39,1.9715,1.9715,,,0,,,,494,90,25057
State,tx,2017,40,2.15321,2.15321,,,0,,,,642,111,29816
State,tx,2017,41,2.22464,2.22464,,,0,,,,654,113,29398
State,tx,2017,42,2.13774,2.13774,,,0,,,,641,111,29985
State,tx,2017,43,2.34254,2.34254,,,0,,,,710,111,30309
State,tx,2017,44,3.24542,3.24542,,,0,,,,774,76,23849
State,tx,2017,45,3.67219,3.67219,,,0,,,,1109,109,30200
State,tx,2017,46,4.41976,4.41976,,,0,,,,1365,110,30884
State,tx,2017,47,4.57186,4.57186,,,0,,,,1023,111,22376
State,tx,2017,48,5.26676,5.26676,,,0,,,,1541,112,29259
State,tx,2017,49,5.83165,5.83165,,,0,,,,1678,111,28774
State,tx,2017,50,9.36695,9.36695,,,0,,,,2764,110,29508
State,tx,2017,51,13.449,13.449,,,0,,,,3938,106,29281
State,tx,2017,52,10.9528,10.9528,,,0,,,,1830,68,16708
State,ut,2010,40,0.747696,0.747696,,,0,,,,43,13,5751
State,ut,2010,41,0.410939,0.410939,,,0,,,,29,19,7057
State,ut,2010,42,0.440583,0.440583,,,0,,,,36,20,8171
State,ut,2010,43,0.755957,0.755957,,,0,,,,46,15,6085
State,ut,2010,44,0.651859,0.651859,,,0,,,,54,23,8284
State,ut,2010,45,0.6639,0.6639,,,0,,,,40,16,6025
State,ut,2010,46,0.907845,0.907845,,,0,,,,53,14,5838
State,ut,2010,47,0.743569,0.743569,,,0,,,,37,23,4976
State,ut,2010,48,0.838308,0.838308,,,0,,,,66,22,7873
State,ut,2010,49,1.16492,1.16492,,,0,,,,89,21,7640
State,ut,2010,50,1.1154,1.1154,,,0,,,,78,21,6993
State,ut,2010,51,1.10739,1.10739,,,0,,,,43,15,3883
State,ut,2010,52,1.09006,1.09006,,,0,,,,42,13,3853
State,ut,2011,1,0.519955,0.519955,,,0,,,,37,14,7116
State,ut,2011,2,2.5974,2.5974,,,0,,,,58,7,2233
State,ut,2011,3,2.13816,2.13816,,,0,,,,143,19,6688
State,ut,2011,4,0.895355,0.895355,,,0,,,,48,13,5361
State,ut,2011,5,2.03178,2.03178,,,0,,,,133,14,6546
State,ut,2011,6,2.90828,2.90828,,,0,,,,299,21,10281
State,ut,2011,7,2.45478,2.45478,,,0,,,,152,14,6192
State,ut,2011,8,1.88917,1.88917,,,0,,,,90,13,4764
State,ut,2011,9,1.18407,1.18407,,,0,,,,66,13,5574
State,ut,2011,10,1.89679,1.89679,,,0,,,,154,20,8119
State,ut,2011,11,1.53116,1.53116,,,0,,,,142,20,9274
State,ut,2011,12,1.22,1.22,,,0,,,,123,23,10082
State,ut,2011,13,1.2719,1.2719,,,0,,,,98,21,7705
State,ut,2011,14,0.752299,0.752299,,,0,,,,54,15,7178
State,ut,2011,15,0.963515,0.963515,,,0,,,,75,22,7784
State,ut,2011,16,0.579542,0.579542,,,0,,,,40,21,6902
State,ut,2011,17,0.257927,0.257927,,,0,,,,17,15,6591
State,ut,2011,18,0.31746,0.31746,,,0,,,,26,21,8190
State,ut,2011,19,0.333333,0.333333,,,0,,,,26,22,7800
State,ut,2011,20,0.364577,0.364577,,,0,,,,31,22,8503
State,ut,2011,21,0.273444,0.273444,,,0,,,,17,14,6217
State,ut,2011,22,0.207684,0.207684,,,0,,,,10,14,4815
State,ut,2011,23,0.313112,0.313112,,,0,,,,16,13,5110
State,ut,2011,24,0.27362,0.27362,,,0,,,,17,14,6213
State,ut,2011,25,0.204012,0.204012,,,0,,,,12,14,5882
State,ut,2011,26,0.408598,0.408598,,,0,,,,23,13,5629
State,ut,2011,27,0.481314,0.481314,,,0,,,,17,12,3532
State,ut,2011,28,0.0862515,0.0862515,,,0,,,,5,13,5797
State,ut,2011,29,0.318544,0.318544,,,0,,,,14,12,4395
State,ut,2011,30,0.208171,0.208171,,,0,,,,8,12,3843
State,ut,2011,31,0.085034,0.085034,,,0,,,,4,13,4704
State,ut,2011,32,0.261097,0.261097,,,0,,,,12,12,4596
State,ut,2011,33,0.218775,0.218775,,,0,,,,11,13,5028
State,ut,2011,34,0.273491,0.273491,,,0,,,,14,14,5119
State,ut,2011,35,0.345599,0.345599,,,0,,,,17,13,4919
State,ut,2011,36,0.324374,0.324374,,,0,,,,14,13,4316
State,ut,2011,37,0.310238,0.310238,,,0,,,,18,13,5802
State,ut,2011,38,0.765543,0.765543,,,0,,,,99,29,12932
State,ut,2011,39,0.725454,0.725454,,,0,,,,103,30,14198
State,ut,2011,40,2.03367,2.03367,,,0,,,,244,35,11998
State,ut,2011,41,1.5859,1.5859,,,0,,,,287,47,18097
State,ut,2011,42,1.57322,1.57322,,,0,,,,273,46,17353
State,ut,2011,43,1.64063,1.64063,,,0,,,,292,46,17798
State,ut,2011,44,1.95447,1.95447,,,0,,,,352,46,18010
State,ut,2011,45,2.31967,2.31967,,,0,,,,383,44,16511
State,ut,2011,46,2.198,2.198,,,0,,,,363,45,16515
State,ut,2011,47,2.37411,2.37411,,,0,,,,388,46,16343
State,ut,2011,48,1.91974,1.91974,,,0,,,,332,46,17294
State,ut,2011,49,1.72094,1.72094,,,0,,,,297,46,17258
State,ut,2011,50,1.93403,1.93403,,,0,,,,343,46,17735
State,ut,2011,51,2.20977,2.20977,,,0,,,,343,44,15522
State,ut,2011,52,2.39593,2.39593,,,0,,,,381,44,15902
State,ut,2012,1,2.37858,2.37858,,,0,,,,406,44,17069
State,ut,2012,2,2.37303,2.37303,,,0,,,,428,43,18036
State,ut,2012,3,2.31099,2.31099,,,0,,,,372,44,16097
State,ut,2012,4,2.20285,2.20285,,,0,,,,422,44,19157
State,ut,2012,5,2.78306,2.78306,,,0,,,,542,46,19475
State,ut,2012,6,2.91572,2.91572,,,0,,,,566,44,19412
State,ut,2012,7,3.0526,3.0526,,,0,,,,589,46,19295
State,ut,2012,8,3.24193,3.24193,,,0,,,,629,47,19402
State,ut,2012,9,2.50308,2.50308,,,0,,,,629,46,25129
State,ut,2012,10,3.07356,3.07356,,,0,,,,618,45,20107
State,ut,2012,11,3.87886,3.87886,,,0,,,,698,43,17995
State,ut,2012,12,2.81957,2.81957,,,0,,,,506,43,17946
State,ut,2012,13,3.21779,3.21779,,,0,,,,518,39,16098
State,ut,2012,14,2.11272,2.11272,,,0,,,,370,45,17513
State,ut,2012,15,2.18589,2.18589,,,0,,,,381,46,17430
State,ut,2012,16,1.89499,1.89499,,,0,,,,336,44,17731
State,ut,2012,17,1.82514,1.82514,,,0,,,,334,47,18300
State,ut,2012,18,2.12011,2.12011,,,0,,,,275,34,12971
State,ut,2012,19,1.6985,1.6985,,,0,,,,297,46,17486
State,ut,2012,20,1.60944,1.60944,,,0,,,,262,43,16279
State,ut,2012,21,1.41423,1.41423,,,0,,,,255,44,18031
State,ut,2012,22,1.99791,1.99791,,,0,,,,364,45,18219
State,ut,2012,23,1.60122,1.60122,,,0,,,,272,43,16987
State,ut,2012,24,1.55346,1.55346,,,0,,,,255,43,16415
State,ut,2012,25,1.41023,1.41023,,,0,,,,234,43,16593
State,ut,2012,26,1.26907,1.26907,,,0,,,,203,42,15996
State,ut,2012,27,1.13541,1.13541,,,0,,,,176,43,15501
State,ut,2012,28,1.02053,1.02053,,,0,,,,165,43,16168
State,ut,2012,29,1.04715,1.04715,,,0,,,,169,43,16139
State,ut,2012,30,1.22336,1.22336,,,0,,,,190,42,15531
State,ut,2012,31,1.1039,1.1039,,,0,,,,182,43,16487
State,ut,2012,32,0.961181,0.961181,,,0,,,,155,42,16126
State,ut,2012,33,1.24962,1.24962,,,0,,,,206,43,16485
State,ut,2012,34,0.982697,0.982697,,,0,,,,163,42,16587
State,ut,2012,35,1.14983,1.14983,,,0,,,,194,42,16872
State,ut,2012,36,1.66558,1.66558,,,0,,,,282,43,16931
State,ut,2012,37,1.68124,1.68124,,,0,,,,300,44,17844
State,ut,2012,38,1.18388,1.18388,,,0,,,,220,44,18583
State,ut,2012,39,1.33656,1.33656,,,0,,,,232,43,17358
State,ut,2012,40,1.36854,1.36854,,,0,,,,227,42,16587
State,ut,2012,41,1.24436,1.24436,,,0,,,,207,43,16635
State,ut,2012,42,1.54044,1.54044,,,0,,,,239,43,15515
State,ut,2012,43,1.39703,1.39703,,,0,,,,236,43,16893
State,ut,2012,44,1.82982,1.82982,,,0,,,,303,43,16559
State,ut,2012,45,1.68754,1.68754,,,0,,,,291,44,17244
State,ut,2012,46,1.84277,1.84277,,,0,,,,323,45,17528
State,ut,2012,47,2.82368,2.82368,,,0,,,,405,41,14343
State,ut,2012,48,2.46774,2.46774,,,0,,,,480,45,19451
State,ut,2012,49,2.75824,2.75824,,,0,,,,494,44,17910
State,ut,2012,50,4.66899,4.66899,,,0,,,,603,32,12915
State,ut,2012,51,4.21213,4.21213,,,0,,,,772,42,18328
State,ut,2012,52,6.93167,6.93167,,,0,,,,1198,42,17283
State,ut,2013,1,6.62258,6.62258,,,0,,,,1282,43,19358
State,ut,2013,2,5.4211,5.4211,,,0,,,,1111,45,20494
State,ut,2013,3,5.49212,5.49212,,,0,,,,1087,46,19792
State,ut,2013,4,5.58777,5.58777,,,0,,,,1060,44,18970
State,ut,2013,5,5.05722,5.05722,,,0,,,,959,44,18963
State,ut,2013,6,4.17015,4.17015,,,0,,,,848,45,20335
State,ut,2013,7,3.63476,3.63476,,,0,,,,701,45,19286
State,ut,2013,8,3.33351,3.33351,,,0,,,,630,46,18899
State,ut,2013,9,3.04991,3.04991,,,0,,,,528,42,17312
State,ut,2013,10,2.68849,2.68849,,,0,,,,501,45,18635
State,ut,2013,11,2.47748,2.47748,,,0,,,,451,43,18204
State,ut,2013,12,1.93257,1.93257,,,0,,,,364,45,18835
State,ut,2013,13,1.79954,1.79954,,,0,,,,330,45,18338
State,ut,2013,14,1.92144,1.92144,,,0,,,,339,45,17643
State,ut,2013,15,1.63571,1.63571,,,0,,,,280,44,17118
State,ut,2013,16,1.39591,1.39591,,,0,,,,232,45,16620
State,ut,2013,17,1.48716,1.48716,,,0,,,,264,44,17752
State,ut,2013,18,1.53596,1.53596,,,0,,,,274,44,17839
State,ut,2013,19,1.51779,1.51779,,,0,,,,261,43,17196
State,ut,2013,20,1.42519,1.42519,,,0,,,,259,44,18173
State,ut,2013,21,1.56193,1.56193,,,0,,,,255,42,16326
State,ut,2013,22,1.73724,1.73724,,,0,,,,288,43,16578
State,ut,2013,23,1.5233,1.5233,,,0,,,,238,41,15624
State,ut,2013,24,1.18249,1.18249,,,0,,,,201,43,16998
State,ut,2013,25,1.31288,1.31288,,,0,,,,214,42,16300
State,ut,2013,26,1.0177,1.0177,,,0,,,,169,43,16606
State,ut,2013,27,0.858116,0.858116,,,0,,,,131,43,15266
State,ut,2013,28,0.872766,0.872766,,,0,,,,147,43,16843
State,ut,2013,29,0.938416,0.938416,,,0,,,,144,42,15345
State,ut,2013,30,1.09557,1.09557,,,0,,,,188,43,17160
State,ut,2013,31,0.934849,0.934849,,,0,,,,162,43,17329
State,ut,2013,32,0.97318,0.97318,,,0,,,,168,43,17263
State,ut,2013,33,0.86334,0.86334,,,0,,,,123,43,14247
State,ut,2013,34,0.8474,0.8474,,,0,,,,124,42,14633
State,ut,2013,35,1.39539,1.39539,,,0,,,,155,31,11108
State,ut,2013,36,1.06429,1.06429,,,0,,,,147,42,13812
State,ut,2013,37,0.102071,0.102071,,,0,,,,7,13,6858
State,ut,2013,38,0.218716,0.218716,,,0,,,,14,12,6401
State,ut,2013,39,1.03354,1.03354,,,0,,,,106,24,10256
State,ut,2013,40,1.16469,1.16469,,,0,,,,200,44,17172
State,ut,2013,41,1.29191,1.29191,,,0,,,,267,45,20667
State,ut,2013,42,1.3136,1.3136,,,0,,,,229,42,17433
State,ut,2013,43,1.49544,1.49544,,,0,,,,308,44,20596
State,ut,2013,44,1.272,1.272,,,0,,,,451,44,35456
State,ut,2013,45,1.263,1.263,,,0,,,,458,44,36263
State,ut,2013,46,1.16391,1.16391,,,0,,,,376,43,32305
State,ut,2013,47,1.80261,1.80261,,,0,,,,682,44,37834
State,ut,2013,48,1.84716,1.84716,,,0,,,,671,43,36326
State,ut,2013,49,2.79971,2.79971,,,0,,,,461,43,16466
State,ut,2013,50,2.66735,2.66735,,,0,,,,518,42,19420
State,ut,2013,51,2.74928,2.74928,,,0,,,,1104,41,40156
State,ut,2013,52,5.39844,5.39844,,,0,,,,985,41,18246
State,ut,2014,1,3.5726,3.5726,,,0,,,,656,42,18362
State,ut,2014,2,3.29272,3.29272,,,0,,,,673,45,20439
State,ut,2014,3,3.12789,3.12789,,,0,,,,575,42,18383
State,ut,2014,4,3.05851,3.05851,,,0,,,,529,44,17296
State,ut,2014,5,2.5232,2.5232,,,0,,,,435,42,17240
State,ut,2014,6,2.47417,2.47417,,,0,,,,431,44,17420
State,ut,2014,7,2.48033,2.48033,,,0,,,,435,43,17538
State,ut,2014,8,2.7389,2.7389,,,0,,,,456,43,16649
State,ut,2014,9,2.04691,2.04691,,,0,,,,391,44,19102
State,ut,2014,10,2.54926,2.54926,,,0,,,,339,32,13298
State,ut,2014,11,2.10766,2.10766,,,0,,,,388,43,18409
State,ut,2014,12,2.18588,2.18588,,,0,,,,409,44,18711
State,ut,2014,13,1.88802,1.88802,,,0,,,,349,43,18485
State,ut,2014,14,2.0068,2.0068,,,0,,,,366,45,18238
State,ut,2014,15,1.86781,1.86781,,,0,,,,323,42,17293
State,ut,2014,16,1.63904,1.63904,,,0,,,,263,42,16046
State,ut,2014,17,2.60776,2.60776,,,0,,,,314,33,12041
State,ut,2014,18,1.53369,1.53369,,,0,,,,267,43,17409
State,ut,2014,19,1.83045,1.83045,,,0,,,,312,42,17045
State,ut,2014,20,1.76052,1.76052,,,0,,,,317,43,18006
State,ut,2014,21,1.74422,1.74422,,,0,,,,322,42,18461
State,ut,2014,22,1.66775,1.66775,,,0,,,,283,42,16969
State,ut,2014,23,0.198478,0.198478,,,0,,,,12,13,6046
State,ut,2014,24,1.21724,1.21724,,,0,,,,209,41,17170
State,ut,2014,25,0.0,0.0,,,0,,,,0,0,0
State,ut,2014,26,1.00689,1.00689,,,0,,,,168,41,16685
State,ut,2014,27,1.15603,1.15603,,,0,,,,173,41,14965
State,ut,2014,28,0.912593,0.912593,,,0,,,,154,41,16875
State,ut,2014,29,0.706949,0.706949,,,0,,,,117,41,16550
State,ut,2014,30,1.16147,1.16147,,,0,,,,184,41,15842
State,ut,2014,31,0.814638,0.814638,,,0,,,,126,40,15467
State,ut,2014,32,0.817003,0.817003,,,0,,,,138,42,16891
State,ut,2014,33,1.07149,1.07149,,,0,,,,174,41,16239
State,ut,2014,34,0.991839,0.991839,,,0,,,,158,40,15930
State,ut,2014,35,1.0849,1.0849,,,0,,,,172,40,15854
State,ut,2014,36,0.244798,0.244798,,,0,,,,14,13,5719
State,ut,2014,37,1.47658,1.47658,,,0,,,,272,42,18421
State,ut,2014,38,1.2458,1.2458,,,0,,,,226,41,18141
State,ut,2014,39,1.22449,1.22449,,,0,,,,219,41,17885
State,ut,2014,40,1.15574,1.15574,,,0,,,,200,45,17305
State,ut,2014,41,1.29199,1.29199,,,0,,,,230,42,17802
State,ut,2014,42,1.29317,1.29317,,,0,,,,243,43,18791
State,ut,2014,43,1.51456,1.51456,,,0,,,,234,38,15450
State,ut,2014,44,1.58786,1.58786,,,0,,,,270,41,17004
State,ut,2014,45,1.51435,1.51435,,,0,,,,259,40,17103
State,ut,2014,46,1.80339,1.80339,,,0,,,,337,43,18687
State,ut,2014,47,1.96438,1.96438,,,0,,,,343,42,17461
State,ut,2014,48,2.63658,2.63658,,,0,,,,402,43,15247
State,ut,2014,49,2.67954,2.67954,,,0,,,,494,41,18436
State,ut,2014,50,3.37139,3.37139,,,0,,,,632,42,18746
State,ut,2014,51,4.09467,4.09467,,,0,,,,763,41,18634
State,ut,2014,52,5.92433,5.92433,,,0,,,,963,41,16255
State,ut,2014,53,5.81484,5.81484,,,0,,,,1064,41,18298
State,ut,2015,1,4.24488,4.24488,,,0,,,,900,43,21202
State,ut,2015,2,3.87381,3.87381,,,0,,,,722,43,18638
State,ut,2015,3,3.77937,3.77937,,,0,,,,690,43,18257
State,ut,2015,4,3.35289,3.35289,,,0,,,,623,41,18581
State,ut,2015,5,3.24445,3.24445,,,0,,,,623,42,19202
State,ut,2015,6,2.87327,2.87327,,,0,,,,555,41,19316
State,ut,2015,7,2.76383,2.76383,,,0,,,,523,42,18923
State,ut,2015,8,2.12272,2.12272,,,0,,,,439,43,20681
State,ut,2015,9,2.4169,2.4169,,,0,,,,477,42,19736
State,ut,2015,10,1.96868,1.96868,,,0,,,,386,42,19607
State,ut,2015,11,2.11561,2.11561,,,0,,,,411,41,19427
State,ut,2015,12,1.91629,1.91629,,,0,,,,364,41,18995
State,ut,2015,13,2.09328,2.09328,,,0,,,,377,41,18010
State,ut,2015,14,2.02062,2.02062,,,0,,,,339,41,16777
State,ut,2015,15,1.5241,1.5241,,,0,,,,271,40,17781
State,ut,2015,16,2.12351,2.12351,,,0,,,,403,43,18978
State,ut,2015,17,1.56899,1.56899,,,0,,,,378,41,24092
State,ut,2015,18,1.81131,1.81131,,,0,,,,326,41,17998
State,ut,2015,19,1.31759,1.31759,,,0,,,,241,42,18291
State,ut,2015,20,1.43499,1.43499,,,0,,,,249,40,17352
State,ut,2015,21,1.68057,1.68057,,,0,,,,282,41,16780
State,ut,2015,22,1.26793,1.26793,,,0,,,,221,40,17430
State,ut,2015,23,0.950943,0.950943,,,0,,,,170,41,17877
State,ut,2015,24,1.00904,1.00904,,,0,,,,164,39,16253
State,ut,2015,25,1.16949,1.16949,,,0,,,,197,40,16845
State,ut,2015,26,0.797987,0.797987,,,0,,,,130,41,16291
State,ut,2015,27,0.71203,0.71203,,,0,,,,124,41,17415
State,ut,2015,28,0.658234,0.658234,,,0,,,,115,42,17471
State,ut,2015,29,0.988692,0.988692,,,0,,,,167,42,16891
State,ut,2015,30,0.733964,0.733964,,,0,,,,138,42,18802
State,ut,2015,31,0.882541,0.882541,,,0,,,,152,42,17223
State,ut,2015,32,0.846796,0.846796,,,0,,,,141,41,16651
State,ut,2015,33,0.552086,0.552086,,,0,,,,99,42,17932
State,ut,2015,34,0.773633,0.773633,,,0,,,,146,43,18872
State,ut,2015,35,0.905648,0.905648,,,0,,,,165,42,18219
State,ut,2015,36,0.79352,0.79352,,,0,,,,144,43,18147
State,ut,2015,37,0.710344,0.710344,,,0,,,,130,42,18301
State,ut,2015,38,1.11618,1.11618,,,0,,,,225,44,20158
State,ut,2015,39,1.03753,1.03753,,,0,,,,201,42,19373
State,ut,2015,40,1.05777,1.05777,,,0,,,,206,44,19475
State,ut,2015,41,1.05639,1.05639,,,0,,,,204,44,19311
State,ut,2015,42,1.22651,1.22651,,,0,,,,216,42,17611
State,ut,2015,43,1.12832,1.12832,,,0,,,,212,44,18789
State,ut,2015,44,1.51484,1.51484,,,0,,,,291,41,19210
State,ut,2015,45,1.5367,1.5367,,,0,,,,295,42,19197
State,ut,2015,46,1.60466,1.60466,,,0,,,,292,40,18197
State,ut,2015,47,2.05614,2.05614,,,0,,,,334,42,16244
State,ut,2015,48,1.29138,1.29138,,,0,,,,268,43,20753
State,ut,2015,49,1.41706,1.41706,,,0,,,,285,44,20112
State,ut,2015,50,1.80879,1.80879,,,0,,,,336,42,18576
State,ut,2015,51,2.12355,2.12355,,,0,,,,330,42,15540
State,ut,2015,52,2.30778,2.30778,,,0,,,,422,43,18286
State,ut,2016,1,1.57693,1.57693,,,0,,,,321,42,20356
State,ut,2016,2,2.10701,2.10701,,,0,,,,432,42,20503
State,ut,2016,3,2.14924,2.14924,,,0,,,,411,43,19123
State,ut,2016,4,2.69415,2.69415,,,0,,,,545,41,20229
State,ut,2016,5,2.83149,2.83149,,,0,,,,574,42,20272
State,ut,2016,6,3.18894,3.18894,,,0,,,,678,42,21261
State,ut,2016,7,4.09285,4.09285,,,0,,,,864,42,21110
State,ut,2016,8,4.24214,4.24214,,,0,,,,979,43,23078
State,ut,2016,9,3.4478,3.4478,,,0,,,,755,42,21898
State,ut,2016,10,3.57419,3.57419,,,0,,,,785,41,21963
State,ut,2016,11,3.27439,3.27439,,,0,,,,737,44,22508
State,ut,2016,12,2.30788,2.30788,,,0,,,,370,41,16032
State,ut,2016,13,2.7132,2.7132,,,0,,,,622,42,22925
State,ut,2016,14,2.50785,2.50785,,,0,,,,527,38,21014
State,ut,2016,15,1.87337,1.87337,,,0,,,,374,37,19964
State,ut,2016,16,1.31542,1.31542,,,0,,,,235,40,17865
State,ut,2016,17,1.38945,1.38945,,,0,,,,275,39,19792
State,ut,2016,18,1.47087,1.47087,,,0,,,,304,38,20668
State,ut,2016,19,1.19156,1.19156,,,0,,,,274,39,22995
State,ut,2016,20,1.13827,1.13827,,,0,,,,210,34,18449
State,ut,2016,21,1.37956,1.37956,,,0,,,,230,28,16672
State,ut,2016,22,1.69,1.69,,,0,,,,239,31,14142
State,ut,2016,23,0.803757,0.803757,,,0,,,,178,38,22146
State,ut,2016,24,0.860215,0.860215,,,0,,,,196,39,22785
State,ut,2016,25,0.915373,0.915373,,,0,,,,151,34,16496
State,ut,2016,26,0.803547,0.803547,,,0,,,,174,38,21654
State,ut,2016,27,0.805974,0.805974,,,0,,,,177,41,21961
State,ut,2016,28,0.892233,0.892233,,,0,,,,217,41,24321
State,ut,2016,29,0.78375,0.78375,,,0,,,,169,40,21563
State,ut,2016,30,0.847378,0.847378,,,0,,,,180,40,21242
State,ut,2016,31,0.587237,0.587237,,,0,,,,128,40,21797
State,ut,2016,32,0.783602,0.783602,,,0,,,,177,41,22588
State,ut,2016,33,0.799081,0.799081,,,0,,,,160,39,20023
State,ut,2016,34,0.733104,0.733104,,,0,,,,160,40,21825
State,ut,2016,35,0.832743,0.832743,,,0,,,,188,40,22576
State,ut,2016,36,0.894717,0.894717,,,0,,,,189,40,21124
State,ut,2016,37,0.959535,0.959535,,,0,,,,221,40,23032
State,ut,2016,38,0.914403,0.914403,,,0,,,,205,40,22419
State,ut,2016,39,0.530623,0.530623,,,0,,,,59,39,11119
State,ut,2016,40,1.12899,1.12899,,,0,,,,235,38,20815
State,ut,2016,41,0.808335,0.808335,,,0,,,,180,39,22268
State,ut,2016,42,1.0424,1.0424,,,0,,,,192,37,18419
State,ut,2016,43,0.834336,0.834336,,,0,,,,201,40,24091
State,ut,2016,44,0.762672,0.762672,,,0,,,,178,41,23339
State,ut,2016,45,1.02498,1.02498,,,0,,,,247,41,24098
State,ut,2016,46,0.979074,0.979074,,,0,,,,233,40,23798
State,ut,2016,47,1.15142,1.15142,,,0,,,,245,41,21278
State,ut,2016,48,1.3005,1.3005,,,0,,,,320,40,24606
State,ut,2016,49,1.37566,1.37566,,,0,,,,335,41,24352
State,ut,2016,50,1.8372,1.8372,,,0,,,,332,40,18071
State,ut,2016,51,3.2999,3.2999,,,0,,,,408,32,12364
State,ut,2016,52,3.89622,3.89622,,,0,,,,449,31,11524
State,ut,2017,1,3.37125,3.37125,,,0,,,,409,35,12132
State,ut,2017,2,2.86365,2.86365,,,0,,,,377,36,13165
State,ut,2017,3,2.89367,2.89367,,,0,,,,292,30,10091
State,ut,2017,4,2.04686,2.04686,,,0,,,,325,32,15878
State,ut,2017,5,1.60697,1.60697,,,0,,,,297,32,18482
State,ut,2017,6,1.5936,1.5936,,,0,,,,293,33,18386
State,ut,2017,7,1.29598,1.29598,,,0,,,,241,32,18596
State,ut,2017,8,1.60169,1.60169,,,0,,,,258,33,16108
State,ut,2017,9,0.493608,0.493608,,,0,,,,78,32,15802
State,ut,2017,10,0.61082,0.61082,,,0,,,,98,31,16044
State,ut,2017,11,0.586114,0.586114,,,0,,,,91,28,15526
State,ut,2017,12,0.593898,0.593898,,,0,,,,95,32,15996
State,ut,2017,13,0.529539,0.529539,,,0,,,,83,30,15674
State,ut,2017,14,0.502478,0.502478,,,0,,,,73,29,14528
State,ut,2017,15,0.546992,0.546992,,,0,,,,77,27,14077
State,ut,2017,16,0.559903,0.559903,,,0,,,,88,28,15717
State,ut,2017,17,0.636194,0.636194,,,0,,,,92,27,14461
State,ut,2017,18,0.73975,0.73975,,,0,,,,83,26,11220
State,ut,2017,19,0.497089,0.497089,,,0,,,,76,27,15289
State,ut,2017,20,0.576097,0.576097,,,0,,,,55,28,9547
State,ut,2017,21,0.513143,0.513143,,,0,,,,49,27,9549
State,ut,2017,22,0.617145,0.617145,,,0,,,,55,29,8912
State,ut,2017,23,0.366911,0.366911,,,0,,,,55,26,14990
State,ut,2017,24,0.326931,0.326931,,,0,,,,48,26,14682
State,ut,2017,25,0.274635,0.274635,,,0,,,,42,26,15293
State,ut,2017,26,0.274869,0.274869,,,0,,,,42,26,15280
State,ut,2017,27,0.301182,0.301182,,,0,,,,40,25,13281
State,ut,2017,28,0.261587,0.261587,,,0,,,,39,25,14909
State,ut,2017,29,0.281275,0.281275,,,0,,,,42,26,14932
State,ut,2017,30,0.289193,0.289193,,,0,,,,38,25,13140
State,ut,2017,31,0.296137,0.296137,,,0,,,,44,26,14858
State,ut,2017,32,0.294177,0.294177,,,0,,,,44,26,14957
State,ut,2017,33,0.28058,0.28058,,,0,,,,42,25,14969
State,ut,2017,34,0.315246,0.315246,,,0,,,,47,26,14909
State,ut,2017,35,0.338983,0.338983,,,0,,,,53,27,15635
State,ut,2017,36,0.349818,0.349818,,,0,,,,51,27,14579
State,ut,2017,37,0.348324,0.348324,,,0,,,,45,31,12919
State,ut,2017,38,0.133529,0.133529,,,0,,,,31,37,23216
State,ut,2017,39,0.145729,0.145729,,,0,,,,34,33,23331
State,ut,2017,40,0.144053,0.144053,,,0,,,,37,47,25685
State,ut,2017,41,0.158764,0.158764,,,0,,,,37,38,23305
State,ut,2017,42,0.223493,0.223493,,,0,,,,52,38,23267
State,ut,2017,43,0.542289,0.542289,,,0,,,,57,39,10511
State,ut,2017,44,0.193697,0.193697,,,0,,,,48,41,24781
State,ut,2017,45,0.13259,0.13259,,,0,,,,34,38,25643
State,ut,2017,46,0.316315,0.316315,,,0,,,,64,40,20233
State,ut,2017,47,0.232974,0.232974,,,0,,,,43,39,18457
State,ut,2017,48,0.275559,0.275559,,,0,,,,59,40,21411
State,ut,2017,49,0.26722,0.26722,,,0,,,,67,36,25073
State,ut,2017,50,0.435192,0.435192,,,0,,,,74,40,17004
State,ut,2017,51,1.22118,1.22118,,,0,,,,143,36,11710
State,ut,2017,52,2.1783,2.1783,,,0,,,,205,39,9411
State,va,2010,40,1.14343,1.14343,,,0,,,,660,81,57721
State,va,2010,41,1.23653,1.23653,,,0,,,,754,83,60977
State,va,2010,42,1.22545,1.22545,,,0,,,,758,84,61855
State,va,2010,43,1.26902,1.26902,,,0,,,,763,83,60125
State,va,2010,44,1.26547,1.26547,,,0,,,,729,84,57607
State,va,2010,45,1.41165,1.41165,,,0,,,,888,88,62905
State,va,2010,46,1.53242,1.53242,,,0,,,,898,84,58600
State,va,2010,47,1.62726,1.62726,,,0,,,,987,87,60654
State,va,2010,48,1.57146,1.57146,,,0,,,,970,88,61726
State,va,2010,49,1.69937,1.69937,,,0,,,,982,86,57786
State,va,2010,50,1.75344,1.75344,,,0,,,,945,83,53894
State,va,2010,51,2.19585,2.19585,,,0,,,,1260,89,57381
State,va,2010,52,2.3964,2.3964,,,0,,,,1466,86,61175
State,va,2011,1,2.48912,2.48912,,,0,,,,1596,87,64119
State,va,2011,2,2.81105,2.81105,,,0,,,,1835,91,65278
State,va,2011,3,3.97236,3.97236,,,0,,,,2719,91,68448
State,va,2011,4,4.7423,4.7423,,,0,,,,3294,90,69460
State,va,2011,5,5.34851,5.34851,,,0,,,,3859,91,72151
State,va,2011,6,5.12923,5.12923,,,0,,,,3731,91,72740
State,va,2011,7,5.14304,5.14304,,,0,,,,3743,91,72778
State,va,2011,8,4.35908,4.35908,,,0,,,,3184,92,73043
State,va,2011,9,3.47331,3.47331,,,0,,,,2411,92,69415
State,va,2011,10,2.8357,2.8357,,,0,,,,1825,91,64358
State,va,2011,11,2.26876,2.26876,,,0,,,,1561,92,68804
State,va,2011,12,1.85296,1.85296,,,0,,,,1210,91,65301
State,va,2011,13,1.81293,1.81293,,,0,,,,1173,92,64702
State,va,2011,14,1.51176,1.51176,,,0,,,,1028,93,68000
State,va,2011,15,1.48654,1.48654,,,0,,,,722,80,48569
State,va,2011,16,1.3181,1.3181,,,0,,,,774,82,58721
State,va,2011,17,1.05721,1.05721,,,0,,,,635,80,60064
State,va,2011,18,1.07273,1.07273,,,0,,,,672,88,62644
State,va,2011,19,1.06423,1.06423,,,0,,,,705,90,66245
State,va,2011,20,1.1395,1.1395,,,0,,,,709,86,62220
State,va,2011,21,0.999368,0.999368,,,0,,,,617,85,61739
State,va,2011,22,1.01137,1.01137,,,0,,,,629,83,62193
State,va,2011,23,0.964833,0.964833,,,0,,,,580,82,60114
State,va,2011,24,0.911056,0.911056,,,0,,,,548,83,60150
State,va,2011,25,0.82836,0.82836,,,0,,,,458,74,55290
State,va,2011,26,0.817877,0.817877,,,0,,,,452,79,55265
State,va,2011,27,0.723917,0.723917,,,0,,,,444,83,61333
State,va,2011,28,0.629352,0.629352,,,0,,,,357,79,56725
State,va,2011,29,0.625742,0.625742,,,0,,,,353,79,56413
State,va,2011,30,0.673763,0.673763,,,0,,,,369,76,54767
State,va,2011,31,0.560293,0.560293,,,0,,,,320,73,57113
State,va,2011,32,0.588899,0.588899,,,0,,,,355,83,60282
State,va,2011,33,0.677421,0.677421,,,0,,,,409,83,60376
State,va,2011,34,0.774693,0.774693,,,0,,,,396,77,51117
State,va,2011,35,0.723238,0.723238,,,0,,,,427,83,59040
State,va,2011,36,0.800381,0.800381,,,0,,,,488,87,60971
State,va,2011,37,0.916186,0.916186,,,0,,,,601,88,65598
State,va,2011,38,1.08084,1.08084,,,0,,,,714,86,66060
State,va,2011,39,1.21326,1.21326,,,0,,,,833,92,68658
State,va,2011,40,1.24903,1.24903,,,0,,,,840,93,67252
State,va,2011,41,1.35433,1.35433,,,0,,,,927,92,68447
State,va,2011,42,1.28256,1.28256,,,0,,,,897,92,69938
State,va,2011,43,1.38842,1.38842,,,0,,,,909,90,65470
State,va,2011,44,1.45224,1.45224,,,0,,,,938,92,64590
State,va,2011,45,1.53378,1.53378,,,0,,,,1023,91,66698
State,va,2011,46,1.50762,1.50762,,,0,,,,1050,94,69646
State,va,2011,47,1.60014,1.60014,,,0,,,,1009,92,63057
State,va,2011,48,1.67932,1.67932,,,0,,,,1144,92,68123
State,va,2011,49,1.52293,1.52293,,,0,,,,1014,94,66582
State,va,2011,50,1.70213,1.70213,,,0,,,,1116,87,65565
State,va,2011,51,1.75168,1.75168,,,0,,,,1145,92,65366
State,va,2011,52,1.97506,1.97506,,,0,,,,1359,93,68808
State,va,2012,1,1.79988,1.79988,,,0,,,,1264,94,70227
State,va,2012,2,1.39757,1.39757,,,0,,,,946,92,67689
State,va,2012,3,1.66761,1.66761,,,0,,,,1117,94,66982
State,va,2012,4,1.47628,1.47628,,,0,,,,1034,94,70041
State,va,2012,5,1.68142,1.68142,,,0,,,,1128,91,67086
State,va,2012,6,1.47935,1.47935,,,0,,,,1020,93,68949
State,va,2012,7,1.6923,1.6923,,,0,,,,1164,91,68782
State,va,2012,8,1.63359,1.63359,,,0,,,,1163,91,71193
State,va,2012,9,1.55302,1.55302,,,0,,,,1091,93,70250
State,va,2012,10,1.57107,1.57107,,,0,,,,1077,93,68552
State,va,2012,11,1.50433,1.50433,,,0,,,,1078,93,71660
State,va,2012,12,1.35354,1.35354,,,0,,,,977,92,72181
State,va,2012,13,1.30649,1.30649,,,0,,,,898,89,68734
State,va,2012,14,1.28639,1.28639,,,0,,,,860,91,66854
State,va,2012,15,1.15225,1.15225,,,0,,,,769,86,66739
State,va,2012,16,1.0998,1.0998,,,0,,,,780,91,70922
State,va,2012,17,1.0616,1.0616,,,0,,,,710,89,66880
State,va,2012,18,1.15984,1.15984,,,0,,,,740,86,63802
State,va,2012,19,0.960439,0.960439,,,0,,,,647,88,67365
State,va,2012,20,0.968512,0.968512,,,0,,,,645,86,66597
State,va,2012,21,1.00561,1.00561,,,0,,,,660,83,65632
State,va,2012,22,1.06786,1.06786,,,0,,,,733,87,68642
State,va,2012,23,0.967892,0.967892,,,0,,,,624,82,64470
State,va,2012,24,1.02416,1.02416,,,0,,,,661,83,64541
State,va,2012,25,0.955853,0.955853,,,0,,,,603,83,63085
State,va,2012,26,0.937844,0.937844,,,0,,,,545,80,58112
State,va,2012,27,0.871453,0.871453,,,0,,,,554,85,63572
State,va,2012,28,0.72054,0.72054,,,0,,,,460,81,63841
State,va,2012,29,0.78756,0.78756,,,0,,,,510,86,64757
State,va,2012,30,0.734682,0.734682,,,0,,,,494,91,67240
State,va,2012,31,0.74864,0.74864,,,0,,,,490,88,65452
State,va,2012,32,0.739357,0.739357,,,0,,,,471,87,63704
State,va,2012,33,0.785321,0.785321,,,0,,,,520,89,66215
State,va,2012,34,0.772323,0.772323,,,0,,,,536,92,69401
State,va,2012,35,0.906959,0.906959,,,0,,,,584,85,64391
State,va,2012,36,0.934876,0.934876,,,0,,,,678,95,72523
State,va,2012,37,1.08288,1.08288,,,0,,,,773,93,71384
State,va,2012,38,1.22811,1.22811,,,0,,,,960,98,78169
State,va,2012,39,1.2518,1.2518,,,0,,,,924,96,73814
State,va,2012,40,1.24717,1.24717,,,0,,,,924,98,74088
State,va,2012,41,1.36244,1.36244,,,0,,,,995,98,73031
State,va,2012,42,1.34905,1.34905,,,0,,,,968,97,71754
State,va,2012,43,1.43984,1.43984,,,0,,,,1037,97,72022
State,va,2012,44,1.61346,1.61346,,,0,,,,1032,96,63962
State,va,2012,45,1.5578,1.5578,,,0,,,,1047,97,67210
State,va,2012,46,1.75717,1.75717,,,0,,,,1227,96,69828
State,va,2012,47,2.08133,2.08133,,,0,,,,1425,98,68466
State,va,2012,48,2.25777,2.25777,,,0,,,,1643,98,72771
State,va,2012,49,2.9019,2.9019,,,0,,,,2225,100,76674
State,va,2012,50,4.04577,4.04577,,,0,,,,3087,100,76302
State,va,2012,51,5.75511,5.75511,,,0,,,,4757,100,82657
State,va,2012,52,7.31564,7.31564,,,0,,,,6106,100,83465
State,va,2013,1,6.80646,6.80646,,,0,,,,5554,100,81599
State,va,2013,2,7.06235,7.06235,,,0,,,,5990,100,84816
State,va,2013,3,6.24657,6.24657,,,0,,,,4673,99,74809
State,va,2013,4,2.96131,2.96131,,,0,,,,2042,98,68956
State,va,2013,5,3.83966,3.83966,,,0,,,,2730,99,71100
State,va,2013,6,3.28483,3.28483,,,0,,,,2192,100,66731
State,va,2013,7,3.16161,3.16161,,,0,,,,2264,100,71609
State,va,2013,8,3.076,3.076,,,0,,,,2201,97,71554
State,va,2013,9,3.03836,3.03836,,,0,,,,2205,97,72572
State,va,2013,10,3.17296,3.17296,,,0,,,,2266,98,71416
State,va,2013,11,2.96363,2.96363,,,0,,,,2011,97,67856
State,va,2013,12,2.62536,2.62536,,,0,,,,1877,95,71495
State,va,2013,13,2.41272,2.41272,,,0,,,,1606,90,66564
State,va,2013,14,2.19136,2.19136,,,0,,,,1406,91,64161
State,va,2013,15,1.79362,1.79362,,,0,,,,1219,89,67963
State,va,2013,16,1.2814,1.2814,,,0,,,,852,92,66490
State,va,2013,17,1.21938,1.21938,,,0,,,,761,87,62409
State,va,2013,18,1.21462,1.21462,,,0,,,,727,83,59854
State,va,2013,19,1.06852,1.06852,,,0,,,,679,88,63546
State,va,2013,20,0.953416,0.953416,,,0,,,,570,85,59785
State,va,2013,21,1.02018,1.02018,,,0,,,,585,79,57343
State,va,2013,22,0.982714,0.982714,,,0,,,,585,76,59529
State,va,2013,23,0.887691,0.887691,,,0,,,,494,75,55650
State,va,2013,24,0.93743,0.93743,,,0,,,,501,71,53444
State,va,2013,25,0.845789,0.845789,,,0,,,,481,76,56870
State,va,2013,26,0.827225,0.827225,,,0,,,,430,78,51981
State,va,2013,27,0.844016,0.844016,,,0,,,,399,72,47274
State,va,2013,28,0.751779,0.751779,,,0,,,,391,70,52010
State,va,2013,29,0.731653,0.731653,,,0,,,,359,71,49067
State,va,2013,30,0.751795,0.751795,,,0,,,,332,69,44161
State,va,2013,31,0.752373,0.752373,,,0,,,,264,67,35089
State,va,2013,32,0.627758,0.627758,,,0,,,,330,72,52568
State,va,2013,33,0.74843,0.74843,,,0,,,,367,66,49036
State,va,2013,34,1.00721,1.00721,,,0,,,,155,53,15389
State,va,2013,35,0.812642,0.812642,,,0,,,,415,72,51068
State,va,2013,36,1.03449,1.03449,,,0,,,,673,100,65056
State,va,2013,37,1.17679,1.17679,,,0,,,,687,98,58379
State,va,2013,38,1.29821,1.29821,,,0,,,,862,103,66399
State,va,2013,39,1.28907,1.28907,,,0,,,,796,105,61750
State,va,2013,40,1.28394,1.28394,,,0,,,,914,110,71187
State,va,2013,41,1.28999,1.28999,,,0,,,,846,99,65582
State,va,2013,42,1.44527,1.44527,,,0,,,,984,107,68084
State,va,2013,43,1.51564,1.51564,,,0,,,,1032,106,68090
State,va,2013,44,1.63527,1.63527,,,0,,,,1105,104,67573
State,va,2013,45,1.56031,1.56031,,,0,,,,1046,102,67038
State,va,2013,46,1.57625,1.57625,,,0,,,,1107,107,70230
State,va,2013,47,1.72339,1.72339,,,0,,,,1235,107,71661
State,va,2013,48,1.91655,1.91655,,,0,,,,1191,107,62143
State,va,2013,49,1.98556,1.98556,,,0,,,,1449,107,72977
State,va,2013,50,2.18044,2.18044,,,0,,,,1460,110,66959
State,va,2013,51,2.61354,2.61354,,,0,,,,1884,110,72086
State,va,2013,52,3.4295,3.4295,,,0,,,,2532,112,73830
State,va,2014,1,3.88364,3.88364,,,0,,,,3040,112,78277
State,va,2014,2,4.06224,4.06224,,,0,,,,3099,112,76288
State,va,2014,3,4.6483,4.6483,,,0,,,,3513,112,75576
State,va,2014,4,4.37013,4.37013,,,0,,,,3127,112,71554
State,va,2014,5,3.69423,3.69423,,,0,,,,2599,112,70353
State,va,2014,6,3.28552,3.28552,,,0,,,,2146,105,65317
State,va,2014,7,3.13499,3.13499,,,0,,,,2070,110,66029
State,va,2014,8,2.68339,2.68339,,,0,,,,2043,111,76135
State,va,2014,9,2.44837,2.44837,,,0,,,,1712,109,69924
State,va,2014,10,2.26653,2.26653,,,0,,,,1638,112,72269
State,va,2014,11,1.89497,1.89497,,,0,,,,1412,109,74513
State,va,2014,12,1.92425,1.92425,,,0,,,,1424,110,74003
State,va,2014,13,1.95655,1.95655,,,0,,,,1324,106,67670
State,va,2014,14,1.89131,1.89131,,,0,,,,1342,107,70956
State,va,2014,15,1.87299,1.87299,,,0,,,,1331,105,71063
State,va,2014,16,1.47833,1.47833,,,0,,,,1039,105,70282
State,va,2014,17,1.37131,1.37131,,,0,,,,962,104,70152
State,va,2014,18,1.51772,1.51772,,,0,,,,992,100,65361
State,va,2014,19,1.39582,1.39582,,,0,,,,968,103,69350
State,va,2014,20,1.3232,1.3232,,,0,,,,890,102,67261
State,va,2014,21,1.24352,1.24352,,,0,,,,911,105,73260
State,va,2014,22,1.28038,1.28038,,,0,,,,873,99,68183
State,va,2014,23,1.1475,1.1475,,,0,,,,774,100,67451
State,va,2014,24,1.06692,1.06692,,,0,,,,720,96,67484
State,va,2014,25,1.01355,1.01355,,,0,,,,691,96,68176
State,va,2014,26,0.918973,0.918973,,,0,,,,618,96,67249
State,va,2014,27,1.08524,1.08524,,,0,,,,665,92,61277
State,va,2014,28,0.838727,0.838727,,,0,,,,543,93,64741
State,va,2014,29,0.871626,0.871626,,,0,,,,548,91,62871
State,va,2014,30,0.79369,0.79369,,,0,,,,486,91,61233
State,va,2014,31,0.803004,0.803004,,,0,,,,494,90,61519
State,va,2014,32,0.752559,0.752559,,,0,,,,483,97,64181
State,va,2014,33,0.799029,0.799029,,,0,,,,533,96,66706
State,va,2014,34,0.871769,0.871769,,,0,,,,578,98,66302
State,va,2014,35,0.96272,0.96272,,,0,,,,580,92,60246
State,va,2014,36,1.03362,1.03362,,,0,,,,700,101,67723
State,va,2014,37,1.35542,1.35542,,,0,,,,1032,113,76139
State,va,2014,38,1.43986,1.43986,,,0,,,,1128,119,78341
State,va,2014,39,1.46903,1.46903,,,0,,,,1221,122,83116
State,va,2014,40,1.43013,1.43013,,,0,,,,1166,121,81531
State,va,2014,41,1.77161,1.77161,,,0,,,,1166,118,65816
State,va,2014,42,1.87367,1.87367,,,0,,,,1280,108,68315
State,va,2014,43,1.70346,1.70346,,,0,,,,1291,116,75787
State,va,2014,44,1.71274,1.71274,,,0,,,,1262,116,73683
State,va,2014,45,1.70635,1.70635,,,0,,,,1282,119,75131
State,va,2014,46,1.75274,1.75274,,,0,,,,1363,121,77764
State,va,2014,47,1.99125,1.99125,,,0,,,,1411,121,70860
State,va,2014,48,2.39042,2.39042,,,0,,,,1551,114,64884
State,va,2014,49,2.46464,2.46464,,,0,,,,1908,120,77415
State,va,2014,50,3.42276,3.42276,,,0,,,,2868,123,83792
State,va,2014,51,5.44911,5.44911,,,0,,,,4704,124,86326
State,va,2014,52,9.87439,9.87439,,,0,,,,9716,124,98396
State,va,2014,53,8.66942,8.66942,,,0,,,,8577,124,98934
State,va,2015,1,6.49073,6.49073,,,0,,,,5679,124,87494
State,va,2015,2,4.9923,4.9923,,,0,,,,4083,124,81786
State,va,2015,3,4.34338,4.34338,,,0,,,,3524,125,81135
State,va,2015,4,4.05259,4.05259,,,0,,,,3264,125,80541
State,va,2015,5,3.08799,3.08799,,,0,,,,2949,126,95499
State,va,2015,6,2.64815,2.64815,,,0,,,,2662,126,100523
State,va,2015,7,2.43285,2.43285,,,0,,,,2048,124,84181
State,va,2015,8,1.70949,1.70949,,,0,,,,1618,125,94648
State,va,2015,9,1.75565,1.75565,,,0,,,,1682,125,95805
State,va,2015,10,1.62989,1.62989,,,0,,,,1648,124,101111
State,va,2015,11,1.62236,1.62236,,,0,,,,1669,126,102875
State,va,2015,12,1.88077,1.88077,,,0,,,,1938,127,103043
State,va,2015,13,1.8815,1.8815,,,0,,,,1947,126,103481
State,va,2015,14,1.75242,1.75242,,,0,,,,1784,127,101802
State,va,2015,15,1.46854,1.46854,,,0,,,,1529,125,104117
State,va,2015,16,1.47072,1.47072,,,0,,,,1293,126,87916
State,va,2015,17,1.53866,1.53866,,,0,,,,1321,121,85854
State,va,2015,18,1.46258,1.46258,,,0,,,,1270,121,86833
State,va,2015,19,1.39585,1.39585,,,0,,,,1197,116,85754
State,va,2015,20,1.38784,1.38784,,,0,,,,1125,110,81061
State,va,2015,21,1.36031,1.36031,,,0,,,,1153,112,84760
State,va,2015,22,1.14471,1.14471,,,0,,,,957,118,83602
State,va,2015,23,1.20665,1.20665,,,0,,,,919,109,76161
State,va,2015,24,1.12833,1.12833,,,0,,,,851,105,75421
State,va,2015,25,0.985268,0.985268,,,0,,,,733,113,74396
State,va,2015,26,0.993886,0.993886,,,0,,,,725,106,72946
State,va,2015,27,0.941369,0.941369,,,0,,,,701,111,74466
State,va,2015,28,0.832394,0.832394,,,0,,,,628,104,75445
State,va,2015,29,0.779566,0.779566,,,0,,,,593,111,76068
State,va,2015,30,0.815613,0.815613,,,0,,,,555,105,68047
State,va,2015,31,0.80996,0.80996,,,0,,,,594,106,73337
State,va,2015,32,0.814073,0.814073,,,0,,,,609,110,74809
State,va,2015,33,0.800209,0.800209,,,0,,,,613,110,76605
State,va,2015,34,0.865735,0.865735,,,0,,,,682,115,78777
State,va,2015,35,1.05626,1.05626,,,0,,,,791,109,74887
State,va,2015,36,1.14117,1.14117,,,0,,,,872,107,76413
State,va,2015,37,1.07965,1.07965,,,0,,,,900,117,83360
State,va,2015,38,1.29069,1.29069,,,0,,,,1142,124,88480
State,va,2015,39,1.31923,1.31923,,,0,,,,1135,123,86035
State,va,2015,40,1.33996,1.33996,,,0,,,,1197,128,89331
State,va,2015,41,1.50892,1.50892,,,0,,,,1325,125,87811
State,va,2015,42,1.7641,1.7641,,,0,,,,1565,127,88714
State,va,2015,43,1.54868,1.54868,,,0,,,,1341,125,86590
State,va,2015,44,1.65955,1.65955,,,0,,,,1528,130,92073
State,va,2015,45,1.67621,1.67621,,,0,,,,1493,128,89070
State,va,2015,46,1.90304,1.90304,,,0,,,,1695,128,89068
State,va,2015,47,2.17016,2.17016,,,0,,,,1824,129,84049
State,va,2015,48,2.07325,2.07325,,,0,,,,1945,133,93814
State,va,2015,49,2.22075,2.22075,,,0,,,,2076,133,93482
State,va,2015,50,2.36551,2.36551,,,0,,,,2189,131,92538
State,va,2015,51,2.80804,2.80804,,,0,,,,2495,130,88852
State,va,2015,52,2.67095,2.67095,,,0,,,,2560,128,95846
State,va,2016,1,2.32881,2.32881,,,0,,,,2167,131,93052
State,va,2016,2,2.22837,2.22837,,,0,,,,1956,128,87777
State,va,2016,3,2.18843,2.18843,,,0,,,,1648,129,75305
State,va,2016,4,1.93452,1.93452,,,0,,,,1677,131,86688
State,va,2016,5,1.74534,1.74534,,,0,,,,1472,128,84339
State,va,2016,6,1.9085,1.9085,,,0,,,,1601,131,83888
State,va,2016,7,2.32802,2.32802,,,0,,,,2090,138,89776
State,va,2016,8,2.69247,2.69247,,,0,,,,2575,138,95637
State,va,2016,9,3.34539,3.34539,,,0,,,,3246,138,97029
State,va,2016,10,3.94309,3.94309,,,0,,,,4121,140,104512
State,va,2016,11,3.7071,3.7071,,,0,,,,3758,138,101373
State,va,2016,12,3.14517,3.14517,,,0,,,,3079,142,97896
State,va,2016,13,2.81424,2.81424,,,0,,,,2626,141,93311
State,va,2016,14,2.43005,2.43005,,,0,,,,2286,142,94072
State,va,2016,15,2.49676,2.49676,,,0,,,,2352,144,94202
State,va,2016,16,2.61728,2.61728,,,0,,,,2563,143,97926
State,va,2016,17,2.52094,2.52094,,,0,,,,2435,142,96591
State,va,2016,18,2.17544,2.17544,,,0,,,,2038,149,93682
State,va,2016,19,1.87636,1.87636,,,0,,,,1744,142,92946
State,va,2016,20,1.75606,1.75606,,,0,,,,1622,144,92366
State,va,2016,21,1.71059,1.71059,,,0,,,,1552,139,90729
State,va,2016,22,1.66439,1.66439,,,0,,,,1536,139,92286
State,va,2016,23,1.34067,1.34067,,,0,,,,1223,137,91223
State,va,2016,24,1.43361,1.43361,,,0,,,,1224,129,85379
State,va,2016,25,1.25253,1.25253,,,0,,,,991,124,79120
State,va,2016,26,1.30854,1.30854,,,0,,,,978,119,74740
State,va,2016,27,1.1676,1.1676,,,0,,,,911,120,78023
State,va,2016,28,0.976184,0.976184,,,0,,,,771,117,78981
State,va,2016,29,0.944046,0.944046,,,0,,,,713,114,75526
State,va,2016,30,1.01157,1.01157,,,0,,,,724,113,71572
State,va,2016,31,0.868836,0.868836,,,0,,,,601,109,69173
State,va,2016,32,1.03551,1.03551,,,0,,,,723,108,69821
State,va,2016,33,0.952447,0.952447,,,0,,,,682,108,71605
State,va,2016,34,1.01161,1.01161,,,0,,,,766,116,75721
State,va,2016,35,1.02227,1.02227,,,0,,,,817,125,79920
State,va,2016,36,1.13904,1.13904,,,0,,,,924,125,81121
State,va,2016,37,1.19647,1.19647,,,0,,,,1072,134,89597
State,va,2016,38,1.41489,1.41489,,,0,,,,1256,133,88770
State,va,2016,39,1.54346,1.54346,,,0,,,,1360,136,88114
State,va,2016,40,1.5353,1.5353,,,0,,,,1352,136,88061
State,va,2016,41,1.64101,1.64101,,,0,,,,1407,136,85740
State,va,2016,42,1.62658,1.62658,,,0,,,,1519,137,93386
State,va,2016,43,1.85403,1.85403,,,0,,,,1673,137,90236
State,va,2016,44,2.00273,2.00273,,,0,,,,1834,139,91575
State,va,2016,45,1.96096,1.96096,,,0,,,,1741,137,88783
State,va,2016,46,2.05058,2.05058,,,0,,,,1895,142,92413
State,va,2016,47,2.29704,2.29704,,,0,,,,1995,140,86851
State,va,2016,48,2.15431,2.15431,,,0,,,,1995,137,92605
State,va,2016,49,2.22633,2.22633,,,0,,,,2012,142,90373
State,va,2016,50,2.31392,2.31392,,,0,,,,2072,139,89545
State,va,2016,51,2.89868,2.89868,,,0,,,,2552,141,88040
State,va,2016,52,3.4293,3.4293,,,0,,,,3203,134,93401
State,va,2017,1,3.18906,3.18906,,,0,,,,3144,146,98587
State,va,2017,2,3.36477,3.36477,,,0,,,,2676,129,79530
State,va,2017,3,3.19863,3.19863,,,0,,,,3049,145,95322
State,va,2017,4,3.30228,3.30228,,,0,,,,3173,145,96085
State,va,2017,5,3.73817,3.73817,,,0,,,,3603,148,96384
State,va,2017,6,5.21859,5.21859,,,0,,,,5392,147,103323
State,va,2017,7,5.8855,5.8855,,,0,,,,6048,148,102761
State,va,2017,8,6.67057,6.67057,,,0,,,,7511,150,112599
State,va,2017,9,4.02646,4.02646,,,0,,,,4085,149,101454
State,va,2017,10,3.60225,3.60225,,,0,,,,3677,150,102075
State,va,2017,11,3.60761,3.60761,,,0,,,,3654,149,101286
State,va,2017,12,3.86367,3.86367,,,0,,,,4173,150,108006
State,va,2017,13,3.80323,3.80323,,,0,,,,3963,147,104201
State,va,2017,14,2.70719,2.70719,,,0,,,,2675,148,98811
State,va,2017,15,1.91896,1.91896,,,0,,,,1785,144,93019
State,va,2017,16,1.40519,1.40519,,,0,,,,1282,144,91233
State,va,2017,17,1.2409,1.2409,,,0,,,,1122,140,90418
State,va,2017,18,1.08838,1.08838,,,0,,,,915,125,84070
State,va,2017,19,0.975527,0.975527,,,0,,,,865,135,88670
State,va,2017,20,0.991409,0.991409,,,0,,,,884,130,89166
State,va,2017,21,0.983982,0.983982,,,0,,,,833,123,84656
State,va,2017,22,1.06009,1.06009,,,0,,,,886,122,83578
State,va,2017,23,0.873619,0.873619,,,0,,,,684,111,78295
State,va,2017,24,0.793261,0.793261,,,0,,,,646,117,81436
State,va,2017,25,0.765601,0.765601,,,0,,,,597,114,77978
State,va,2017,26,0.774195,0.774195,,,0,,,,529,101,68329
State,va,2017,27,0.659217,0.659217,,,0,,,,479,107,72662
State,va,2017,28,0.60003,0.60003,,,0,,,,433,100,72163
State,va,2017,29,0.622391,0.622391,,,0,,,,410,97,65875
State,va,2017,30,0.575314,0.575314,,,0,,,,407,107,70744
State,va,2017,31,0.614038,0.614038,,,0,,,,425,99,69214
State,va,2017,32,0.597921,0.597921,,,0,,,,390,99,65226
State,va,2017,33,0.616115,0.616115,,,0,,,,384,93,62326
State,va,2017,34,0.595491,0.595491,,,0,,,,407,98,68347
State,va,2017,35,0.606678,0.606678,,,0,,,,405,97,66757
State,va,2017,36,0.715319,0.715319,,,0,,,,534,108,74652
State,va,2017,37,0.680643,0.680643,,,0,,,,562,117,82569
State,va,2017,38,0.792722,0.792722,,,0,,,,664,116,83762
State,va,2017,39,0.855961,0.855961,,,0,,,,598,110,69863
State,va,2017,40,1.26377,1.26377,,,0,,,,1097,126,86804
State,va,2017,41,1.28371,1.28371,,,0,,,,1141,127,88883
State,va,2017,42,1.43663,1.43663,,,0,,,,1240,126,86313
State,va,2017,43,1.61552,1.61552,,,0,,,,1434,128,88764
State,va,2017,44,1.68481,1.68481,,,0,,,,1495,130,88734
State,va,2017,45,1.78649,1.78649,,,0,,,,1571,130,87938
State,va,2017,46,2.02666,2.02666,,,0,,,,1814,130,89507
State,va,2017,47,2.19032,2.19032,,,0,,,,1878,127,85741
State,va,2017,48,2.33085,2.33085,,,0,,,,2213,134,94944
State,va,2017,49,2.36303,2.36303,,,0,,,,2050,127,86753
State,va,2017,50,2.60214,2.60214,,,0,,,,2231,126,85737
State,va,2017,51,3.05112,3.05112,,,0,,,,2749,129,90098
State,va,2017,52,3.92037,3.92037,,,0,,,,3523,129,89864
State,vt,2010,40,1.47641,1.47641,,,0,,,,41,10,2777
State,vt,2010,41,1.35777,1.35777,,,0,,,,40,10,2946
State,vt,2010,42,1.48221,1.48221,,,0,,,,45,11,3036
State,vt,2010,43,1.44393,1.44393,,,0,,,,47,11,3255
State,vt,2010,44,1.25276,1.25276,,,0,,,,34,10,2714
State,vt,2010,45,1.12705,1.12705,,,0,,,,33,11,2928
State,vt,2010,46,1.79054,1.79054,,,0,,,,53,11,2960
State,vt,2010,47,1.94011,1.94011,,,0,,,,46,11,2371
State,vt,2010,48,1.57528,1.57528,,,0,,,,52,12,3301
State,vt,2010,49,1.15663,1.15663,,,0,,,,48,14,4150
State,vt,2010,50,1.34553,1.34553,,,0,,,,50,14,3716
State,vt,2010,51,1.51873,1.51873,,,0,,,,45,13,2963
State,vt,2010,52,1.81087,1.81087,,,0,,,,63,15,3479
State,vt,2011,1,1.77179,1.77179,,,0,,,,75,15,4233
State,vt,2011,2,1.48631,1.48631,,,0,,,,57,15,3835
State,vt,2011,3,1.74683,1.74683,,,0,,,,73,15,4179
State,vt,2011,4,2.17977,2.17977,,,0,,,,89,14,4083
State,vt,2011,5,2.47765,2.47765,,,0,,,,97,15,3915
State,vt,2011,6,2.73263,2.73263,,,0,,,,116,14,4245
State,vt,2011,7,3.43809,3.43809,,,0,,,,128,13,3723
State,vt,2011,8,2.53743,2.53743,,,0,,,,100,14,3941
State,vt,2011,9,2.28095,2.28095,,,0,,,,82,13,3595
State,vt,2011,10,2.74522,2.74522,,,0,,,,89,13,3242
State,vt,2011,11,2.12912,2.12912,,,0,,,,62,11,2912
State,vt,2011,12,1.53347,1.53347,,,0,,,,52,12,3391
State,vt,2011,13,1.67224,1.67224,,,0,,,,55,12,3289
State,vt,2011,14,1.83993,1.83993,,,0,,,,60,11,3261
State,vt,2011,15,2.00573,2.00573,,,0,,,,56,10,2792
State,vt,2011,16,1.43522,1.43522,,,0,,,,37,10,2578
State,vt,2011,17,1.32743,1.32743,,,0,,,,36,10,2712
State,vt,2011,18,1.514,1.514,,,0,,,,40,9,2642
State,vt,2011,19,1.96672,1.96672,,,0,,,,52,10,2644
State,vt,2011,20,1.4565,1.4565,,,0,,,,38,9,2609
State,vt,2011,21,1.1976,1.1976,,,0,,,,22,7,1837
State,vt,2011,22,1.12641,1.12641,,,0,,,,18,7,1598
State,vt,2011,23,1.06724,1.06724,,,0,,,,20,7,1874
State,vt,2011,24,0.586166,0.586166,,,0,,,,10,7,1706
State,vt,2011,25,1.18765,1.18765,,,0,,,,20,7,1684
State,vt,2011,26,0.645919,0.645919,,,0,,,,11,7,1703
State,vt,2011,27,0.759975,0.759975,,,0,,,,12,7,1579
State,vt,2011,28,0.711322,0.711322,,,0,,,,12,7,1687
State,vt,2011,29,0.8329,0.8329,,,0,,,,16,7,1921
State,vt,2011,30,1.0981,1.0981,,,0,,,,15,6,1366
State,vt,2011,31,1.01083,1.01083,,,0,,,,14,6,1385
State,vt,2011,32,0.996016,0.996016,,,0,,,,15,6,1506
State,vt,2011,33,1.81818,1.81818,,,0,,,,26,6,1430
State,vt,2011,34,1.49254,1.49254,,,0,,,,23,6,1541
State,vt,2011,35,1.45202,1.45202,,,0,,,,23,7,1584
State,vt,2011,36,2.0202,2.0202,,,0,,,,28,6,1386
State,vt,2011,37,2.17391,2.17391,,,0,,,,30,6,1380
State,vt,2011,38,1.10926,1.10926,,,0,,,,20,7,1803
State,vt,2011,39,1.27728,1.27728,,,0,,,,24,7,1879
State,vt,2011,40,1.43991,1.43991,,,0,,,,49,11,3403
State,vt,2011,41,1.52211,1.52211,,,0,,,,53,11,3482
State,vt,2011,42,1.06132,1.06132,,,0,,,,36,11,3392
State,vt,2011,43,1.23529,1.23529,,,0,,,,42,11,3400
State,vt,2011,44,1.66756,1.66756,,,0,,,,62,12,3718
State,vt,2011,45,1.29151,1.29151,,,0,,,,49,12,3794
State,vt,2011,46,1.10277,1.10277,,,0,,,,47,13,4262
State,vt,2011,47,2.11538,2.11538,,,0,,,,55,12,2600
State,vt,2011,48,1.84139,1.84139,,,0,,,,75,12,4073
State,vt,2011,49,1.60576,1.60576,,,0,,,,58,12,3612
State,vt,2011,50,1.58254,1.58254,,,0,,,,58,12,3665
State,vt,2011,51,2.23263,2.23263,,,0,,,,62,11,2777
State,vt,2011,52,2.79251,2.79251,,,0,,,,79,12,2829
State,vt,2012,1,2.18978,2.18978,,,0,,,,60,11,2740
State,vt,2012,2,2.66864,2.66864,,,0,,,,72,10,2698
State,vt,2012,3,2.09581,2.09581,,,0,,,,63,11,3006
State,vt,2012,4,1.97239,1.97239,,,0,,,,60,11,3042
State,vt,2012,5,1.82735,1.82735,,,0,,,,58,11,3174
State,vt,2012,6,2.17941,2.17941,,,0,,,,69,11,3166
State,vt,2012,7,1.73134,1.73134,,,0,,,,58,11,3350
State,vt,2012,8,2.30133,2.30133,,,0,,,,64,10,2781
State,vt,2012,9,1.99024,1.99024,,,0,,,,53,10,2663
State,vt,2012,10,1.89179,1.89179,,,0,,,,50,10,2643
State,vt,2012,11,2.68362,2.68362,,,0,,,,76,11,2832
State,vt,2012,12,2.87338,2.87338,,,0,,,,91,11,3167
State,vt,2012,13,3.0589,3.0589,,,0,,,,94,11,3073
State,vt,2012,14,2.89421,2.89421,,,0,,,,87,11,3006
State,vt,2012,15,2.58732,2.58732,,,0,,,,80,11,3092
State,vt,2012,16,2.7515,2.7515,,,0,,,,64,9,2326
State,vt,2012,17,2.55958,2.55958,,,0,,,,58,9,2266
State,vt,2012,18,1.90194,1.90194,,,0,,,,45,9,2366
State,vt,2012,19,2.09489,2.09489,,,0,,,,34,8,1623
State,vt,2012,20,1.84697,1.84697,,,0,,,,28,6,1516
State,vt,2012,21,1.97548,1.97548,,,0,,,,29,6,1468
State,vt,2012,22,1.84758,1.84758,,,0,,,,24,5,1299
State,vt,2012,23,1.65111,1.65111,,,0,,,,23,6,1393
State,vt,2012,24,1.14796,1.14796,,,0,,,,18,6,1568
State,vt,2012,25,1.31034,1.31034,,,0,,,,19,6,1450
State,vt,2012,26,1.25698,1.25698,,,0,,,,18,6,1432
State,vt,2012,27,1.11199,1.11199,,,0,,,,14,6,1259
State,vt,2012,28,0.96401,0.96401,,,0,,,,15,6,1556
State,vt,2012,29,1.14204,1.14204,,,0,,,,16,6,1401
State,vt,2012,30,1.14094,1.14094,,,0,,,,17,6,1490
State,vt,2012,31,1.08992,1.08992,,,0,,,,16,6,1468
State,vt,2012,32,1.17647,1.17647,,,0,,,,20,7,1700
State,vt,2012,33,1.44928,1.44928,,,0,,,,21,6,1449
State,vt,2012,34,1.71674,1.71674,,,0,,,,16,5,932
State,vt,2012,35,1.16891,1.16891,,,0,,,,20,7,1711
State,vt,2012,36,1.60668,1.60668,,,0,,,,25,7,1556
State,vt,2012,37,1.24183,1.24183,,,0,,,,19,6,1530
State,vt,2012,38,1.95707,1.95707,,,0,,,,31,7,1584
State,vt,2012,39,1.69306,1.69306,,,0,,,,31,7,1831
State,vt,2012,40,1.31105,1.31105,,,0,,,,40,10,3051
State,vt,2012,41,1.24633,1.24633,,,0,,,,34,10,2728
State,vt,2012,42,1.29636,1.29636,,,0,,,,36,9,2777
State,vt,2012,43,1.09117,1.09117,,,0,,,,31,10,2841
State,vt,2012,44,0.993861,0.993861,,,0,,,,34,11,3421
State,vt,2012,45,1.03469,1.03469,,,0,,,,34,11,3286
State,vt,2012,46,0.983021,0.983021,,,0,,,,33,11,3357
State,vt,2012,47,1.13895,1.13895,,,0,,,,25,11,2195
State,vt,2012,48,1.30719,1.30719,,,0,,,,52,12,3978
State,vt,2012,49,1.30946,1.30946,,,0,,,,49,12,3742
State,vt,2012,50,2.59634,2.59634,,,0,,,,95,12,3659
State,vt,2012,51,3.46636,3.46636,,,0,,,,119,12,3433
State,vt,2012,52,5.20878,5.20878,,,0,,,,121,12,2323
State,vt,2013,1,4.49438,4.49438,,,0,,,,128,12,2848
State,vt,2013,2,5.14139,5.14139,,,0,,,,180,12,3501
State,vt,2013,3,5.1005,5.1005,,,0,,,,203,12,3980
State,vt,2013,4,5.39638,5.39638,,,0,,,,194,12,3595
State,vt,2013,5,5.94282,5.94282,,,0,,,,185,11,3113
State,vt,2013,6,5.43727,5.43727,,,0,,,,166,11,3053
State,vt,2013,7,5.07663,5.07663,,,0,,,,159,10,3132
State,vt,2013,8,3.04601,3.04601,,,0,,,,94,11,3086
State,vt,2013,9,3.56564,3.56564,,,0,,,,110,11,3085
State,vt,2013,10,3.25477,3.25477,,,0,,,,87,11,2673
State,vt,2013,11,2.13793,2.13793,,,0,,,,62,10,2900
State,vt,2013,12,1.85185,1.85185,,,0,,,,55,11,2970
State,vt,2013,13,2.69293,2.69293,,,0,,,,67,10,2488
State,vt,2013,14,3.38673,3.38673,,,0,,,,74,9,2185
State,vt,2013,15,3.79356,3.79356,,,0,,,,86,9,2267
State,vt,2013,16,3.40541,3.40541,,,0,,,,63,8,1850
State,vt,2013,17,2.08828,2.08828,,,0,,,,44,8,2107
State,vt,2013,18,2.31701,2.31701,,,0,,,,44,8,1899
State,vt,2013,19,1.75791,1.75791,,,0,,,,35,9,1991
State,vt,2013,20,1.88383,1.88383,,,0,,,,36,9,1911
State,vt,2013,21,2.23011,2.23011,,,0,,,,44,8,1973
State,vt,2013,22,1.95599,1.95599,,,0,,,,32,7,1636
State,vt,2013,23,2.14435,2.14435,,,0,,,,41,8,1912
State,vt,2013,24,1.8797,1.8797,,,0,,,,35,8,1862
State,vt,2013,25,1.17048,1.17048,,,0,,,,23,8,1965
State,vt,2013,26,1.75038,1.75038,,,0,,,,23,6,1314
State,vt,2013,27,1.27005,1.27005,,,0,,,,19,6,1496
State,vt,2013,28,1.44175,1.44175,,,0,,,,25,7,1734
State,vt,2013,29,1.15607,1.15607,,,0,,,,20,7,1730
State,vt,2013,30,1.92308,1.92308,,,0,,,,32,7,1664
State,vt,2013,31,1.46972,1.46972,,,0,,,,25,7,1701
State,vt,2013,32,1.34977,1.34977,,,0,,,,23,7,1704
State,vt,2013,33,1.71395,1.71395,,,0,,,,29,7,1692
State,vt,2013,34,1.35922,1.35922,,,0,,,,21,6,1545
State,vt,2013,35,2.2695,2.2695,,,0,,,,32,5,1410
State,vt,2013,36,1.64722,1.64722,,,0,,,,24,6,1457
State,vt,2013,37,1.67504,1.67504,,,0,,,,30,7,1791
State,vt,2013,38,2.22482,2.22482,,,0,,,,38,7,1708
State,vt,2013,39,3.54191,3.54191,,,0,,,,60,7,1694
State,vt,2013,40,1.77116,1.77116,,,0,,,,63,11,3557
State,vt,2013,41,1.84513,1.84513,,,0,,,,61,10,3306
State,vt,2013,42,1.4652,1.4652,,,0,,,,56,11,3822
State,vt,2013,43,1.56829,1.56829,,,0,,,,55,11,3507
State,vt,2013,44,1.31212,1.31212,,,0,,,,47,11,3582
State,vt,2013,45,1.86391,1.86391,,,0,,,,63,11,3380
State,vt,2013,46,1.87949,1.87949,,,0,,,,68,11,3618
State,vt,2013,47,1.89911,1.89911,,,0,,,,64,10,3370
State,vt,2013,48,1.79453,1.79453,,,0,,,,40,10,2229
State,vt,2013,49,2.4369,2.4369,,,0,,,,84,11,3447
State,vt,2013,50,1.88046,1.88046,,,0,,,,56,10,2978
State,vt,2013,51,3.07294,3.07294,,,0,,,,83,10,2701
State,vt,2013,52,4.66445,4.66445,,,0,,,,98,10,2101
State,vt,2014,1,4.38635,4.38635,,,0,,,,99,10,2257
State,vt,2014,2,4.19244,4.19244,,,0,,,,122,10,2910
State,vt,2014,3,3.0185,3.0185,,,0,,,,93,10,3081
State,vt,2014,4,5.33255,5.33255,,,0,,,,182,11,3413
State,vt,2014,5,4.62777,4.62777,,,0,,,,161,11,3479
State,vt,2014,6,3.84845,3.84845,,,0,,,,129,11,3352
State,vt,2014,7,3.48042,3.48042,,,0,,,,112,11,3218
State,vt,2014,8,2.76364,2.76364,,,0,,,,76,9,2750
State,vt,2014,9,3.46691,3.46691,,,0,,,,77,9,2221
State,vt,2014,10,2.78364,2.78364,,,0,,,,66,9,2371
State,vt,2014,11,2.98651,2.98651,,,0,,,,62,9,2076
State,vt,2014,12,2.89179,2.89179,,,0,,,,62,9,2144
State,vt,2014,13,2.69331,2.69331,,,0,,,,62,9,2302
State,vt,2014,14,3.49026,3.49026,,,0,,,,86,9,2464
State,vt,2014,15,3.26409,3.26409,,,0,,,,77,9,2359
State,vt,2014,16,3.20042,3.20042,,,0,,,,61,8,1906
State,vt,2014,17,2.16573,2.16573,,,0,,,,46,9,2124
State,vt,2014,18,1.52156,1.52156,,,0,,,,36,9,2366
State,vt,2014,19,1.57993,1.57993,,,0,,,,34,9,2152
State,vt,2014,20,1.76152,1.76152,,,0,,,,39,8,2214
State,vt,2014,21,2.01064,2.01064,,,0,,,,34,7,1691
State,vt,2014,22,1.87919,1.87919,,,0,,,,28,7,1490
State,vt,2014,23,2.30608,2.30608,,,0,,,,33,6,1431
State,vt,2014,24,1.34328,1.34328,,,0,,,,18,6,1340
State,vt,2014,25,1.73913,1.73913,,,0,,,,26,6,1495
State,vt,2014,26,1.29252,1.29252,,,0,,,,19,6,1470
State,vt,2014,27,1.59151,1.59151,,,0,,,,18,6,1131
State,vt,2014,28,1.04322,1.04322,,,0,,,,14,6,1342
State,vt,2014,29,2.26876,2.26876,,,0,,,,26,6,1146
State,vt,2014,30,1.51954,1.51954,,,0,,,,21,6,1382
State,vt,2014,31,1.85328,1.85328,,,0,,,,24,5,1295
State,vt,2014,32,1.49589,1.49589,,,0,,,,20,6,1337
State,vt,2014,33,1.9154,1.9154,,,0,,,,24,6,1253
State,vt,2014,34,1.46951,1.46951,,,0,,,,20,6,1361
State,vt,2014,35,1.12882,1.12882,,,0,,,,17,7,1506
State,vt,2014,36,1.43198,1.43198,,,0,,,,18,6,1257
State,vt,2014,37,1.88925,1.88925,,,0,,,,29,7,1535
State,vt,2014,38,2.3622,2.3622,,,0,,,,39,7,1651
State,vt,2014,39,1.77134,1.77134,,,0,,,,22,6,1242
State,vt,2014,40,1.33929,1.33929,,,0,,,,42,11,3136
State,vt,2014,41,1.06727,1.06727,,,0,,,,33,11,3092
State,vt,2014,42,1.30826,1.30826,,,0,,,,32,9,2446
State,vt,2014,43,1.06242,1.06242,,,0,,,,40,12,3765
State,vt,2014,44,1.37312,1.37312,,,0,,,,52,12,3787
State,vt,2014,45,1.1477,1.1477,,,0,,,,46,13,4008
State,vt,2014,46,0.953576,0.953576,,,0,,,,38,13,3985
State,vt,2014,47,1.24668,1.24668,,,0,,,,47,13,3770
State,vt,2014,48,1.82879,1.82879,,,0,,,,47,12,2570
State,vt,2014,49,1.62238,1.62238,,,0,,,,58,13,3575
State,vt,2014,50,2.01527,2.01527,,,0,,,,66,13,3275
State,vt,2014,51,2.18712,2.18712,,,0,,,,72,12,3292
State,vt,2014,52,2.79379,2.79379,,,0,,,,63,13,2255
State,vt,2014,53,5.03401,5.03401,,,0,,,,111,12,2205
State,vt,2015,1,3.10345,3.10345,,,0,,,,108,12,3480
State,vt,2015,2,3.9726,3.9726,,,0,,,,145,13,3650
State,vt,2015,3,6.78543,6.78543,,,0,,,,259,13,3817
State,vt,2015,4,5.62334,5.62334,,,0,,,,212,13,3770
State,vt,2015,5,6.05428,6.05428,,,0,,,,232,13,3832
State,vt,2015,6,5.58511,5.58511,,,0,,,,210,13,3760
State,vt,2015,7,4.63245,4.63245,,,0,,,,167,13,3605
State,vt,2015,8,3.44637,3.44637,,,0,,,,125,13,3627
State,vt,2015,9,3.08229,3.08229,,,0,,,,106,13,3439
State,vt,2015,10,2.20796,2.20796,,,0,,,,86,13,3895
State,vt,2015,11,2.33352,2.33352,,,0,,,,82,12,3514
State,vt,2015,12,2.14936,2.14936,,,0,,,,59,11,2745
State,vt,2015,13,3.23268,3.23268,,,0,,,,91,11,2815
State,vt,2015,14,2.5641,2.5641,,,0,,,,73,11,2847
State,vt,2015,15,2.07156,2.07156,,,0,,,,55,11,2655
State,vt,2015,16,1.33874,1.33874,,,0,,,,33,9,2465
State,vt,2015,17,1.35542,1.35542,,,0,,,,27,7,1992
State,vt,2015,18,1.4863,1.4863,,,0,,,,32,7,2153
State,vt,2015,19,1.04167,1.04167,,,0,,,,21,7,2016
State,vt,2015,20,0.881834,0.881834,,,0,,,,10,5,1134
State,vt,2015,21,0.826446,0.826446,,,0,,,,9,5,1089
State,vt,2015,22,0.810373,0.810373,,,0,,,,5,3,617
State,vt,2015,23,0.415512,0.415512,,,0,,,,3,3,722
State,vt,2015,24,0.157729,0.157729,,,0,,,,1,3,634
State,vt,2015,25,0.174216,0.174216,,,0,,,,1,3,574
State,vt,2015,26,0.37594,0.37594,,,0,,,,2,3,532
State,vt,2015,27,0.0,0.0,,,0,,,,0,3,630
State,vt,2015,28,0.0,0.0,,,0,,,,0,3,665
State,vt,2015,29,0.561272,0.561272,,,0,,,,6,5,1069
State,vt,2015,30,0.686106,0.686106,,,0,,,,8,5,1166
State,vt,2015,31,0.44603,0.44603,,,0,,,,5,5,1121
State,vt,2015,32,0.57971,0.57971,,,0,,,,6,5,1035
State,vt,2015,33,0.694444,0.694444,,,0,,,,8,5,1152
State,vt,2015,34,0.776197,0.776197,,,0,,,,6,4,773
State,vt,2015,35,0.398406,0.398406,,,0,,,,3,4,753
State,vt,2015,36,0.616523,0.616523,,,0,,,,5,4,811
State,vt,2015,37,1.25945,1.25945,,,0,,,,10,4,794
State,vt,2015,38,0.701262,0.701262,,,0,,,,5,4,713
State,vt,2015,39,0.806452,0.806452,,,0,,,,6,4,744
State,vt,2015,40,0.222519,0.222519,,,0,,,,5,7,2247
State,vt,2015,41,0.295334,0.295334,,,0,,,,10,10,3386
State,vt,2015,42,0.486174,0.486174,,,0,,,,16,10,3291
State,vt,2015,43,0.445633,0.445633,,,0,,,,15,10,3366
State,vt,2015,44,0.891651,0.891651,,,0,,,,33,11,3701
State,vt,2015,45,0.925926,0.925926,,,0,,,,33,11,3564
State,vt,2015,46,0.764818,0.764818,,,0,,,,28,11,3661
State,vt,2015,47,1.22599,1.22599,,,0,,,,30,11,2447
State,vt,2015,48,1.30409,1.30409,,,0,,,,44,11,3374
State,vt,2015,49,0.828984,0.828984,,,0,,,,27,11,3257
State,vt,2015,50,1.29916,1.29916,,,0,,,,37,10,2848
State,vt,2015,51,1.38272,1.38272,,,0,,,,28,10,2025
State,vt,2015,52,1.93258,1.93258,,,0,,,,43,10,2225
State,vt,2016,1,1.50082,1.50082,,,0,,,,46,11,3065
State,vt,2016,2,1.35501,1.35501,,,0,,,,40,11,2952
State,vt,2016,3,1.52561,1.52561,,,0,,,,42,11,2753
State,vt,2016,4,1.80208,1.80208,,,0,,,,59,11,3274
State,vt,2016,5,1.06446,1.06446,,,0,,,,36,11,3382
State,vt,2016,6,1.7097,1.7097,,,0,,,,49,10,2866
State,vt,2016,7,2.73022,2.73022,,,0,,,,59,9,2161
State,vt,2016,8,1.53653,1.53653,,,0,,,,49,11,3189
State,vt,2016,9,2.19161,2.19161,,,0,,,,70,11,3194
State,vt,2016,10,2.58802,2.58802,,,0,,,,86,11,3323
State,vt,2016,11,2.64741,2.64741,,,0,,,,88,11,3324
State,vt,2016,12,2.20632,2.20632,,,0,,,,74,11,3354
State,vt,2016,13,2.23059,2.23059,,,0,,,,77,11,3452
State,vt,2016,14,2.23684,2.23684,,,0,,,,68,10,3040
State,vt,2016,15,1.43455,1.43455,,,0,,,,48,11,3346
State,vt,2016,16,1.58983,1.58983,,,0,,,,50,11,3145
State,vt,2016,17,1.62272,1.62272,,,0,,,,56,11,3451
State,vt,2016,18,1.03704,1.03704,,,0,,,,35,11,3375
State,vt,2016,19,0.928594,0.928594,,,0,,,,29,11,3123
State,vt,2016,20,0.572005,0.572005,,,0,,,,17,11,2972
State,vt,2016,21,1.12597,1.12597,,,0,,,,16,7,1421
State,vt,2016,22,0.970874,0.970874,,,0,,,,14,8,1442
State,vt,2016,23,0.499688,0.499688,,,0,,,,8,8,1601
State,vt,2016,24,0.542169,0.542169,,,0,,,,9,8,1660
State,vt,2016,25,0.454841,0.454841,,,0,,,,7,7,1539
State,vt,2016,26,0.454545,0.454545,,,0,,,,6,6,1320
State,vt,2016,27,0.469484,0.469484,,,0,,,,6,7,1278
State,vt,2016,28,0.819062,0.819062,,,0,,,,11,7,1343
State,vt,2016,29,0.759878,0.759878,,,0,,,,10,6,1316
State,vt,2016,30,0.443459,0.443459,,,0,,,,4,5,902
State,vt,2016,31,1.05541,1.05541,,,0,,,,8,3,758
State,vt,2016,32,0.913838,0.913838,,,0,,,,7,4,766
State,vt,2016,33,0.531915,0.531915,,,0,,,,4,4,752
State,vt,2016,34,1.13208,1.13208,,,0,,,,9,4,795
State,vt,2016,35,1.44928,1.44928,,,0,,,,11,4,759
State,vt,2016,36,1.1734,1.1734,,,0,,,,9,3,767
State,vt,2016,37,1.69935,1.69935,,,0,,,,13,3,765
State,vt,2016,38,0.956284,0.956284,,,0,,,,7,3,732
State,vt,2016,39,1.81564,1.81564,,,0,,,,13,4,716
State,vt,2016,40,0.777202,0.777202,,,0,,,,15,8,1930
State,vt,2016,41,0.848593,0.848593,,,0,,,,19,9,2239
State,vt,2016,42,0.551315,0.551315,,,0,,,,13,9,2358
State,vt,2016,43,0.377992,0.377992,,,0,,,,9,9,2381
State,vt,2016,44,0.228102,0.228102,,,0,,,,5,9,2192
State,vt,2016,45,0.209293,0.209293,,,0,,,,5,9,2389
State,vt,2016,46,0.30843,0.30843,,,0,,,,9,10,2918
State,vt,2016,47,0.500751,0.500751,,,0,,,,10,10,1997
State,vt,2016,48,0.616861,0.616861,,,0,,,,18,10,2918
State,vt,2016,49,0.401875,0.401875,,,0,,,,12,10,2986
State,vt,2016,50,0.562852,0.562852,,,0,,,,15,10,2665
State,vt,2016,51,0.958606,0.958606,,,0,,,,22,9,2295
State,vt,2016,52,0.964957,0.964957,,,0,,,,19,9,1969
State,vt,2017,1,0.976909,0.976909,,,0,,,,22,9,2252
State,vt,2017,2,1.17499,1.17499,,,0,,,,28,9,2383
State,vt,2017,3,1.1658,1.1658,,,0,,,,27,9,2316
State,vt,2017,4,1.4435,1.4435,,,0,,,,29,8,2009
State,vt,2017,5,1.91404,1.91404,,,0,,,,57,10,2978
State,vt,2017,6,1.28205,1.28205,,,0,,,,37,10,2886
State,vt,2017,7,1.07602,1.07602,,,0,,,,31,10,2881
State,vt,2017,8,1.75254,1.75254,,,0,,,,50,10,2853
State,vt,2017,9,1.80403,1.80403,,,0,,,,51,10,2827
State,vt,2017,10,1.99492,1.99492,,,0,,,,55,10,2757
State,vt,2017,11,1.61962,1.61962,,,0,,,,35,10,2161
State,vt,2017,12,1.48831,1.48831,,,0,,,,42,10,2822
State,vt,2017,13,1.42248,1.42248,,,0,,,,40,10,2812
State,vt,2017,14,1.44538,1.44538,,,0,,,,43,10,2975
State,vt,2017,15,1.49254,1.49254,,,0,,,,43,10,2881
State,vt,2017,16,1.18421,1.18421,,,0,,,,27,9,2280
State,vt,2017,17,0.815101,0.815101,,,0,,,,19,8,2331
State,vt,2017,18,1.35617,1.35617,,,0,,,,19,6,1401
State,vt,2017,19,0.645919,0.645919,,,0,,,,11,7,1703
State,vt,2017,20,1.11111,1.11111,,,0,,,,19,7,1710
State,vt,2017,21,0.521999,0.521999,,,0,,,,7,6,1341
State,vt,2017,22,1.57546,1.57546,,,0,,,,19,6,1206
State,vt,2017,23,1.2021,1.2021,,,0,,,,16,6,1331
State,vt,2017,24,0.602864,0.602864,,,0,,,,8,6,1327
State,vt,2017,25,0.673077,0.673077,,,0,,,,7,5,1040
State,vt,2017,26,0.753296,0.753296,,,0,,,,8,5,1062
State,vt,2017,27,0.855513,0.855513,,,0,,,,9,5,1052
State,vt,2017,28,0.865052,0.865052,,,0,,,,10,5,1156
State,vt,2017,29,0.792254,0.792254,,,0,,,,9,5,1136
State,vt,2017,30,0.740741,0.740741,,,0,,,,7,5,945
State,vt,2017,31,0.8867,0.8867,,,0,,,,9,5,1015
State,vt,2017,32,0.26738,0.26738,,,0,,,,3,5,1122
State,vt,2017,33,0.717489,0.717489,,,0,,,,8,5,1115
State,vt,2017,34,0.893655,0.893655,,,0,,,,10,5,1119
State,vt,2017,35,1.02516,1.02516,,,0,,,,11,5,1073
State,vt,2017,36,0.95511,0.95511,,,0,,,,10,5,1047
State,vt,2017,37,0.773196,0.773196,,,0,,,,9,5,1164
State,vt,2017,38,0.918197,0.918197,,,0,,,,11,5,1198
State,vt,2017,39,0.561167,0.561167,,,0,,,,5,5,891
State,vt,2017,40,0.711427,0.711427,,,0,,,,16,9,2249
State,vt,2017,41,0.617708,0.617708,,,0,,,,18,10,2914
State,vt,2017,42,0.383275,0.383275,,,0,,,,11,10,2870
State,vt,2017,43,0.630601,0.630601,,,0,,,,19,10,3013
State,vt,2017,44,0.492091,0.492091,,,0,,,,14,10,2845
State,vt,2017,45,0.580084,0.580084,,,0,,,,18,10,3103
State,vt,2017,46,0.737265,0.737265,,,0,,,,22,10,2984
State,vt,2017,47,1.10608,1.10608,,,0,,,,22,10,1989
State,vt,2017,48,0.988749,0.988749,,,0,,,,29,10,2933
State,vt,2017,49,1.02459,1.02459,,,0,,,,30,10,2928
State,vt,2017,50,2.03443,2.03443,,,0,,,,52,10,2556
State,vt,2017,51,1.00305,1.00305,,,0,,,,23,10,2293
State,vt,2017,52,1.79671,1.79671,,,0,,,,35,10,1948
State,wa,2010,40,0.510041,0.510041,,,0,,,,16,17,3137
State,wa,2010,41,1.04007,1.04007,,,0,,,,34,16,3269
State,wa,2010,42,0.904393,0.904393,,,0,,,,28,15,3096
State,wa,2010,43,0.95511,0.95511,,,0,,,,30,15,3141
State,wa,2010,44,0.78637,0.78637,,,0,,,,24,15,3052
State,wa,2010,45,1.06724,1.06724,,,0,,,,40,18,3748
State,wa,2010,46,1.33132,1.33132,,,0,,,,44,16,3305
State,wa,2010,47,1.87333,1.87333,,,0,,,,21,14,1121
State,wa,2010,48,0.981767,0.981767,,,0,,,,35,17,3565
State,wa,2010,49,0.96463,0.96463,,,0,,,,33,17,3421
State,wa,2010,50,0.647549,0.647549,,,0,,,,14,16,2162
State,wa,2010,51,0.387097,0.387097,,,0,,,,6,17,1550
State,wa,2010,52,2.45902,2.45902,,,0,,,,30,15,1220
State,wa,2011,1,1.5224,1.5224,,,0,,,,35,15,2299
State,wa,2011,2,1.21906,1.21906,,,0,,,,33,16,2707
State,wa,2011,3,0.721046,0.721046,,,0,,,,16,14,2219
State,wa,2011,4,1.81388,1.81388,,,0,,,,46,14,2536
State,wa,2011,5,2.81109,2.81109,,,0,,,,75,15,2668
State,wa,2011,6,2.16644,2.16644,,,0,,,,63,16,2908
State,wa,2011,7,4.14244,4.14244,,,0,,,,114,14,2752
State,wa,2011,8,3.80721,3.80721,,,0,,,,94,14,2469
State,wa,2011,9,3.46903,3.46903,,,0,,,,98,14,2825
State,wa,2011,10,3.04946,3.04946,,,0,,,,82,15,2689
State,wa,2011,11,3.64271,3.64271,,,0,,,,73,16,2004
State,wa,2011,12,3.06081,3.06081,,,0,,,,76,16,2483
State,wa,2011,13,1.54696,1.54696,,,0,,,,42,14,2715
State,wa,2011,14,0.79858,0.79858,,,0,,,,18,11,2254
State,wa,2011,15,0.970497,0.970497,,,0,,,,25,12,2576
State,wa,2011,16,1.38714,1.38714,,,0,,,,33,11,2379
State,wa,2011,17,0.649087,0.649087,,,0,,,,16,11,2465
State,wa,2011,18,0.720721,0.720721,,,0,,,,16,10,2220
State,wa,2011,19,0.580781,0.580781,,,0,,,,11,11,1894
State,wa,2011,20,0.498132,0.498132,,,0,,,,8,10,1606
State,wa,2011,21,0.18018,0.18018,,,0,,,,2,6,1110
State,wa,2011,22,0.297177,0.297177,,,0,,,,2,5,673
State,wa,2011,23,0.332226,0.332226,,,0,,,,3,5,903
State,wa,2011,24,0.268097,0.268097,,,0,,,,1,5,373
State,wa,2011,25,0.0,0.0,,,0,,,,0,4,446
State,wa,2011,26,0.0,0.0,,,0,,,,0,4,495
State,wa,2011,27,0.0,0.0,,,0,,,,0,4,344
State,wa,2011,28,0.0,0.0,,,0,,,,0,4,389
State,wa,2011,29,0.0,0.0,,,0,,,,0,4,477
State,wa,2011,30,0.0,0.0,,,0,,,,0,5,638
State,wa,2011,31,0.0,0.0,,,0,,,,0,5,578
State,wa,2011,32,0.0,0.0,,,0,,,,0,5,647
State,wa,2011,33,0.0,0.0,,,0,,,,0,5,847
State,wa,2011,34,0.0791766,0.0791766,,,0,,,,1,5,1263
State,wa,2011,35,0.0,0.0,,,0,,,,0,4,1215
State,wa,2011,36,0.0934579,0.0934579,,,0,,,,1,5,1070
State,wa,2011,37,0.078064,0.078064,,,0,,,,1,5,1281
State,wa,2011,38,0.22409,0.22409,,,0,,,,4,6,1785
State,wa,2011,39,0.0,0.0,,,0,,,,0,4,1511
State,wa,2011,40,0.505386,0.505386,,,0,,,,38,17,7519
State,wa,2011,41,0.495616,0.495616,,,0,,,,39,18,7869
State,wa,2011,42,0.395257,0.395257,,,0,,,,32,20,8096
State,wa,2011,43,0.467738,0.467738,,,0,,,,39,21,8338
State,wa,2011,44,0.666747,0.666747,,,0,,,,55,22,8249
State,wa,2011,45,0.515399,0.515399,,,0,,,,41,19,7955
State,wa,2011,46,0.671551,0.671551,,,0,,,,55,20,8190
State,wa,2011,47,0.818984,0.818984,,,0,,,,39,20,4762
State,wa,2011,48,0.508475,0.508475,,,0,,,,42,19,8260
State,wa,2011,49,0.350482,0.350482,,,0,,,,28,18,7989
State,wa,2011,50,0.658171,0.658171,,,0,,,,47,18,7141
State,wa,2011,51,0.777116,0.777116,,,0,,,,47,18,6048
State,wa,2011,52,0.953437,0.953437,,,0,,,,43,18,4510
State,wa,2012,1,0.922381,0.922381,,,0,,,,53,17,5746
State,wa,2012,2,0.587215,0.587215,,,0,,,,44,17,7493
State,wa,2012,3,0.965825,0.965825,,,0,,,,39,19,4038
State,wa,2012,4,0.605462,0.605462,,,0,,,,49,20,8093
State,wa,2012,5,1.15514,1.15514,,,0,,,,93,20,8051
State,wa,2012,6,1.1169,1.1169,,,0,,,,90,19,8058
State,wa,2012,7,1.0736,1.0736,,,0,,,,83,19,7731
State,wa,2012,8,1.29669,1.29669,,,0,,,,92,17,7095
State,wa,2012,9,1.1092,1.1092,,,0,,,,84,17,7573
State,wa,2012,10,1.44724,1.44724,,,0,,,,103,17,7117
State,wa,2012,11,1.50504,1.50504,,,0,,,,97,17,6445
State,wa,2012,12,1.14068,1.14068,,,0,,,,78,18,6838
State,wa,2012,13,1.51493,1.51493,,,0,,,,102,16,6733
State,wa,2012,14,1.62086,1.62086,,,0,,,,115,18,7095
State,wa,2012,15,1.7378,1.7378,,,0,,,,125,16,7193
State,wa,2012,16,1.67574,1.67574,,,0,,,,120,17,7161
State,wa,2012,17,1.37635,1.37635,,,0,,,,93,15,6757
State,wa,2012,18,1.52914,1.52914,,,0,,,,106,15,6932
State,wa,2012,19,1.17981,1.17981,,,0,,,,79,16,6696
State,wa,2012,20,0.843486,0.843486,,,0,,,,54,14,6402
State,wa,2012,21,0.46595,0.46595,,,0,,,,26,12,5580
State,wa,2012,22,0.558036,0.558036,,,0,,,,25,11,4480
State,wa,2012,23,0.362457,0.362457,,,0,,,,19,10,5242
State,wa,2012,24,0.313849,0.313849,,,0,,,,16,10,5098
State,wa,2012,25,0.350443,0.350443,,,0,,,,17,9,4851
State,wa,2012,26,0.367985,0.367985,,,0,,,,16,8,4348
State,wa,2012,27,0.379673,0.379673,,,0,,,,13,8,3424
State,wa,2012,28,0.275166,0.275166,,,0,,,,12,8,4361
State,wa,2012,29,0.274348,0.274348,,,0,,,,12,8,4374
State,wa,2012,30,0.295455,0.295455,,,0,,,,13,8,4400
State,wa,2012,31,0.201381,0.201381,,,0,,,,7,8,3476
State,wa,2012,32,0.320366,0.320366,,,0,,,,14,8,4370
State,wa,2012,33,0.24758,0.24758,,,0,,,,11,8,4443
State,wa,2012,34,0.29017,0.29017,,,0,,,,8,8,2757
State,wa,2012,35,0.160037,0.160037,,,0,,,,7,8,4374
State,wa,2012,36,0.341566,0.341566,,,0,,,,13,9,3806
State,wa,2012,37,0.192926,0.192926,,,0,,,,9,9,4665
State,wa,2012,38,0.396476,0.396476,,,0,,,,18,9,4540
State,wa,2012,39,0.340393,0.340393,,,0,,,,18,10,5288
State,wa,2012,40,0.527558,0.527558,,,0,,,,38,18,7203
State,wa,2012,41,0.527774,0.527774,,,0,,,,40,19,7579
State,wa,2012,42,0.657718,0.657718,,,0,,,,49,19,7450
State,wa,2012,43,0.63963,0.63963,,,0,,,,47,19,7348
State,wa,2012,44,0.851955,0.851955,,,0,,,,61,19,7160
State,wa,2012,45,0.793966,0.793966,,,0,,,,60,18,7557
State,wa,2012,46,1.21024,1.21024,,,0,,,,86,20,7106
State,wa,2012,47,1.23484,1.23484,,,0,,,,56,19,4535
State,wa,2012,48,0.970748,0.970748,,,0,,,,75,19,7726
State,wa,2012,49,0.98488,0.98488,,,0,,,,71,19,7209
State,wa,2012,50,1.15527,1.15527,,,0,,,,100,21,8656
State,wa,2012,51,1.46423,1.46423,,,0,,,,88,19,6010
State,wa,2012,52,2.72053,2.72053,,,0,,,,99,18,3639
State,wa,2013,1,2.77656,2.77656,,,0,,,,127,19,4574
State,wa,2013,2,2.30206,2.30206,,,0,,,,173,19,7515
State,wa,2013,3,2.94155,2.94155,,,0,,,,231,18,7853
State,wa,2013,4,3.58913,3.58913,,,0,,,,181,18,5043
State,wa,2013,5,2.47019,2.47019,,,0,,,,174,18,7044
State,wa,2013,6,2.10597,2.10597,,,0,,,,157,19,7455
State,wa,2013,7,1.67155,1.67155,,,0,,,,114,17,6820
State,wa,2013,8,1.3867,1.3867,,,0,,,,88,18,6346
State,wa,2013,9,1.34397,1.34397,,,0,,,,96,17,7143
State,wa,2013,10,1.14811,1.14811,,,0,,,,80,19,6968
State,wa,2013,11,0.803281,0.803281,,,0,,,,47,17,5851
State,wa,2013,12,0.493316,0.493316,,,0,,,,31,16,6284
State,wa,2013,13,0.693739,0.693739,,,0,,,,41,17,5910
State,wa,2013,14,0.786138,0.786138,,,0,,,,49,17,6233
State,wa,2013,15,0.497512,0.497512,,,0,,,,31,15,6231
State,wa,2013,16,0.392157,0.392157,,,0,,,,25,17,6375
State,wa,2013,17,0.393999,0.393999,,,0,,,,26,17,6599
State,wa,2013,18,0.476996,0.476996,,,0,,,,31,17,6499
State,wa,2013,19,0.304169,0.304169,,,0,,,,17,12,5589
State,wa,2013,20,0.310843,0.310843,,,0,,,,17,12,5469
State,wa,2013,21,0.247525,0.247525,,,0,,,,13,12,5252
State,wa,2013,22,0.410023,0.410023,,,0,,,,18,12,4390
State,wa,2013,23,0.38817,0.38817,,,0,,,,21,11,5410
State,wa,2013,24,0.403691,0.403691,,,0,,,,21,11,5202
State,wa,2013,25,0.432113,0.432113,,,0,,,,19,11,4397
State,wa,2013,26,0.223564,0.223564,,,0,,,,10,10,4473
State,wa,2013,27,0.290698,0.290698,,,0,,,,10,9,3440
State,wa,2013,28,0.253218,0.253218,,,0,,,,12,9,4739
State,wa,2013,29,0.334798,0.334798,,,0,,,,16,9,4779
State,wa,2013,30,0.242772,0.242772,,,0,,,,11,9,4531
State,wa,2013,31,0.118147,0.118147,,,0,,,,5,9,4232
State,wa,2013,32,0.162225,0.162225,,,0,,,,7,9,4315
State,wa,2013,33,0.205497,0.205497,,,0,,,,8,9,3893
State,wa,2013,34,0.205109,0.205109,,,0,,,,11,9,5363
State,wa,2013,35,0.180759,0.180759,,,0,,,,9,9,4979
State,wa,2013,36,0.143301,0.143301,,,0,,,,6,9,4187
State,wa,2013,37,0.203139,0.203139,,,0,,,,11,9,5415
State,wa,2013,38,0.210647,0.210647,,,0,,,,11,8,5222
State,wa,2013,39,0.309438,0.309438,,,0,,,,18,9,5817
State,wa,2013,40,0.569882,0.569882,,,0,,,,40,16,7019
State,wa,2013,41,0.469106,0.469106,,,0,,,,35,16,7461
State,wa,2013,42,0.462509,0.462509,,,0,,,,33,16,7135
State,wa,2013,43,0.654889,0.654889,,,0,,,,43,16,6566
State,wa,2013,44,0.587889,0.587889,,,0,,,,40,17,6804
State,wa,2013,45,0.39869,0.39869,,,0,,,,28,16,7023
State,wa,2013,46,0.43734,0.43734,,,0,,,,29,16,6631
State,wa,2013,47,0.334935,0.334935,,,0,,,,23,16,6867
State,wa,2013,48,0.858586,0.858586,,,0,,,,34,17,3960
State,wa,2013,49,0.625286,0.625286,,,0,,,,41,16,6557
State,wa,2013,50,0.740157,0.740157,,,0,,,,47,16,6350
State,wa,2013,51,0.871776,0.871776,,,0,,,,48,16,5506
State,wa,2013,52,2.24373,2.24373,,,0,,,,51,16,2273
State,wa,2014,1,2.40189,2.40189,,,0,,,,71,16,2956
State,wa,2014,2,2.57345,2.57345,,,0,,,,127,15,4935
State,wa,2014,3,2.15034,2.15034,,,0,,,,117,15,5441
State,wa,2014,4,2.37034,2.37034,,,0,,,,117,16,4936
State,wa,2014,5,1.72016,1.72016,,,0,,,,82,15,4767
State,wa,2014,6,1.64107,1.64107,,,0,,,,78,15,4753
State,wa,2014,7,1.43451,1.43451,,,0,,,,69,15,4810
State,wa,2014,8,1.51721,1.51721,,,0,,,,67,15,4416
State,wa,2014,9,0.580191,0.580191,,,0,,,,28,14,4826
State,wa,2014,10,0.724638,0.724638,,,0,,,,35,14,4830
State,wa,2014,11,0.65596,0.65596,,,0,,,,29,14,4421
State,wa,2014,12,0.856007,0.856007,,,0,,,,28,12,3271
State,wa,2014,13,0.735294,0.735294,,,0,,,,28,11,3808
State,wa,2014,14,0.648571,0.648571,,,0,,,,27,11,4163
State,wa,2014,15,0.548902,0.548902,,,0,,,,22,11,4008
State,wa,2014,16,0.682996,0.682996,,,0,,,,29,11,4246
State,wa,2014,17,0.681872,0.681872,,,0,,,,29,11,4253
State,wa,2014,18,0.401417,0.401417,,,0,,,,17,11,4235
State,wa,2014,19,0.607681,0.607681,,,0,,,,25,11,4114
State,wa,2014,20,0.407166,0.407166,,,0,,,,15,10,3684
State,wa,2014,21,0.609579,0.609579,,,0,,,,21,10,3445
State,wa,2014,22,0.38583,0.38583,,,0,,,,11,10,2851
State,wa,2014,23,0.402414,0.402414,,,0,,,,14,9,3479
State,wa,2014,24,0.454959,0.454959,,,0,,,,15,8,3297
State,wa,2014,25,0.529301,0.529301,,,0,,,,14,7,2645
State,wa,2014,26,0.45854,0.45854,,,0,,,,12,7,2617
State,wa,2014,27,0.241896,0.241896,,,0,,,,5,7,2067
State,wa,2014,28,0.372362,0.372362,,,0,,,,9,7,2417
State,wa,2014,29,0.265152,0.265152,,,0,,,,7,7,2640
State,wa,2014,30,0.274348,0.274348,,,0,,,,6,7,2187
State,wa,2014,31,0.631845,0.631845,,,0,,,,15,6,2374
State,wa,2014,32,0.30888,0.30888,,,0,,,,8,7,2590
State,wa,2014,33,0.292032,0.292032,,,0,,,,7,7,2397
State,wa,2014,34,0.329489,0.329489,,,0,,,,10,7,3035
State,wa,2014,35,0.183908,0.183908,,,0,,,,4,7,2175
State,wa,2014,36,0.365631,0.365631,,,0,,,,10,7,2735
State,wa,2014,37,0.407268,0.407268,,,0,,,,13,7,3192
State,wa,2014,38,0.622038,0.622038,,,0,,,,21,7,3376
State,wa,2014,39,0.32769,0.32769,,,0,,,,12,7,3662
State,wa,2014,40,0.443718,0.443718,,,0,,,,19,26,4282
State,wa,2014,41,1.45322,1.45322,,,0,,,,64,26,4404
State,wa,2014,42,0.773616,0.773616,,,0,,,,38,32,4912
State,wa,2014,43,0.620604,0.620604,,,0,,,,30,31,4834
State,wa,2014,44,0.604511,0.604511,,,0,,,,26,35,4301
State,wa,2014,45,0.616406,0.616406,,,0,,,,26,35,4218
State,wa,2014,46,0.75707,0.75707,,,0,,,,34,35,4491
State,wa,2014,47,0.82958,0.82958,,,0,,,,35,35,4219
State,wa,2014,48,0.877528,0.877528,,,0,,,,23,36,2621
State,wa,2014,49,0.985325,0.985325,,,0,,,,47,36,4770
State,wa,2014,50,1.26887,1.26887,,,0,,,,58,36,4571
State,wa,2014,51,2.01157,2.01157,,,0,,,,80,35,3977
State,wa,2014,52,2.50667,2.50667,,,0,,,,47,36,1875
State,wa,2014,53,3.17919,3.17919,,,0,,,,44,36,1384
State,wa,2015,1,3.64139,3.64139,,,0,,,,158,41,4339
State,wa,2015,2,4.17528,4.17528,,,0,,,,202,41,4838
State,wa,2015,3,3.60444,3.60444,,,0,,,,156,40,4328
State,wa,2015,4,3.11486,3.11486,,,0,,,,144,41,4623
State,wa,2015,5,2.31346,2.31346,,,0,,,,111,41,4798
State,wa,2015,6,1.74921,1.74921,,,0,,,,83,41,4745
State,wa,2015,7,0.951916,0.951916,,,0,,,,39,36,4097
State,wa,2015,8,1.07634,1.07634,,,0,,,,54,39,5017
State,wa,2015,9,1.07128,1.07128,,,0,,,,52,36,4854
State,wa,2015,10,1.11298,1.11298,,,0,,,,53,39,4762
State,wa,2015,11,1.07683,1.07683,,,0,,,,37,37,3436
State,wa,2015,12,0.806452,0.806452,,,0,,,,35,40,4340
State,wa,2015,13,0.825921,0.825921,,,0,,,,39,40,4722
State,wa,2015,14,0.448219,0.448219,,,0,,,,19,36,4239
State,wa,2015,15,0.760369,0.760369,,,0,,,,33,39,4340
State,wa,2015,16,0.73776,0.73776,,,0,,,,33,39,4473
State,wa,2015,17,0.478053,0.478053,,,0,,,,22,39,4602
State,wa,2015,18,0.446429,0.446429,,,0,,,,20,32,4480
State,wa,2015,19,0.717581,0.717581,,,0,,,,28,31,3902
State,wa,2015,20,0.406504,0.406504,,,0,,,,4,15,984
State,wa,2015,21,0.533618,0.533618,,,0,,,,15,31,2811
State,wa,2015,22,0.634006,0.634006,,,0,,,,22,30,3470
State,wa,2015,23,0.452196,0.452196,,,0,,,,14,30,3096
State,wa,2015,24,0.458716,0.458716,,,0,,,,12,29,2616
State,wa,2015,25,0.378644,0.378644,,,0,,,,10,29,2641
State,wa,2015,26,0.451581,0.451581,,,0,,,,9,29,1993
State,wa,2015,27,0.525164,0.525164,,,0,,,,12,30,2285
State,wa,2015,28,0.463177,0.463177,,,0,,,,10,30,2159
State,wa,2015,29,0.0,0.0,,,0,,,,0,14,479
State,wa,2015,30,0.333704,0.333704,,,0,,,,6,30,1798
State,wa,2015,31,0.156128,0.156128,,,0,,,,4,30,2562
State,wa,2015,32,0.186706,0.186706,,,0,,,,5,30,2678
State,wa,2015,33,0.218818,0.218818,,,0,,,,7,30,3199
State,wa,2015,34,0.193673,0.193673,,,0,,,,6,30,3098
State,wa,2015,35,0.347705,0.347705,,,0,,,,10,29,2876
State,wa,2015,36,0.198886,0.198886,,,0,,,,5,29,2514
State,wa,2015,37,0.476644,0.476644,,,0,,,,15,29,3147
State,wa,2015,38,0.446999,0.446999,,,0,,,,14,28,3132
State,wa,2015,39,0.911577,0.911577,,,0,,,,30,28,3291
State,wa,2015,40,0.441684,0.441684,,,0,,,,32,47,7245
State,wa,2015,41,0.730327,0.730327,,,0,,,,40,46,5477
State,wa,2015,42,0.349592,0.349592,,,0,,,,21,46,6007
State,wa,2015,43,0.970874,0.970874,,,0,,,,55,37,5665
State,wa,2015,44,0.426667,0.426667,,,0,,,,24,46,5625
State,wa,2015,45,0.401914,0.401914,,,0,,,,21,45,5225
State,wa,2015,46,0.402857,0.402857,,,0,,,,22,46,5461
State,wa,2015,47,0.261584,0.261584,,,0,,,,7,46,2676
State,wa,2015,48,0.285497,0.285497,,,0,,,,15,46,5254
State,wa,2015,49,0.497696,0.497696,,,0,,,,27,45,5425
State,wa,2015,50,0.391349,0.391349,,,0,,,,19,46,4855
State,wa,2015,51,0.583745,0.583745,,,0,,,,13,46,2227
State,wa,2015,52,0.747384,0.747384,,,0,,,,20,46,2676
State,wa,2016,1,0.554201,0.554201,,,0,,,,25,45,4511
State,wa,2016,2,0.797147,0.797147,,,0,,,,38,45,4767
State,wa,2016,3,1.0872,1.0872,,,0,,,,49,45,4507
State,wa,2016,4,1.01818,1.01818,,,0,,,,56,46,5500
State,wa,2016,5,1.28357,1.28357,,,0,,,,76,47,5921
State,wa,2016,6,1.78059,1.78059,,,0,,,,93,45,5223
State,wa,2016,7,2.35294,2.35294,,,0,,,,120,44,5100
State,wa,2016,8,2.10858,2.10858,,,0,,,,127,45,6023
State,wa,2016,9,1.66157,1.66157,,,0,,,,87,36,5236
State,wa,2016,10,1.42261,1.42261,,,0,,,,75,35,5272
State,wa,2016,11,1.15516,1.15516,,,0,,,,44,35,3809
State,wa,2016,12,1.80846,1.80846,,,0,,,,71,36,3926
State,wa,2016,13,1.25404,1.25404,,,0,,,,66,35,5263
State,wa,2016,14,1.17793,1.17793,,,0,,,,57,35,4839
State,wa,2016,15,0.897244,0.897244,,,0,,,,42,33,4681
State,wa,2016,16,0.468484,0.468484,,,0,,,,22,31,4696
State,wa,2016,17,0.653457,0.653457,,,0,,,,31,32,4744
State,wa,2016,18,0.847817,0.847817,,,0,,,,20,26,2359
State,wa,2016,19,0.390054,0.390054,,,0,,,,16,31,4102
State,wa,2016,20,0.378597,0.378597,,,0,,,,15,31,3962
State,wa,2016,21,0.283186,0.283186,,,0,,,,8,25,2825
State,wa,2016,22,0.299177,0.299177,,,0,,,,8,24,2674
State,wa,2016,23,0.4,0.4,,,0,,,,13,24,3250
State,wa,2016,24,0.328947,0.328947,,,0,,,,8,24,2432
State,wa,2016,25,0.229797,0.229797,,,0,,,,6,20,2611
State,wa,2016,26,0.178063,0.178063,,,0,,,,5,24,2808
State,wa,2016,27,0.247321,0.247321,,,0,,,,6,25,2426
State,wa,2016,28,0.239398,0.239398,,,0,,,,7,24,2924
State,wa,2016,29,0.177179,0.177179,,,0,,,,5,24,2822
State,wa,2016,30,0.220669,0.220669,,,0,,,,6,24,2719
State,wa,2016,31,0.118812,0.118812,,,0,,,,3,24,2525
State,wa,2016,32,0.110824,0.110824,,,0,,,,3,24,2707
State,wa,2016,33,0.124108,0.124108,,,0,,,,4,25,3223
State,wa,2016,34,0.139704,0.139704,,,0,,,,5,35,3579
State,wa,2016,35,0.0718133,0.0718133,,,0,,,,2,35,2785
State,wa,2016,36,0.218579,0.218579,,,0,,,,4,30,1830
State,wa,2016,37,0.29615,0.29615,,,0,,,,6,29,2026
State,wa,2016,38,0.179579,0.179579,,,0,,,,7,22,3898
State,wa,2016,39,0.261976,0.261976,,,0,,,,7,30,2672
State,wa,2016,40,0.310773,0.310773,,,0,,,,18,47,5792
State,wa,2016,41,0.382166,0.382166,,,0,,,,15,42,3925
State,wa,2016,42,0.349834,0.349834,,,0,,,,20,47,5717
State,wa,2016,43,0.383014,0.383014,,,0,,,,23,48,6005
State,wa,2016,44,0.343643,0.343643,,,0,,,,19,48,5529
State,wa,2016,45,0.399012,0.399012,,,0,,,,21,38,5263
State,wa,2016,46,0.514233,0.514233,,,0,,,,28,48,5445
State,wa,2016,47,0.642595,0.642595,,,0,,,,21,48,3268
State,wa,2016,48,0.55269,0.55269,,,0,,,,30,48,5428
State,wa,2016,49,0.479366,0.479366,,,0,,,,23,38,4798
State,wa,2016,50,1.22389,1.22389,,,0,,,,58,47,4739
State,wa,2016,51,2.18563,2.18563,,,0,,,,73,47,3340
State,wa,2016,52,2.91947,2.91947,,,0,,,,91,47,3117
State,wa,2017,1,2.33005,2.33005,,,0,,,,97,47,4163
State,wa,2017,2,2.13732,2.13732,,,0,,,,113,46,5287
State,wa,2017,3,3.84377,3.84377,,,0,,,,186,46,4839
State,wa,2017,4,2.5,2.5,,,0,,,,130,46,5200
State,wa,2017,5,1.8928,1.8928,,,0,,,,101,48,5336
State,wa,2017,6,1.15735,1.15735,,,0,,,,47,48,4061
State,wa,2017,7,0.828116,0.828116,,,0,,,,41,48,4951
State,wa,2017,8,0.720644,0.720644,,,0,,,,34,48,4718
State,wa,2017,9,0.694996,0.694996,,,0,,,,35,47,5036
State,wa,2017,10,0.391389,0.391389,,,0,,,,20,48,5110
State,wa,2017,11,0.638507,0.638507,,,0,,,,26,47,4072
State,wa,2017,12,0.467389,0.467389,,,0,,,,22,46,4707
State,wa,2017,13,0.65213,0.65213,,,0,,,,32,46,4907
State,wa,2017,14,0.366804,0.366804,,,0,,,,16,45,4362
State,wa,2017,15,0.337553,0.337553,,,0,,,,16,45,4740
State,wa,2017,16,0.320718,0.320718,,,0,,,,15,45,4677
State,wa,2017,17,0.323625,0.323625,,,0,,,,16,45,4944
State,wa,2017,18,0.250679,0.250679,,,0,,,,12,45,4787
State,wa,2017,19,0.340219,0.340219,,,0,,,,14,41,4115
State,wa,2017,20,0.421467,0.421467,,,0,,,,15,45,3559
State,wa,2017,21,0.228484,0.228484,,,0,,,,9,42,3939
State,wa,2017,22,0.370582,0.370582,,,0,,,,13,42,3508
State,wa,2017,23,0.0952986,0.0952986,,,0,,,,3,26,3148
State,wa,2017,24,0.334324,0.334324,,,0,,,,9,14,2692
State,wa,2017,25,0.352113,0.352113,,,0,,,,4,33,1136
State,wa,2017,26,0.187617,0.187617,,,0,,,,5,36,2665
State,wa,2017,27,0.176991,0.176991,,,0,,,,4,35,2260
State,wa,2017,28,0.122449,0.122449,,,0,,,,3,35,2450
State,wa,2017,29,0.183083,0.183083,,,0,,,,5,35,2731
State,wa,2017,30,0.149198,0.149198,,,0,,,,4,35,2681
State,wa,2017,31,0.375375,0.375375,,,0,,,,10,35,2664
State,wa,2017,32,0.153669,0.153669,,,0,,,,4,35,2603
State,wa,2017,33,0.128949,0.128949,,,0,,,,4,35,3102
State,wa,2017,34,0.235294,0.235294,,,0,,,,8,24,3400
State,wa,2017,35,0.177766,0.177766,,,0,,,,13,27,7313
State,wa,2017,36,0.224719,0.224719,,,0,,,,16,27,7120
State,wa,2017,37,0.223839,0.223839,,,0,,,,16,27,7148
State,wa,2017,38,0.346147,0.346147,,,0,,,,19,25,5489
State,wa,2017,39,0.338737,0.338737,,,0,,,,14,35,4133
State,wa,2017,40,0.196496,0.196496,,,0,,,,12,48,6107
State,wa,2017,41,0.292642,0.292642,,,0,,,,28,51,9568
State,wa,2017,42,0.431838,0.431838,,,0,,,,44,52,10189
State,wa,2017,43,0.291595,0.291595,,,0,,,,17,45,5830
State,wa,2017,44,0.583542,0.583542,,,0,,,,49,37,8397
State,wa,2017,45,0.631966,0.631966,,,0,,,,55,51,8703
State,wa,2017,46,0.554481,0.554481,,,0,,,,43,51,7755
State,wa,2017,47,0.820633,0.820633,,,0,,,,56,51,6824
State,wa,2017,48,0.747624,0.747624,,,0,,,,70,51,9363
State,wa,2017,49,0.381971,0.381971,,,0,,,,20,48,5236
State,wa,2017,50,0.50782,0.50782,,,0,,,,25,49,4923
State,wa,2017,51,1.06412,1.06412,,,0,,,,39,48,3665
State,wa,2017,52,4.70265,4.70265,,,0,,,,257,38,5465
State,wi,2010,40,0.465022,0.465022,,,0,,,,23,44,4946
State,wi,2010,41,0.581832,0.581832,,,0,,,,31,48,5328
State,wi,2010,42,1.18822,1.18822,,,0,,,,69,43,5807
State,wi,2010,43,1.01049,1.01049,,,0,,,,53,46,5245
State,wi,2010,44,1.09649,1.09649,,,0,,,,60,49,5472
State,wi,2010,45,1.03383,1.03383,,,0,,,,55,46,5320
State,wi,2010,46,1.12402,1.12402,,,0,,,,59,47,5249
State,wi,2010,47,0.978261,0.978261,,,0,,,,36,50,3680
State,wi,2010,48,1.27081,1.27081,,,0,,,,71,49,5587
State,wi,2010,49,1.27947,1.27947,,,0,,,,70,46,5471
State,wi,2010,50,0.661686,0.661686,,,0,,,,31,50,4685
State,wi,2010,51,0.693594,0.693594,,,0,,,,17,46,2451
State,wi,2010,52,1.38822,1.38822,,,0,,,,29,46,2089
State,wi,2011,1,0.801901,0.801901,,,0,,,,27,45,3367
State,wi,2011,2,0.842289,0.842289,,,0,,,,29,44,3443
State,wi,2011,3,1.24703,1.24703,,,0,,,,42,45,3368
State,wi,2011,4,2.37759,2.37759,,,0,,,,101,46,4248
State,wi,2011,5,2.98987,2.98987,,,0,,,,121,47,4047
State,wi,2011,6,2.93542,2.93542,,,0,,,,135,45,4599
State,wi,2011,7,2.81324,2.81324,,,0,,,,130,43,4621
State,wi,2011,8,2.76498,2.76498,,,0,,,,120,43,4340
State,wi,2011,9,3.19263,3.19263,,,0,,,,149,44,4667
State,wi,2011,10,3.12896,3.12896,,,0,,,,148,45,4730
State,wi,2011,11,3.71758,3.71758,,,0,,,,129,41,3470
State,wi,2011,12,1.02041,1.02041,,,0,,,,33,39,3234
State,wi,2011,13,1.29545,1.29545,,,0,,,,57,40,4400
State,wi,2011,14,1.00159,1.00159,,,0,,,,44,40,4393
State,wi,2011,15,0.79756,0.79756,,,0,,,,34,40,4263
State,wi,2011,16,0.251397,0.251397,,,0,,,,9,37,3580
State,wi,2011,17,0.440529,0.440529,,,0,,,,18,38,4086
State,wi,2011,18,0.42125,0.42125,,,0,,,,18,38,4273
State,wi,2011,19,0.227661,0.227661,,,0,,,,8,36,3514
State,wi,2011,20,0.524292,0.524292,,,0,,,,15,36,2861
State,wi,2011,21,0.41021,0.41021,,,0,,,,9,33,2194
State,wi,2011,22,0.421496,0.421496,,,0,,,,8,34,1898
State,wi,2011,23,0.121729,0.121729,,,0,,,,2,32,1643
State,wi,2011,24,0.111359,0.111359,,,0,,,,2,34,1796
State,wi,2011,25,0.395604,0.395604,,,0,,,,9,33,2275
State,wi,2011,26,0.427148,0.427148,,,0,,,,9,32,2107
State,wi,2011,27,0.291886,0.291886,,,0,,,,5,31,1713
State,wi,2011,28,0.29301,0.29301,,,0,,,,7,32,2389
State,wi,2011,29,0.157563,0.157563,,,0,,,,3,31,1904
State,wi,2011,30,0.262329,0.262329,,,0,,,,5,30,1906
State,wi,2011,31,0.0478011,0.0478011,,,0,,,,1,32,2092
State,wi,2011,32,0.231267,0.231267,,,0,,,,5,30,2162
State,wi,2011,33,0.111919,0.111919,,,0,,,,2,30,1787
State,wi,2011,34,0.319149,0.319149,,,0,,,,6,29,1880
State,wi,2011,35,0.287356,0.287356,,,0,,,,8,33,2784
State,wi,2011,36,0.215332,0.215332,,,0,,,,5,31,2322
State,wi,2011,37,0.211034,0.211034,,,0,,,,7,35,3317
State,wi,2011,38,0.519781,0.519781,,,0,,,,18,34,3463
State,wi,2011,39,0.501771,0.501771,,,0,,,,17,33,3388
State,wi,2011,40,0.763807,0.763807,,,0,,,,26,36,3404
State,wi,2011,41,0.410628,0.410628,,,0,,,,17,34,4140
State,wi,2011,42,0.61546,0.61546,,,0,,,,25,37,4062
State,wi,2011,43,0.899101,0.899101,,,0,,,,36,34,4004
State,wi,2011,44,0.383828,0.383828,,,0,,,,15,36,3908
State,wi,2011,45,0.717397,0.717397,,,0,,,,28,37,3903
State,wi,2011,46,0.67726,0.67726,,,0,,,,26,37,3839
State,wi,2011,47,0.897053,0.897053,,,0,,,,21,37,2341
State,wi,2011,48,0.91417,0.91417,,,0,,,,36,36,3938
State,wi,2011,49,0.894226,0.894226,,,0,,,,35,34,3914
State,wi,2011,50,0.708475,0.708475,,,0,,,,27,35,3811
State,wi,2011,51,1.00935,1.00935,,,0,,,,27,33,2675
State,wi,2011,52,0.902335,0.902335,,,0,,,,17,35,1884
State,wi,2012,1,0.970874,0.970874,,,0,,,,27,38,2781
State,wi,2012,2,0.733098,0.733098,,,0,,,,27,38,3683
State,wi,2012,3,1.22105,1.22105,,,0,,,,29,34,2375
State,wi,2012,4,1.46199,1.46199,,,0,,,,55,37,3762
State,wi,2012,5,0.877646,0.877646,,,0,,,,34,36,3874
State,wi,2012,6,1.1233,1.1233,,,0,,,,43,34,3828
State,wi,2012,7,1.12242,1.12242,,,0,,,,43,35,3831
State,wi,2012,8,1.01394,1.01394,,,0,,,,40,36,3945
State,wi,2012,9,1.19924,1.19924,,,0,,,,44,34,3669
State,wi,2012,10,1.18483,1.18483,,,0,,,,45,35,3798
State,wi,2012,11,2.01794,2.01794,,,0,,,,72,36,3568
State,wi,2012,12,1.45985,1.45985,,,0,,,,48,36,3288
State,wi,2012,13,0.691857,0.691857,,,0,,,,26,33,3758
State,wi,2012,14,1.44552,1.44552,,,0,,,,39,31,2698
State,wi,2012,15,0.502828,0.502828,,,0,,,,16,29,3182
State,wi,2012,16,0.713908,0.713908,,,0,,,,27,32,3782
State,wi,2012,17,0.376142,0.376142,,,0,,,,14,35,3722
State,wi,2012,18,0.518269,0.518269,,,0,,,,20,32,3859
State,wi,2012,19,0.380849,0.380849,,,0,,,,14,31,3676
State,wi,2012,20,0.319489,0.319489,,,0,,,,10,30,3130
State,wi,2012,21,0.171013,0.171013,,,0,,,,4,28,2339
State,wi,2012,22,0.34965,0.34965,,,0,,,,6,28,1716
State,wi,2012,23,0.142113,0.142113,,,0,,,,3,26,2111
State,wi,2012,24,0.176289,0.176289,,,0,,,,4,25,2269
State,wi,2012,25,0.512821,0.512821,,,0,,,,11,27,2145
State,wi,2012,26,0.13947,0.13947,,,0,,,,3,26,2151
State,wi,2012,27,0.373599,0.373599,,,0,,,,6,27,1606
State,wi,2012,28,0.462574,0.462574,,,0,,,,11,29,2378
State,wi,2012,29,0.158646,0.158646,,,0,,,,3,24,1891
State,wi,2012,30,0.180668,0.180668,,,0,,,,4,30,2214
State,wi,2012,31,0.551932,0.551932,,,0,,,,11,27,1993
State,wi,2012,32,0.646054,0.646054,,,0,,,,14,28,2167
State,wi,2012,33,0.0,0.0,,,0,,,,0,28,1957
State,wi,2012,34,0.0751597,0.0751597,,,0,,,,2,28,2661
State,wi,2012,35,0.0956938,0.0956938,,,0,,,,3,28,3135
State,wi,2012,36,0.200535,0.200535,,,0,,,,6,26,2992
State,wi,2012,37,0.283213,0.283213,,,0,,,,11,29,3884
State,wi,2012,38,0.31864,0.31864,,,0,,,,12,28,3766
State,wi,2012,39,0.706298,0.706298,,,0,,,,24,29,3398
State,wi,2012,40,0.803627,0.803627,,,0,,,,39,34,4853
State,wi,2012,41,0.686253,0.686253,,,0,,,,32,34,4663
State,wi,2012,42,0.429092,0.429092,,,0,,,,20,33,4661
State,wi,2012,43,0.548176,0.548176,,,0,,,,26,35,4743
State,wi,2012,44,0.351453,0.351453,,,0,,,,15,31,4268
State,wi,2012,45,0.408954,0.408954,,,0,,,,19,35,4646
State,wi,2012,46,0.838926,0.838926,,,0,,,,40,34,4768
State,wi,2012,47,1.01373,1.01373,,,0,,,,31,36,3058
State,wi,2012,48,0.663183,0.663183,,,0,,,,33,38,4976
State,wi,2012,49,1.41519,1.41519,,,0,,,,68,37,4805
State,wi,2012,50,1.46168,1.46168,,,0,,,,70,38,4789
State,wi,2012,51,2.58314,2.58314,,,0,,,,80,35,3097
State,wi,2012,52,4.24335,4.24335,,,0,,,,83,36,1956
State,wi,2013,1,3.99261,3.99261,,,0,,,,108,37,2705
State,wi,2013,2,3.8992,3.8992,,,0,,,,147,36,3770
State,wi,2013,3,3.36249,3.36249,,,0,,,,123,35,3658
State,wi,2013,4,2.79702,2.79702,,,0,,,,105,35,3754
State,wi,2013,5,2.69296,2.69296,,,0,,,,112,34,4159
State,wi,2013,6,1.62695,1.62695,,,0,,,,71,32,4364
State,wi,2013,7,1.57358,1.57358,,,0,,,,71,34,4512
State,wi,2013,8,1.40097,1.40097,,,0,,,,58,33,4140
State,wi,2013,9,0.762361,0.762361,,,0,,,,35,34,4591
State,wi,2013,10,1.16854,1.16854,,,0,,,,52,34,4450
State,wi,2013,11,0.638686,0.638686,,,0,,,,28,31,4384
State,wi,2013,12,1.00223,1.00223,,,0,,,,36,34,3592
State,wi,2013,13,0.838072,0.838072,,,0,,,,28,31,3341
State,wi,2013,14,0.538819,0.538819,,,0,,,,22,31,4083
State,wi,2013,15,0.789963,0.789963,,,0,,,,34,31,4304
State,wi,2013,16,0.506096,0.506096,,,0,,,,22,31,4347
State,wi,2013,17,0.337458,0.337458,,,0,,,,15,31,4445
State,wi,2013,18,0.270669,0.270669,,,0,,,,11,33,4064
State,wi,2013,19,0.163858,0.163858,,,0,,,,7,30,4272
State,wi,2013,20,0.159744,0.159744,,,0,,,,6,31,3756
State,wi,2013,21,0.170882,0.170882,,,0,,,,5,29,2926
State,wi,2013,22,0.428367,0.428367,,,0,,,,9,28,2101
State,wi,2013,23,0.143524,0.143524,,,0,,,,4,31,2787
State,wi,2013,24,0.390472,0.390472,,,0,,,,10,30,2561
State,wi,2013,25,0.22927,0.22927,,,0,,,,6,29,2617
State,wi,2013,26,0.192976,0.192976,,,0,,,,5,29,2591
State,wi,2013,27,0.747012,0.747012,,,0,,,,15,29,2008
State,wi,2013,28,0.293363,0.293363,,,0,,,,8,29,2727
State,wi,2013,29,0.116369,0.116369,,,0,,,,3,29,2578
State,wi,2013,30,0.186776,0.186776,,,0,,,,5,30,2677
State,wi,2013,31,0.259548,0.259548,,,0,,,,7,30,2697
State,wi,2013,32,0.248447,0.248447,,,0,,,,6,29,2415
State,wi,2013,33,0.291181,0.291181,,,0,,,,7,28,2404
State,wi,2013,34,0.2849,0.2849,,,0,,,,6,27,2106
State,wi,2013,35,0.223285,0.223285,,,0,,,,7,30,3135
State,wi,2013,36,0.4,0.4,,,0,,,,12,27,3000
State,wi,2013,37,0.194553,0.194553,,,0,,,,8,28,4112
State,wi,2013,38,0.484262,0.484262,,,0,,,,18,29,3717
State,wi,2013,39,0.434888,0.434888,,,0,,,,18,32,4139
State,wi,2013,40,0.704887,0.704887,,,0,,,,30,29,4256
State,wi,2013,41,1.06082,1.06082,,,0,,,,45,33,4242
State,wi,2013,42,0.492459,0.492459,,,0,,,,32,32,6498
State,wi,2013,43,0.945354,0.945354,,,0,,,,41,33,4337
State,wi,2013,44,0.988609,0.988609,,,0,,,,46,31,4653
State,wi,2013,45,1.09842,1.09842,,,0,,,,50,33,4552
State,wi,2013,46,0.802139,0.802139,,,0,,,,36,34,4488
State,wi,2013,47,1.1101,1.1101,,,0,,,,49,34,4414
State,wi,2013,48,1.11873,1.11873,,,0,,,,31,32,2771
State,wi,2013,49,1.02852,1.02852,,,0,,,,44,33,4278
State,wi,2013,50,1.69048,1.69048,,,0,,,,71,33,4200
State,wi,2013,51,1.31054,1.31054,,,0,,,,46,32,3510
State,wi,2013,52,3.02158,3.02158,,,0,,,,42,33,1390
State,wi,2014,1,2.05023,2.05023,,,0,,,,40,31,1951
State,wi,2014,2,2.11346,2.11346,,,0,,,,57,33,2697
State,wi,2014,3,2.14545,2.14545,,,0,,,,59,32,2750
State,wi,2014,4,2.62035,2.62035,,,0,,,,86,33,3282
State,wi,2014,5,1.56174,1.56174,,,0,,,,64,32,4098
State,wi,2014,6,2.47756,2.47756,,,0,,,,138,36,5570
State,wi,2014,7,1.8717,1.8717,,,0,,,,110,34,5877
State,wi,2014,8,2.24364,2.24364,,,0,,,,135,33,6017
State,wi,2014,9,2.44775,2.44775,,,0,,,,171,34,6986
State,wi,2014,10,2.17066,2.17066,,,0,,,,145,31,6680
State,wi,2014,11,1.95062,1.95062,,,0,,,,128,30,6562
State,wi,2014,12,2.2929,2.2929,,,0,,,,124,31,5408
State,wi,2014,13,1.90797,1.90797,,,0,,,,119,28,6237
State,wi,2014,14,1.50108,1.50108,,,0,,,,97,26,6462
State,wi,2014,15,1.94161,1.94161,,,0,,,,133,28,6850
State,wi,2014,16,2.13027,2.13027,,,0,,,,139,27,6525
State,wi,2014,17,1.82174,1.82174,,,0,,,,121,26,6642
State,wi,2014,18,1.66397,1.66397,,,0,,,,113,27,6791
State,wi,2014,19,2.09549,2.09549,,,0,,,,140,26,6681
State,wi,2014,20,1.93464,1.93464,,,0,,,,119,26,6151
State,wi,2014,21,2.064,2.064,,,0,,,,109,24,5281
State,wi,2014,22,0.142248,0.142248,,,0,,,,3,22,2109
State,wi,2014,23,0.122951,0.122951,,,0,,,,3,20,2440
State,wi,2014,24,0.431373,0.431373,,,0,,,,11,23,2550
State,wi,2014,25,0.34188,0.34188,,,0,,,,8,23,2340
State,wi,2014,26,0.393529,0.393529,,,0,,,,9,22,2287
State,wi,2014,27,0.208877,0.208877,,,0,,,,4,21,1915
State,wi,2014,28,0.126103,0.126103,,,0,,,,3,22,2379
State,wi,2014,29,0.514801,0.514801,,,0,,,,12,20,2331
State,wi,2014,30,0.397878,0.397878,,,0,,,,9,20,2262
State,wi,2014,31,0.338983,0.338983,,,0,,,,8,21,2360
State,wi,2014,32,0.493421,0.493421,,,0,,,,12,23,2432
State,wi,2014,33,0.123865,0.123865,,,0,,,,3,23,2422
State,wi,2014,34,0.349498,0.349498,,,0,,,,8,22,2289
State,wi,2014,35,0.38961,0.38961,,,0,,,,12,22,3080
State,wi,2014,36,0.460688,0.460688,,,0,,,,15,23,3256
State,wi,2014,37,0.487465,0.487465,,,0,,,,21,23,4308
State,wi,2014,38,0.671624,0.671624,,,0,,,,28,22,4169
State,wi,2014,39,0.689491,0.689491,,,0,,,,29,24,4206
State,wi,2014,40,0.783875,0.783875,,,0,,,,35,29,4465
State,wi,2014,41,0.783972,0.783972,,,0,,,,36,27,4592
State,wi,2014,42,1.00767,1.00767,,,0,,,,46,29,4565
State,wi,2014,43,1.93198,1.93198,,,0,,,,146,29,7557
State,wi,2014,44,2.2283,2.2283,,,0,,,,171,29,7674
State,wi,2014,45,2.3772,2.3772,,,0,,,,181,28,7614
State,wi,2014,46,2.21648,2.21648,,,0,,,,163,30,7354
State,wi,2014,47,2.17391,2.17391,,,0,,,,168,29,7728
State,wi,2014,48,1.74868,1.74868,,,0,,,,86,30,4918
State,wi,2014,49,2.47511,2.47511,,,0,,,,179,30,7232
State,wi,2014,50,4.12929,4.12929,,,0,,,,313,30,7580
State,wi,2014,51,5.76586,5.76586,,,0,,,,428,29,7423
State,wi,2014,52,7.27175,7.27175,,,0,,,,270,28,3713
State,wi,2014,53,5.48373,5.48373,,,0,,,,246,28,4486
State,wi,2015,1,3.71117,3.71117,,,0,,,,221,29,5955
State,wi,2015,2,3.28217,3.28217,,,0,,,,201,31,6124
State,wi,2015,3,2.78228,2.78228,,,0,,,,189,30,6793
State,wi,2015,4,2.39303,2.39303,,,0,,,,151,29,6310
State,wi,2015,5,2.4158,2.4158,,,0,,,,170,31,7037
State,wi,2015,6,2.63659,2.63659,,,0,,,,194,29,7358
State,wi,2015,7,2.35229,2.35229,,,0,,,,170,29,7227
State,wi,2015,8,2.52937,2.52937,,,0,,,,183,29,7235
State,wi,2015,9,2.64821,2.64821,,,0,,,,197,28,7439
State,wi,2015,10,2.59362,2.59362,,,0,,,,196,27,7557
State,wi,2015,11,2.67014,2.67014,,,0,,,,195,29,7303
State,wi,2015,12,2.26103,2.26103,,,0,,,,145,28,6413
State,wi,2015,13,2.21438,2.21438,,,0,,,,138,26,6232
State,wi,2015,14,2.42603,2.42603,,,0,,,,173,27,7131
State,wi,2015,15,2.06186,2.06186,,,0,,,,158,29,7663
State,wi,2015,16,2.30737,2.30737,,,0,,,,165,26,7151
State,wi,2015,17,2.31173,2.31173,,,0,,,,163,28,7051
State,wi,2015,18,2.09156,2.09156,,,0,,,,143,24,6837
State,wi,2015,19,2.31875,2.31875,,,0,,,,150,27,6469
State,wi,2015,20,0.561798,0.561798,,,0,,,,16,23,2848
State,wi,2015,21,0.487805,0.487805,,,0,,,,10,24,2050
State,wi,2015,22,0.38961,0.38961,,,0,,,,3,18,770
State,wi,2015,23,0.313357,0.313357,,,0,,,,8,23,2553
State,wi,2015,24,0.205592,0.205592,,,0,,,,5,24,2432
State,wi,2015,25,0.590784,0.590784,,,0,,,,15,25,2539
State,wi,2015,26,0.143678,0.143678,,,0,,,,3,24,2088
State,wi,2015,27,0.330033,0.330033,,,0,,,,8,23,2424
State,wi,2015,28,0.248447,0.248447,,,0,,,,6,24,2415
State,wi,2015,29,0.258956,0.258956,,,0,,,,6,22,2317
State,wi,2015,30,0.349192,0.349192,,,0,,,,8,23,2291
State,wi,2015,31,0.200642,0.200642,,,0,,,,5,23,2492
State,wi,2015,32,0.223914,0.223914,,,0,,,,5,21,2233
State,wi,2015,33,0.208943,0.208943,,,0,,,,5,21,2393
State,wi,2015,34,0.298507,0.298507,,,0,,,,8,21,2680
State,wi,2015,35,0.522755,0.522755,,,0,,,,17,22,3252
State,wi,2015,36,0.320307,0.320307,,,0,,,,10,21,3122
State,wi,2015,37,0.60551,0.60551,,,0,,,,20,20,3303
State,wi,2015,38,0.561134,0.561134,,,0,,,,19,19,3386
State,wi,2015,39,1.30351,1.30351,,,0,,,,74,20,5677
State,wi,2015,40,1.89587,1.89587,,,0,,,,134,23,7068
State,wi,2015,41,1.7285,1.7285,,,0,,,,123,24,7116
State,wi,2015,42,1.82971,1.82971,,,0,,,,127,25,6941
State,wi,2015,43,1.56403,1.56403,,,0,,,,112,24,7161
State,wi,2015,44,1.62839,1.62839,,,0,,,,117,24,7185
State,wi,2015,45,1.56006,1.56006,,,0,,,,110,25,7051
State,wi,2015,46,1.61699,1.61699,,,0,,,,115,23,7112
State,wi,2015,47,2.01622,2.01622,,,0,,,,92,23,4563
State,wi,2015,48,1.53918,1.53918,,,0,,,,99,24,6432
State,wi,2015,49,1.25945,1.25945,,,0,,,,50,24,3970
State,wi,2015,50,1.6161,1.6161,,,0,,,,106,24,6559
State,wi,2015,51,1.89283,1.89283,,,0,,,,71,23,3751
State,wi,2015,52,1.79739,1.79739,,,0,,,,55,23,3060
State,wi,2016,1,1.74376,1.74376,,,0,,,,95,23,5448
State,wi,2016,2,1.47809,1.47809,,,0,,,,84,24,5683
State,wi,2016,3,1.98363,1.98363,,,0,,,,126,24,6352
State,wi,2016,4,1.34354,1.34354,,,0,,,,86,25,6401
State,wi,2016,5,1.62109,1.62109,,,0,,,,99,24,6107
State,wi,2016,6,1.74373,1.74373,,,0,,,,112,24,6423
State,wi,2016,7,2.16718,2.16718,,,0,,,,140,25,6460
State,wi,2016,8,2.55664,2.55664,,,0,,,,167,23,6532
State,wi,2016,9,2.98078,2.98078,,,0,,,,197,25,6609
State,wi,2016,10,3.27547,3.27547,,,0,,,,217,26,6625
State,wi,2016,11,2.7159,2.7159,,,0,,,,178,24,6554
State,wi,2016,12,2.61708,2.61708,,,0,,,,133,25,5082
State,wi,2016,13,2.69445,2.69445,,,0,,,,150,26,5567
State,wi,2016,14,1.99845,1.99845,,,0,,,,129,24,6455
State,wi,2016,15,1.78037,1.78037,,,0,,,,119,24,6684
State,wi,2016,16,2.03978,2.03978,,,0,,,,121,23,5932
State,wi,2016,17,1.64941,1.64941,,,0,,,,94,22,5699
State,wi,2016,18,1.38487,1.38487,,,0,,,,67,20,4838
State,wi,2016,19,1.61093,1.61093,,,0,,,,92,18,5711
State,wi,2016,20,2.04325,2.04325,,,0,,,,103,16,5041
State,wi,2016,21,0.619743,0.619743,,,0,,,,14,18,2259
State,wi,2016,22,1.99471,1.99471,,,0,,,,83,20,4161
State,wi,2016,23,1.77268,1.77268,,,0,,,,85,18,4795
State,wi,2016,24,1.09439,1.09439,,,0,,,,8,13,731
State,wi,2016,25,0.386764,0.386764,,,0,,,,9,18,2327
State,wi,2016,26,0.274348,0.274348,,,0,,,,6,17,2187
State,wi,2016,27,0.0584454,0.0584454,,,0,,,,1,17,1711
State,wi,2016,28,0.339992,0.339992,,,0,,,,8,19,2353
State,wi,2016,29,0.0426257,0.0426257,,,0,,,,1,18,2346
State,wi,2016,30,0.754148,0.754148,,,0,,,,5,12,663
State,wi,2016,31,0.324675,0.324675,,,0,,,,8,19,2464
State,wi,2016,32,0.254842,0.254842,,,0,,,,5,18,1962
State,wi,2016,33,0.255973,0.255973,,,0,,,,6,17,2344
State,wi,2016,34,0.366898,0.366898,,,0,,,,9,19,2453
State,wi,2016,35,0.568788,0.568788,,,0,,,,16,18,2813
State,wi,2016,36,0.373274,0.373274,,,0,,,,10,18,2679
State,wi,2016,37,0.954861,0.954861,,,0,,,,33,19,3456
State,wi,2016,38,0.768597,0.768597,,,0,,,,28,20,3643
State,wi,2016,39,0.980667,0.980667,,,0,,,,35,19,3569
State,wi,2016,40,1.11524,1.11524,,,0,,,,45,24,4035
State,wi,2016,41,0.949618,0.949618,,,0,,,,36,21,3791
State,wi,2016,42,1.13122,1.13122,,,0,,,,45,22,3978
State,wi,2016,43,0.951427,0.951427,,,0,,,,38,23,3994
State,wi,2016,44,1.41216,1.41216,,,0,,,,59,23,4178
State,wi,2016,45,1.27009,1.27009,,,0,,,,49,22,3858
State,wi,2016,46,0.976864,0.976864,,,0,,,,38,23,3890
State,wi,2016,47,0.886824,0.886824,,,0,,,,21,21,2368
State,wi,2016,48,1.07108,1.07108,,,0,,,,44,23,4108
State,wi,2016,49,1.49144,1.49144,,,0,,,,61,24,4090
State,wi,2016,50,0.935866,0.935866,,,0,,,,34,24,3633
State,wi,2016,51,1.57013,1.57013,,,0,,,,45,23,2866
State,wi,2016,52,1.3245,1.3245,,,0,,,,22,21,1661
State,wi,2017,1,1.26724,1.26724,,,0,,,,34,22,2683
State,wi,2017,2,1.92686,1.92686,,,0,,,,98,23,5086
State,wi,2017,3,2.62467,2.62467,,,0,,,,150,25,5715
State,wi,2017,4,2.67524,2.67524,,,0,,,,179,26,6691
State,wi,2017,5,3.42476,3.42476,,,0,,,,231,24,6745
State,wi,2017,6,3.6865,3.6865,,,0,,,,254,25,6890
State,wi,2017,7,3.14223,3.14223,,,0,,,,228,24,7256
State,wi,2017,8,3.40217,3.40217,,,0,,,,229,23,6731
State,wi,2017,9,2.49126,2.49126,,,0,,,,171,25,6864
State,wi,2017,10,2.55391,2.55391,,,0,,,,167,24,6539
State,wi,2017,11,2.53512,2.53512,,,0,,,,157,25,6193
State,wi,2017,12,2.12182,2.12182,,,0,,,,116,25,5467
State,wi,2017,13,1.36986,1.36986,,,0,,,,49,22,3577
State,wi,2017,14,1.8018,1.8018,,,0,,,,114,24,6327
State,wi,2017,15,1.92,1.92,,,0,,,,108,24,5625
State,wi,2017,16,1.29032,1.29032,,,0,,,,48,24,3720
State,wi,2017,17,1.39672,1.39672,,,0,,,,52,23,3723
State,wi,2017,18,1.30112,1.30112,,,0,,,,49,21,3766
State,wi,2017,19,1.02389,1.02389,,,0,,,,33,22,3223
State,wi,2017,20,0.444984,0.444984,,,0,,,,11,20,2472
State,wi,2017,21,0.40783,0.40783,,,0,,,,10,22,2452
State,wi,2017,22,0.257334,0.257334,,,0,,,,5,21,1943
State,wi,2017,23,0.309324,0.309324,,,0,,,,7,19,2263
State,wi,2017,24,0.375469,0.375469,,,0,,,,9,20,2397
State,wi,2017,25,0.296234,0.296234,,,0,,,,7,20,2363
State,wi,2017,26,0.39267,0.39267,,,0,,,,9,19,2292
State,wi,2017,27,0.169492,0.169492,,,0,,,,3,19,1770
State,wi,2017,28,0.162075,0.162075,,,0,,,,4,19,2468
State,wi,2017,29,0.0912825,0.0912825,,,0,,,,2,19,2191
State,wi,2017,30,0.133452,0.133452,,,0,,,,3,19,2248
State,wi,2017,31,0.210172,0.210172,,,0,,,,5,20,2379
State,wi,2017,32,0.132217,0.132217,,,0,,,,3,19,2269
State,wi,2017,33,0.505051,0.505051,,,0,,,,3,14,594
State,wi,2017,34,0.351288,0.351288,,,0,,,,9,20,2562
State,wi,2017,35,0.338295,0.338295,,,0,,,,10,20,2956
State,wi,2017,36,0.408859,0.408859,,,0,,,,12,19,2935
State,wi,2017,37,1.31243,1.31243,,,0,,,,77,21,5867
State,wi,2017,38,1.58903,1.58903,,,0,,,,102,21,6419
State,wi,2017,39,1.63934,1.63934,,,0,,,,118,20,7198
State,wi,2017,40,1.9377,1.9377,,,0,,,,130,24,6709
State,wi,2017,41,1.52994,1.52994,,,0,,,,105,25,6863
State,wi,2017,42,1.50619,1.50619,,,0,,,,107,25,7104
State,wi,2017,43,1.79819,1.79819,,,0,,,,121,23,6729
State,wi,2017,44,1.56527,1.56527,,,0,,,,106,25,6772
State,wi,2017,45,1.74763,1.74763,,,0,,,,118,25,6752
State,wi,2017,46,0.937183,0.937183,,,0,,,,37,24,3948
State,wi,2017,47,2.02989,2.02989,,,0,,,,91,24,4483
State,wi,2017,48,1.73979,1.73979,,,0,,,,115,23,6610
State,wi,2017,49,2.13326,2.13326,,,0,,,,146,24,6844
State,wi,2017,50,1.94926,1.94926,,,0,,,,126,24,6464
State,wi,2017,51,2.84772,2.84772,,,0,,,,164,23,5759
State,wi,2017,52,3.59025,3.59025,,,0,,,,109,21,3036
State,wv,2010,40,1.59741,1.59741,,,0,,,,143,34,8952
State,wv,2010,41,1.58968,1.58968,,,0,,,,170,34,10694
State,wv,2010,42,1.52672,1.52672,,,0,,,,134,33,8777
State,wv,2010,43,1.81171,1.81171,,,0,,,,173,32,9549
State,wv,2010,44,1.83986,1.83986,,,0,,,,196,34,10653
State,wv,2010,45,2.06875,2.06875,,,0,,,,201,34,9716
State,wv,2010,46,1.99804,1.99804,,,0,,,,224,36,11211
State,wv,2010,47,1.68525,1.68525,,,0,,,,133,33,7892
State,wv,2010,48,1.39059,1.39059,,,0,,,,159,38,11434
State,wv,2010,49,1.58682,1.58682,,,0,,,,158,33,9957
State,wv,2010,50,1.41603,1.41603,,,0,,,,121,34,8545
State,wv,2010,51,1.19637,1.19637,,,0,,,,87,32,7272
State,wv,2010,52,1.41386,1.41386,,,0,,,,103,31,7285
State,wv,2011,1,1.24516,1.24516,,,0,,,,135,36,10842
State,wv,2011,2,1.2586,1.2586,,,0,,,,128,37,10170
State,wv,2011,3,1.92201,1.92201,,,0,,,,207,38,10770
State,wv,2011,4,2.88373,2.88373,,,0,,,,313,38,10854
State,wv,2011,5,3.47316,3.47316,,,0,,,,438,40,12611
State,wv,2011,6,3.98661,3.98661,,,0,,,,524,39,13144
State,wv,2011,7,5.12116,5.12116,,,0,,,,727,39,14196
State,wv,2011,8,5.45299,5.45299,,,0,,,,765,43,14029
State,wv,2011,9,4.32385,4.32385,,,0,,,,596,41,13784
State,wv,2011,10,2.60933,2.60933,,,0,,,,324,36,12417
State,wv,2011,11,2.589,2.589,,,0,,,,304,37,11742
State,wv,2011,12,1.354,1.354,,,0,,,,159,37,11743
State,wv,2011,13,1.27412,1.27412,,,0,,,,136,33,10674
State,wv,2011,14,0.940983,0.940983,,,0,,,,103,36,10946
State,wv,2011,15,0.704424,0.704424,,,0,,,,75,35,10647
State,wv,2011,16,0.719499,0.719499,,,0,,,,69,33,9590
State,wv,2011,17,0.635055,0.635055,,,0,,,,60,33,9448
State,wv,2011,18,0.414612,0.414612,,,0,,,,37,32,8924
State,wv,2011,19,0.387755,0.387755,,,0,,,,38,32,9800
State,wv,2011,20,0.335802,0.335802,,,0,,,,34,34,10125
State,wv,2011,21,0.40349,0.40349,,,0,,,,37,30,9170
State,wv,2011,22,0.411061,0.411061,,,0,,,,33,26,8028
State,wv,2011,23,0.367069,0.367069,,,0,,,,28,24,7628
State,wv,2011,24,0.470527,0.470527,,,0,,,,36,26,7651
State,wv,2011,25,0.186111,0.186111,,,0,,,,16,27,8597
State,wv,2011,26,0.222338,0.222338,,,0,,,,17,27,7646
State,wv,2011,27,0.337781,0.337781,,,0,,,,20,24,5921
State,wv,2011,28,0.184623,0.184623,,,0,,,,14,28,7583
State,wv,2011,29,0.0858369,0.0858369,,,0,,,,6,26,6990
State,wv,2011,30,0.128995,0.128995,,,0,,,,9,25,6977
State,wv,2011,31,0.0747384,0.0747384,,,0,,,,5,26,6690
State,wv,2011,32,0.118501,0.118501,,,0,,,,8,25,6751
State,wv,2011,33,0.18372,0.18372,,,0,,,,13,26,7076
State,wv,2011,34,0.429693,0.429693,,,0,,,,29,25,6749
State,wv,2011,35,0.38625,0.38625,,,0,,,,30,27,7767
State,wv,2011,36,0.347267,0.347267,,,0,,,,27,28,7775
State,wv,2011,37,0.624311,0.624311,,,0,,,,51,27,8169
State,wv,2011,38,0.879205,0.879205,,,0,,,,69,27,7848
State,wv,2011,39,0.694281,0.694281,,,0,,,,59,28,8498
State,wv,2011,40,0.653872,0.653872,,,0,,,,77,41,11776
State,wv,2011,41,0.746719,0.746719,,,0,,,,99,45,13258
State,wv,2011,42,0.713054,0.713054,,,0,,,,91,40,12762
State,wv,2011,43,0.848182,0.848182,,,0,,,,119,44,14030
State,wv,2011,44,0.982112,0.982112,,,0,,,,140,46,14255
State,wv,2011,45,0.942546,0.942546,,,0,,,,136,46,14429
State,wv,2011,46,0.780672,0.780672,,,0,,,,95,39,12169
State,wv,2011,47,0.825147,0.825147,,,0,,,,84,41,10180
State,wv,2011,48,0.726871,0.726871,,,0,,,,92,40,12657
State,wv,2011,49,0.660194,0.660194,,,0,,,,85,42,12875
State,wv,2011,50,0.588411,0.588411,,,0,,,,79,41,13426
State,wv,2011,51,0.768115,0.768115,,,0,,,,90,41,11717
State,wv,2011,52,0.943396,0.943396,,,0,,,,92,41,9752
State,wv,2012,1,0.627296,0.627296,,,0,,,,70,43,11159
State,wv,2012,2,0.722047,0.722047,,,0,,,,101,41,13988
State,wv,2012,3,0.605288,0.605288,,,0,,,,76,42,12556
State,wv,2012,4,0.667241,0.667241,,,0,,,,93,42,13938
State,wv,2012,5,0.811204,0.811204,,,0,,,,117,42,14423
State,wv,2012,6,0.586049,0.586049,,,0,,,,82,41,13992
State,wv,2012,7,0.765156,0.765156,,,0,,,,104,41,13592
State,wv,2012,8,0.797015,0.797015,,,0,,,,94,38,11794
State,wv,2012,9,0.695854,0.695854,,,0,,,,96,40,13796
State,wv,2012,10,0.938617,0.938617,,,0,,,,126,40,13424
State,wv,2012,11,0.728348,0.728348,,,0,,,,101,40,13867
State,wv,2012,12,1.14986,1.14986,,,0,,,,151,36,13132
State,wv,2012,13,0.892578,0.892578,,,0,,,,114,34,12772
State,wv,2012,14,0.744485,0.744485,,,0,,,,81,33,10880
State,wv,2012,15,0.522126,0.522126,,,0,,,,61,34,11683
State,wv,2012,16,0.595649,0.595649,,,0,,,,69,32,11584
State,wv,2012,17,0.459846,0.459846,,,0,,,,56,34,12178
State,wv,2012,18,0.423924,0.423924,,,0,,,,46,31,10851
State,wv,2012,19,0.427594,0.427594,,,0,,,,45,31,10524
State,wv,2012,20,0.424652,0.424652,,,0,,,,39,28,9184
State,wv,2012,21,0.26738,0.26738,,,0,,,,26,29,9724
State,wv,2012,22,0.161993,0.161993,,,0,,,,16,30,9877
State,wv,2012,23,0.230584,0.230584,,,0,,,,22,29,9541
State,wv,2012,24,0.211037,0.211037,,,0,,,,20,28,9477
State,wv,2012,25,0.233372,0.233372,,,0,,,,20,28,8570
State,wv,2012,26,0.134622,0.134622,,,0,,,,11,29,8171
State,wv,2012,27,0.118064,0.118064,,,0,,,,9,28,7623
State,wv,2012,28,0.173273,0.173273,,,0,,,,16,26,9234
State,wv,2012,29,0.110339,0.110339,,,0,,,,10,28,9063
State,wv,2012,30,0.149566,0.149566,,,0,,,,15,27,10029
State,wv,2012,31,0.134939,0.134939,,,0,,,,13,26,9634
State,wv,2012,32,0.245124,0.245124,,,0,,,,23,25,9383
State,wv,2012,33,0.286094,0.286094,,,0,,,,28,26,9787
State,wv,2012,34,0.269316,0.269316,,,0,,,,29,27,10768
State,wv,2012,35,0.608886,0.608886,,,0,,,,64,25,10511
State,wv,2012,36,0.318501,0.318501,,,0,,,,34,26,10675
State,wv,2012,37,0.545703,0.545703,,,0,,,,56,24,10262
State,wv,2012,38,0.452125,0.452125,,,0,,,,45,24,9953
State,wv,2012,39,0.515362,0.515362,,,0,,,,52,25,10090
State,wv,2012,40,0.358171,0.358171,,,0,,,,51,32,14239
State,wv,2012,41,0.505306,0.505306,,,0,,,,70,30,13853
State,wv,2012,42,0.569095,0.569095,,,0,,,,85,34,14936
State,wv,2012,43,0.453899,0.453899,,,0,,,,67,33,14761
State,wv,2012,44,0.474842,0.474842,,,0,,,,52,32,10951
State,wv,2012,45,0.484779,0.484779,,,0,,,,68,32,14027
State,wv,2012,46,0.358075,0.358075,,,0,,,,48,32,13405
State,wv,2012,47,0.488446,0.488446,,,0,,,,52,32,10646
State,wv,2012,48,0.606314,0.606314,,,0,,,,87,34,14349
State,wv,2012,49,1.56973,1.56973,,,0,,,,224,35,14270
State,wv,2012,50,2.40738,2.40738,,,0,,,,360,35,14954
State,wv,2012,51,3.02656,3.02656,,,0,,,,392,32,12952
State,wv,2012,52,5.07039,5.07039,,,0,,,,407,33,8027
State,wv,2013,1,4.21592,4.21592,,,0,,,,510,34,12097
State,wv,2013,2,4.31387,4.31387,,,0,,,,685,39,15879
State,wv,2013,3,5.22459,5.22459,,,0,,,,820,39,15695
State,wv,2013,4,3.72481,3.72481,,,0,,,,523,38,14041
State,wv,2013,5,2.94601,2.94601,,,0,,,,412,39,13985
State,wv,2013,6,1.60149,1.60149,,,0,,,,215,36,13425
State,wv,2013,7,1.46835,1.46835,,,0,,,,203,37,13825
State,wv,2013,8,1.69818,1.69818,,,0,,,,247,38,14545
State,wv,2013,9,1.42651,1.42651,,,0,,,,208,37,14581
State,wv,2013,10,1.67641,1.67641,,,0,,,,238,37,14197
State,wv,2013,11,1.62389,1.62389,,,0,,,,205,35,12624
State,wv,2013,12,1.38982,1.38982,,,0,,,,187,34,13455
State,wv,2013,13,1.77413,1.77413,,,0,,,,238,35,13415
State,wv,2013,14,1.12368,1.12368,,,0,,,,143,35,12726
State,wv,2013,15,0.863825,0.863825,,,0,,,,123,35,14239
State,wv,2013,16,0.449787,0.449787,,,0,,,,58,34,12895
State,wv,2013,17,0.383848,0.383848,,,0,,,,50,33,13026
State,wv,2013,18,0.279864,0.279864,,,0,,,,38,34,13578
State,wv,2013,19,0.239408,0.239408,,,0,,,,33,35,13784
State,wv,2013,20,0.274637,0.274637,,,0,,,,34,34,12380
State,wv,2013,21,0.209784,0.209784,,,0,,,,22,31,10487
State,wv,2013,22,0.185914,0.185914,,,0,,,,17,30,9144
State,wv,2013,23,0.190638,0.190638,,,0,,,,18,31,9442
State,wv,2013,24,0.191778,0.191778,,,0,,,,16,29,8343
State,wv,2013,25,0.151976,0.151976,,,0,,,,14,29,9212
State,wv,2013,26,0.104254,0.104254,,,0,,,,10,29,9592
State,wv,2013,27,0.13044,0.13044,,,0,,,,11,29,8433
State,wv,2013,28,0.0619003,0.0619003,,,0,,,,6,28,9693
State,wv,2013,29,0.144733,0.144733,,,0,,,,14,29,9673
State,wv,2013,30,0.178309,0.178309,,,0,,,,17,29,9534
State,wv,2013,31,0.116723,0.116723,,,0,,,,11,28,9424
State,wv,2013,32,0.175593,0.175593,,,0,,,,18,27,10251
State,wv,2013,33,0.193109,0.193109,,,0,,,,19,27,9839
State,wv,2013,34,0.0998814,0.0998814,,,0,,,,16,29,16019
State,wv,2013,35,0.23888,0.23888,,,0,,,,29,28,12140
State,wv,2013,36,0.285068,0.285068,,,0,,,,29,29,10173
State,wv,2013,37,0.394207,0.394207,,,0,,,,46,29,11669
State,wv,2013,38,0.346605,0.346605,,,0,,,,39,28,11252
State,wv,2013,39,0.597693,0.597693,,,0,,,,71,29,11879
State,wv,2013,40,0.425137,0.425137,,,0,,,,55,35,12937
State,wv,2013,41,0.600144,0.600144,,,0,,,,75,35,12497
State,wv,2013,42,0.450942,0.450942,,,0,,,,62,38,13749
State,wv,2013,43,0.63305,0.63305,,,0,,,,87,39,13743
State,wv,2013,44,0.578331,0.578331,,,0,,,,79,42,13660
State,wv,2013,45,0.714434,0.714434,,,0,,,,103,41,14417
State,wv,2013,46,0.906949,0.906949,,,0,,,,127,43,14003
State,wv,2013,47,0.650195,0.650195,,,0,,,,85,42,13073
State,wv,2013,48,1.15874,1.15874,,,0,,,,113,44,9752
State,wv,2013,49,1.02495,1.02495,,,0,,,,136,45,13269
State,wv,2013,50,0.926539,0.926539,,,0,,,,126,47,13599
State,wv,2013,51,1.24187,1.24187,,,0,,,,168,44,13528
State,wv,2013,52,1.9583,1.9583,,,0,,,,201,46,10264
State,wv,2014,1,3.02139,3.02139,,,0,,,,370,45,12246
State,wv,2014,2,3.49505,3.49505,,,0,,,,505,47,14449
State,wv,2014,3,4.12063,4.12063,,,0,,,,593,44,14391
State,wv,2014,4,4.54972,4.54972,,,0,,,,533,46,11715
State,wv,2014,5,2.78674,2.78674,,,0,,,,354,44,12703
State,wv,2014,6,2.10362,2.10362,,,0,,,,270,42,12835
State,wv,2014,7,2.19595,2.19595,,,0,,,,273,44,12432
State,wv,2014,8,1.78596,1.78596,,,0,,,,257,44,14390
State,wv,2014,9,1.4445,1.4445,,,0,,,,206,42,14261
State,wv,2014,10,1.24209,1.24209,,,0,,,,163,41,13123
State,wv,2014,11,0.838142,0.838142,,,0,,,,122,38,14556
State,wv,2014,12,0.799777,0.799777,,,0,,,,115,38,14379
State,wv,2014,13,0.530326,0.530326,,,0,,,,71,34,13388
State,wv,2014,14,0.66636,0.66636,,,0,,,,87,37,13056
State,wv,2014,15,0.679701,0.679701,,,0,,,,89,36,13094
State,wv,2014,16,0.45928,0.45928,,,0,,,,56,34,12193
State,wv,2014,17,0.49596,0.49596,,,0,,,,62,34,12501
State,wv,2014,18,0.550064,0.550064,,,0,,,,69,33,12544
State,wv,2014,19,0.366335,0.366335,,,0,,,,39,30,10646
State,wv,2014,20,0.389105,0.389105,,,0,,,,44,31,11308
State,wv,2014,21,0.336595,0.336595,,,0,,,,43,33,12775
State,wv,2014,22,0.249591,0.249591,,,0,,,,29,33,11619
State,wv,2014,23,0.154748,0.154748,,,0,,,,19,32,12278
State,wv,2014,24,0.205727,0.205727,,,0,,,,25,32,12152
State,wv,2014,25,0.307842,0.307842,,,0,,,,38,33,12344
State,wv,2014,26,0.216676,0.216676,,,0,,,,27,32,12461
State,wv,2014,27,0.256739,0.256739,,,0,,,,24,33,9348
State,wv,2014,28,0.140819,0.140819,,,0,,,,15,32,10652
State,wv,2014,29,0.248542,0.248542,,,0,,,,26,30,10461
State,wv,2014,30,0.179051,0.179051,,,0,,,,18,30,10053
State,wv,2014,31,0.115631,0.115631,,,0,,,,11,27,9513
State,wv,2014,32,0.156082,0.156082,,,0,,,,16,29,10251
State,wv,2014,33,0.238459,0.238459,,,0,,,,25,28,10484
State,wv,2014,34,0.255822,0.255822,,,0,,,,29,26,11336
State,wv,2014,35,0.371106,0.371106,,,0,,,,43,28,11587
State,wv,2014,36,0.512438,0.512438,,,0,,,,55,29,10733
State,wv,2014,37,0.618632,0.618632,,,0,,,,68,28,10992
State,wv,2014,38,0.508187,0.508187,,,0,,,,54,27,10626
State,wv,2014,39,0.498453,0.498453,,,0,,,,58,28,11636
State,wv,2014,40,0.913293,0.913293,,,0,,,,162,46,17738
State,wv,2014,41,1.09747,1.09747,,,0,,,,194,44,17677
State,wv,2014,42,0.965647,0.965647,,,0,,,,174,44,18019
State,wv,2014,43,1.08258,1.08258,,,0,,,,199,45,18382
State,wv,2014,44,1.1051,1.1051,,,0,,,,194,44,17555
State,wv,2014,45,1.05838,1.05838,,,0,,,,188,45,17763
State,wv,2014,46,1.19482,1.19482,,,0,,,,213,46,17827
State,wv,2014,47,0.951195,0.951195,,,0,,,,168,47,17662
State,wv,2014,48,1.41531,1.41531,,,0,,,,186,46,13142
State,wv,2014,49,1.65785,1.65785,,,0,,,,282,44,17010
State,wv,2014,50,2.04464,2.04464,,,0,,,,349,45,17069
State,wv,2014,51,4.00363,4.00363,,,0,,,,661,45,16510
State,wv,2014,52,6.77623,6.77623,,,0,,,,870,42,12839
State,wv,2014,53,7.37364,7.37364,,,0,,,,1116,48,15135
State,wv,2015,1,6.14404,6.14404,,,0,,,,964,44,15690
State,wv,2015,2,5.2228,5.2228,,,0,,,,899,45,17213
State,wv,2015,3,6.23661,6.23661,,,0,,,,1077,45,17269
State,wv,2015,4,6.54133,6.54133,,,0,,,,1096,46,16755
State,wv,2015,5,5.15766,5.15766,,,0,,,,862,44,16713
State,wv,2015,6,4.70409,4.70409,,,0,,,,771,43,16390
State,wv,2015,7,3.4363,3.4363,,,0,,,,386,39,11233
State,wv,2015,8,1.94764,1.94764,,,0,,,,276,37,14171
State,wv,2015,9,1.87354,1.87354,,,0,,,,216,36,11529
State,wv,2015,10,1.12277,1.12277,,,0,,,,169,38,15052
State,wv,2015,11,1.41471,1.41471,,,0,,,,191,37,13501
State,wv,2015,12,1.62009,1.62009,,,0,,,,251,37,15493
State,wv,2015,13,1.52172,1.52172,,,0,,,,207,36,13603
State,wv,2015,14,1.71516,1.71516,,,0,,,,214,32,12477
State,wv,2015,15,1.26955,1.26955,,,0,,,,164,35,12918
State,wv,2015,16,1.15489,1.15489,,,0,,,,158,35,13681
State,wv,2015,17,1.39819,1.39819,,,0,,,,190,35,13589
State,wv,2015,18,1.26234,1.26234,,,0,,,,156,34,12358
State,wv,2015,19,0.749335,0.749335,,,0,,,,93,32,12411
State,wv,2015,20,0.617127,0.617127,,,0,,,,73,32,11829
State,wv,2015,21,0.7369,0.7369,,,0,,,,81,32,10992
State,wv,2015,22,0.753721,0.753721,,,0,,,,80,30,10614
State,wv,2015,23,0.459306,0.459306,,,0,,,,50,28,10886
State,wv,2015,24,0.561848,0.561848,,,0,,,,63,29,11213
State,wv,2015,25,0.340301,0.340301,,,0,,,,35,26,10285
State,wv,2015,26,0.4726,0.4726,,,0,,,,42,28,8887
State,wv,2015,27,0.283311,0.283311,,,0,,,,32,29,11295
State,wv,2015,28,0.354372,0.354372,,,0,,,,37,28,10441
State,wv,2015,29,0.320241,0.320241,,,0,,,,34,28,10617
State,wv,2015,30,0.318701,0.318701,,,0,,,,31,27,9727
State,wv,2015,31,0.356224,0.356224,,,0,,,,36,27,10106
State,wv,2015,32,0.273895,0.273895,,,0,,,,29,25,10588
State,wv,2015,33,0.351419,0.351419,,,0,,,,41,28,11667
State,wv,2015,34,0.518533,0.518533,,,0,,,,54,26,10414
State,wv,2015,35,0.677201,0.677201,,,0,,,,69,25,10189
State,wv,2015,36,0.614425,0.614425,,,0,,,,65,24,10579
State,wv,2015,37,0.656374,0.656374,,,0,,,,71,25,10817
State,wv,2015,38,0.766479,0.766479,,,0,,,,75,23,9785
State,wv,2015,39,0.771431,0.771431,,,0,,,,89,27,11537
State,wv,2015,40,1.02553,1.02553,,,0,,,,184,50,17942
State,wv,2015,41,0.978325,0.978325,,,0,,,,181,51,18501
State,wv,2015,42,1.31689,1.31689,,,0,,,,237,51,17997
State,wv,2015,43,1.07118,1.07118,,,0,,,,197,52,18391
State,wv,2015,44,1.41249,1.41249,,,0,,,,266,50,18832
State,wv,2015,45,1.44617,1.44617,,,0,,,,277,53,19154
State,wv,2015,46,1.01986,1.01986,,,0,,,,189,51,18532
State,wv,2015,47,1.24273,1.24273,,,0,,,,173,52,13921
State,wv,2015,48,1.30868,1.30868,,,0,,,,235,52,17957
State,wv,2015,49,1.27957,1.27957,,,0,,,,231,50,18053
State,wv,2015,50,1.78188,1.78188,,,0,,,,324,51,18183
State,wv,2015,51,1.52858,1.52858,,,0,,,,207,47,13542
State,wv,2015,52,1.65355,1.65355,,,0,,,,250,48,15119
State,wv,2016,1,1.24065,1.24065,,,0,,,,219,50,17652
State,wv,2016,2,1.21729,1.21729,,,0,,,,207,51,17005
State,wv,2016,3,1.32488,1.32488,,,0,,,,165,50,12454
State,wv,2016,4,1.47666,1.47666,,,0,,,,229,52,15508
State,wv,2016,5,1.13276,1.13276,,,0,,,,157,47,13860
State,wv,2016,6,1.81735,1.81735,,,0,,,,278,48,15297
State,wv,2016,7,1.74266,1.74266,,,0,,,,279,50,16010
State,wv,2016,8,2.69257,2.69257,,,0,,,,438,47,16267
State,wv,2016,9,2.71718,2.71718,,,0,,,,487,50,17923
State,wv,2016,10,3.104,3.104,,,0,,,,582,48,18750
State,wv,2016,11,2.38769,2.38769,,,0,,,,422,46,17674
State,wv,2016,12,2.28422,2.28422,,,0,,,,393,49,17205
State,wv,2016,13,2.69803,2.69803,,,0,,,,437,46,16197
State,wv,2016,14,2.26966,2.26966,,,0,,,,403,47,17756
State,wv,2016,15,2.45104,2.45104,,,0,,,,433,48,17666
State,wv,2016,16,2.43372,2.43372,,,0,,,,403,43,16559
State,wv,2016,17,2.47711,2.47711,,,0,,,,395,42,15946
State,wv,2016,18,1.32095,1.32095,,,0,,,,219,45,16579
State,wv,2016,19,1.23154,1.23154,,,0,,,,196,42,15915
State,wv,2016,20,1.16541,1.16541,,,0,,,,176,41,15102
State,wv,2016,21,1.34412,1.34412,,,0,,,,186,32,13838
State,wv,2016,22,0.975107,0.975107,,,0,,,,123,35,12614
State,wv,2016,23,0.577954,0.577954,,,0,,,,83,37,14361
State,wv,2016,24,0.65882,0.65882,,,0,,,,89,35,13509
State,wv,2016,25,0.454908,0.454908,,,0,,,,57,33,12530
State,wv,2016,26,0.524052,0.524052,,,0,,,,67,34,12785
State,wv,2016,27,0.522784,0.522784,,,0,,,,67,35,12816
State,wv,2016,28,0.358852,0.358852,,,0,,,,48,34,13376
State,wv,2016,29,0.406012,0.406012,,,0,,,,57,36,14039
State,wv,2016,30,0.474236,0.474236,,,0,,,,67,35,14128
State,wv,2016,31,0.611143,0.611143,,,0,,,,86,34,14072
State,wv,2016,32,0.434605,0.434605,,,0,,,,64,34,14726
State,wv,2016,33,0.523706,0.523706,,,0,,,,75,33,14321
State,wv,2016,34,0.941645,0.941645,,,0,,,,142,34,15080
State,wv,2016,35,1.23722,1.23722,,,0,,,,167,31,13498
State,wv,2016,36,0.857609,0.857609,,,0,,,,121,34,14109
State,wv,2016,37,1.1296,1.1296,,,0,,,,167,31,14784
State,wv,2016,38,1.04214,1.04214,,,0,,,,159,33,15257
State,wv,2016,39,0.865301,0.865301,,,0,,,,120,32,13868
State,wv,2016,40,1.15475,1.15475,,,0,,,,177,47,15328
State,wv,2016,41,1.21442,1.21442,,,0,,,,218,50,17951
State,wv,2016,42,0.49896,0.49896,,,0,,,,168,49,33670
State,wv,2016,43,0.558143,0.558143,,,0,,,,169,47,30279
State,wv,2016,44,0.696323,0.696323,,,0,,,,175,48,25132
State,wv,2016,45,0.696646,0.696646,,,0,,,,178,50,25551
State,wv,2016,46,0.997899,0.997899,,,0,,,,152,46,15232
State,wv,2016,47,1.12828,1.12828,,,0,,,,119,47,10547
State,wv,2016,48,0.952956,0.952956,,,0,,,,142,44,14901
State,wv,2016,49,1.19682,1.19682,,,0,,,,173,46,14455
State,wv,2016,50,1.32006,1.32006,,,0,,,,175,43,13257
State,wv,2016,51,1.49617,1.49617,,,0,,,,246,45,16442
State,wv,2016,52,2.44053,2.44053,,,0,,,,476,45,19504
State,wv,2017,1,1.79407,1.79407,,,0,,,,368,44,20512
State,wv,2017,2,1.78158,1.78158,,,0,,,,392,44,22003
State,wv,2017,3,2.64722,2.64722,,,0,,,,619,44,23383
State,wv,2017,4,2.56329,2.56329,,,0,,,,564,43,22003
State,wv,2017,5,2.89023,2.89023,,,0,,,,574,44,19860
State,wv,2017,6,2.86889,2.86889,,,0,,,,628,45,21890
State,wv,2017,7,3.61845,3.61845,,,0,,,,841,47,23242
State,wv,2017,8,3.53901,3.53901,,,0,,,,850,46,24018
State,wv,2017,9,3.37181,3.37181,,,0,,,,815,46,24171
State,wv,2017,10,3.13655,3.13655,,,0,,,,798,45,25442
State,wv,2017,11,3.32656,3.32656,,,0,,,,769,44,23117
State,wv,2017,12,2.95147,2.95147,,,0,,,,683,43,23141
State,wv,2017,13,2.73346,2.73346,,,0,,,,574,40,20999
State,wv,2017,14,1.44829,1.44829,,,0,,,,318,43,21957
State,wv,2017,15,0.962907,0.962907,,,0,,,,203,42,21082
State,wv,2017,16,0.663663,0.663663,,,0,,,,137,42,20643
State,wv,2017,17,0.396825,0.396825,,,0,,,,80,38,20160
State,wv,2017,18,0.392473,0.392473,,,0,,,,78,37,19874
State,wv,2017,19,0.309695,0.309695,,,0,,,,59,38,19051
State,wv,2017,20,0.235899,0.235899,,,0,,,,45,37,19076
State,wv,2017,21,0.292143,0.292143,,,0,,,,47,36,16088
State,wv,2017,22,0.359178,0.359178,,,0,,,,29,33,8074
State,wv,2017,23,0.154151,0.154151,,,0,,,,14,31,9082
State,wv,2017,24,0.179684,0.179684,,,0,,,,15,30,8348
State,wv,2017,25,0.223214,0.223214,,,0,,,,19,31,8512
State,wv,2017,26,0.193143,0.193143,,,0,,,,16,30,8284
State,wv,2017,27,0.127259,0.127259,,,0,,,,10,31,7858
State,wv,2017,28,0.239671,0.239671,,,0,,,,21,28,8762
State,wv,2017,29,0.0903036,0.0903036,,,0,,,,8,26,8859
State,wv,2017,30,0.0245881,0.0245881,,,0,,,,2,26,8134
State,wv,2017,31,0.0366703,0.0366703,,,0,,,,3,24,8181
State,wv,2017,32,0.0947269,0.0947269,,,0,,,,9,27,9501
State,wv,2017,33,0.0637105,0.0637105,,,0,,,,5,22,7848
State,wv,2017,34,0.071736,0.071736,,,0,,,,6,22,8364
State,wv,2017,35,0.231737,0.231737,,,0,,,,21,23,9062
State,wv,2017,36,0.364109,0.364109,,,0,,,,28,22,7690
State,wv,2017,37,0.383498,0.383498,,,0,,,,33,23,8605
State,wv,2017,38,0.526039,0.526039,,,0,,,,40,17,7604
State,wv,2017,39,0.481471,0.481471,,,0,,,,33,17,6854
State,wv,2017,40,0.945554,0.945554,,,0,,,,124,32,13114
State,wv,2017,41,0.876033,0.876033,,,0,,,,106,30,12100
State,wv,2017,42,0.693255,0.693255,,,0,,,,85,32,12261
State,wv,2017,43,0.790368,0.790368,,,0,,,,107,34,13538
State,wv,2017,44,0.808548,0.808548,,,0,,,,84,35,10389
State,wv,2017,45,0.685746,0.685746,,,0,,,,98,35,14291
State,wv,2017,46,0.81079,0.81079,,,0,,,,107,36,13197
State,wv,2017,47,1.67966,1.67966,,,0,,,,140,34,8335
State,wv,2017,48,1.18158,1.18158,,,0,,,,155,37,13118
State,wv,2017,49,1.2359,1.2359,,,0,,,,160,37,12946
State,wv,2017,50,2.40449,2.40449,,,0,,,,321,36,13350
State,wv,2017,51,3.85153,3.85153,,,0,,,,441,35,11450
State,wv,2017,52,7.72021,7.72021,,,0,,,,830,36,10751
State,wy,2010,40,0.632911,0.632911,,,0,,,,32,28,5056
State,wy,2010,41,0.440621,0.440621,,,0,,,,21,27,4766
State,wy,2010,42,0.441798,0.441798,,,0,,,,23,28,5206
State,wy,2010,43,0.490305,0.490305,,,0,,,,22,27,4487
State,wy,2010,44,0.566636,0.566636,,,0,,,,25,28,4412
State,wy,2010,45,0.463336,0.463336,,,0,,,,23,27,4964
State,wy,2010,46,0.744725,0.744725,,,0,,,,36,28,4834
State,wy,2010,47,0.500147,0.500147,,,0,,,,17,29,3399
State,wy,2010,48,0.593776,0.593776,,,0,,,,29,28,4884
State,wy,2010,49,0.418323,0.418323,,,0,,,,20,27,4781
State,wy,2010,50,0.311785,0.311785,,,0,,,,15,28,4811
State,wy,2010,51,1.63244,1.63244,,,0,,,,62,29,3798
State,wy,2010,52,1.46377,1.46377,,,0,,,,60,30,4099
State,wy,2011,1,0.806285,0.806285,,,0,,,,39,27,4837
State,wy,2011,2,1.06561,1.06561,,,0,,,,51,27,4786
State,wy,2011,3,2.36327,2.36327,,,0,,,,105,26,4443
State,wy,2011,4,2.898,2.898,,,0,,,,152,27,5245
State,wy,2011,5,2.92516,2.92516,,,0,,,,145,26,4957
State,wy,2011,6,3.37715,3.37715,,,0,,,,167,25,4945
State,wy,2011,7,2.60146,2.60146,,,0,,,,125,26,4805
State,wy,2011,8,2.36935,2.36935,,,0,,,,107,25,4516
State,wy,2011,9,2.28645,2.28645,,,0,,,,106,23,4636
State,wy,2011,10,1.53282,1.53282,,,0,,,,71,22,4632
State,wy,2011,11,1.10763,1.10763,,,0,,,,46,20,4153
State,wy,2011,12,0.770102,0.770102,,,0,,,,34,20,4415
State,wy,2011,13,1.11902,1.11902,,,0,,,,44,19,3932
State,wy,2011,14,0.837521,0.837521,,,0,,,,35,19,4179
State,wy,2011,15,0.515717,0.515717,,,0,,,,21,18,4072
State,wy,2011,16,0.575576,0.575576,,,0,,,,23,19,3996
State,wy,2011,17,0.347136,0.347136,,,0,,,,14,19,4033
State,wy,2011,18,0.252434,0.252434,,,0,,,,7,17,2773
State,wy,2011,19,0.692308,0.692308,,,0,,,,18,16,2600
State,wy,2011,20,0.424809,0.424809,,,0,,,,10,16,2354
State,wy,2011,21,0.166875,0.166875,,,0,,,,4,15,2397
State,wy,2011,22,0.182232,0.182232,,,0,,,,4,16,2195
State,wy,2011,23,0.20284,0.20284,,,0,,,,4,14,1972
State,wy,2011,24,0.326087,0.326087,,,0,,,,6,13,1840
State,wy,2011,25,0.279799,0.279799,,,0,,,,5,14,1787
State,wy,2011,26,0.102934,0.102934,,,0,,,,2,14,1943
State,wy,2011,27,0.170455,0.170455,,,0,,,,3,14,1760
State,wy,2011,28,0.251256,0.251256,,,0,,,,4,13,1592
State,wy,2011,29,0.188679,0.188679,,,0,,,,3,11,1590
State,wy,2011,30,0.121212,0.121212,,,0,,,,2,11,1650
State,wy,2011,31,0.095057,0.095057,,,0,,,,2,13,2104
State,wy,2011,32,0.121457,0.121457,,,0,,,,3,13,2470
State,wy,2011,33,0.230203,0.230203,,,0,,,,5,12,2172
State,wy,2011,34,0.154381,0.154381,,,0,,,,4,13,2591
State,wy,2011,35,0.263736,0.263736,,,0,,,,6,12,2275
State,wy,2011,36,0.420561,0.420561,,,0,,,,9,13,2140
State,wy,2011,37,0.386399,0.386399,,,0,,,,10,13,2588
State,wy,2011,38,0.713719,0.713719,,,0,,,,18,13,2522
State,wy,2011,39,0.439722,0.439722,,,0,,,,12,13,2729
State,wy,2011,40,0.445765,0.445765,,,0,,,,24,25,5384
State,wy,2011,41,0.435066,0.435066,,,0,,,,20,24,4597
State,wy,2011,42,0.774239,0.774239,,,0,,,,44,27,5683
State,wy,2011,43,0.767583,0.767583,,,0,,,,43,26,5602
State,wy,2011,44,0.799201,0.799201,,,0,,,,40,27,5005
State,wy,2011,45,0.715052,0.715052,,,0,,,,40,28,5594
State,wy,2011,46,0.649906,0.649906,,,0,,,,38,27,5847
State,wy,2011,47,0.605602,0.605602,,,0,,,,24,28,3963
State,wy,2011,48,0.631427,0.631427,,,0,,,,35,25,5543
State,wy,2011,49,0.544806,0.544806,,,0,,,,29,27,5323
State,wy,2011,50,0.415958,0.415958,,,0,,,,22,26,5289
State,wy,2011,51,0.449006,0.449006,,,0,,,,21,27,4677
State,wy,2011,52,0.558909,0.558909,,,0,,,,25,27,4473
State,wy,2012,1,0.723787,0.723787,,,0,,,,37,27,5112
State,wy,2012,2,0.582169,0.582169,,,0,,,,35,29,6012
State,wy,2012,3,0.763775,0.763775,,,0,,,,42,28,5499
State,wy,2012,4,0.814224,0.814224,,,0,,,,49,29,6018
State,wy,2012,5,1.16279,1.16279,,,0,,,,66,28,5676
State,wy,2012,6,0.836343,0.836343,,,0,,,,44,27,5261
State,wy,2012,7,1.08675,1.08675,,,0,,,,56,27,5153
State,wy,2012,8,1.44808,1.44808,,,0,,,,70,26,4834
State,wy,2012,9,1.66914,1.66914,,,0,,,,90,26,5392
State,wy,2012,10,1.57437,1.57437,,,0,,,,85,27,5399
State,wy,2012,11,1.85497,1.85497,,,0,,,,99,25,5337
State,wy,2012,12,1.02019,1.02019,,,0,,,,48,24,4705
State,wy,2012,13,1.79785,1.79785,,,0,,,,82,25,4561
State,wy,2012,14,1.57119,1.57119,,,0,,,,65,25,4137
State,wy,2012,15,0.875532,0.875532,,,0,,,,37,24,4226
State,wy,2012,16,0.723367,0.723367,,,0,,,,33,23,4562
State,wy,2012,17,1.05873,1.05873,,,0,,,,42,21,3967
State,wy,2012,18,0.532589,0.532589,,,0,,,,21,21,3943
State,wy,2012,19,0.36544,0.36544,,,0,,,,14,20,3831
State,wy,2012,20,0.27049,0.27049,,,0,,,,10,19,3697
State,wy,2012,21,0.431282,0.431282,,,0,,,,15,18,3478
State,wy,2012,22,0.37843,0.37843,,,0,,,,12,20,3171
State,wy,2012,23,0.404531,0.404531,,,0,,,,15,19,3708
State,wy,2012,24,0.112771,0.112771,,,0,,,,4,19,3547
State,wy,2012,25,0.128733,0.128733,,,0,,,,5,20,3884
State,wy,2012,26,0.0869313,0.0869313,,,0,,,,3,19,3451
State,wy,2012,27,0.15873,0.15873,,,0,,,,5,20,3150
State,wy,2012,28,0.0282087,0.0282087,,,0,,,,1,19,3545
State,wy,2012,29,0.0365631,0.0365631,,,0,,,,1,14,2735
State,wy,2012,30,0.0722022,0.0722022,,,0,,,,2,15,2770
State,wy,2012,31,0.034002,0.034002,,,0,,,,1,16,2941
State,wy,2012,32,0.165837,0.165837,,,0,,,,5,16,3015
State,wy,2012,33,0.0962464,0.0962464,,,0,,,,3,16,3117
State,wy,2012,34,0.0648298,0.0648298,,,0,,,,2,16,3085
State,wy,2012,35,0.131363,0.131363,,,0,,,,4,16,3045
State,wy,2012,36,0.346021,0.346021,,,0,,,,9,16,2601
State,wy,2012,37,0.208478,0.208478,,,0,,,,6,15,2878
State,wy,2012,38,0.206469,0.206469,,,0,,,,6,15,2906
State,wy,2012,39,0.328827,0.328827,,,0,,,,9,14,2737
State,wy,2012,40,0.561915,0.561915,,,0,,,,27,26,4805
State,wy,2012,41,0.800493,0.800493,,,0,,,,39,26,4872
State,wy,2012,42,0.701344,0.701344,,,0,,,,36,27,5133
State,wy,2012,43,0.691338,0.691338,,,0,,,,34,27,4918
State,wy,2012,44,0.771417,0.771417,,,0,,,,38,27,4926
State,wy,2012,45,0.623747,0.623747,,,0,,,,28,25,4489
State,wy,2012,46,0.409748,0.409748,,,0,,,,19,25,4637
State,wy,2012,47,0.895615,0.895615,,,0,,,,29,26,3238
State,wy,2012,48,1.37893,1.37893,,,0,,,,75,27,5439
State,wy,2012,49,2.72908,2.72908,,,0,,,,137,26,5020
State,wy,2012,50,2.98924,2.98924,,,0,,,,150,26,5018
State,wy,2012,51,6.54849,6.54849,,,0,,,,314,24,4795
State,wy,2012,52,7.16007,7.16007,,,0,,,,208,22,2905
State,wy,2013,1,4.55894,4.55894,,,0,,,,169,22,3707
State,wy,2013,2,7.20103,7.20103,,,0,,,,336,23,4666
State,wy,2013,3,4.97664,4.97664,,,0,,,,245,25,4923
State,wy,2013,4,5.56492,5.56492,,,0,,,,231,23,4151
State,wy,2013,5,3.85627,3.85627,,,0,,,,176,22,4564
State,wy,2013,6,2.94999,2.94999,,,0,,,,128,21,4339
State,wy,2013,7,2.87059,2.87059,,,0,,,,122,21,4250
State,wy,2013,8,2.2997,2.2997,,,0,,,,93,21,4044
State,wy,2013,9,1.37017,1.37017,,,0,,,,62,21,4525
State,wy,2013,10,0.972898,0.972898,,,0,,,,42,20,4317
State,wy,2013,11,0.677887,0.677887,,,0,,,,29,20,4278
State,wy,2013,12,0.719068,0.719068,,,0,,,,29,22,4033
State,wy,2013,13,0.444664,0.444664,,,0,,,,18,22,4048
State,wy,2013,14,0.467654,0.467654,,,0,,,,18,21,3849
State,wy,2013,15,0.430571,0.430571,,,0,,,,16,20,3716
State,wy,2013,16,0.270736,0.270736,,,0,,,,11,20,4063
State,wy,2013,17,0.0568182,0.0568182,,,0,,,,2,19,3520
State,wy,2013,18,0.156904,0.156904,,,0,,,,6,19,3824
State,wy,2013,19,0.217037,0.217037,,,0,,,,8,19,3686
State,wy,2013,20,0.0289184,0.0289184,,,0,,,,1,18,3458
State,wy,2013,21,0.0659631,0.0659631,,,0,,,,2,18,3032
State,wy,2013,22,0.281492,0.281492,,,0,,,,8,18,2842
State,wy,2013,23,0.0,0.0,,,0,,,,0,17,3327
State,wy,2013,24,0.088968,0.088968,,,0,,,,3,18,3372
State,wy,2013,25,0.0319183,0.0319183,,,0,,,,1,17,3133
State,wy,2013,26,0.0317965,0.0317965,,,0,,,,1,17,3145
State,wy,2013,27,0.0381825,0.0381825,,,0,,,,1,16,2619
State,wy,2013,28,0.0,0.0,,,0,,,,0,13,2525
State,wy,2013,29,0.0839631,0.0839631,,,0,,,,2,13,2382
State,wy,2013,30,0.0,0.0,,,0,,,,0,13,2165
State,wy,2013,31,0.0819001,0.0819001,,,0,,,,2,13,2442
State,wy,2013,32,0.299658,0.299658,,,0,,,,7,13,2336
State,wy,2013,33,0.231214,0.231214,,,0,,,,6,13,2595
State,wy,2013,34,0.0,0.0,,,0,,,,0,13,2621
State,wy,2013,35,0.0732601,0.0732601,,,0,,,,2,12,2730
State,wy,2013,36,0.129814,0.129814,,,0,,,,3,12,2311
State,wy,2013,37,0.195771,0.195771,,,0,,,,5,12,2554
State,wy,2013,38,0.112066,0.112066,,,0,,,,3,12,2677
State,wy,2013,39,0.205086,0.205086,,,0,,,,5,12,2438
State,wy,2013,40,0.451778,0.451778,,,0,,,,23,26,5091
State,wy,2013,41,0.645919,0.645919,,,0,,,,33,24,5109
State,wy,2013,42,0.305052,0.305052,,,0,,,,16,24,5245
State,wy,2013,43,0.368,0.368,,,0,,,,23,26,6250
State,wy,2013,44,0.576541,0.576541,,,0,,,,29,21,5030
State,wy,2013,45,0.576419,0.576419,,,0,,,,33,24,5725
State,wy,2013,46,0.373648,0.373648,,,0,,,,19,24,5085
State,wy,2013,47,0.76438,0.76438,,,0,,,,40,23,5233
State,wy,2013,48,0.511447,0.511447,,,0,,,,21,22,4106
State,wy,2013,49,0.721955,0.721955,,,0,,,,39,23,5402
State,wy,2013,50,0.748734,0.748734,,,0,,,,34,21,4541
State,wy,2013,51,1.08108,1.08108,,,0,,,,54,23,4995
State,wy,2013,52,1.88179,1.88179,,,0,,,,71,23,3773
State,wy,2014,1,2.4724,2.4724,,,0,,,,103,24,4166
State,wy,2014,2,2.19116,2.19116,,,0,,,,116,23,5294
State,wy,2014,3,2.62159,2.62159,,,0,,,,145,23,5531
State,wy,2014,4,2.36266,2.36266,,,0,,,,123,22,5206
State,wy,2014,5,2.07193,2.07193,,,0,,,,106,22,5116
State,wy,2014,6,1.52225,1.52225,,,0,,,,78,21,5124
State,wy,2014,7,1.4562,1.4562,,,0,,,,64,20,4395
State,wy,2014,8,1.47792,1.47792,,,0,,,,80,23,5413
State,wy,2014,9,1.01649,1.01649,,,0,,,,53,22,5214
State,wy,2014,10,0.978887,0.978887,,,0,,,,51,22,5210
State,wy,2014,11,0.601358,0.601358,,,0,,,,31,21,5155
State,wy,2014,12,0.319693,0.319693,,,0,,,,15,19,4692
State,wy,2014,13,0.1886,0.1886,,,0,,,,9,19,4772
State,wy,2014,14,0.191617,0.191617,,,0,,,,8,17,4175
State,wy,2014,15,0.15625,0.15625,,,0,,,,6,17,3840
State,wy,2014,16,0.197824,0.197824,,,0,,,,8,18,4044
State,wy,2014,17,0.277521,0.277521,,,0,,,,12,17,4324
State,wy,2014,18,0.160772,0.160772,,,0,,,,7,18,4354
State,wy,2014,19,0.101729,0.101729,,,0,,,,4,18,3932
State,wy,2014,20,0.106213,0.106213,,,0,,,,4,17,3766
State,wy,2014,21,0.304288,0.304288,,,0,,,,11,17,3615
State,wy,2014,22,0.0592768,0.0592768,,,0,,,,2,14,3374
State,wy,2014,23,0.11544,0.11544,,,0,,,,4,15,3465
State,wy,2014,24,0.134553,0.134553,,,0,,,,5,16,3716
State,wy,2014,25,0.163345,0.163345,,,0,,,,5,15,3061
State,wy,2014,26,0.114384,0.114384,,,0,,,,4,14,3497
State,wy,2014,27,0.10453,0.10453,,,0,,,,3,14,2870
State,wy,2014,28,0.0586854,0.0586854,,,0,,,,2,13,3408
State,wy,2014,29,0.074184,0.074184,,,0,,,,2,13,2696
State,wy,2014,30,0.0845785,0.0845785,,,0,,,,3,15,3547
State,wy,2014,31,0.201613,0.201613,,,0,,,,8,14,3968
State,wy,2014,32,0.209754,0.209754,,,0,,,,8,15,3814
State,wy,2014,33,0.0446828,0.0446828,,,0,,,,2,15,4476
State,wy,2014,34,0.123839,0.123839,,,0,,,,4,13,3230
State,wy,2014,35,0.0288101,0.0288101,,,0,,,,1,12,3471
State,wy,2014,36,0.367261,0.367261,,,0,,,,7,13,1906
State,wy,2014,37,0.565536,0.565536,,,0,,,,17,15,3006
State,wy,2014,38,0.609975,0.609975,,,0,,,,17,15,2787
State,wy,2014,39,0.538793,0.538793,,,0,,,,15,14,2784
State,wy,2014,40,0.519785,0.519785,,,0,,,,31,25,5964
State,wy,2014,41,0.470793,0.470793,,,0,,,,27,24,5735
State,wy,2014,42,0.512343,0.512343,,,0,,,,33,24,6441
State,wy,2014,43,0.84832,0.84832,,,0,,,,50,26,5894
State,wy,2014,44,0.43082,0.43082,,,0,,,,26,26,6035
State,wy,2014,45,0.605727,0.605727,,,0,,,,33,24,5448
State,wy,2014,46,0.721421,0.721421,,,0,,,,39,25,5406
State,wy,2014,47,0.677574,0.677574,,,0,,,,41,26,6051
State,wy,2014,48,1.23187,1.23187,,,0,,,,62,26,5033
State,wy,2014,49,1.33509,1.33509,,,0,,,,81,26,6067
State,wy,2014,50,1.64936,1.64936,,,0,,,,108,26,6548
State,wy,2014,51,2.23061,2.23061,,,0,,,,136,24,6097
State,wy,2014,52,2.61481,2.61481,,,0,,,,119,25,4551
State,wy,2014,53,3.15126,3.15126,,,0,,,,150,25,4760
State,wy,2015,1,2.58503,2.58503,,,0,,,,152,24,5880
State,wy,2015,2,3.02352,3.02352,,,0,,,,189,25,6251
State,wy,2015,3,3.46154,3.46154,,,0,,,,216,24,6240
State,wy,2015,4,3.4508,3.4508,,,0,,,,236,25,6839
State,wy,2015,5,3.39601,3.39601,,,0,,,,233,24,6861
State,wy,2015,6,2.54425,2.54425,,,0,,,,161,23,6328
State,wy,2015,7,1.79856,1.79856,,,0,,,,120,24,6672
State,wy,2015,8,2.04493,2.04493,,,0,,,,132,25,6455
State,wy,2015,9,2.07863,2.07863,,,0,,,,129,25,6206
State,wy,2015,10,1.51281,1.51281,,,0,,,,88,23,5817
State,wy,2015,11,1.68433,1.68433,,,0,,,,89,23,5284
State,wy,2015,12,1.06229,1.06229,,,0,,,,66,22,6213
State,wy,2015,13,1.24876,1.24876,,,0,,,,63,20,5045
State,wy,2015,14,1.14504,1.14504,,,0,,,,45,20,3930
State,wy,2015,15,1.1676,1.1676,,,0,,,,48,20,4111
State,wy,2015,16,0.542075,0.542075,,,0,,,,21,18,3874
State,wy,2015,17,0.441379,0.441379,,,0,,,,16,18,3625
State,wy,2015,18,0.666154,0.666154,,,0,,,,26,19,3903
State,wy,2015,19,0.765156,0.765156,,,0,,,,26,18,3398
State,wy,2015,20,0.289436,0.289436,,,0,,,,10,17,3455
State,wy,2015,21,0.361119,0.361119,,,0,,,,12,19,3323
State,wy,2015,22,0.352113,0.352113,,,0,,,,12,18,3408
State,wy,2015,23,0.328623,0.328623,,,0,,,,10,17,3043
State,wy,2015,24,0.152486,0.152486,,,0,,,,5,17,3279
State,wy,2015,25,0.110254,0.110254,,,0,,,,3,15,2721
State,wy,2015,26,0.0424268,0.0424268,,,0,,,,1,15,2357
State,wy,2015,27,0.0402253,0.0402253,,,0,,,,1,15,2486
State,wy,2015,28,0.0733138,0.0733138,,,0,,,,2,14,2728
State,wy,2015,29,0.349786,0.349786,,,0,,,,9,14,2573
State,wy,2015,30,0.270688,0.270688,,,0,,,,7,13,2586
State,wy,2015,31,0.190549,0.190549,,,0,,,,5,13,2624
State,wy,2015,32,0.11583,0.11583,,,0,,,,3,12,2590
State,wy,2015,33,0.174581,0.174581,,,0,,,,5,13,2864
State,wy,2015,34,0.114025,0.114025,,,0,,,,3,12,2631
State,wy,2015,35,0.104858,0.104858,,,0,,,,3,13,2861
State,wy,2015,36,0.208333,0.208333,,,0,,,,5,13,2400
State,wy,2015,37,0.374532,0.374532,,,0,,,,11,13,2937
State,wy,2015,38,0.311526,0.311526,,,0,,,,8,11,2568
State,wy,2015,39,0.227964,0.227964,,,0,,,,6,12,2632
State,wy,2015,40,0.418318,0.418318,,,0,,,,19,21,4542
State,wy,2015,41,0.416336,0.416336,,,0,,,,21,23,5044
State,wy,2015,42,0.541691,0.541691,,,0,,,,28,24,5169
State,wy,2015,43,0.540324,0.540324,,,0,,,,27,23,4997
State,wy,2015,44,0.666159,0.666159,,,0,,,,35,25,5254
State,wy,2015,45,0.801443,0.801443,,,0,,,,40,24,4991
State,wy,2015,46,0.429185,0.429185,,,0,,,,22,24,5126
State,wy,2015,47,0.708174,0.708174,,,0,,,,24,22,3389
State,wy,2015,48,0.625809,0.625809,,,0,,,,29,22,4634
State,wy,2015,49,0.714905,0.714905,,,0,,,,33,21,4616
State,wy,2015,50,0.665281,0.665281,,,0,,,,32,24,4810
State,wy,2015,51,0.425791,0.425791,,,0,,,,14,22,3288
State,wy,2015,52,0.897868,0.897868,,,0,,,,32,23,3564
State,wy,2016,1,0.805195,0.805195,,,0,,,,31,21,3850
State,wy,2016,2,0.700389,0.700389,,,0,,,,27,21,3855
State,wy,2016,3,0.806452,0.806452,,,0,,,,29,20,3596
State,wy,2016,4,0.703675,0.703675,,,0,,,,27,19,3837
State,wy,2016,5,1.11516,1.11516,,,0,,,,49,21,4394
State,wy,2016,6,1.60428,1.60428,,,0,,,,75,20,4675
State,wy,2016,7,1.67118,1.67118,,,0,,,,74,20,4428
State,wy,2016,8,1.66878,1.66878,,,0,,,,79,21,4734
State,wy,2016,9,1.96032,1.96032,,,0,,,,83,18,4234
State,wy,2016,10,2.55706,2.55706,,,0,,,,121,20,4732
State,wy,2016,11,3.47663,3.47663,,,0,,,,148,19,4257
State,wy,2016,12,2.85855,2.85855,,,0,,,,116,18,4058
State,wy,2016,13,2.21372,2.21372,,,0,,,,81,18,3659
State,wy,2016,14,1.75008,1.75008,,,0,,,,57,17,3257
State,wy,2016,15,0.720254,0.720254,,,0,,,,25,17,3471
State,wy,2016,16,0.773276,0.773276,,,0,,,,25,14,3233
State,wy,2016,17,0.892267,0.892267,,,0,,,,27,15,3026
State,wy,2016,18,0.873786,0.873786,,,0,,,,27,15,3090
State,wy,2016,19,0.793651,0.793651,,,0,,,,21,14,2646
State,wy,2016,20,0.407709,0.407709,,,0,,,,11,13,2698
State,wy,2016,21,0.475494,0.475494,,,0,,,,13,13,2734
State,wy,2016,22,0.575986,0.575986,,,0,,,,13,14,2257
State,wy,2016,23,0.212917,0.212917,,,0,,,,6,15,2818
State,wy,2016,24,0.190767,0.190767,,,0,,,,5,14,2621
State,wy,2016,25,0.17838,0.17838,,,0,,,,5,14,2803
State,wy,2016,26,0.317572,0.317572,,,0,,,,9,14,2834
State,wy,2016,27,0.253807,0.253807,,,0,,,,6,14,2364
State,wy,2016,28,0.140944,0.140944,,,0,,,,4,14,2838
State,wy,2016,29,0.0719683,0.0719683,,,0,,,,2,14,2779
State,wy,2016,30,0.0700035,0.0700035,,,0,,,,2,14,2857
State,wy,2016,31,0.0335909,0.0335909,,,0,,,,1,14,2977
State,wy,2016,32,0.0940734,0.0940734,,,0,,,,3,14,3189
State,wy,2016,33,0.253991,0.253991,,,0,,,,7,13,2756
State,wy,2016,34,0.17313,0.17313,,,0,,,,5,13,2888
State,wy,2016,35,0.238095,0.238095,,,0,,,,7,13,2940
State,wy,2016,36,0.214961,0.214961,,,0,,,,5,12,2326
State,wy,2016,37,0.312207,0.312207,,,0,,,,10,14,3203
State,wy,2016,38,0.169837,0.169837,,,0,,,,5,13,2944
State,wy,2016,39,0.526805,0.526805,,,0,,,,17,13,3227
State,wy,2016,40,0.435256,0.435256,,,0,,,,20,24,4595
State,wy,2016,41,0.645578,0.645578,,,0,,,,30,26,4647
State,wy,2016,42,0.640615,0.640615,,,0,,,,30,23,4683
State,wy,2016,43,0.517598,0.517598,,,0,,,,25,26,4830
State,wy,2016,44,0.707395,0.707395,,,0,,,,33,26,4665
State,wy,2016,45,0.840729,0.840729,,,0,,,,36,24,4282
State,wy,2016,46,0.520587,0.520587,,,0,,,,22,23,4226
State,wy,2016,47,0.654002,0.654002,,,0,,,,21,23,3211
State,wy,2016,48,0.369565,0.369565,,,0,,,,17,24,4600
State,wy,2016,49,0.762631,0.762631,,,0,,,,32,24,4196
State,wy,2016,50,1.34497,1.34497,,,0,,,,57,24,4238
State,wy,2016,51,1.69361,1.69361,,,0,,,,66,22,3897
State,wy,2016,52,1.28665,1.28665,,,0,,,,43,22,3342
State,wy,2017,1,1.7214,1.7214,,,0,,,,65,23,3776
State,wy,2017,2,3.46399,3.46399,,,0,,,,152,23,4388
State,wy,2017,3,2.57927,2.57927,,,0,,,,109,22,4226
State,wy,2017,4,3.04047,3.04047,,,0,,,,136,22,4473
State,wy,2017,5,4.33029,4.33029,,,0,,,,204,23,4711
State,wy,2017,6,3.76857,3.76857,,,0,,,,170,21,4511
State,wy,2017,7,3.00981,3.00981,,,0,,,,138,23,4585
State,wy,2017,8,2.07824,2.07824,,,0,,,,85,22,4090
State,wy,2017,9,1.83625,1.83625,,,0,,,,85,22,4629
State,wy,2017,10,2.53111,2.53111,,,0,,,,120,23,4741
State,wy,2017,11,1.56028,1.56028,,,0,,,,66,21,4230
State,wy,2017,12,1.80465,1.80465,,,0,,,,80,22,4433
State,wy,2017,13,1.53689,1.53689,,,0,,,,60,22,3904
State,wy,2017,14,1.07162,1.07162,,,0,,,,41,21,3826
State,wy,2017,15,1.0547,1.0547,,,0,,,,43,20,4077
State,wy,2017,16,1.12705,1.12705,,,0,,,,44,19,3904
State,wy,2017,17,0.809512,0.809512,,,0,,,,32,20,3953
State,wy,2017,18,1.20672,1.20672,,,0,,,,46,19,3812
State,wy,2017,19,0.798258,0.798258,,,0,,,,33,20,4134
State,wy,2017,20,0.397035,0.397035,,,0,,,,15,18,3778
State,wy,2017,21,0.735086,0.735086,,,0,,,,26,18,3537
State,wy,2017,22,0.705408,0.705408,,,0,,,,21,18,2977
State,wy,2017,23,0.655431,0.655431,,,0,,,,21,18,3204
State,wy,2017,24,0.627746,0.627746,,,0,,,,20,18,3186
State,wy,2017,25,0.942507,0.942507,,,0,,,,30,18,3183
State,wy,2017,26,0.351438,0.351438,,,0,,,,11,18,3130
State,wy,2017,27,0.140515,0.140515,,,0,,,,3,16,2135
State,wy,2017,28,0.398406,0.398406,,,0,,,,10,15,2510
State,wy,2017,29,0.217108,0.217108,,,0,,,,5,15,2303
State,wy,2017,30,0.0848536,0.0848536,,,0,,,,2,15,2357
State,wy,2017,31,0.0414766,0.0414766,,,0,,,,1,15,2411
State,wy,2017,32,0.238176,0.238176,,,0,,,,7,14,2939
State,wy,2017,33,0.0738007,0.0738007,,,0,,,,2,13,2710
State,wy,2017,34,0.267176,0.267176,,,0,,,,7,14,2620
State,wy,2017,35,0.419687,0.419687,,,0,,,,11,13,2621
State,wy,2017,36,0.778547,0.778547,,,0,,,,18,13,2312
State,wy,2017,37,0.411985,0.411985,,,0,,,,11,13,2670
State,wy,2017,38,0.327988,0.327988,,,0,,,,9,13,2744
State,wy,2017,39,0.862689,0.862689,,,0,,,,24,14,2782
State,wy,2017,40,1.15756,1.15756,,,0,,,,54,22,4665
State,wy,2017,41,1.90188,1.90188,,,0,,,,88,22,4627
State,wy,2017,42,1.06975,1.06975,,,0,,,,50,22,4674
State,wy,2017,43,2.00795,2.00795,,,0,,,,96,22,4781
State,wy,2017,44,1.87668,1.87668,,,0,,,,84,21,4476
State,wy,2017,45,1.69779,1.69779,,,0,,,,70,20,4123
State,wy,2017,46,0.981006,0.981006,,,0,,,,47,21,4791
State,wy,2017,47,1.1474,1.1474,,,0,,,,39,21,3399
State,wy,2017,48,1.55429,1.55429,,,0,,,,68,20,4375
State,wy,2017,49,2.01948,2.01948,,,0,,,,85,20,4209
State,wy,2017,50,2.21333,2.21333,,,0,,,,94,20,4247
State,wy,2017,51,2.85018,2.85018,,,0,,,,117,19,4105
State,wy,2017,52,4.94815,4.94815,,,0,,,,167,21,3375
